,recommendations,win_rate,win_rate_per_cost
Starter Item,Bluestone Pendant,,
Boots,Warrior Tabi,0.635135135135,3.09582890228
Item2,Qin's Sais,0.47701149425287354,1.70864197531
Item3,Hastened Fatalis,0.4613333333333333,2.15576323988
Item4,The Executioner,0.5056818181818182,2.05037037037
Item5,Soul Eater,0.477011494253,3.10810810811
Item6,Stone Cutting Sword,0.621621621622,2.44282744283
Relic1,Relic,0.375,
Relic2,Blink,0.504504504505,
