Items_most_pop,Items_most_pop_L2,Items_most_pop_winrate,Items_L2,Items_L2_coef,Items_L2_winrate,Items_gold_adjusted_L2,Items_gold_adjusted_L2_coef,Items_gold_adjusted_L2_winrate
Hastened Fatalis,32.55622054524003,0.5547945205479452,Titan's Bane,66.48848606581971,0.6825396825396826,Titan's Bane,3.2433407836985224,3.329461866047232
Qin's Sais,-7.974553378456907,0.5208333333333334,Hastened Fatalis,32.55622054524003,0.5547945205479452,Hastened Fatalis,1.5213187170672913,2.5924977595698375
Warrior Tabi,17.308689635380976,0.5614035087719298,The Executioner,32.5311255457632,0.5915492957746479,The Executioner,1.4458278020339201,2.6291079812206575
Bulwark of Hope,-51.70825122448661,0.4819277108433735,Transcendence,25.493297616116774,0.631578947368421,Warrior Tabi,1.1166896538955466,3.6219581211092247
Ninja Tabi,9.14946677889301,0.47297297297297297,Warrior Tabi,17.308689635380976,0.5614035087719298,Transcendence,0.980511446773722,2.42914979757085
The Executioner,32.5311255457632,0.5915492957746479,Asi,16.435554324380806,0.6666666666666666,Ichaival,0.9444068633092577,2.7863777089783284
