,recommendations,win_rate,win_rate_per_cost
Starter Item,Bluestone Pendant,,
Boots,Warrior Tabi,0.6387225548902196,4.99720305799
Item2,Titan's Bane,0.7745664739884393,3.77837304385
Item3,Qin's Sais,0.6708860759493671,2.86876471848
Item4,Hastened Fatalis,0.6556291390728477,3.61946950462
Item5,Winged Blade,0.774566473988,4.68468468468
Item6,Stone Cutting Sword,0.722222222222,2.77777777778
Relic1,Blink,0.745614035088,
Relic2,Sprint,0.72972972973,
