,recommendations,win_rate,win_rate_per_cost
Starter Item,Bluestone Pendant,,
Boots,Warrior Tabi,0.715909090909,4.61876832845
Item2,The Executioner,0.851063829787234,3.78250591017
Item3,Titan's Bane,0.8484848484848485,4.15153087701
Item4,Hastened Fatalis,0.696969696969697,3.97693378405
Item5,Stone Cutting Sword,0.848484848485,3.40236686391
Item6,Soul Eater,0.826086956522,3.84615384615
Relic1,Sunder,0.846153846154,
Relic2,Sprint,0.75,
