,recommendations,win_rate,win_rate_per_cost
Starter Item,Death's Toll,,
Boots,Warrior Tabi,0.741935483871,4.62205103515
Item2,Hastened Fatalis,0.7475728155339806,3.46698824239
Item3,Qin's Sais,0.7419354838709677,2.74790919952
Item4,The Executioner,0.7407407407407407,3.29749103943
Item5,Ichaival,0.8,5.51470588235
Item6,Bulwark of Hope,0.6410256410256411,3.1480071084
Relic1,Sanctuary,0.771929824561,
Relic2,Wrath,0.769230769231,
