,recommendations,win_rate,win_rate_per_cost
Starter Item,Bluestone Pendant,,
Boots,Warrior Tabi,0.769230769231,4.95558672277
Item2,Ichaival,0.9444444444444444,3.83631713555
Item3,Hastened Fatalis,0.7571428571428571,3.04754164974
Item4,Qin's Sais,0.7105263157894737,2.4154589372
Item5,Asi,1.0,5.61797752809
Item6,Transcendence,0.768115942029,2.95857988166
Relic1,Purification,0.775280898876,
Relic2,Meditation,0.782608695652,
