Items_most_pop,Items_most_pop_L2,Items_most_pop_winrate,Items_L2,Items_L2_coef,Items_L2_winrate,Items_gold_adjusted_L2,Items_gold_adjusted_L2_coef,Items_gold_adjusted_L2_winrate
Hastened Fatalis,12.276772403217489,0.6666666666666666,Stone Cutting Sword,66.6951480338543,0.8404255319148937,Stone Cutting Sword,2.5651980013020887,3.23240589198036
Qin's Sais,59.03822200606831,0.7177914110429447,Qin's Sais,59.03822200606831,0.7177914110429447,Qin's Sais,2.186600815039567,2.658486707566462
Warrior Tabi,7.223409399809416,0.6525974025974026,Ichaival,32.893792559771605,0.6839378238341969,Ichaival,1.934928974104212,4.023163669612923
Ichaival,32.893792559771605,0.6839378238341969,Frostbound Hammer,18.815653926696786,0.75,Frostbound Hammer,0.818071909856382,3.260869565217391
Ninja Tabi,4.6736493894242885,0.65625,Soul Eater,15.82996867777296,0.6896551724137931,Soul Eater,0.791498433888648,3.4482758620689653
The Executioner,13.286159963726138,0.6838709677419355,The Executioner,13.286159963726138,0.6838709677419355,The Executioner,0.5904959983878284,3.039426523297491
