Items_most_pop,Items_most_pop_L2,Items_most_pop_winrate,Items_L2,Items_L2_coef,Items_L2_winrate,Items_gold_adjusted_L2,Items_gold_adjusted_L2_coef,Items_gold_adjusted_L2_winrate
Pythagorem's Piece,13.533725751330108,0.74,Celestial Legion Helm,103.49442375822808,0.9090909090909091,Celestial Legion Helm,4.499757554705568,3.952569169960474
Shoes of the Magi,40.93437643649554,0.6987951807228916,Hide of the Nemean Lion,84.49455563032832,0.8333333333333334,Hide of the Nemean Lion,3.8406616195603784,3.787878787878788
Obsidian Shard,-28.004818492026175,0.6901408450704225,Divine Ruin,49.11969955781853,0.7857142857142857,Divine Ruin,2.69888459108893,4.3171114599686025
Rod of Tahuti,33.53060819985756,0.6984126984126984,Spear of Desolation,42.146386914993236,0.8,Shoes of the Magi,2.5583985272809713,4.367469879518072
Breastplate of Valor,2.7118778618741803,0.7142857142857143,Shoes of the Magi,40.93437643649554,0.6987951807228916,Shoes of Focus,2.4252065749045606,5.029239766081871
Shoes of Focus,36.378098623568405,0.7543859649122807,Shoes of Focus,36.378098623568405,0.7543859649122807,Spear of Desolation,1.109115445131401,2.1052631578947367
