Items_most_pop,Items_most_pop_L2,Items_most_pop_winrate,Items_L2,Items_L2_coef,Items_L2_winrate,Items_gold_adjusted_L2,Items_gold_adjusted_L2_coef,Items_gold_adjusted_L2_winrate
Pythagorem's Piece,20.93968941974042,0.5861321776814734,Rod of Tahuti,29.125179688688334,0.6375,Breastplate of Valor,1.0065224600720593,2.639751552795031
Shoes of the Magi,3.242708862701301,0.5592783505154639,Breastplate of Valor,23.150016581657365,0.6071428571428571,Rod of Tahuti,0.8772644484544679,1.9201807228915662
Breastplate of Valor,23.150016581657365,0.6071428571428571,Pythagorem's Piece,20.93968941974042,0.5861321776814734,Pythagorem's Piece,0.8724870591558509,2.4422174070061393
Obsidian Shard,11.161826657241608,0.5933429811866859,Warlock's Sash,17.124056586232985,0.5893470790378007,Warlock's Sash,0.6461908145748297,2.223951241652078
Warlock's Sash,17.124056586232985,0.5893470790378007,Obsidian Shard,11.161826657241608,0.5933429811866859,Obsidian Shard,0.544479349133737,2.894356005788712
Rod of Tahuti,29.125179688688334,0.6375,Gem of Isolation,8.511394166249769,0.5862068965517241,Gem of Isolation,0.3152368209722136,2.1711366538952745
