Items_most_pop,Items_most_pop_L2,Items_most_pop_winrate,Items_L2,Items_L2_coef,Items_L2_winrate,Items_gold_adjusted_L2,Items_gold_adjusted_L2_coef,Items_gold_adjusted_L2_winrate
Pythagorem's Piece,17.32063633029583,0.6425,Rod of Tahuti,25.02308531961472,0.7109004739336493,Obsidian Shard,0.8296274296687145,3.2467532467532467
Shoes of the Magi,4.180405495228585,0.6057142857142858,Pythagorem's Piece,17.32063633029583,0.6425,Shoes of Focus,0.8033981533185321,4.34640522875817
Obsidian Shard,17.007362308208645,0.6655844155844156,Obsidian Shard,17.007362308208645,0.6655844155844156,Rod of Tahuti,0.7537073891450217,2.1412664877519556
Breastplate of Valor,1.3000200289900035,0.625,Gem of Isolation,12.349886930265528,0.6706586826347305,Pythagorem's Piece,0.7216931804289929,2.6770833333333335
Rod of Tahuti,25.02308531961472,0.7109004739336493,Shoes of Focus,12.050972299777982,0.6519607843137255,Bancroft's Talon,0.4697501113171413,2.607212475633528
Shoes of Focus,12.050972299777982,0.6519607843137255,Bancroft's Talon,11.274002671611392,0.6257309941520468,Gem of Isolation,0.45740321963946406,2.4839210467952983
