Items_most_pop,Items_most_pop_L2,Items_most_pop_winrate,Items_L2,Items_L2_coef,Items_L2_winrate,Items_gold_adjusted_L2,Items_gold_adjusted_L2_coef,Items_gold_adjusted_L2_winrate
Pythagorem's Piece,103.3998140683712,0.5292792792792793,Pythagorem's Piece,103.3998140683712,0.5292792792792793,Pythagorem's Piece,4.308325586182133,2.20533033033033
Shoes of the Magi,-3.381317061328942,0.5104712041884817,Book of Thoth,93.0136216180714,0.6031746031746031,Book of Thoth,3.5099479855876,2.2761305780173706
Obsidian Shard,39.64927747810539,0.5376044568245125,Rod of Tahuti,73.7519174013488,0.5930735930735931,Gem of Isolation,2.6647051804607087,2.127659574468085
Breastplate of Valor,21.61257960482572,0.5,Gem of Isolation,71.94703987243913,0.574468085106383,Chronos' Pendant,2.545497269707496,2.217741935483871
Shoes of Focus,-35.439069201840454,0.4641350210970464,Chronos' Pendant,61.0919344729799,0.532258064516129,Bancroft's Talon,2.2226796648949514,1.911764705882353
Rod of Tahuti,73.7519174013488,0.5930735930735931,Bancroft's Talon,53.34431195747883,0.4588235294117647,Rod of Tahuti,2.2214432952213494,1.7863662441975694
