Items_most_pop,Items_most_pop_L2,Items_most_pop_winrate,Items_L2,Items_L2_coef,Items_L2_winrate,Items_gold_adjusted_L2,Items_gold_adjusted_L2_coef,Items_gold_adjusted_L2_winrate
Obsidian Shard,14.719782262590098,0.5661605206073753,Rod of Tahuti,34.027329494728626,0.6374045801526718,Rod of Tahuti,1.0249195630942356,1.9198933137128666
Pythagorem's Piece,23.15950523572329,0.5686274509803921,Pythagorem's Piece,23.15950523572329,0.5686274509803921,Pythagorem's Piece,0.9649793848218038,2.369281045751634
Shoes of the Magi,-5.397595172284442,0.5251256281407035,Gem of Isolation,18.91963073105374,0.6059113300492611,Obsidian Shard,0.7180381591507364,2.7617586371091476
Breastplate of Valor,-4.744367969900339,0.5384615384615384,Obsidian Shard,14.719782262590098,0.5661605206073753,Gem of Isolation,0.7007270641131016,2.2441160372194857
Rod of Tahuti,34.027329494728626,0.6374045801526718,Bancroft's Talon,11.821612847884888,0.5253164556962026,Bancroft's Talon,0.49256720199520365,2.188818565400844
Shoes of Focus,-2.90659582908137,0.5282258064516129,Book of Thoth,4.317459677961591,0.5490196078431373,Book of Thoth,0.16292300671553175,2.0717721050684426
