Items_most_pop,Items_most_pop_L2,Items_most_pop_winrate,Items_L2,Items_L2_coef,Items_L2_winrate,Items_gold_adjusted_L2,Items_gold_adjusted_L2_coef,Items_gold_adjusted_L2_winrate
Breastplate of Valor,-40.819357449736984,0.3333333333333333,Obsidian Shard,67.12798644597106,0.42857142857142855,Obsidian Shard,3.2745359241937106,2.0905923344947737
Warlock's Sash,-9.059279310638722,0.35384615384615387,Gem of Isolation,44.82218425162666,0.5,Celestial Legion Helm,1.803952414605565,2.3017902813299234
Shoes of Focus,-5.090913714367192,0.3442622950819672,Celestial Legion Helm,41.49090553592799,0.5294117647058824,Gem of Isolation,1.6600808982083948,1.8518518518518519
Polynomicon,-4.358502314814501,0.3620689655172414,Book of Thoth,39.69601781367905,0.4,Book of Thoth,1.4979629363652471,1.509433962264151
Obsidian Shard,67.12798644597106,0.42857142857142855,Ethereal Staff,30.977235921447786,0.5,Ethereal Staff,1.1473050341276958,1.8518518518518519
Shoes of the Magi,5.666365110065377,0.37254901960784315,Demonic Grip,21.481452590080117,0.4444444444444444,Demonic Grip,0.9421689732491281,1.949317738791423
