Items_most_pop,Items_most_pop_L2,Items_most_pop_winrate,Items_L2,Items_L2_coef,Items_L2_winrate,Items_gold_adjusted_L2,Items_gold_adjusted_L2_coef,Items_gold_adjusted_L2_winrate
Warlock's Sash,11.60601554484229,0.6256983240223464,Obsidian Shard,24.803235427798082,0.6530612244897959,Obsidian Shard,1.2099139233072236,3.1856645097063216
Obsidian Shard,24.803235427798082,0.6530612244897959,Warlock's Sash,11.60601554484229,0.6256983240223464,Warlock's Sash,0.4379628507487656,2.361125751027722
Shoes of the Magi,5.731370388928734,0.6119402985074627,Void Stone,8.286800832183454,0.7333333333333333,Void Stone,0.3766727650992479,3.3333333333333335
Rod of Tahuti,3.166336161634415,0.6134453781512605,Gem of Isolation,6.477471505357182,0.7272727272727273,Shoes of the Magi,0.3582106493080459,3.824626865671642
Book of Thoth,3.7823074789719815,0.6228070175438597,Genji's Guard,6.268055930398889,0.6511627906976745,Shoes of Focus,0.3016477466804478,4.166666666666667
Chronos' Pendant,-22.397326046207436,0.5068493150684932,Shoes of the Magi,5.731370388928734,0.6119402985074627,Genji's Guard,0.2849116331999495,2.959830866807611
