Items_most_pop,Items_most_pop_L2,Items_most_pop_winrate,Items_L2,Items_L2_coef,Items_L2_winrate,Items_gold_adjusted_L2,Items_gold_adjusted_L2_coef,Items_gold_adjusted_L2_winrate
Warlock's Sash,0.3104806476850091,0.7739130434782608,Warlock's Sash,0.3104806476850091,0.7739130434782608,Shoes of the Magi,0.014454979721489604,4.704301075268817
Breastplate of Valor,0.24088009280492234,0.7378640776699029,Breastplate of Valor,0.24088009280492234,0.7378640776699029,Warlock's Sash,0.01171625085603808,2.9204265791632484
Obsidian Shard,0.19620163100764307,0.7083333333333334,Shoes of the Magi,0.23127967554383366,0.7526881720430108,Breastplate of Valor,0.010473047513257493,3.208104685521317
Shoes of the Magi,0.23127967554383366,0.7526881720430108,Obsidian Shard,0.19620163100764307,0.7083333333333334,Obsidian Shard,0.009570811268665517,3.4552845528455283
Rod of Tahuti,0.17692914382176345,0.7368421052631579,Rod of Tahuti,0.17692914382176345,0.7368421052631579,Rod of Tahuti,0.005329191078968778,2.2194039315155356
Book of Thoth,0.09783251173434404,0.6785714285714286,Book of Thoth,0.09783251173434404,0.6785714285714286,Shoes of Focus,0.004914928033788754,4.615384615384615
