,recommendations,win_rate,win_rate_per_cost
Starter Item,Vampiric Shroud,,
Boots,Shoes of the Magi,0.5,3.04276315789
Item2,Warlock's Sash,0.5058823529411764,2.03193033382
Item3,Book of Thoth,0.5384615384615384,2.03193033382
Item4,Obsidian Shard,0.5,2.62664165103
Item5,Rod of Tahuti,0.509803921569,1.53555398063
Item6,Breastplate of Valor,0.4875,2.11956521739
Relic1,Sanctuary,0.54347826087,
Relic2,Blink,0.666666666667,
