Items_most_pop,Items_most_pop_L2,Items_most_pop_winrate,Items_L2,Items_L2_coef,Items_L2_winrate,Items_gold_adjusted_L2,Items_gold_adjusted_L2_coef,Items_gold_adjusted_L2_winrate
Warlock's Sash,-3.405178078776941,0.35714285714285715,Obsidian Shard,41.31237813536786,0.45985401459854014,Obsidian Shard,2.0152379578228223,2.24319031511483
Shoes of the Magi,-13.059358820545825,0.3515151515151515,Rod of Tahuti,35.15204954539092,0.5172413793103449,Soul Reaver,1.1785077969194568,1.774622892635315
Breastplate of Valor,-12.207623580191651,0.35570469798657717,Soul Reaver,34.64812922943204,0.5217391304347826,Rod of Tahuti,1.0587966730539435,1.557955961778147
Obsidian Shard,41.31237813536786,0.45985401459854014,Book of Thoth,26.65767755163197,0.39473684210526316,Book of Thoth,1.0059500962879988,1.4895729890764648
Book of Thoth,26.65767755163197,0.39473684210526316,Celestial Legion Helm,11.287894681921658,0.5555555555555556,Celestial Legion Helm,0.4907780296487677,2.4154589371980677
Rod of Tahuti,35.15204954539092,0.5172413793103449,Warlock's Sash,-3.405178078776941,0.35714285714285715,Warlock's Sash,-0.1284972859915827,1.3477088948787062
