Items_most_pop,Items_most_pop_L2,Items_most_pop_winrate,Items_L2,Items_L2_coef,Items_L2_winrate,Items_gold_adjusted_L2,Items_gold_adjusted_L2_coef,Items_gold_adjusted_L2_winrate
Warlock's Sash,482.47359094381875,0.5858585858585859,Pythagorem's Piece,2118.6541874029335,0.8571428571428571,Pythagorem's Piece,88.27725780845556,3.5714285714285716
Obsidian Shard,346.9954706049659,0.5930232558139535,Rod of Tahuti,718.8250332481829,0.7230769230769231,Book of Thoth,26.37462419815741,2.395926924228811
Shoes of the Magi,-1304.2011092350776,0.6233766233766234,Book of Thoth,698.9275412511713,0.6349206349206349,Genji's Guard,22.392336040176172,2.797202797202797
Rod of Tahuti,718.8250332481829,0.7230769230769231,Bulwark of Hope,493.32661999649605,0.6170212765957447,Rod of Tahuti,21.65135642313804,2.1779425393883227
Book of Thoth,698.9275412511713,0.6349206349206349,Genji's Guard,492.63139288387583,0.6153846153846154,Chronos' Pendant,19.85885939950357,2.2357723577235773
Bulwark of Hope,493.32661999649605,0.6170212765957447,Warlock's Sash,482.47359094381875,0.5858585858585859,Bulwark of Hope,19.537687920653312,2.443648620181167
