,recommendations,win_rate,win_rate_per_cost
Starter Item,Vampiric Shroud,,
Boots,Shoes of Focus,0.722222222222,3.76811594203
Item2,Obsidian Shard,0.5816993464052288,2.83755778734
Item3,Book of Thoth,0.5405405405405406,2.19509187323
Item4,Rod of Tahuti,0.5403225806451613,1.75210646508
Item5,Void Stone,0.565217391304,3.28282828283
Item6,Genji's Guard,0.540540540541,2.84090909091
Relic1,Meditation,0.571428571429,
Relic2,Purification,0.857142857143,
