Items_most_pop,Items_most_pop_L2,Items_most_pop_winrate,Items_L2,Items_L2_coef,Items_L2_winrate,Items_gold_adjusted_L2,Items_gold_adjusted_L2_coef,Items_gold_adjusted_L2_winrate
Warlock's Sash,23.771451200761987,0.6716417910447762,Rod of Tahuti,98.19258090907273,0.8292682926829268,Rod of Tahuti,2.95760785870701,2.4977960622979722
Shoes of the Magi,19.58418595318064,0.6792452830188679,Obsidian Shard,56.84787968761405,0.7391304347826086,Obsidian Shard,2.773067301834832,3.605514316012725
Breastplate of Valor,25.908637314046384,0.7346938775510204,Divine Ruin,41.68952724286074,0.75,Divine Ruin,2.2906333649923485,4.1208791208791204
Obsidian Shard,56.84787968761405,0.7391304347826086,Bancroft's Talon,26.509337022982915,0.68,Shoes of the Magi,1.22401162207379,4.245283018867925
Rod of Tahuti,98.19258090907273,0.8292682926829268,Breastplate of Valor,25.908637314046384,0.7346938775510204,Breastplate of Valor,1.1264624919150603,3.194321206743567
Shoes of Focus,-9.461569605360975,0.5897435897435898,Warlock's Sash,23.771451200761987,0.6716417910447762,Bancroft's Talon,1.1045557092909548,2.8333333333333335
