,recommendations,win_rate,win_rate_per_cost
Starter Item,Vampiric Shroud,,
Boots,Shoes of the Magi,0.20408163265306123,1.68918918919
Item2,Warlock's Sash,0.2903225806451613,1.01988781234
Item3,Book of Thoth,0.21428571428571427,1.01988781234
Item4,Rod of Tahuti,0.2702702702702703,0.814067079127
Item5,Celestial Legion Helm,0.571428571429,2.48447204969
Item6,Obsidian Shard,0.27027027027,1.2543554007
Relic1,Sunder,0.222222222222,
Relic2,Curse,0.375,
