Items_most_pop,Items_most_pop_L2,Items_most_pop_winrate,Items_L2,Items_L2_coef,Items_L2_winrate,Items_gold_adjusted_L2,Items_gold_adjusted_L2_coef,Items_gold_adjusted_L2_winrate
Warrior Tabi,-2.577994108505457,0.5120772946859904,Titan's Bane,6.709520529607597,0.5772357723577236,Titan's Bane,0.3272936843711023,2.8157842554035297
Jotunn's Wrath,6.388411105653949,0.5531914893617021,Jotunn's Wrath,6.388411105653949,0.5531914893617021,Jotunn's Wrath,0.26182012728089954,2.2671782350889433
Transcendence,-0.7465497514327648,0.5159235668789809,Brawler's Beat Stick,4.523473409227453,0.5909090909090909,Brawler's Beat Stick,0.18847805871781054,2.462121212121212
Breastplate of Valor,3.4594264526954093,0.55,Breastplate of Valor,3.4594264526954093,0.55,Breastplate of Valor,0.1504098457693656,2.391304347826087
Titan's Bane,6.709520529607597,0.5772357723577236,Void Shield,1.1179460809510169,0.56,Void Shield,0.04140541040559322,2.074074074074074
Brawler's Beat Stick,4.523473409227453,0.5909090909090909,Witchblade,0.6648110114393219,0.55,Witchblade,0.032429805436064475,2.682926829268293
