Items_most_pop,Items_most_pop_L2,Items_most_pop_winrate,Items_L2,Items_L2_coef,Items_L2_winrate,Items_gold_adjusted_L2,Items_gold_adjusted_L2_coef,Items_gold_adjusted_L2_winrate
Warrior Tabi,-0.8644084623945255,0.4861111111111111,Brawler's Beat Stick,5.7783296033043055,0.647887323943662,Titan's Bane,0.2503079324501761,3.073838957567658
Jotunn's Wrath,0.012252925901537032,0.5,Titan's Bane,5.13131261522861,0.6301369863013698,Brawler's Beat Stick,0.2407637334710127,2.699530516431925
Transcendence,3.1051904564882644,0.5471698113207547,Transcendence,3.1051904564882644,0.5471698113207547,Transcendence,0.11943040217262557,2.1044992743105952
Breastplate of Valor,0.013724895250926105,0.5,Witchblade,1.3592189517984683,0.6190476190476191,Witchblade,0.06630336350236431,3.0197444831591174
Titan's Bane,5.13131261522861,0.6301369863013698,Bloodforge,0.6278356909355572,0.6,Bloodforge,0.02202932248896692,2.1052631578947367
Brawler's Beat Stick,5.7783296033043055,0.647887323943662,Hide of the Nemean Lion,0.2283304722626036,0.5333333333333333,Hide of the Nemean Lion,0.010378657830118347,2.4242424242424243
