Items_most_pop,Items_most_pop_L2,Items_most_pop_winrate,Items_L2,Items_L2_coef,Items_L2_winrate,Items_gold_adjusted_L2,Items_gold_adjusted_L2_coef,Items_gold_adjusted_L2_winrate
Warrior Tabi,-6.917040697637394,0.6820276497695853,Transcendence,44.89880808086439,0.7345679012345679,Titan's Bane,2.007677537315787,3.884372177055104
Jotunn's Wrath,44.29344158085069,0.7405405405405405,Jotunn's Wrath,44.29344158085069,0.7405405405405405,Jotunn's Wrath,1.8153049828217493,3.035002215330084
Transcendence,44.89880808086439,0.7345679012345679,Titan's Bane,41.15738951497364,0.7962962962962963,Transcendence,1.7268772338793996,2.825261158594492
Breastplate of Valor,16.80051997032751,0.7430555555555556,Brawler's Beat Stick,31.079518782411874,0.7802197802197802,Brawler's Beat Stick,1.2949799492671614,3.250915750915751
Titan's Bane,41.15738951497364,0.7962962962962963,Stone Cutting Sword,18.745757659745422,0.7619047619047619,Breastplate of Valor,0.7304573900142395,3.2306763285024154
Brawler's Beat Stick,31.079518782411874,0.7802197802197802,Breastplate of Valor,16.80051997032751,0.7430555555555556,Stone Cutting Sword,0.7209906792209777,2.93040293040293
