Items_most_pop,Items_most_pop_L2,Items_most_pop_winrate,Items_L2,Items_L2_coef,Items_L2_winrate,Items_gold_adjusted_L2,Items_gold_adjusted_L2_coef,Items_gold_adjusted_L2_winrate
Warrior Tabi,-4.7321946129638945,0.461038961038961,Jotunn's Wrath,17.325269557311522,0.49230769230769234,Jotunn's Wrath,0.7100520310373576,2.01765447667087
Brawler's Beat Stick,1.607057640464539,0.4666666666666667,Bulwark of Hope,14.559574460252836,0.5666666666666667,Bulwark of Hope,0.576616810307043,2.2442244224422443
Jotunn's Wrath,17.325269557311522,0.49230769230769234,Titan's Bane,7.616892403538292,0.4942528735632184,Titan's Bane,0.3715557270018679,2.4109896271376505
Transcendence,6.050114906159095,0.4766355140186916,Stone Cutting Sword,6.9273198612795115,0.5454545454545454,Stone Cutting Sword,0.2664353792799812,2.097902097902098
Titan's Bane,7.616892403538292,0.4942528735632184,Transcendence,6.050114906159095,0.4766355140186916,Transcendence,0.23269672715996523,1.8332135154565061
Pestilence,-25.91788581194488,0.4024390243902439,Brawler's Beat Stick,1.607057640464539,0.4666666666666667,Brawler's Beat Stick,0.06696073501935579,1.9444444444444444
