,recommendations,win_rate,win_rate_per_cost
Starter Item,Bluestone Pendant,,
Boots,Warrior Tabi,0.625,3.54838709677
Item2,Titan's Bane,0.6474820143884892,2.80228334198
Item3,Breastplate of Valor,0.6050955414012739,2.49768732655
Item4,Transcendence,0.5738636363636364,2.20949263502
Item5,Midgardian Mail,0.605095541401,2.77777777778
Item6,Witchblade,0.55,2.78745644599
Relic1,Relic,0.432432432432,
Relic2,Sunder,0.690909090909,
