Items_most_pop,Items_most_pop_L2,Items_most_pop_winrate,Items_L2,Items_L2_coef,Items_L2_winrate,Items_gold_adjusted_L2,Items_gold_adjusted_L2_coef,Items_gold_adjusted_L2_winrate
Warrior Tabi,1.6818993228808365,0.536144578313253,Qin's Sais,6.092086298258416,0.6511627906976745,Qin's Sais,0.22563282586142283,2.411714039621016
Ichaival,1.2731530511620066,0.54,Stone Cutting Sword,5.445243754245279,0.6896551724137931,The Executioner,0.20956687029985901,3.204134366925065
Qin's Sais,6.092086298258416,0.6511627906976745,The Executioner,4.715254581746827,0.7209302325581395,Stone Cutting Sword,0.20943245208635689,2.6525198938992043
Jotunn's Wrath,1.9734189937752822,0.5692307692307692,Brawler's Beat Stick,2.1156879417898486,0.7222222222222222,Heartseeker,0.11727239510148432,3.6324786324786325
Breastplate of Valor,0.54548646589385,0.5396825396825397,Heartseeker,2.1109031118267176,0.6538461538461539,Warrior Tabi,0.10850963373424753,3.458997279440342
Witchblade,2.0133446419273477,0.5833333333333334,Witchblade,2.0133446419273477,0.5833333333333334,Witchblade,0.09821193375255355,2.845528455284553
