Items_most_pop,Items_most_pop_L2,Items_most_pop_winrate,Items_L2,Items_L2_coef,Items_L2_winrate,Items_gold_adjusted_L2,Items_gold_adjusted_L2_coef,Items_gold_adjusted_L2_winrate
Warrior Tabi,-7.878854148412843,0.6222222222222222,Stone Cutting Sword,136.0094149177254,0.8421052631578947,Stone Cutting Sword,5.231131342989439,3.2388663967611335
Ichaival,49.67611496224077,0.6770833333333334,Jotunn's Wrath,65.72696816238238,0.6875,Ichaival,2.9221244095435743,3.982843137254902
Qin's Sais,50.50488356425116,0.6931818181818182,Qin's Sais,50.50488356425116,0.6931818181818182,Jotunn's Wrath,2.693728203376327,2.817622950819672
Stone Cutting Sword,136.0094149177254,0.8421052631578947,Ichaival,49.67611496224077,0.6770833333333334,The Executioner,2.091508525945474,3.3333333333333335
Witchblade,-12.499118372723682,0.631578947368421,The Executioner,47.05894183377317,0.75,Soul Eater,2.055264146681168,3.75
Breastplate of Valor,-20.918118034794826,0.6153846153846154,Soul Eater,41.10528293362336,0.75,Qin's Sais,1.8705512431204132,2.5673400673400675
