,recommendations,win_rate,win_rate_per_cost
Starter Item,Vampiric Shroud,,
Boots,Shoes of Focus,0.46938775510204084,3.12925170068
Item2,Obsidian Shard,0.49504950495049505,2.28969636635
Item3,Breastplate of Valor,0.5058823529411764,2.04081632653
Item4,Rod of Tahuti,0.5285714285714286,1.41381853946
Item5,Divine Ruin,0.652173913043,3.58337314859
Item6,Celestial Legion Helm,0.528571428571,2.30179028133
Relic1,Sprint,0.5625,
Relic2,Sunder,0.611111111111,
