Items_most_pop,Items_most_pop_L2,Items_most_pop_winrate,Items_L2,Items_L2_coef,Items_L2_winrate,Items_gold_adjusted_L2,Items_gold_adjusted_L2_coef,Items_gold_adjusted_L2_winrate
Warrior Tabi,-31.411326290923892,0.25116279069767444,Odysseus' Bow,88.84963327294095,0.47619047619047616,Odysseus' Bow,3.6265156437935078,1.9436345966958213
Ichaival,1.0058391642626925,0.2589928057553957,Hastened Fatalis,44.54789745584392,0.3684210526315789,Hastened Fatalis,2.08167745120766,1.7215937038858828
Transcendence,16.662913138563994,0.2782608695652174,The Executioner,41.461782069627645,0.3375,The Executioner,1.8427458697612287,1.5
Devourer's Gauntlet,15.617664446438322,0.2818181818181818,Soul Eater,33.74658622101161,0.30612244897959184,Soul Eater,1.6873293110505805,1.530612244897959
Hastened Fatalis,44.54789745584392,0.3684210526315789,Titan's Bane,31.457083444343326,0.3870967741935484,Titan's Bane,1.5344918753338208,1.8882769472856018
Ninja Tabi,2.8002923794123613,0.2804878048780488,Witchblade,20.284931568176493,0.36538461538461536,Witchblade,0.9895088569842191,1.7823639774859288
