Items_most_pop,Items_most_pop_L2,Items_most_pop_winrate,Items_L2,Items_L2_coef,Items_L2_winrate,Items_gold_adjusted_L2,Items_gold_adjusted_L2_coef,Items_gold_adjusted_L2_winrate
Warrior Tabi,-7.869194322888314,0.33424657534246577,Deathbringer,38.2397605563998,0.5063291139240507,Asi,1.7783306498835851,2.29826353421859
Ichaival,5.269290685178895,0.3305084745762712,Qin's Sais,36.918042893981834,0.5045871559633027,Hastened Fatalis,1.4192371754347628,2.1488505355071967
Devourer's Gauntlet,-4.628901348788854,0.3090909090909091,Asi,31.654285567927815,0.4090909090909091,Qin's Sais,1.3673349219993272,1.8688413183826027
Hastened Fatalis,30.371675554303923,0.45985401459854014,Hastened Fatalis,30.371675554303923,0.45985401459854014,Hide of the Nemean Lion,1.2307799676690572,2.356902356902357
Transcendence,7.333745370004934,0.2857142857142857,Hide of the Nemean Lion,27.077159288719262,0.5185185185185185,Deathbringer,1.1949925173874936,1.5822784810126582
Death's Toll,-5.28567778801903,0.22033898305084745,Titan's Bane,16.513825357101783,0.5423728813559322,Titan's Bane,0.8055524564439894,2.645721372467962
