,recommendations,win_rate,win_rate_per_cost
Starter Item,Death's Toll,,
Boots,Warrior Tabi,0.48314606741573035,3.51043643264
Item2,Devourer's Gauntlet,0.5698924731182796,2.65423242468
Item3,The Executioner,0.5555555555555556,2.41830065359
Item4,Qin's Sais,0.5441176470588235,2.01525054466
Item5,Ichaival,0.622641509434,3.66259711432
Item6,Wind Demon,0.6,2.30769230769
Relic1,Curse,0.573333333333,
Relic2,Sprint,0.549019607843,
