,recommendations,win_rate,win_rate_per_cost
Starter Item,Death's Toll,,
Boots,Warrior Tabi,0.647058823529,3.95894428152
Item2,Soul Eater,0.7419354838709677,3.70967741935
Item3,Deathbringer,0.7333333333333333,2.3185483871
Item4,Ichaival,0.6470588235294118,4.36432637571
Item5,Wind Demon,0.733333333333,3.20512820513
Item6,Titan's Bane,0.655172413793,3.52303523035
Relic1,Sunder,0.909090909091,
Relic2,Thorns,1.0,
