,recommendations,win_rate,win_rate_per_cost
Starter Item,Death's Toll,,
Boots,Ninja Tabi,0.5104166666666666,3.52490421456
Item2,Hastened Fatalis,0.5816993464052288,2.4707272532
Item3,Ichaival,0.6129032258064516,3.11020960108
Item4,Qin's Sais,0.5365853658536586,1.9582801192
Item5,Stone Cutting Sword,0.609375,2.34375
Item6,Frostbound Hammer,0.583333333333,2.53623188406
Relic1,Wrath,0.612244897959,
Relic2,Sunder,0.633333333333,
