Items_most_pop,Items_most_pop_L2,Items_most_pop_winrate,Items_L2,Items_L2_coef,Items_L2_winrate,Items_gold_adjusted_L2,Items_gold_adjusted_L2_coef,Items_gold_adjusted_L2_winrate
Hastened Fatalis,24.70732113121921,0.7099767981438515,The Executioner,29.4923737007995,0.7297297297297297,The Executioner,1.310772164479978,3.2432432432432434
Qin's Sais,14.869477937738464,0.7021857923497268,Hastened Fatalis,24.70732113121921,0.7099767981438515,Warrior Tabi,1.211250648547963,4.6142603612068065
Warrior Tabi,18.77438505249343,0.7152103559870551,Ichaival,20.096827575318592,0.7120418848167539,Ichaival,1.182166327959917,4.18848167539267
Bulwark of Hope,-27.66832908436479,0.6635514018691588,Warrior Tabi,18.77438505249343,0.7152103559870551,Hastened Fatalis,1.1545477164121125,3.31764858945725
Ninja Tabi,4.425157430113827,0.6700507614213198,Titan's Bane,16.068443497914302,0.703030303030303,Titan's Bane,0.7838265120933805,3.4294161123429414
Ichaival,20.096827575318592,0.7120418848167539,Qin's Sais,14.869477937738464,0.7021857923497268,Qin's Sais,0.5507214051014246,2.6006881198138028
