Items_most_pop,Items_most_pop_L2,Items_most_pop_winrate,Items_L2,Items_L2_coef,Items_L2_winrate,Items_gold_adjusted_L2,Items_gold_adjusted_L2_coef,Items_gold_adjusted_L2_winrate
Hastened Fatalis,30.13148990467686,0.6103202846975089,Titan's Bane,41.91034964173327,0.7166666666666667,Titan's Bane,2.0444072995967444,3.4959349593495936
Ichaival,28.842962872502863,0.594541910331384,Stone Cutting Sword,38.19679785171459,0.6982758620689655,Ichaival,1.6966448748531096,3.497305354890494
Warrior Tabi,6.211064937336685,0.6139088729016786,Qin's Sais,30.865954293078605,0.6353591160220995,Stone Cutting Sword,1.4691076096813305,2.6856763925729443
Qin's Sais,30.865954293078605,0.6353591160220995,Hastened Fatalis,30.13148990467686,0.6103202846975089,Hastened Fatalis,1.4080135469475168,2.851963947184621
Ninja Tabi,-17.506062356393056,0.5214723926380368,Ichaival,28.842962872502863,0.594541910331384,Qin's Sais,1.1431834923362447,2.353181911192961
Witchblade,22.627129131020894,0.6410256410256411,Witchblade,22.627129131020894,0.6410256410256411,Witchblade,1.1037623966351655,3.1269543464665417
