Relics_most_pop,Relics_most_pop_L2,Relics_most_pop_winrate,Relics_most_pop_wr_paired,Relics_L2,Relics_L2_coef,Relics_L2_winrate,Relics_L2_wr_paired
Wrath,17.27890749140834,0.6356589147286822,0.759259259259,Sprint,18.725334218299842,0.6823529411764706,0.759259259259
Sprint,18.725334218299842,0.6823529411764706,,Wrath,17.27890749140834,0.6356589147286822,
