,recommendations,win_rate,win_rate_per_cost
Starter Item,Death's Toll,,
Boots,Warrior Tabi,0.581196581197,3.65591397849
Item2,Qin's Sais,0.5811965811965812,1.88034188034
Item3,Ichaival,0.5401069518716578,2.98642533937
Item4,Death's Toll,0.5487804878048781,6.34615384615
Item5,Titan's Bane,0.657142857143,3.20557491289
Item6,Soul Eater,0.622222222222,3.11111111111
Relic1,Wrath,0.565217391304,
Relic2,Meditation,0.615384615385,
