Items_most_pop,Items_most_pop_L2,Items_most_pop_winrate,Items_L2,Items_L2_coef,Items_L2_winrate,Items_gold_adjusted_L2,Items_gold_adjusted_L2_coef,Items_gold_adjusted_L2_winrate
Warrior Tabi,-80.2980860157764,0.4166666666666667,Transcendence,100.89939484596154,0.5238095238095238,Devourer's Gauntlet,4.725440408426116,2.4390243902439024
Qin's Sais,4.749402083730082,0.463768115942029,Devourer's Gauntlet,96.87152837273537,0.5,Ichaival,4.518350416797175,2.5951557093425603
The Executioner,-9.90762423962631,0.45161290322580644,Deathbringer,83.8286274827342,0.6,Transcendence,3.8807459556139046,2.0146520146520146
Devourer's Gauntlet,96.87152837273537,0.5,Ichaival,76.81195708555198,0.4411764705882353,Hastened Fatalis,3.0847993402237828,2.6450361488273675
Bulwark of Hope,-23.03134610594216,0.4444444444444444,Hastened Fatalis,66.01470588078895,0.5660377358490566,Titan's Bane,2.9687231259810605,2.341463414634146
Hastened Fatalis,66.01470588078895,0.5660377358490566,Titan's Bane,60.85882408261174,0.48,Deathbringer,2.619644608835444,1.875
