,recommendations,win_rate,win_rate_per_cost
Starter Item,Death's Toll,,
Boots,Warrior Tabi,0.770491803279,4.40958863569
Item2,Ichaival,0.7304964539007093,4.29703796412
Item3,Transcendence,0.6530612244897959,2.80960174577
Item4,Devourer's Gauntlet,0.7236842105263158,3.5633973361
Item5,Hastened Fatalis,0.683486238532,3.60042898728
Item6,The Executioner,0.723684210526,3.27160493827
Relic1,Meditation,0.712,
Relic2,Sunder,0.71186440678,
