Items_most_pop,Items_most_pop_L2,Items_most_pop_winrate,Items_L2,Items_L2_coef,Items_L2_winrate,Items_gold_adjusted_L2,Items_gold_adjusted_L2_coef,Items_gold_adjusted_L2_winrate
Warrior Tabi,-196.61741566632503,0.36065573770491804,Hastened Fatalis,326.78862579035643,0.5526315789473685,Hastened Fatalis,15.270496532259646,2.5823905558288245
Ichaival,235.50969778754938,0.4594594594594595,Ichaival,235.50969778754938,0.4594594594594595,Ninja Tabi,13.990818804944984,4.761904761904762
Transcendence,27.28184571163833,0.2711864406779661,Wind Demon,228.05491854017527,0.5625,Ichaival,13.85351163456173,2.7027027027027026
Qin's Sais,0.19251140019017793,0.4528301886792453,The Executioner,219.84398321207942,0.4857142857142857,The Executioner,9.770843698314641,2.1587301587301586
Devourer's Gauntlet,157.46248267635278,0.574468085106383,Ninja Tabi,209.86228207417477,0.7142857142857143,Wind Demon,8.771343020775973,2.1634615384615383
Soul Eater,77.19783808780964,0.3488372093023256,Jotunn's Wrath,198.18858208918778,0.6666666666666666,Jotunn's Wrath,8.122482872507696,2.73224043715847
