Relics_most_pop,Relics_most_pop_L2,Relics_most_pop_winrate,Relics_most_pop_wr_paired,Relics_L2,Relics_L2_coef,Relics_L2_winrate,Relics_L2_wr_paired
Sprint,-13.201395009000835,0.31343283582089554,1.0,Thorns,3.577559279182497,0.5454545454545454,1.0
Purification,-5.887704269076418,0.38461538461538464,,Meditation,2.8014535158414127,0.49019607843137253,
