Items_most_pop,Items_most_pop_L2,Items_most_pop_winrate,Items_L2,Items_L2_coef,Items_L2_winrate,Items_gold_adjusted_L2,Items_gold_adjusted_L2_coef,Items_gold_adjusted_L2_winrate
Warrior Tabi,-7.75183827505858,0.45294117647058824,Ichaival,59.074005136712096,0.5217391304347826,Ichaival,3.4749414786301234,3.0690537084398977
Ichaival,59.074005136712096,0.5217391304347826,Soul Eater,48.17650934615247,0.5267857142857143,Soul Eater,2.4088254673076235,2.6339285714285716
Hastened Fatalis,12.295185845934618,0.5,Devourer's Gauntlet,44.20911159853229,0.5076923076923077,Devourer's Gauntlet,2.156542029196697,2.476547842401501
Transcendence,33.25082666580315,0.43333333333333335,The Executioner,35.32294663868887,0.5454545454545454,The Executioner,1.569908739497283,2.4242424242424243
Qin's Sais,33.04475585718629,0.5434782608695652,Transcendence,33.25082666580315,0.43333333333333335,Transcendence,1.2788779486847366,1.6666666666666667
Devourer's Gauntlet,44.20911159853229,0.5076923076923077,Qin's Sais,33.04475585718629,0.5434782608695652,Qin's Sais,1.2238798465624552,2.0128824476650564
