,recommendations,win_rate,win_rate_per_cost
Starter Item,Death's Toll,,
Boots,Ninja Tabi,0.509090909091,3.39393939394
Item2,Qin's Sais,0.6363636363636364,2.01084923307
Item3,Transcendence,0.5363128491620112,2.08818958819
Item4,Ichaival,0.5344129554655871,3.19370172311
Item5,Titan's Bane,0.7,3.28330206379
Item6,Wind Demon,0.673076923077,2.69230769231
Relic1,Sunder,0.654761904762,
Relic2,Curse,0.602941176471,
