Relics_most_pop,Relics_most_pop_L2,Relics_most_pop_winrate,Relics_most_pop_wr_paired,Relics_L2,Relics_L2_coef,Relics_L2_winrate,Relics_L2_wr_paired
Purification,14.50490340450014,0.4835164835164835,0.564102564103,Purification,14.50490340450014,0.4835164835164835,0.564102564103
Sprint,13.243720405175457,0.4777777777777778,,Sprint,13.243720405175457,0.4777777777777778,
