Items_most_pop,Items_most_pop_L2,Items_most_pop_winrate,Items_L2,Items_L2_coef,Items_L2_winrate,Items_gold_adjusted_L2,Items_gold_adjusted_L2_coef,Items_gold_adjusted_L2_winrate
Hastened Fatalis,-0.6434339220530066,0.48792270531400966,Rod of Tahuti,12.294091479110223,0.6447368421052632,Rod of Tahuti,0.37030396021416334,1.9419784400760938
Shoes of the Magi,3.2155523369118275,0.5103448275862069,Pythagorem's Piece,6.091064539942556,0.5568181818181818,Pythagorem's Piece,0.25379435583093984,2.320075757575758
Demonic Grip,2.0964281057355203,0.5114503816793893,Shoes of the Magi,3.2155523369118275,0.5103448275862069,Shoes of the Magi,0.20097202105698922,3.189655172413793
Bulwark of Hope,1.9447757693921823,0.5151515151515151,Demonic Grip,2.0964281057355203,0.5114503816793893,Demonic Grip,0.09194860112875089,2.2432034284183744
Pythagorem's Piece,6.091064539942556,0.5568181818181818,Bulwark of Hope,1.9447757693921823,0.5151515151515151,Bulwark of Hope,0.07702082255018543,2.04020402040204
Telkhines Ring,-3.431857346347363,0.44155844155844154,Void Stone,0.7626549352539236,0.5384615384615384,Void Stone,0.03466613342063289,2.4475524475524475
