,recommendations,win_rate,win_rate_per_cost
Starter Item,Soul Stone,,
Boots,Shoes of the Magi,0.5904139433551199,3.66561181435
Item2,Demonic Grip,0.6616915422885572,2.57235916796
Item3,Telkhines Ring,0.6330935251798561,2.75999007198
Item4,Pythagorem's Piece,0.6476868327402135,2.44374120956
Item5,Genji's Guard,0.661764705882,3.00802139037
Item6,Hastened Fatalis,0.64768683274,2.78722144991
Relic1,Wrath,0.730769230769,
Relic2,Purification,0.617132867133,
