Items_most_pop,Items_most_pop_L2,Items_most_pop_winrate,Items_L2,Items_L2_coef,Items_L2_winrate,Items_gold_adjusted_L2,Items_gold_adjusted_L2_coef,Items_gold_adjusted_L2_winrate
Hastened Fatalis,-21.582347403696662,0.5892857142857143,Demonic Grip,56.18285954579424,0.6604938271604939,Demonic Grip,2.464160506394484,2.8969027507039202
Shoes of the Magi,-3.5230387890792416,0.5854922279792746,Pythagorem's Piece,51.22963236209076,0.6875,Pythagorem's Piece,2.134568015087115,2.8645833333333335
Demonic Grip,56.18285954579424,0.6604938271604939,Telkhines Ring,36.579788641462166,0.6346153846153846,Telkhines Ring,1.7214018184217492,2.986425339366516
Divine Ruin,9.130012393038896,0.6017699115044248,Bancroft's Talon,23.93128914544502,0.6333333333333333,Bancroft's Talon,0.9971370477268758,2.638888888888889
Pestilence,6.398743854662888,0.6190476190476191,Divine Ruin,9.130012393038896,0.6017699115044248,Divine Ruin,0.5016490325845547,3.306428085189147
Telkhines Ring,36.579788641462166,0.6346153846153846,Pestilence,6.398743854662888,0.6190476190476191,Pestilence,0.2976159932401343,2.8792912513842746
