Items_most_pop,Items_most_pop_L2,Items_most_pop_winrate,Items_L2,Items_L2_coef,Items_L2_winrate,Items_gold_adjusted_L2,Items_gold_adjusted_L2_coef,Items_gold_adjusted_L2_winrate
Hastened Fatalis,31.95657189661286,0.6585365853658537,Rod of Tahuti,38.92647568631625,0.7719298245614035,Witchblade,1.6687888756567284,3.902439024390244
Shoes of the Magi,4.798777011354558,0.6403508771929824,Witchblade,34.21017195096293,0.8,Hastened Fatalis,1.4932977521781712,3.0772737633918394
Demonic Grip,7.451765726624925,0.6775956284153005,Pythagorem's Piece,33.46376262650882,0.69375,Pythagorem's Piece,1.3943234427712008,2.890625
Pythagorem's Piece,33.46376262650882,0.69375,Hastened Fatalis,31.95657189661286,0.6585365853658537,Rod of Tahuti,1.1724842074191641,2.3250898330162757
Telkhines Ring,19.20012096121817,0.6641221374045801,Telkhines Ring,19.20012096121817,0.6641221374045801,Telkhines Ring,0.9035351040573256,3.125280646609789
Rod of Tahuti,38.92647568631625,0.7719298245614035,Polynomicon,13.757046147756993,0.6885245901639344,Polynomicon,0.5981324412068258,2.9935851746258018
