Relics_most_pop,Relics_most_pop_L2,Relics_most_pop_winrate,Relics_most_pop_wr_paired,Relics_L2,Relics_L2_coef,Relics_L2_winrate,Relics_L2_wr_paired
Sanctuary,14.959507039263093,0.6111111111111112,0.0,Frenzy,55.03108992723724,0.7142857142857143,0.0
Meditation,-3.3739206936808506,0.6144578313253012,,Sprint,53.11323643230208,0.7428571428571429,
