Items_most_pop,Items_most_pop_L2,Items_most_pop_winrate,Items_L2,Items_L2_coef,Items_L2_winrate,Items_gold_adjusted_L2,Items_gold_adjusted_L2_coef,Items_gold_adjusted_L2_winrate
Warrior Tabi,0.12774782645130872,0.5583482944344704,Titan's Bane,23.00933164294749,0.6637931034482759,Titan's Bane,1.1224064216071947,3.2380151387720773
Transcendence,8.349325593998081,0.5728346456692913,Brawler's Beat Stick,14.953179549504497,0.6978021978021978,Brawler's Beat Stick,0.6230491478960207,2.9075091575091574
Jotunn's Wrath,14.42514546314215,0.5919661733615222,Jotunn's Wrath,14.42514546314215,0.5919661733615222,Breastplate of Valor,0.6051729843042847,2.853859413905382
Titan's Bane,23.00933164294749,0.6637931034482759,Breastplate of Valor,13.918978638998547,0.6563876651982379,Jotunn's Wrath,0.5911944861943504,2.426090874432468
Hydra's Lament,4.064611653617881,0.5755395683453237,Transcendence,8.349325593998081,0.5728346456692913,Transcendence,0.32112790746146463,2.2032101756511207
Breastplate of Valor,13.918978638998547,0.6563876651982379,Stone Cutting Sword,7.9057509105084245,0.7631578947368421,Stone Cutting Sword,0.3040673427118625,2.935222672064777
