,recommendations,win_rate,win_rate_per_cost
Starter Item,Bluestone Pendant,,
Boots,Warrior Tabi,0.674418604651,4.35108777194
Item2,Hydra's Lament,0.7284595300261096,3.38818386059
Item3,Transcendence,0.6863406408094435,2.80176742318
Item4,Titan's Bane,0.7121588089330024,3.55346112208
Item5,Breastplate of Valor,0.738693467337,3.21171072755
Item6,Jotunn's Wrath,0.675276752768,2.76752767528
Relic1,Sunder,0.737373737374,
Relic2,Meditation,0.718954248366,
