Items_most_pop,Items_most_pop_L2,Items_most_pop_winrate,Items_L2,Items_L2_coef,Items_L2_winrate,Items_gold_adjusted_L2,Items_gold_adjusted_L2_coef,Items_gold_adjusted_L2_winrate
Warrior Tabi,6.721276643453041,0.6463414634146342,Hydra's Lament,18.26178398079164,0.7123287671232876,Hydra's Lament,0.8493853014321693,3.3131570563873844
Transcendence,7.542328479676128,0.6474358974358975,Hide of the Nemean Lion,10.256764807793454,0.7777777777777778,Hide of the Nemean Lion,0.4662165821724297,3.5353535353535355
Jotunn's Wrath,3.9445039006525224,0.6439393939393939,Stone Cutting Sword,9.697853791340574,0.8333333333333334,Warrior Tabi,0.43363075119051875,4.169944925255704
Titan's Bane,4.245551510608911,0.648,Breastplate of Valor,7.5759846427709405,0.6590909090909091,Stone Cutting Sword,0.37299437659002205,3.2051282051282053
Breastplate of Valor,7.5759846427709405,0.6590909090909091,Transcendence,7.542328479676128,0.6474358974358975,Breastplate of Valor,0.3293906366422148,2.8656126482213438
Hydra's Lament,18.26178398079164,0.7123287671232876,Warrior Tabi,6.721276643453041,0.6463414634146342,Transcendence,0.29008955691062027,2.490138067061144
