,recommendations,win_rate,win_rate_per_cost
Starter Item,Death's Toll,,
Boots,Warrior Tabi,0.754237288136,4.86604702023
Item2,Jotunn's Wrath,0.7708333333333334,3.09113642679
Item3,Hydra's Lament,0.7796610169491526,3.50808040993
Item4,Transcendence,0.7345132743362832,2.90091264668
Item5,Hide of the Nemean Lion,0.916666666667,4.16666666667
Item6,Breastplate of Valor,0.763157894737,3.3180778032
Relic1,Sunder,0.837837837838,
Relic2,Blink,0.8,
