Items_most_pop,Items_most_pop_L2,Items_most_pop_winrate,Items_L2,Items_L2_coef,Items_L2_winrate,Items_gold_adjusted_L2,Items_gold_adjusted_L2_coef,Items_gold_adjusted_L2_winrate
Warrior Tabi,6.284860123543176,0.6929133858267716,Titan's Bane,36.96485251736735,0.7586206896551724,Titan's Bane,1.8031635374325536,3.700588730025231
Jotunn's Wrath,9.563089203507175,0.6991150442477876,Transcendence,27.457471941563654,0.7289719626168224,Transcendence,1.0560566131370637,2.803738317757009
Transcendence,27.457471941563654,0.7289719626168224,Hydra's Lament,15.921755469475688,0.7164179104477612,Hydra's Lament,0.740546766022125,3.3321763276640057
Titan's Bane,36.96485251736735,0.7586206896551724,Breastplate of Valor,14.710543362115322,0.7285714285714285,Breastplate of Valor,0.639588841831101,3.1677018633540373
Breastplate of Valor,14.710543362115322,0.7285714285714285,Stone Cutting Sword,11.450859986029505,0.8181818181818182,Stone Cutting Sword,0.44041769177036555,3.1468531468531467
Hydra's Lament,15.921755469475688,0.7164179104477612,Jotunn's Wrath,9.563089203507175,0.6991150442477876,Warrior Tabi,0.4054748466802049,4.470408940817881
