,recommendations,win_rate,win_rate_per_cost
Starter Item,Death's Toll,,
Boots,Warrior Tabi,0.833333333333,4.16994492526
Item2,Hydra's Lament,0.7123287671232876,2.99506694856
Item3,Breastplate of Valor,0.6590909090909091,2.79973649539
Item4,Transcendence,0.6474358974358975,2.47668997669
Item5,Hide of the Nemean Lion,0.777777777778,3.53535353535
Item6,Stone Cutting Sword,0.659090909091,3.20512820513
Relic1,Sunder,0.741379310345,
Relic2,Purification,0.654545454545,
