Items_most_pop,Items_most_pop_L2,Items_most_pop_winrate,Items_L2,Items_L2_coef,Items_L2_winrate,Items_gold_adjusted_L2,Items_gold_adjusted_L2_coef,Items_gold_adjusted_L2_winrate
Warrior Tabi,-36.419425421510816,0.3333333333333333,Jotunn's Wrath,74.76416049945989,0.3889585947302384,Jotunn's Wrath,3.064104938502455,1.594092601353436
Transcendence,23.397381399632142,0.33828207847295866,Titan's Bane,61.49340303869053,0.4860335195530726,Titan's Bane,2.999678197009294,2.3708952173320617
Jotunn's Wrath,74.76416049945989,0.3889585947302384,Brawler's Beat Stick,44.74088330761667,0.5333333333333333,Brawler's Beat Stick,1.8642034711506945,2.2222222222222223
Titan's Bane,61.49340303869053,0.4860335195530726,Transcendence,23.397381399632142,0.33828207847295866,Witchblade,0.987672665264626,2.3150062009094667
Hydra's Lament,9.728580624791764,0.3668903803131991,Witchblade,20.247289637924833,0.4745762711864407,Transcendence,0.8998992846012361,1.3010849172036871
Breastplate of Valor,3.818200948476963,0.38274932614555257,Hide of the Nemean Lion,15.001988593474518,0.4519230769230769,Hide of the Nemean Lion,0.6819085724306599,2.054195804195804
