Items_most_pop,Items_most_pop_L2,Items_most_pop_winrate,Items_L2,Items_L2_coef,Items_L2_winrate,Items_gold_adjusted_L2,Items_gold_adjusted_L2_coef,Items_gold_adjusted_L2_winrate
Warrior Tabi,-83.45231701466955,0.4016393442622951,Transcendence,182.70158123309795,0.43478260869565216,Transcendence,7.026983893580691,1.6722408026755853
Transcendence,182.70158123309795,0.43478260869565216,Hydra's Lament,90.99626679825978,0.5254237288135594,Hydra's Lament,4.232384502244641,2.443831296807253
Jotunn's Wrath,-4.903752177873408,0.39805825242718446,Bulwark of Hope,47.31756862592702,0.48148148148148145,Bulwark of Hope,1.8739631138980997,1.9068573524019068
Titan's Bane,-22.75563757464906,0.4044943820224719,Pestilence,7.606357823687157,0.4642857142857143,Pestilence,0.35378408482265844,2.159468438538206
Brawler's Beat Stick,6.421047234607307,0.43283582089552236,Brawler's Beat Stick,6.421047234607307,0.43283582089552236,Brawler's Beat Stick,0.2675436347753044,1.8034825870646767
Hydra's Lament,90.99626679825978,0.5254237288135594,Jotunn's Wrath,-4.903752177873408,0.39805825242718446,Jotunn's Wrath,-0.2009734499128446,1.6313862804392807
