Relics_most_pop,Relics_most_pop_L2,Relics_most_pop_winrate,Relics_most_pop_wr_paired,Relics_L2,Relics_L2_coef,Relics_L2_winrate,Relics_L2_wr_paired
Relic,-27.079370956122784,0.14583333333333334,0.666666666667,Meditation,18.11003146822338,0.4090909090909091,0.666666666667
Sanctuary,4.765377955122618,0.3181818181818182,,Sanctuary,4.765377955122618,0.3181818181818182,
