,recommendations,win_rate,win_rate_per_cost
Starter Item,Bluestone Pendant,,
Boots,Warrior Tabi,0.63,1.53609831029
Item2,Breastplate of Valor,0.75,1.03519668737
Item3,Jotunn's Wrath,0.7142857142857143,0.975800156128
Item4,Hide of the Nemean Lion,0.6896551724137931,1.08225108225
Item5,Witchblade,0.714285714286,3.90243902439
Item6,Asi,0.857142857143,4.21348314607
Relic1,Sprint,0.818181818182,
Relic2,Wrath,0.766666666667,
