Items_most_pop,Items_most_pop_L2,Items_most_pop_winrate,Items_L2,Items_L2_coef,Items_L2_winrate,Items_gold_adjusted_L2,Items_gold_adjusted_L2_coef,Items_gold_adjusted_L2_winrate
Warrior Tabi,-14.33550744637916,0.4672897196261682,Ichaival,27.508032585189262,0.75,Ichaival,1.6181195638346624,4.411764705882353
Jotunn's Wrath,-7.6619901318216055,0.45454545454545453,Void Shield,25.453144053716187,0.6111111111111112,Titan's Bane,0.9707736794257237,2.582496413199426
Breastplate of Valor,11.122860313148575,0.5,Titan's Bane,19.900860428227336,0.5294117647058824,Void Shield,0.9427090390265255,2.263374485596708
Titan's Bane,19.900860428227336,0.5294117647058824,Transcendence,18.402951420333018,0.5526315789473685,Transcendence,0.7078058238589623,2.125506072874494
Transcendence,18.402951420333018,0.5526315789473685,Stone Cutting Sword,17.720398468361978,0.7142857142857143,Stone Cutting Sword,0.6815537872446914,2.7472527472527473
Hide of the Nemean Lion,-17.894286642624735,0.4,The Executioner,11.559100752246081,0.5714285714285714,Witchblade,0.5494261505150525,2.682926829268293
