Items_most_pop,Items_most_pop_L2,Items_most_pop_winrate,Items_L2,Items_L2_coef,Items_L2_winrate,Items_gold_adjusted_L2,Items_gold_adjusted_L2_coef,Items_gold_adjusted_L2_winrate
Transcendence,-0.187847378483733,0.22857142857142856,Deathbringer,0.0003839209828791843,0.5,Deathbringer,1.199753071497451e-05,1.5625
Warrior Tabi,-0.20298382535451132,0.18461538461538463,Rage,-0.009853358279669211,0.3333333333333333,Rage,-0.0004105565949862171,1.3888888888888888
Ichaival,-0.12372135108541245,0.1951219512195122,Wind Demon,-0.014830052165540694,0.2857142857142857,Wind Demon,-0.0005703866217515651,1.098901098901099
Ninja Tabi,-0.10389852797335834,0.23076923076923078,Qin's Sais,-0.019665790319630158,0.3333333333333333,Qin's Sais,-0.0007283626044307466,1.2345679012345678
Hastened Fatalis,-0.0590836765662517,0.3125,Odysseus' Bow,-0.019716361656752415,0.3,Odysseus' Bow,-0.0008047494553776495,1.2244897959183674
Soul Eater,-0.07406643275401421,0.25806451612903225,Witchblade,-0.02463407662343392,0.3076923076923077,Bloodforge,-0.0010469181055076477,0.0
