,recommendations,win_rate,win_rate_per_cost
Starter Item,Vampiric Shroud,,
Boots,Shoes of Focus,0.545454545455,3.49726775956
Item2,Obsidian Shard,0.5734597156398105,2.86388670338
Item3,Rod of Tahuti,0.5870967741935483,1.76836377769
Item4,Warlock's Sash,0.5240174672489083,2.21545952526
Item5,Genji's Guard,0.5625,2.55681818182
Item6,Soul Reaver,0.524017467249,1.85528756957
Relic1,Sprint,0.603448275862,
Relic2,Sunder,0.6,
