Items_most_pop,Items_most_pop_L2,Items_most_pop_winrate,Items_L2,Items_L2_coef,Items_L2_winrate,Items_gold_adjusted_L2,Items_gold_adjusted_L2_coef,Items_gold_adjusted_L2_winrate
Warlock's Sash,218.97147292569392,0.5,Shoes of the Magi,313.237476017112,0.5073529411764706,Shoes of the Magi,19.5773422510695,3.170955882352941
Obsidian Shard,137.81201421170974,0.47701149425287354,Rod of Tahuti,307.4510691446296,0.5328467153284672,Shoes of Focus,19.193138076747527,2.984126984126984
Rod of Tahuti,307.4510691446296,0.5328467153284672,Shoes of Focus,287.8970711512129,0.44761904761904764,Genji's Guard,11.367328638319558,2.3776223776223775
Shoes of the Magi,313.237476017112,0.5073529411764706,Genji's Guard,250.08123004303027,0.5230769230769231,Chronos' Pendant,10.15504552125324,2.152014652014652
Book of Thoth,223.00507120831742,0.4881889763779528,Chronos' Pendant,243.7210925100777,0.5164835164835165,Rod of Tahuti,9.260574371826193,1.604959985929118
Shoes of Focus,287.8970711512129,0.44761904761904764,Book of Thoth,223.00507120831742,0.4881889763779528,Book of Thoth,8.415285705974242,1.842222552369633
