Items_most_pop,Items_most_pop_L2,Items_most_pop_winrate,Items_L2,Items_L2_coef,Items_L2_winrate,Items_gold_adjusted_L2,Items_gold_adjusted_L2_coef,Items_gold_adjusted_L2_winrate
Warlock's Sash,14.988074995716486,0.3983402489626556,Warlock's Sash,14.988074995716486,0.3983402489626556,Celestial Legion Helm,0.6125677677358337,2.0962732919254656
Breastplate of Valor,-15.203289537954623,0.37168141592920356,Celestial Legion Helm,14.089058657924175,0.48214285714285715,Warlock's Sash,0.5655877356874146,1.5031707508024739
Obsidian Shard,-0.12137144707452334,0.39436619718309857,Rod of Tahuti,13.19762199021223,0.43243243243243246,Divine Ruin,0.4850505364286533,2.3844080447854035
Shoes of the Magi,-20.99510158381887,0.32558139534883723,Divine Ruin,8.827919763001491,0.4339622641509434,Shoes of Focus,0.42669207078756366,2.8767123287671232
Rod of Tahuti,13.19762199021223,0.43243243243243246,Shoes of Focus,6.400381061813455,0.4315068493150685,Rod of Tahuti,0.3975187346449467,1.3025073266037122
Shoes of Focus,6.400381061813455,0.4315068493150685,Obsidian Shard,-0.12137144707452334,0.39436619718309857,Obsidian Shard,-0.005920558393879187,1.9237375472346272
