Items_most_pop,Items_most_pop_L2,Items_most_pop_winrate,Items_L2,Items_L2_coef,Items_L2_winrate,Items_gold_adjusted_L2,Items_gold_adjusted_L2_coef,Items_gold_adjusted_L2_winrate
Transcendence,-6.644926721302113,0.3248730964467005,Hastened Fatalis,15.784989493866078,0.425531914893617,Asi,0.8486558670614842,2.2888056595921764
Warrior Tabi,-15.171797769639525,0.30978260869565216,Asi,15.106074433694419,0.4074074074074074,Hastened Fatalis,0.737616331489069,1.9884668920262478
Jotunn's Wrath,-3.899241872517947,0.3181818181818182,Hide of the Nemean Lion,13.787831023796398,0.46153846153846156,Hide of the Nemean Lion,0.6267195919907453,2.097902097902098
Breastplate of Valor,-24.189439040001854,0.26153846153846155,Rage,7.352361094554135,0.42857142857142855,Ninja Tabi,0.438787908061356,2.6666666666666665
The Executioner,-23.070420024760526,0.25862068965517243,Ninja Tabi,6.581818620920339,0.4,Rage,0.3063483789397557,1.7857142857142858
Asi,15.106074433694419,0.4074074074074074,Bloodforge,6.319619930845918,0.42105263157894735,Witchblade,0.2519996792130607,1.7886178861788617
