,recommendations,win_rate,win_rate_per_cost
Starter Item,Bluestone Pendant,,
Boots,Warrior Tabi,0.3673469387755102,2.92148508825
Item2,Jotunn's Wrath,0.45751633986928103,1.85586142901
Item3,Witchblade,0.4528301886792453,2.20892774965
Item4,Hastened Fatalis,0.3770491803278688,2.11602891906
Item5,Soul Eater,0.46,2.14285714286
Item6,Qin's Sais,0.428571428571,1.7037037037
Relic1,Curse,0.481012658228,
Relic2,Sprint,0.425806451613,
