Relics_most_pop,Relics_most_pop_L2,Relics_most_pop_winrate,Relics_most_pop_wr_paired,Relics_L2,Relics_L2_coef,Relics_L2_winrate,Relics_L2_wr_paired
Sprint,46.640734757139754,0.5258620689655172,0.0,Sunder,96.45536123410714,0.6666666666666666,0.0
Sanctuary,-23.743482359991166,0.46226415094339623,,Wrath,91.38347769647997,0.6,
