Items_most_pop,Items_most_pop_L2,Items_most_pop_winrate,Items_L2,Items_L2_coef,Items_L2_winrate,Items_gold_adjusted_L2,Items_gold_adjusted_L2_coef,Items_gold_adjusted_L2_winrate
Transcendence,-48.90696374143564,0.5213675213675214,Warrior Tabi,224.4847581538835,0.5648148148148148,Warrior Tabi,14.482887622831193,3.6439665471923535
Warrior Tabi,224.4847581538835,0.5648148148148148,Ichaival,178.29619332456411,0.631578947368421,Ninja Tabi,11.0156586098408,2.962962962962963
Qin's Sais,151.43872928939365,0.6296296296296297,Ninja Tabi,165.23487914761202,0.4444444444444444,Ichaival,10.488011372033183,3.7151702786377707
Jotunn's Wrath,120.8228429260953,0.5853658536585366,Qin's Sais,151.43872928939365,0.6296296296296297,Qin's Sais,5.608841825533098,2.3319615912208507
Titan's Bane,-70.03410806003892,0.5483870967741935,Jotunn's Wrath,120.8228429260953,0.5853658536585366,Jotunn's Wrath,4.951755857626857,2.3990403838464616
Hastened Fatalis,30.094156393045758,0.6,Pestilence,74.93687978868678,0.7272727272727273,Asi,4.182297266016152,3.932584269662921
