Items_most_pop,Items_most_pop_L2,Items_most_pop_winrate,Items_L2,Items_L2_coef,Items_L2_winrate,Items_gold_adjusted_L2,Items_gold_adjusted_L2_coef,Items_gold_adjusted_L2_winrate
Transcendence,-2.138956358210861,0.4005235602094241,Hastened Fatalis,23.792839264030345,0.49056603773584906,Hastened Fatalis,1.1118149188799227,2.2923646623170515
Warrior Tabi,3.012197156816108,0.4054794520547945,Asi,16.57277198660532,0.4578313253012048,Ichaival,0.9404063675672742,2.7149321266968327
Jotunn's Wrath,7.771396382563317,0.4230769230769231,Ichaival,15.986908248643664,0.46153846153846156,Asi,0.9310546059890631,2.5720860971977797
The Executioner,-17.80990451818087,0.32456140350877194,Soul Eater,13.020685641960828,0.4631578947368421,Soul Eater,0.6510342820980414,2.3157894736842106
Hastened Fatalis,23.792839264030345,0.49056603773584906,Witchblade,9.251778511872141,0.4626865671641791,Witchblade,0.4513062688718118,2.2570076447033127
Soul Eater,13.020685641960828,0.4631578947368421,Titan's Bane,9.146697826715084,0.45,Titan's Bane,0.4461803817909797,2.1951219512195124
