Relics_most_pop,Relics_most_pop_L2,Relics_most_pop_winrate,Relics_most_pop_wr_paired,Relics_L2,Relics_L2_coef,Relics_L2_winrate,Relics_L2_wr_paired
Sanctuary,-9.808387488005657,0.6463878326996197,0.5,Sprint,21.34122539528619,0.738255033557047,0.5
Sprint,21.34122539528619,0.738255033557047,,Relic,8.605932766019938,0.6486486486486487,
