Items_most_pop,Items_most_pop_L2,Items_most_pop_winrate,Items_L2,Items_L2_coef,Items_L2_winrate,Items_gold_adjusted_L2,Items_gold_adjusted_L2_coef,Items_gold_adjusted_L2_winrate
Gem of Isolation,24.57090223245606,0.5048231511254019,Breastplate of Valor,55.312383260483635,0.574585635359116,Breastplate of Valor,2.4048862287166797,2.498198414604852
Hastened Fatalis,44.05386895133557,0.556,Celestial Legion Helm,45.66694451024737,0.5517241379310345,Hastened Fatalis,2.0585920070717556,2.5981308411214954
Shoes of Focus,13.270181628191184,0.5022222222222222,Hastened Fatalis,44.05386895133557,0.556,Celestial Legion Helm,1.9855193265324942,2.39880059970015
Breastplate of Valor,55.312383260483635,0.574585635359116,Pythagorem's Piece,40.29381005000462,0.5294117647058824,Pythagorem's Piece,1.6789087520835262,2.2058823529411766
Obsidian Shard,31.586642843460783,0.5674157303370787,Polynomicon,36.19862239625663,0.5909090909090909,Polynomicon,1.5738531476633317,2.569169960474308
Shoes of the Magi,11.866241764000877,0.4235294117647059,Chronos' Pendant,35.73450721317325,0.47619047619047616,Obsidian Shard,1.5408118460224771,2.7678816114003837
