,recommendations,win_rate,win_rate_per_cost
Starter Item,Soul Stone,,
Boots,Shoes of Focus,0.5022222222222222,2.82352941176
Item2,Breastplate of Valor,0.574585635359116,1.84143222506
Item3,Hastened Fatalis,0.556,1.97910940077
Item4,Obsidian Shard,0.5674157303370787,2.06599713056
Item5,Celestial Legion Helm,0.556,2.3988005997
Item6,Pythagorem's Piece,0.529411764706,2.20588235294
Relic1,Wrath,0.631578947368,
Relic2,Meditation,0.511111111111,
