,recommendations,win_rate,win_rate_per_cost
Starter Item,Soul Stone,,
Boots,Shoes of Focus,0.4953271028037383,3.30218068536
Item2,Gem of Isolation,0.5578947368421052,1.8345448252
Item3,Hastened Fatalis,0.5765765765765766,2.31461262992
Item4,Breastplate of Valor,0.5485436893203883,2.15359609915
Item5,Obsidian Shard,0.547169811321,2.66912103083
Item6,Celestial Legion Helm,0.541850220264,2.39643957549
Relic1,Shell,0.666666666667,
Relic2,Meditation,0.522123893805,
