Items_most_pop,Items_most_pop_L2,Items_most_pop_winrate,Items_L2,Items_L2_coef,Items_L2_winrate,Items_gold_adjusted_L2,Items_gold_adjusted_L2_coef,Items_gold_adjusted_L2_winrate
Gem of Isolation,22.726441170681557,0.7163120567375887,Gem of Isolation,22.726441170681557,0.7163120567375887,Gem of Isolation,0.8417200433585763,2.6530076175466246
Obsidian Shard,-3.654195979707336,0.6551724137931034,Breastplate of Valor,17.605771535298302,0.7435897435897436,Hastened Fatalis,0.8217844376867158,3.4025950458216134
Shoes of the Magi,12.091921534126346,0.6952380952380952,Hastened Fatalis,17.586186966495717,0.7281553398058253,Breastplate of Valor,0.7654683276216654,3.2329988851727984
Hastened Fatalis,17.586186966495717,0.7281553398058253,Rod of Tahuti,15.844254041290695,0.7636363636363637,Shoes of the Magi,0.7557450958828966,4.345238095238095
Shoes of Focus,2.5606186378478344,0.6582278481012658,Warlock's Sash,14.126141168351156,0.7105263157894737,Warlock's Sash,0.5330619308811757,2.6812313803376364
Breastplate of Valor,17.605771535298302,0.7435897435897436,Shoes of the Magi,12.091921534126346,0.6952380952380952,Rod of Tahuti,0.47723656750875587,2.3001095290251916
