,recommendations,win_rate,win_rate_per_cost
Starter Item,Soul Stone,,
Boots,Shoes of Focus,0.4074074074074074,2.25988700565
Item2,Hastened Fatalis,0.4748603351955307,1.58403294789
Item3,Breastplate of Valor,0.4095238095238095,1.47383935151
Item4,Warlock's Sash,0.3389830508474576,1.27918132395
Item5,Celestial Legion Helm,0.474860335196,2.07509881423
Item6,Rod of Tahuti,0.477272727273,1.79940541386
Relic1,Curse,0.428571428571,
Relic2,Sunder,0.402985074627,
