Items_most_pop,Items_most_pop_L2,Items_most_pop_winrate,Items_L2,Items_L2_coef,Items_L2_winrate,Items_gold_adjusted_L2,Items_gold_adjusted_L2_coef,Items_gold_adjusted_L2_winrate
Breastplate of Valor,30.358624327376805,0.5510204081632653,Spear of the Magus,210.2232479726998,0.6153846153846154,Spear of the Magus,9.777825487102316,2.862254025044723
Warlock's Sash,61.80872709083778,0.5444444444444444,Rod of Tahuti,166.138623385211,0.6805555555555556,Rod of Tahuti,5.004175403169006,2.0498661311914326
Shoes of Focus,33.11995691017726,0.5903614457831325,Warlock's Sash,61.80872709083778,0.5444444444444444,Warlock's Sash,2.3324047958806706,2.0545073375262053
Rod of Tahuti,166.138623385211,0.6805555555555556,Lotus Crown,45.363230358355935,0.6153846153846154,Lotus Crown,2.212840505285655,3.0018761726078798
Obsidian Shard,-24.966746124753712,0.5964912280701754,Shoes of Focus,33.11995691017726,0.5903614457831325,Shoes of Focus,2.2079971273451506,3.9357429718875503
Book of Thoth,-57.340393356222265,0.5686274509803921,Breastplate of Valor,30.358624327376805,0.5510204081632653,Breastplate of Valor,1.3199401881468176,2.3957409050576755
