,recommendations,win_rate,win_rate_per_cost
Starter Item,Death's Toll,,
Boots,Ninja Tabi,0.263157894737,2.42424242424
Item2,Devourer's Gauntlet,0.4195804195804196,2.09059233449
Item3,Hastened Fatalis,0.4485981308411215,2.00267022697
Item4,Ichaival,0.42857142857142855,2.52100840336
Item5,Wind Demon,0.428571428571,1.60256410256
Item6,Titan's Bane,0.466666666667,2.27642276423
Relic1,Wrath,0.461538461538,
Relic2,Purification,0.437908496732,
