,recommendations,win_rate,win_rate_per_cost
Starter Item,Death's Toll,,
Boots,Warrior Tabi,0.3779527559055118,1.79211469534
Item2,Qin's Sais,0.5,1.02880658436
Item3,Ichaival,0.425,1.6339869281
Item4,Devourer's Gauntlet,0.40860215053763443,1.35501355014
Item5,Asi,0.441860465116,2.59291270527
Item6,Titan's Bane,0.461538461538,2.15541690301
Relic1,Sunder,0.538461538462,
Relic2,Curse,0.473684210526,
