Items_most_pop,Items_most_pop_L2,Items_most_pop_winrate,Items_L2,Items_L2_coef,Items_L2_winrate,Items_gold_adjusted_L2,Items_gold_adjusted_L2_coef,Items_gold_adjusted_L2_winrate
Warrior Tabi,-1.8327056962908046,0.48,Titan's Bane,59.62980893330302,0.6666666666666666,Titan's Bane,2.908771167478196,3.252032520325203
Ichaival,-0.08375969223460791,0.45544554455445546,Hastened Fatalis,54.622139000767575,0.627906976744186,Hastened Fatalis,2.5524364019050267,2.9341447511410563
Devourer's Gauntlet,-4.971594290825078,0.4823529411764706,Transcendence,36.021185936872904,0.7,Transcendence,1.3854302283412654,2.6923076923076925
The Executioner,-39.33348641070619,0.3888888888888889,Wind Demon,21.544431772006924,0.625,Wind Demon,0.8286319912310355,2.4038461538461537
Death's Toll,17.536458751959398,0.5094339622641509,Qin's Sais,7.164530681335562,0.5192307692307693,Frostbound Hammer,0.28365647729791055,1.8633540372670807
Qin's Sais,7.164530681335562,0.5192307692307693,Frostbound Hammer,6.524098977851943,0.42857142857142855,Qin's Sais,0.26535298819761344,1.9230769230769231
