Items_most_pop,Items_most_pop_L2,Items_most_pop_winrate,Items_L2,Items_L2_coef,Items_L2_winrate,Items_gold_adjusted_L2,Items_gold_adjusted_L2_coef,Items_gold_adjusted_L2_winrate
Warrior Tabi,-10.615273287674519,0.2275,Qin's Sais,30.24770033518851,0.3524590163934426,Hastened Fatalis,1.331841170245472,1.5678799803246435
Ichaival,-22.277497947500315,0.18272425249169436,Hastened Fatalis,28.5014010432531,0.3355263157894737,Qin's Sais,1.1202851975995745,1.305403764420158
Devourer's Gauntlet,-11.59454658897323,0.20647773279352227,Transcendence,22.577599941223532,0.3409090909090909,Titan's Bane,1.0027869047610132,2.0185029436501263
Death's Toll,-13.81777021424297,0.14054054054054055,Titan's Bane,20.55713154760077,0.41379310344827586,Transcendence,0.8683692285085974,1.3111888111888113
Hastened Fatalis,28.5014010432531,0.3355263157894737,Frostbound Hammer,15.10134751111142,0.4222222222222222,Frostbound Hammer,0.6565803265700618,1.8357487922705313
Qin's Sais,30.24770033518851,0.3524590163934426,The Executioner,6.113271735456939,0.3020833333333333,Asi,0.28768070374263915,1.5557476231633536
