Relics_most_pop,Relics_most_pop_L2,Relics_most_pop_winrate,Relics_most_pop_wr_paired,Relics_L2,Relics_L2_coef,Relics_L2_winrate,Relics_L2_wr_paired
Sanctuary,-39.57137171671377,0.38125,0.666666666667,Curse,16.188209574673433,0.5833333333333334,0.666666666667
Sprint,9.709411495874546,0.484375,,Sprint,9.709411495874546,0.484375,
