,recommendations,win_rate,win_rate_per_cost
Starter Item,Bluestone Pendant,,
Boots,Warrior Tabi,0.2,1.39494333043
Item2,Breastplate of Valor,0.2682926829268293,0.940070505288
Item3,Witchblade,0.21621621621621623,1.05471324984
Item4,Deathbringer,0.24489795918367346,0.675675675676
Item5,Rage,0.5,2.08333333333
Item6,Brawler's Beat Stick,0.461538461538,1.92307692308
Relic1,Curse,0.384615384615,
Relic2,Meditation,0.235294117647,
