,recommendations,win_rate,win_rate_per_cost
Starter Item,Bluestone Pendant,,
Boots,Warrior Tabi,0.5196078431372549,3.62903225806
Item2,Deathbringer,0.6136363636363636,1.7578125
Item3,Jotunn's Wrath,0.5972222222222222,2.30532786885
Item4,Bluestone Pendant,0.5476190476190477,7.03125
Item5,Brawler's Beat Stick,0.722222222222,3.00925925926
Item6,Hydra's Lament,0.7,2.90697674419
Relic1,Blink,0.833333333333,
Relic2,Relic,0.571428571429,
