,recommendations,win_rate,win_rate_per_cost
Starter Item,Bluestone Pendant,,
Boots,Ninja Tabi,0.52,4.44444444444
Item2,Deathbringer,0.532258064516129,1.09797297297
Item3,Jotunn's Wrath,0.4835164835164835,1.43996455472
Item4,Bulwark of Hope,0.5161290322580645,1.3914905004
Item5,Malice,0.645161290323,2.15053763441
Item6,Winged Blade,0.483516483516,2.81081081081
Relic1,Sunder,0.535714285714,
Relic2,Meditation,0.571428571429,
