Relics_most_pop,Relics_most_pop_L2,Relics_most_pop_winrate,Relics_most_pop_wr_paired,Relics_L2,Relics_L2_coef,Relics_L2_winrate,Relics_L2_wr_paired
Sanctuary,-23.24195086612683,0.35658914728682173,0.0,Sunder,4.511764921515697,0.41379310344827586,0.0
Meditation,-7.181727177440034,0.4084507042253521,,Purification,0.35189596444665994,0.42105263157894735,
