,recommendations,win_rate,win_rate_per_cost
Starter Item,Soul Stone,,
Boots,Shoes of the Magi,0.39416058394160586,2.05223880597
Item2,Rod of Tahuti,0.5783132530120482,0.989030749865
Item3,Obsidian Shard,0.43617021276595747,1.60174736076
Item4,Warlock's Sash,0.3933333333333333,1.23908758096
Item5,Polynomicon,0.48275862069,2.09895052474
Item6,Winged Blade,0.533333333333,2.88288288288
Relic1,Sunder,0.413793103448,
Relic2,Purification,0.421052631579,
