,recommendations,win_rate,win_rate_per_cost
Starter Item,Soul Stone,,
Boots,Shoes of the Magi,0.5434782608695652,3.64583333333
Item2,Rod of Tahuti,0.6935483870967742,1.75702811245
Item3,Warlock's Sash,0.6111111111111112,2.20125786164
Item4,Obsidian Shard,0.6557377049180327,2.84552845528
Item5,Polynomicon,0.636363636364,2.76679841897
Item6,Genji's Guard,0.681818181818,3.09917355372
Relic1,Meditation,0.708333333333,
Relic2,Curse,0.583333333333,
