Items_most_pop,Items_most_pop_L2,Items_most_pop_winrate,Items_L2,Items_L2_coef,Items_L2_winrate,Items_gold_adjusted_L2,Items_gold_adjusted_L2_coef,Items_gold_adjusted_L2_winrate
Breastplate of Valor,184.68477712745465,0.6831683168316832,Shoes of Focus,605.9717090095606,0.72,Shoes of Focus,40.39811393397071,4.8
Shoes of Focus,605.9717090095606,0.72,Shoes of the Magi,513.3330468441493,0.5238095238095238,Shoes of the Magi,32.08331542775933,3.2738095238095237
Obsidian Shard,298.12232085808535,0.7582417582417582,Warlock's Sash,330.34484953419314,0.7804878048780488,Obsidian Shard,14.542552236979772,3.6987402841061376
Warlock's Sash,330.34484953419314,0.7804878048780488,Obsidian Shard,298.12232085808535,0.7582417582417582,Warlock's Sash,12.465843378648797,2.945236999539807
Book of Thoth,199.9955104025045,0.6933333333333334,Celestial Legion Helm,258.2455981079971,0.7692307692307693,Celestial Legion Helm,11.228069482956396,3.3444816053511706
Rod of Tahuti,-59.36805471075807,0.6666666666666666,Book of Thoth,199.9955104025045,0.6933333333333334,Breastplate of Valor,8.029772918584985,2.9702970297029703
