,recommendations,win_rate,win_rate_per_cost
Starter Item,Soul Stone,,
Boots,Shoes of Focus,0.774193548387,5.16129032258
Item2,Obsidian Shard,0.8028169014084507,3.77655389457
Item3,Breastplate of Valor,0.7471264367816092,3.36605890603
Item4,Warlock's Sash,0.7222222222222222,2.92148508825
Item5,Book of Thoth,0.8,3.01886792453
Item6,Celestial Legion Helm,0.864864864865,3.76028202115
Relic1,Meditation,0.737704918033,
Relic2,Sprint,0.754716981132,
