Relics_most_pop,Relics_most_pop_L2,Relics_most_pop_winrate,Relics_most_pop_wr_paired,Relics_L2,Relics_L2_coef,Relics_L2_winrate,Relics_L2_wr_paired
Meditation,-8.358224204061273,0.3877551020408163,0.25,Curse,7.8906646556319,0.5531914893617021,0.25
Sanctuary,-3.023342464476347,0.4186046511627907,,Sunder,-0.8944442662943255,0.43636363636363634,
