,recommendations,win_rate,win_rate_per_cost
Starter Item,Soul Stone,,
Boots,Shoes of Focus,0.6026200873362445,4.44444444444
Item2,Book of Thoth,0.6941176470588235,2.51572327044
Item3,Chronos' Pendant,0.6666666666666666,2.77777777778
Item4,Obsidian Shard,0.6635514018691588,3.25203252033
Item5,Rod of Asclepius,0.652173913043,2.45178162798
Item6,Warlock's Sash,0.656050955414,2.32977850697
Relic1,Sunder,0.851063829787,
Relic2,Curse,0.741379310345,
