Items_most_pop,Items_most_pop_L2,Items_most_pop_winrate,Items_L2,Items_L2_coef,Items_L2_winrate,Items_gold_adjusted_L2,Items_gold_adjusted_L2_coef,Items_gold_adjusted_L2_winrate
Shoes of Focus,0.2517373914592804,0.7741935483870968,Shoes of Focus,0.2517373914592804,0.7741935483870968,Shoes of Focus,0.01678249276395203,5.161290322580645
Warlock's Sash,0.1968792673718755,0.7222222222222222,Obsidian Shard,0.2124184457784866,0.8028169014084507,Obsidian Shard,0.010361875403828614,3.916180006870491
Breastplate of Valor,0.21194760057810005,0.7471264367816092,Breastplate of Valor,0.21194760057810005,0.7471264367816092,Breastplate of Valor,0.009215113068613045,3.248375812093953
Obsidian Shard,0.2124184457784866,0.8028169014084507,Warlock's Sash,0.1968792673718755,0.7222222222222222,Warlock's Sash,0.00742940631591983,2.7253668763102725
Book of Thoth,0.1926890399330358,0.8,Book of Thoth,0.1926890399330358,0.8,Book of Thoth,0.007271284525774935,3.018867924528302
Rod of Tahuti,0.10831086716189531,0.7291666666666666,Celestial Legion Helm,0.1336955214649485,0.8648648648648649,Celestial Legion Helm,0.005812848759345588,3.7602820211515864
