Relics_most_pop,Relics_most_pop_L2,Relics_most_pop_winrate,Relics_most_pop_wr_paired,Relics_L2,Relics_L2_coef,Relics_L2_winrate,Relics_L2_wr_paired
Meditation,-21.893409592640513,0.2669039145907473,0.0,Relic,77.88369585705219,0.12244897959183673,0.0
Sprint,-2.3988678181960337,0.32272727272727275,,Wrath,75.46926548991358,0.4090909090909091,
