Items_most_pop,Items_most_pop_L2,Items_most_pop_winrate,Items_L2,Items_L2_coef,Items_L2_winrate,Items_gold_adjusted_L2,Items_gold_adjusted_L2_coef,Items_gold_adjusted_L2_winrate
Warrior Tabi,-8.530966827982946,0.43846153846153846,Soul Eater,26.27005975597013,0.5616438356164384,Soul Eater,1.3135029877985067,2.808219178082192
Wind Demon,-3.9976111143825843,0.43956043956043955,Titan's Bane,12.526289467084162,0.5121951219512195,Titan's Bane,0.6110385105894713,2.498512790005949
Titan's Bane,12.526289467084162,0.5121951219512195,Stone Cutting Sword,6.702596904981252,0.625,Frostbound Hammer,0.2597093931340699,2.391304347826087
Soul Eater,26.27005975597013,0.5616438356164384,Frostbound Hammer,5.973316042083608,0.55,Stone Cutting Sword,0.2577921886531251,2.4038461538461537
Deathbringer,4.511570467092987,0.4838709677419355,Deathbringer,4.511570467092987,0.4838709677419355,Winged Blade,0.18860537176999703,2.7027027027027026
Bulwark of Hope,3.3580872111023488,0.4888888888888889,Winged Blade,3.489199377744945,0.5,Deathbringer,0.14098657709665585,1.5120967741935485
