Relics_most_pop,Relics_most_pop_L2,Relics_most_pop_winrate,Relics_most_pop_wr_paired,Relics_L2,Relics_L2_coef,Relics_L2_winrate,Relics_L2_wr_paired
Sprint,12.204428696886529,0.6074766355140186,0.657142857143,Sanctuary,28.289267266492573,0.6216216216216216,0.657142857143
Sanctuary,28.289267266492573,0.6216216216216216,,Sprint,12.204428696886529,0.6074766355140186,
