Items_most_pop,Items_most_pop_L2,Items_most_pop_winrate,Items_L2,Items_L2_coef,Items_L2_winrate,Items_gold_adjusted_L2,Items_gold_adjusted_L2_coef,Items_gold_adjusted_L2_winrate
Warrior Tabi,-45.919253996612895,0.3959731543624161,Runic Shield,58.85339000321007,0.75,Runic Shield,2.7373669768934916,3.488372093023256
Wind Demon,-19.06475969287013,0.41379310344827586,Poisoned Star ,58.01332860099294,0.6363636363636364,Poisoned Star ,2.6369694818633156,2.8925619834710745
Titan's Bane,42.04969439173525,0.47058823529411764,Malice,50.37548628006542,0.6666666666666666,Soul Eater,2.2945453982492383,2.4698795180722892
Soul Eater,45.89090796498476,0.4939759036144578,Soul Eater,45.89090796498476,0.4939759036144578,Titan's Bane,2.05120460447489,2.2955523672883786
Deathbringer,9.918387969092096,0.45454545454545453,Titan's Bane,42.04969439173525,0.47058823529411764,Malice,1.6791828760021805,2.2222222222222223
Winged Blade,-2.5793713466647907,0.45098039215686275,Bloodforge,29.30504776728745,0.4666666666666667,Devourer's Gauntlet,1.210905322924935,2.25140712945591
