,recommendations,win_rate,win_rate_per_cost
Starter Item,Death's Toll,,
Boots,Warrior Tabi,0.2689075630252101,2.63929618768
Item2,Wind Demon,0.3411764705882353,1.57342657343
Item3,Deathbringer,0.4090909090909091,1.27840909091
Item4,Soul Eater,0.30158730158730157,2.04545454545
Item5,Frostbound Hammer,0.388888888889,1.69082125604
Item6,Rage,0.384615384615,1.60256410256
Relic1,Wrath,0.375,
Relic2,Sunder,0.333333333333,
