Relics_most_pop,Relics_most_pop_L2,Relics_most_pop_winrate,Relics_most_pop_wr_paired,Relics_L2,Relics_L2_coef,Relics_L2_winrate,Relics_L2_wr_paired
Sprint,-21.64004396876321,0.21875,0.666666666667,Sanctuary,39.564989525004975,0.5833333333333334,0.666666666667
Purification,-3.308280788250146,0.24242424242424243,,Purification,-3.308280788250146,0.24242424242424243,
