Items_most_pop,Items_most_pop_L2,Items_most_pop_winrate,Items_L2,Items_L2_coef,Items_L2_winrate,Items_gold_adjusted_L2,Items_gold_adjusted_L2_coef,Items_gold_adjusted_L2_winrate
Warrior Tabi,-112.51624010890644,0.28703703703703703,Deathbringer,344.5267415214032,0.5238095238095238,Devourer's Gauntlet,14.202603206905492,1.7738359201773837
Wind Demon,92.10166869073603,0.36764705882352944,Devourer's Gauntlet,291.1533657415626,0.36363636363636365,Deathbringer,10.76646067254385,1.6369047619047619
Titan's Bane,59.74660920466306,0.45454545454545453,Breastplate of Valor,232.09398802502523,0.46153846153846156,Breastplate of Valor,10.091042957609794,2.0066889632107023
Soul Eater,49.89964652334755,0.3584905660377358,Wind Demon,92.10166869073603,0.36764705882352944,Ichaival,4.78971474529599,2.100840336134454
Deathbringer,344.5267415214032,0.5238095238095238,Ichaival,81.42515067003183,0.35714285714285715,Wind Demon,3.5423718727206164,1.414027149321267
Witchblade,69.48285884605765,0.4,Witchblade,69.48285884605765,0.4,Witchblade,3.389407748588178,1.951219512195122
