,recommendations,win_rate,win_rate_per_cost
Starter Item,Death's Toll,,
Boots,Warrior Tabi,0.779569892473,5.02948317725
Item2,Transcendence,0.7769784172661871,2.99834574028
Item3,Ichaival,0.8205128205128205,4.58570524984
Item4,Hastened Fatalis,0.7790697674418605,3.64284996483
Item5,Devourer's Gauntlet,0.779069767442,4.08895265423
Item6,Soul Eater,0.777777777778,3.55421686747
Relic1,Meditation,0.842105263158,
Relic2,Sanctuary,0.744186046512,
