,recommendations,win_rate,win_rate_per_cost
Starter Item,Death's Toll,,
Boots,Warrior Tabi,0.672651933702,4.33968989485
Item2,Ichaival,0.711217183770883,3.9567760806
Item3,Transcendence,0.6849894291754757,2.58712282193
Item4,Hastened Fatalis,0.6666666666666666,3.14323333505
Item5,Soul Eater,0.666666666667,3.33333333333
Item6,Witchblade,0.682730923695,3.33039474973
Relic1,Sprint,0.721830985915,
Relic2,Sanctuary,0.631067961165,
