Relics_most_pop,Relics_most_pop_L2,Relics_most_pop_winrate,Relics_most_pop_wr_paired,Relics_L2,Relics_L2_coef,Relics_L2_winrate,Relics_L2_wr_paired
Meditation,-7.710992381348465,0.7232142857142857,0.857142857143,Sunder,31.198577078511686,0.8313253012048193,0.857142857143
Sanctuary,-17.666282341518585,0.6995305164319249,,Thorns,25.815460597622586,0.8103448275862069,
