Items_most_pop,Items_most_pop_L2,Items_most_pop_winrate,Items_L2,Items_L2_coef,Items_L2_winrate,Items_gold_adjusted_L2,Items_gold_adjusted_L2_coef,Items_gold_adjusted_L2_winrate
Warrior Tabi,32.75471318423774,0.7753164556962026,Warrior Tabi,32.75471318423774,0.7753164556962026,Warrior Tabi,2.1132073022088864,5.002041649652919
Transcendence,14.903378961261396,0.751269035532995,Ichaival,30.15083992635371,0.806282722513089,Ichaival,1.773578819197277,4.742839544194641
Ichaival,30.15083992635371,0.806282722513089,Transcendence,14.903378961261396,0.751269035532995,Devourer's Gauntlet,0.647064427794008,3.821138211382114
Hastened Fatalis,-2.110703224424467,0.7153284671532847,Devourer's Gauntlet,13.264820769777163,0.7833333333333333,Transcendence,0.5732068831254383,2.889496290511519
Devourer's Gauntlet,13.264820769777163,0.7833333333333333,Qin's Sais,11.42264000318056,0.7830188679245284,Titan's Bane,0.5089628303734836,3.948896631823461
Soul Eater,6.615689476525419,0.7592592592592593,Hide of the Nemean Lion,11.113522209718758,0.803921568627451,Hide of the Nemean Lion,0.5051601004417617,3.6541889483065955
