Items_most_pop,Items_most_pop_L2,Items_most_pop_winrate,Items_L2,Items_L2_coef,Items_L2_winrate,Items_gold_adjusted_L2,Items_gold_adjusted_L2_coef,Items_gold_adjusted_L2_winrate
Warrior Tabi,0.2674276159726573,0.8214285714285714,Warrior Tabi,0.2674276159726573,0.8214285714285714,Warrior Tabi,0.017253394578881115,5.299539170506913
Transcendence,0.15821905600770061,0.7666666666666667,Transcendence,0.15821905600770061,0.7666666666666667,Ichaival,0.007597842484286471,5.6722689075630255
Hastened Fatalis,0.1435416169645771,0.7959183673469388,Hastened Fatalis,0.1435416169645771,0.7959183673469388,Hastened Fatalis,0.006707552194606407,3.719244707228686
Qin's Sais,0.09880502869282862,0.75,Ichaival,0.12916332223287,0.9642857142857143,Transcendence,0.0060853483079884845,2.948717948717949
The Executioner,0.09897976678249411,0.7941176470588235,The Executioner,0.09897976678249411,0.7941176470588235,The Executioner,0.004399100745888627,3.5294117647058822
Devourer's Gauntlet,0.08413624593188324,0.7931034482758621,Qin's Sais,0.09880502869282862,0.75,Devourer's Gauntlet,0.00410420711862845,3.868797308662742
