Relics_most_pop,Relics_most_pop_L2,Relics_most_pop_winrate,Relics_most_pop_wr_paired,Relics_L2,Relics_L2_coef,Relics_L2_winrate,Relics_L2_wr_paired
Sanctuary,-28.158949725443772,0.6429752066115703,0.666666666667,Thorns,27.702764525356816,0.7313432835820896,0.666666666667
Purification,3.4438157079129303,0.6887755102040817,,Curse,16.40618099443063,0.6666666666666666,
