Items_most_pop,Items_most_pop_L2,Items_most_pop_winrate,Items_L2,Items_L2_coef,Items_L2_winrate,Items_gold_adjusted_L2,Items_gold_adjusted_L2_coef,Items_gold_adjusted_L2_winrate
Warrior Tabi,30.79016575158453,0.7521929824561403,Transcendence,46.66595442909158,0.7795527156549521,Warrior Tabi,1.9864623065538407,4.852857951329938
Transcendence,46.66595442909158,0.7795527156549521,Soul Eater,31.78538000010864,0.7967032967032966,Transcendence,1.7948444011189069,2.9982796755959695
Ichaival,9.989690284584958,0.7372549019607844,Warrior Tabi,30.79016575158453,0.7521929824561403,Soul Eater,1.589269000005432,3.9835164835164836
Hastened Fatalis,4.825424098922541,0.7272727272727273,Witchblade,27.788787935186782,0.7966101694915254,Witchblade,1.3555506309847212,3.885903265812319
Soul Eater,31.78538000010864,0.7967032967032966,The Executioner,17.150805900251253,0.7384615384615385,Ninja Tabi,1.1328477169451003,4.761904761904762
Qin's Sais,13.193622985036003,0.7469879518072289,Ninja Tabi,16.99271575417651,0.7142857142857143,The Executioner,0.7622580400111668,3.282051282051282
