,recommendations,win_rate,win_rate_per_cost
Starter Item,Death's Toll,,
Boots,Warrior Tabi,0.691441441441,4.46091252543
Item2,Ichaival,0.7728531855955678,4.10654827969
Item3,Transcendence,0.6981132075471698,2.68505079826
Item4,Soul Eater,0.6952380952380952,3.49056603774
Item5,Asi,0.709459459459,3.98572730033
Item6,Hastened Fatalis,0.6352040816326531,3.02363936229
Relic1,Thorns,0.731343283582,
Relic2,Curse,0.666666666667,
