,recommendations,win_rate,win_rate_per_cost
Starter Item,Death's Toll,,
Boots,Warrior Tabi,0.80253164557,5.1776235198
Item2,Ichaival,0.8407079646017699,4.71881060116
Item3,Transcendence,0.8021978021978022,3.0853761623
Item4,Qin's Sais,0.7906976744186046,2.9711029711
Item5,Titan's Bane,0.802816901408,3.91618000687
Item6,The Executioner,0.79,3.51111111111
Relic1,Relic,0.882352941176,
Relic2,Sprint,0.825757575758,
