,recommendations,win_rate,win_rate_per_cost
Starter Item,Bluestone Pendant,,
Boots,Warrior Tabi,0.456,3.22580645161
Item2,Transcendence,0.6101694915254238,1.92307692308
Item3,Genji's Guard,0.5,2.27272727273
Item4,Titan's Bane,0.45614035087719296,2.43902439024
Item5,The Executioner,0.615384615385,2.73504273504
Item6,Brawler's Beat Stick,0.538461538462,2.24358974359
Relic1,Wrath,0.681818181818,
Relic2,Sunder,0.575757575758,
