Relics_most_pop,Relics_most_pop_L2,Relics_most_pop_winrate,Relics_most_pop_wr_paired,Relics_L2,Relics_L2_coef,Relics_L2_winrate,Relics_L2_wr_paired
Meditation,-1.881434978198224,0.4274193548387097,0.583333333333,Sunder,18.47479457179431,0.5641025641025641,0.583333333333
Curse,-11.796825144395912,0.42016806722689076,,Sprint,0.775306250242855,0.4583333333333333,
