Items_most_pop,Items_most_pop_L2,Items_most_pop_winrate,Items_L2,Items_L2_coef,Items_L2_winrate,Items_gold_adjusted_L2,Items_gold_adjusted_L2_coef,Items_gold_adjusted_L2_winrate
Warrior Tabi,0.3049429108672348,0.746031746031746,Warrior Tabi,0.3049429108672348,0.746031746031746,Warrior Tabi,0.01967373618498289,4.813108038914491
Jotunn's Wrath,0.29553146762046545,0.7777777777777778,Jotunn's Wrath,0.29553146762046545,0.7777777777777778,Jotunn's Wrath,0.01211194539428137,3.1876138433515484
Breastplate of Valor,0.2758118372724177,0.7745098039215687,Breastplate of Valor,0.2758118372724177,0.7745098039215687,Titan's Bane,0.012013976990992483,3.8248337028824833
Titan's Bane,0.24628652831534592,0.7840909090909091,Titan's Bane,0.24628652831534592,0.7840909090909091,Breastplate of Valor,0.011991819011844247,3.367433930093777
Transcendence,0.19689472870675565,0.7631578947368421,Transcendence,0.19689472870675565,0.7631578947368421,Transcendence,0.007572874181029063,2.935222672064777
Mystical Mail,0.1130022726642989,0.7346938775510204,Mystical Mail,0.1130022726642989,0.7346938775510204,Mystical Mail,0.004185269357936996,2.7210884353741496
