,recommendations,win_rate,win_rate_per_cost
Starter Item,Bluestone Pendant,,
Boots,Warrior Tabi,0.3972602739726027,2.72952853598
Item2,Jotunn's Wrath,0.45054945054945056,1.73392181589
Item3,Pestilence,0.43617021276595747,1.96779964222
Item4,Titan's Bane,0.4230769230769231,2.06378986867
Item5,Transcendence,0.417721518987,1.60662122687
Item6,Ancile,0.428571428571,2.14285714286
Relic1,Sanctuary,0.5,
Relic2,Sprint,0.458333333333,
