,recommendations,win_rate,win_rate_per_cost
Starter Item,Bluestone Pendant,,
Boots,Warrior Tabi,0.44308943089430897,3.22580645161
Item2,Jotunn's Wrath,0.5,2.04918032787
Item3,Ichaival,0.436046511627907,2.94117647059
Item4,Breastplate of Valor,0.48905109489051096,2.17391304348
Item5,Stone Cutting Sword,0.636363636364,2.44755244755
Item6,Titan's Bane,0.612244897959,2.98656047785
Relic1,Thorns,0.538461538462,
Relic2,Sprint,0.507246376812,
