Items_most_pop,Items_most_pop_L2,Items_most_pop_winrate,Items_L2,Items_L2_coef,Items_L2_winrate,Items_gold_adjusted_L2,Items_gold_adjusted_L2_coef,Items_gold_adjusted_L2_winrate
Warrior Tabi,14.805305356500863,0.34523809523809523,Stone Cutting Sword,77.71990219925515,0.6,Stone Cutting Sword,2.989227007663659,2.3076923076923075
Qin's Sais,1.2885738164021752,0.35106382978723405,Soul Eater,40.30593159107739,0.45161290322580644,Soul Eater,2.0152965795538695,2.2580645161290325
Jotunn's Wrath,10.406711126518802,0.35443037974683544,Transcendence,37.73806504422811,0.4,Titan's Bane,1.7207918714555397,2.341463414634146
Winged Blade,-10.165022011486425,0.3787878787878788,Titan's Bane,35.27623336483856,0.48,Transcendence,1.4514640401626195,1.5384615384615385
Bulwark of Hope,-66.92276514537696,0.25806451612903225,Genji's Guard,22.938048566077526,0.42592592592592593,Genji's Guard,1.042638571185342,1.936026936026936
Ichaival,15.044974597237616,0.35714285714285715,Deathbringer,19.15834564369848,0.4166666666666667,Warrior Tabi,0.9551809907419913,2.227342549923195
