,recommendations,win_rate,win_rate_per_cost
Starter Item,Bluestone Pendant,,
Boots,Warrior Tabi,0.36716417910447763,2.96247531271
Item2,Qin's Sais,0.5853658536585366,1.70068027211
Item3,Witchblade,0.42748091603053434,2.23992035839
Item4,Ichaival,0.33613445378151263,2.70108043217
Item5,Stone Cutting Sword,0.585365853659,2.52747252747
Item6,Winged Blade,0.65625,3.5472972973
Relic1,Curse,0.493975903614,
Relic2,Meditation,0.355263157895,
