Relics_most_pop,Relics_most_pop_L2,Relics_most_pop_winrate,Relics_most_pop_wr_paired,Relics_L2,Relics_L2_coef,Relics_L2_winrate,Relics_L2_wr_paired
Sanctuary,-0.3104373715336365,0.13793103448275862,0.0,Purification,-0.0246583509690629,0.14285714285714285,0.0
Meditation,-0.2258686276894353,0.20512820512820512,,Thorns,-0.05437214792451198,0.07692307692307693,
