Items_most_pop,Items_most_pop_L2,Items_most_pop_winrate,Items_L2,Items_L2_coef,Items_L2_winrate,Items_gold_adjusted_L2,Items_gold_adjusted_L2_coef,Items_gold_adjusted_L2_winrate
Warrior Tabi,-4.199607062156567,0.45433255269320844,Ichaival,8.023430439653433,0.5961538461538461,Ichaival,0.4719664964502019,3.506787330316742
Transcendence,-4.554567351887902,0.4510739856801909,Soul Eater,5.7723935526978725,0.517948717948718,Soul Eater,0.2886196776348936,2.58974358974359
Soul Eater,5.7723935526978725,0.517948717948718,Ninja Tabi,2.540877870127513,0.5789473684210527,Ninja Tabi,0.16939185800850087,3.8596491228070176
Titan's Bane,0.7733089128688226,0.4794520547945205,Devourer's Gauntlet,1.580993632316392,0.5178571428571429,Devourer's Gauntlet,0.07712164060079961,2.5261324041811846
Jotunn's Wrath,0.6689880182380546,0.475,Hide of the Nemean Lion,1.410101211213143,0.5,Hide of the Nemean Lion,0.06409550960059741,2.272727272727273
Asi,-1.1635699198981295,0.44954128440366975,The Executioner,1.3647839883359218,0.5066666666666667,The Executioner,0.060657066148263196,2.251851851851852
