,recommendations,win_rate,win_rate_per_cost
Starter Item,Bluestone Pendant,,
Boots,Warrior Tabi,0.636363636364,3.8911816727
Item2,Jotunn's Wrath,0.7391304347826086,3.02922309337
Item3,Soul Eater,0.6666666666666666,3.69565217391
Item4,Titan's Bane,0.6764705882352942,3.60551431601
Item5,Asi,0.613079019074,3.57507660878
Item6,Transcendence,0.686746987952,2.35799622721
Relic1,Curse,0.659090909091,
Relic2,Thorns,0.627118644068,
