,recommendations,win_rate,win_rate_per_cost
Starter Item,Death's Toll,,
Boots,Warrior Tabi,0.3229166666666667,1.70777988615
Item2,Qin's Sais,0.4888888888888889,0.980392156863
Item3,Ichaival,0.3548387096774194,1.55709342561
Item4,Devourer's Gauntlet,0.32653061224489793,1.2912482066
Item5,Hide of the Nemean Lion,0.444444444444,2.0202020202
Item6,Titan's Bane,0.423076923077,2.06378986867
Relic1,Meditation,0.461538461538,
Relic2,Wrath,0.5,
