Items_most_pop,Items_most_pop_L2,Items_most_pop_winrate,Items_L2,Items_L2_coef,Items_L2_winrate,Items_gold_adjusted_L2,Items_gold_adjusted_L2_coef,Items_gold_adjusted_L2_winrate
Warrior Tabi,-8.953650838499984,0.31007751937984496,Soul Eater,104.32125829280976,0.4230769230769231,Soul Eater,5.216062914640488,2.1153846153846154
Devourer's Gauntlet,30.258008757705447,0.3972602739726027,The Executioner,89.82759935673192,0.41935483870967744,Witchblade,4.017938879592463,2.1822849807445444
Ichaival,34.70573712752481,0.3188405797101449,Witchblade,82.36774703164548,0.4473684210526316,The Executioner,3.9923377491880854,1.863799283154122
Qin's Sais,-9.90059419072084,0.3088235294117647,Hastened Fatalis,69.20783184007198,0.38461538461538464,Hastened Fatalis,3.2340108336482234,1.7972681524083394
Hastened Fatalis,69.20783184007198,0.38461538461538464,Frostbound Hammer,51.25799317215267,0.4146341463414634,Frostbound Hammer,2.228608398789247,1.8027571580063626
The Executioner,89.82759935673192,0.41935483870967744,Ichaival,34.70573712752481,0.3188405797101449,Ichaival,2.04151394867793,1.8755328218243819
