Items_most_pop,Items_most_pop_L2,Items_most_pop_winrate,Items_L2,Items_L2_coef,Items_L2_winrate,Items_gold_adjusted_L2,Items_gold_adjusted_L2_coef,Items_gold_adjusted_L2_winrate
Warrior Tabi,-28.273580835785207,0.24745762711864408,Wind Demon,54.97981341311132,0.6296296296296297,Wind Demon,2.1146082081965893,2.421652421652422
Ichaival,30.666645291209853,0.2833333333333333,Qin's Sais,36.093241272543764,0.4174757281553398,Ichaival,1.8039203112476383,1.6666666666666667
Devourer's Gauntlet,28.165829214128845,0.3181818181818182,Ichaival,30.666645291209853,0.2833333333333333,Titan's Bane,1.4397320912139844,2.2764227642276422
Death's Toll,-24.733688912282624,0.17266187050359713,Titan's Bane,29.514507869886682,0.4666666666666667,Devourer's Gauntlet,1.3739428884940899,1.5521064301552105
Qin's Sais,36.093241272543764,0.4174757281553398,Devourer's Gauntlet,28.165829214128845,0.3181818181818182,Qin's Sais,1.3367867137979172,1.5462064005753327
Hastened Fatalis,26.912469179447086,0.3673469387755102,Hastened Fatalis,26.912469179447086,0.3673469387755102,Hastened Fatalis,1.2575920177311721,1.7165744802593934
