Items_most_pop,Items_most_pop_L2,Items_most_pop_winrate,Items_L2,Items_L2_coef,Items_L2_winrate,Items_gold_adjusted_L2,Items_gold_adjusted_L2_coef,Items_gold_adjusted_L2_winrate
Warrior Tabi,-0.14806385635423908,0.3828125,Titan's Bane,0.020565113220508576,0.5476190476190477,Titan's Bane,0.0010031762546589549,2.671312427409988
Qin's Sais,-0.06391091055719812,0.410958904109589,Wind Demon,-0.004799331616109371,0.4666666666666667,Wind Demon,-0.00018458967754266816,1.794871794871795
Devourer's Gauntlet,-0.028959745331341654,0.4583333333333333,Bloodforge,-0.009888374497866238,0.375,Bloodforge,-0.00034696050869706104,1.3157894736842106
The Executioner,-0.02417568102085326,0.45614035087719296,Ichaival,-0.014408706868640164,0.4634146341463415,Deathbringer,-0.00046051063141190206,1.3157894736842106
Pestilence,-0.059283213863715246,0.375,Deathbringer,-0.014736340205180866,0.42105263157894735,Bulwark of Hope,-0.0007875383972223823,0.9900990099009901
Hastened Fatalis,-0.06432854763039315,0.35555555555555557,Bulwark of Hope,-0.019885344529865154,0.25,Ichaival,-0.0008475709922729508,2.72596843615495
