,recommendations,win_rate,win_rate_per_cost
Starter Item,Death's Toll,,
Boots,Warrior Tabi,0.3977272727272727,2.82258064516
Item2,Qin's Sais,0.4567901234567901,1.62037037037
Item3,Hastened Fatalis,0.4375,2.04439252336
Item4,Ichaival,0.415929203539823,2.57352941176
Item5,Asi,0.510638297872,2.71212708253
Item6,Devourer's Gauntlet,0.48275862069,2.49091852621
Relic1,Curse,0.51724137931,
Relic2,Sanctuary,0.447058823529,
