,recommendations,win_rate,win_rate_per_cost
Starter Item,Death's Toll,,
Boots,Warrior Tabi,0.4672897196261682,3.22580645161
Item2,Qin's Sais,0.5918367346938775,1.85185185185
Item3,Ichaival,0.4935064935064935,2.94117647059
Item4,Devourer's Gauntlet,0.5,2.43902439024
Item5,Hide of the Nemean Lion,0.677419354839,3.07917888563
Item6,Witchblade,0.75,3.02775441548
Relic1,Sunder,0.540540540541,
Relic2,Wrath,0.666666666667,
