,recommendations,win_rate,win_rate_per_cost
Starter Item,Death's Toll,,
Boots,Warrior Tabi,0.489361702128,3.15717227179
Item2,The Executioner,0.5531914893617021,2.17494089835
Item3,Ichaival,0.5135135135135135,2.87859824781
Item4,Qin's Sais,0.5483870967741935,1.81245074862
Item5,Soul Eater,0.553191489362,2.66666666667
Item6,Hastened Fatalis,0.513513513514,2.58239055583
Relic1,Frenzy,1.0,
Relic2,Curse,0.655172413793,
