Relics_most_pop,Relics_most_pop_L2,Relics_most_pop_winrate,Relics_most_pop_wr_paired,Relics_L2,Relics_L2_coef,Relics_L2_winrate,Relics_L2_wr_paired
Sanctuary,-29.424359276055835,0.41846153846153844,1.0,Thorns,42.05040129113593,0.5930232558139535,1.0
Purification,-23.276428031315426,0.4298245614035088,,Relic,5.096415282030224,0.5087719298245614,
