Items_most_pop,Items_most_pop_L2,Items_most_pop_winrate,Items_L2,Items_L2_coef,Items_L2_winrate,Items_gold_adjusted_L2,Items_gold_adjusted_L2_coef,Items_gold_adjusted_L2_winrate
Warrior Tabi,-0.32940862567063967,0.36507936507936506,Wind Demon,-0.004280226647929851,0.47619047619047616,Wind Demon,-0.0001646241018434558,1.8315018315018314
Transcendence,-0.19228744635771125,0.391304347826087,Deathbringer,-0.03353402766945155,0.41025641025641024,Deathbringer,-0.001047938364670361,1.2820512820512822
Hastened Fatalis,-0.16436053438219297,0.373134328358209,Asi,-0.041974719047159284,0.44155844155844154,Brawler's Beat Stick,-0.002011085945795179,1.6098484848484849
Qin's Sais,-0.1844249747606213,0.3515625,Brawler's Beat Stick,-0.04826606269908429,0.38636363636363635,Rage,-0.0022582869962759623,0.9920634920634921
The Executioner,-0.12548970780291402,0.38181818181818183,Titan's Bane,-0.0523126724639987,0.417910447761194,Asi,-0.0023581302835482747,2.4806654020137167
Soul Eater,-0.09058840610251673,0.4095238095238095,Rage,-0.05419888791062309,0.23809523809523808,Titan's Bane,-0.002551837681170668,2.038587550054605
