,recommendations,win_rate,win_rate_per_cost
Starter Item,Death's Toll,,
Boots,Warrior Tabi,0.30526315789473685,1.62856248043
Item2,Qin's Sais,0.40625,0.934915498022
Item3,Ichaival,0.35365853658536583,1.48486579098
Item4,Soul Eater,0.3739130434782609,1.26213592233
Item5,Hide of the Nemean Lion,0.353658536585,1.91919191919
Item6,Bloodforge,0.422222222222,1.67810831426
Relic1,Sunder,0.38,
Relic2,Thorns,0.361111111111,
