Items_most_pop,Items_most_pop_L2,Items_most_pop_winrate,Items_L2,Items_L2_coef,Items_L2_winrate,Items_gold_adjusted_L2,Items_gold_adjusted_L2_coef,Items_gold_adjusted_L2_winrate
Warrior Tabi,-19.33251466941951,0.3825503355704698,Devourer's Gauntlet,94.70560524163419,0.46153846153846156,Devourer's Gauntlet,4.619785621543132,2.25140712945591
Transcendence,27.081133864473163,0.35106382978723405,Deathbringer,85.34601691575013,0.5882352941176471,Ichaival,3.0758491787463673,2.696078431372549
Ichaival,52.289436038688244,0.4583333333333333,Titan's Bane,57.914947481533844,0.5072463768115942,Soul Eater,2.834223330841847,2.230769230769231
Titan's Bane,57.914947481533844,0.5072463768115942,Soul Eater,56.684466616836936,0.4461538461538462,Titan's Bane,2.825119389343114,2.4743725698126546
Soul Eater,56.684466616836936,0.4461538461538462,Ichaival,52.289436038688244,0.4583333333333333,Deathbringer,2.667063028617191,1.838235294117647
Breastplate of Valor,-4.434737351309139,0.3898305084745763,Asi,42.6624595112568,0.4,Asi,2.396767388272854,2.247191011235955
