,recommendations,win_rate,win_rate_per_cost
Starter Item,Death's Toll,,
Boots,Warrior Tabi,0.5,3.70624571036
Item2,Frostbound Hammer,0.5779816513761468,2.49768732655
Item3,Ichaival,0.5573770491803278,3.37922403004
Item4,Qin's Sais,0.574468085106383,2.12765957447
Item5,Titan's Bane,0.678571428571,3.31010452962
Item6,Asi,0.55737704918,3.57507660878
Relic1,Wrath,0.618181818182,
Relic2,Relic,0.472222222222,
