Items_most_pop,Items_most_pop_L2,Items_most_pop_winrate,Items_L2,Items_L2_coef,Items_L2_winrate,Items_gold_adjusted_L2,Items_gold_adjusted_L2_coef,Items_gold_adjusted_L2_winrate
Warrior Tabi,-32.29824206685918,0.44803695150115475,Soul Eater,62.09281844204193,0.6622516556291391,Soul Eater,3.1046409221020967,3.3112582781456954
Frostbound Hammer,42.54073099589347,0.5474006116207951,Frostbound Hammer,42.54073099589347,0.5474006116207951,Ichaival,2.4224865757915692,2.8909857458341697
Ichaival,41.182271788456674,0.49146757679180886,Ichaival,41.182271788456674,0.49146757679180886,Titan's Bane,1.8799160796175753,2.834541858932103
Witchblade,-16.116981754735196,0.5017182130584192,The Executioner,39.25139033286653,0.5882352941176471,Frostbound Hammer,1.849596999821455,2.3800026592208483
Hide of the Nemean Lion,-34.03575981045445,0.4581673306772908,Titan's Bane,38.5382796321603,0.581081081081081,The Executioner,1.74450623701629,2.6143790849673203
Qin's Sais,30.570390668337282,0.5577889447236181,Qin's Sais,30.570390668337282,0.5577889447236181,Qin's Sais,1.1322366914198994,2.0658849804578447
