Items_most_pop,Items_most_pop_L2,Items_most_pop_winrate,Items_L2,Items_L2_coef,Items_L2_winrate,Items_gold_adjusted_L2,Items_gold_adjusted_L2_coef,Items_gold_adjusted_L2_winrate
Warrior Tabi,-37.51458716049379,0.5922330097087378,Hastened Fatalis,196.3215125161542,0.8148148148148148,Hastened Fatalis,9.173902454025896,3.80754586362063
Ichaival,127.13438261805723,0.6388888888888888,Ichaival,127.13438261805723,0.6388888888888888,Ichaival,7.478493095179837,3.758169934640523
Frostbound Hammer,68.3464660439448,0.602803738317757,Brawler's Beat Stick,111.73398725489247,0.6666666666666666,Soul Eater,5.089179096622657,3.277310924369748
Witchblade,-45.068232579451596,0.5168539325842697,Stone Cutting Sword,107.56104803916897,0.6388888888888888,Brawler's Beat Stick,4.655582802287186,2.7777777777777777
Qin's Sais,87.15379168702835,0.6257668711656442,Soul Eater,101.78358193245313,0.6554621848739496,Stone Cutting Sword,4.1369633861218835,2.4572649572649574
Hide of the Nemean Lion,-17.456128377752904,0.5629139072847682,Qin's Sais,87.15379168702835,0.6257668711656442,Qin's Sais,3.22791821063068,2.3176550783912746
