,recommendations,win_rate,win_rate_per_cost
Starter Item,Death's Toll,,
Boots,Ninja Tabi,0.526315789474,3.50877192982
Item2,Ichaival,0.7209302325581395,3.74331550802
Item3,Deathbringer,0.6363636363636364,1.98863636364
Item4,Hastened Fatalis,0.5714285714285714,2.97366185217
Item5,Devourer's Gauntlet,0.65625,3.2012195122
Item6,Soul Eater,0.571428571429,2.93103448276
Relic1,Wrath,1.0,
Relic2,Sunder,0.692307692308,
