,recommendations,win_rate,win_rate_per_cost
Starter Item,Death's Toll,,
Boots,Warrior Tabi,0.43902439024390244,2.94930875576
Item2,Qin's Sais,0.5,1.69312169312
Item3,The Executioner,0.45714285714285713,2.03174603175
Item4,Devourer's Gauntlet,0.40476190476190477,2.22996515679
Item5,Ichaival,0.642857142857,2.85204991087
Item6,Deathbringer,0.5,2.00892857143
Relic1,Frenzy,0.857142857143,
Relic2,Curse,0.461538461538,
