,recommendations,win_rate,win_rate_per_cost
Starter Item,Soul Stone,,
Boots,Shoes of the Magi,0.33695652173913043,1.60714285714
Item2,Breastplate of Valor,0.34285714285714286,1.11801242236
Item3,Obsidian Shard,0.3111111111111111,1.2543554007
Item4,Demonic Grip,0.2571428571428571,1.12781954887
Item5,Bancroft's Talon,0.5,2.08333333333
Item6,Pythagorem's Piece,0.428571428571,1.78571428571
Relic1,Thorns,0.461538461538,
Relic2,Wrath,0.444444444444,
