,recommendations,win_rate,win_rate_per_cost
Starter Item,Soul Stone,,
Boots,Shoes of Focus,0.368421052632,2.53968253968
Item2,Polynomicon,0.2753623188405797,1.19722747322
Item3,Obsidian Shard,0.2857142857142857,1.34323082361
Item4,Breastplate of Valor,0.26666666666666666,1.19722747322
Item5,Witchblade,0.5,2.43902439024
Item6,Gem of Isolation,0.571428571429,2.1164021164
Relic1,Thorns,0.555555555556,
Relic2,Sunder,0.357142857143,
