Items_most_pop,Items_most_pop_L2,Items_most_pop_winrate,Items_L2,Items_L2_coef,Items_L2_winrate,Items_gold_adjusted_L2,Items_gold_adjusted_L2_coef,Items_gold_adjusted_L2_winrate
Warrior Tabi,8.597497625123236,0.7007299270072993,Ichaival,50.66215605864507,0.7714285714285715,Ichaival,2.980126826979122,4.53781512605042
Transcendence,12.265829027161992,0.6981132075471698,Qin's Sais,32.826982626310006,0.7432432432432432,Titan's Bane,1.2657435496814513,3.7227214377406934
Qin's Sais,32.826982626310006,0.7432432432432432,Titan's Bane,25.94774276846975,0.7631578947368421,Qin's Sais,1.2158141713448152,2.7527527527527527
Ichaival,50.66215605864507,0.7714285714285715,Hastened Fatalis,23.059017941346564,0.7428571428571429,Hastened Fatalis,1.0775242028666618,3.4712950600801067
Hide of the Nemean Lion,-7.282248026290255,0.6851851851851852,Frostbound Hammer,20.90681006211045,0.7391304347826086,Frostbound Hammer,0.908991741830889,3.213610586011342
Soul Eater,16.85201635635673,0.7551020408163265,The Executioner,19.445247183218033,0.7567567567567568,The Executioner,0.8642332081430237,3.3633633633633635
