,recommendations,win_rate,win_rate_per_cost
Starter Item,Death's Toll,,
Boots,Warrior Tabi,0.734439834025,4.57524739751
Item2,Transcendence,0.7344398340248963,2.72755133313
Item3,Ichaival,0.734375,4.17154909773
Item4,Qin's Sais,0.7217391304347827,2.62653091338
Item5,Soul Eater,0.775,3.54368932039
Item6,Asi,0.717171717172,3.72829417773
Relic1,Sanctuary,0.744075829384,
Relic2,Meditation,0.72,
