,recommendations,win_rate,win_rate_per_cost
Starter Item,Death's Toll,,
Boots,Warrior Tabi,0.666666666667,3.56208743306
Item2,Qin's Sais,0.616,1.87134502924
Item3,Ichaival,0.5714285714285714,2.97213622291
Item4,Titan's Bane,0.6041666666666666,2.46469833119
Item5,Witchblade,0.62962962963,3.07136404697
Item6,Soul Eater,0.586956521739,2.9347826087
Relic1,Wrath,0.782608695652,
Relic2,Curse,0.611940298507,
