Items_most_pop,Items_most_pop_L2,Items_most_pop_winrate,Items_L2,Items_L2_coef,Items_L2_winrate,Items_gold_adjusted_L2,Items_gold_adjusted_L2_coef,Items_gold_adjusted_L2_winrate
Warrior Tabi,-12.444669633023647,0.4222222222222222,Devourer's Gauntlet,21.104798871832532,0.5777777777777777,Devourer's Gauntlet,1.0295023839918307,2.8184281842818426
Ichaival,-0.07517610298257017,0.4626865671641791,Qin's Sais,18.465985074878034,0.5434782608695652,Asi,0.7035865670828245,3.3707865168539324
Qin's Sais,18.465985074878034,0.5434782608695652,Hide of the Nemean Lion,12.569917260075627,0.5652173913043478,Qin's Sais,0.6839253731436309,2.0128824476650564
Devourer's Gauntlet,21.104798871832532,0.5777777777777777,Asi,12.523840894074276,0.6,Hide of the Nemean Lion,0.5713598754579831,2.569169960474308
The Executioner,9.16714657777053,0.5277777777777778,Titan's Bane,10.598015965947484,0.6153846153846154,Ninja Tabi,0.5383666319483157,3.6666666666666665
Wind Demon,1.023251227655283,0.48148148148148145,The Executioner,9.16714657777053,0.5277777777777778,Titan's Bane,0.5169763885828041,3.0018761726078798
