,recommendations,win_rate,win_rate_per_cost
Starter Item,Death's Toll,,
Boots,Warrior Tabi,0.573248407643,3.69122131279
Item2,Qin's Sais,0.7123287671232876,2.63825469305
Item3,Wind Demon,0.7101449275362319,2.7397260274
Item4,The Executioner,0.620253164556962,3.16590563166
Item5,Ichaival,0.69387755102,3.37204945673
Item6,Titan's Bane,0.620253164557,3.38476854156
Relic1,Sprint,0.694444444444,
Relic2,Sanctuary,0.585714285714,
