Items_most_pop,Items_most_pop_L2,Items_most_pop_winrate,Items_L2,Items_L2_coef,Items_L2_winrate,Items_gold_adjusted_L2,Items_gold_adjusted_L2_coef,Items_gold_adjusted_L2_winrate
Warrior Tabi,-17.488581316398992,0.40700808625336926,Stone Cutting Sword,42.208920084503575,0.6212121212121212,Stone Cutting Sword,1.6234200032501376,2.3892773892773893
Ichaival,-7.123409642053362,0.4088235294117647,Qin's Sais,33.32360879547723,0.5122950819672131,Witchblade,1.3179741983283362,2.462034054302807
Qin's Sais,33.32360879547723,0.5122950819672131,Witchblade,27.018471065730893,0.5047169811320755,Qin's Sais,1.2342077331658232,1.8973891924711597
Witchblade,27.018471065730893,0.5047169811320755,Soul Eater,8.49946734400229,0.48936170212765956,Soul Eater,0.4249733672001145,2.4468085106382977
Hide of the Nemean Lion,-8.10301999525505,0.43601895734597157,Breastplate of Valor,7.955748645392173,0.44696969696969696,Asi,0.4126177471356599,2.696629213483146
Death's Toll,16.61789624563186,0.3855421686746988,Asi,7.344595899014745,0.48,Breastplate of Valor,0.345902115017051,1.9433465085639
