Items_most_pop,Items_most_pop_L2,Items_most_pop_winrate,Items_L2,Items_L2_coef,Items_L2_winrate,Items_gold_adjusted_L2,Items_gold_adjusted_L2_coef,Items_gold_adjusted_L2_winrate
Warrior Tabi,23.627298780378204,0.6176470588235294,Stone Cutting Sword,66.81052900313826,0.7894736842105263,Jotunn's Wrath,2.7373553319932658,3.4153005464480874
Qin's Sais,56.455518271679864,0.6288659793814433,Jotunn's Wrath,66.79147010063569,0.8333333333333334,Stone Cutting Sword,2.569635730889933,3.0364372469635628
Bulwark of Hope,-22.15769184251799,0.5853658536585366,Qin's Sais,56.455518271679864,0.6288659793814433,Ichaival,2.491418687295922,4.179566563467493
The Executioner,-36.22488001661382,0.5333333333333333,Soul Eater,43.22658016174661,0.6764705882352942,Soul Eater,2.1613290080873306,3.3823529411764706
Genji's Guard,-67.34574410534306,0.4807692307692308,Ichaival,42.354117684030676,0.7105263157894737,Qin's Sais,2.090945121173328,2.3291332569683085
Frostbound Hammer,-4.8749364234520955,0.5777777777777777,Titan's Bane,29.550603801500774,0.6896551724137931,Winged Blade,1.5817760914356587,4.054054054054054
