Items_most_pop,Items_most_pop_L2,Items_most_pop_winrate,Items_L2,Items_L2_coef,Items_L2_winrate,Items_gold_adjusted_L2,Items_gold_adjusted_L2_coef,Items_gold_adjusted_L2_winrate
Ichaival,190.47079993680492,0.7654320987654321,Ichaival,190.47079993680492,0.7654320987654321,Ichaival,11.204164702164995,4.502541757443718
Warrior Tabi,5.505553099201385,0.7037037037037037,Asi,91.35177423202407,0.8333333333333334,Asi,5.132122147866521,4.681647940074907
Qin's Sais,71.0720669111223,0.7230769230769231,Qin's Sais,71.0720669111223,0.7230769230769231,Winged Blade,3.594512617774144,4.504504504504505
Witchblade,-40.405068464251116,0.6458333333333334,Winged Blade,66.49848342882166,0.8333333333333334,Titan's Bane,2.763462653450657,3.75234521575985
Hide of the Nemean Lion,16.167745473216236,0.6808510638297872,Titan's Bane,56.650984395738455,0.7692307692307693,Qin's Sais,2.6322987744860114,2.678062678062678
Frostbound Hammer,-2.2157057691475046,0.6521739130434783,Stone Cutting Sword,23.112253291639085,0.7692307692307693,Stone Cutting Sword,0.8889328189091956,2.9585798816568047
