Items_most_pop,Items_most_pop_L2,Items_most_pop_winrate,Items_L2,Items_L2_coef,Items_L2_winrate,Items_gold_adjusted_L2,Items_gold_adjusted_L2_coef,Items_gold_adjusted_L2_winrate
Warrior Tabi,-20.124603986882004,0.4310850439882698,Qin's Sais,42.5775507660983,0.5601659751037344,Qin's Sais,1.5769463246703075,2.074688796680498
Ichaival,20.63019732986326,0.4523809523809524,Stone Cutting Sword,27.472288876297412,0.6363636363636364,Ichaival,1.2135410194037213,2.661064425770308
Witchblade,-2.6724799303793194,0.49070631970260226,Ichaival,20.63019732986326,0.4523809523809524,Stone Cutting Sword,1.0566264952422082,2.4475524475524475
Qin's Sais,42.5775507660983,0.5601659751037344,The Executioner,17.646908881558033,0.5476190476190477,The Executioner,0.7843070614025793,2.433862433862434
Hide of the Nemean Lion,-4.790433969533685,0.4786729857819905,Soul Eater,11.987904011656617,0.5348837209302325,Soul Eater,0.5993952005828308,2.6744186046511627
Death's Toll,5.807118753000925,0.3687150837988827,Titan's Bane,6.561886455748504,0.5483870967741935,Titan's Bane,0.32009202223163435,2.675059008654603
