Items_most_pop,Items_most_pop_L2,Items_most_pop_winrate,Items_L2,Items_L2_coef,Items_L2_winrate,Items_gold_adjusted_L2,Items_gold_adjusted_L2_coef,Items_gold_adjusted_L2_winrate
Warrior Tabi,-16.05853620317945,0.5935960591133005,Stone Cutting Sword,82.04442879685982,0.8061224489795918,Stone Cutting Sword,3.155554953725378,3.100470957613815
Ichaival,46.641432691768145,0.6428571428571429,Ichaival,46.641432691768145,0.6428571428571429,Ichaival,2.743613687751067,3.7815126050420167
Qin's Sais,43.517345458186945,0.6495176848874598,Qin's Sais,43.517345458186945,0.6495176848874598,Titan's Bane,1.9412490986901525,3.594351732991014
Witchblade,0.7503128413313284,0.6287128712871287,The Executioner,43.22881149325532,0.6830601092896175,Ninja Tabi,1.9255838645180507,4.444444444444445
The Executioner,43.22881149325532,0.6830601092896175,Titan's Bane,39.79560652314812,0.7368421052631579,The Executioner,1.9212805108113473,3.0358227079538556
Breastplate of Valor,-40.363445977571466,0.5333333333333333,Ninja Tabi,28.883757967770762,0.6666666666666666,Qin's Sais,1.6117535354884054,2.40562105513874
