,recommendations,win_rate,win_rate_per_cost
Starter Item,Death's Toll,,
Boots,Warrior Tabi,0.3958333333333333,2.71646859083
Item2,Transcendence,0.5306122448979592,1.61943319838
Item3,Titan's Bane,0.52,2.05391527599
Item4,Hastened Fatalis,0.42105263157894735,1.96753566158
Item5,Soul Eater,0.625,3.125
Item6,The Executioner,0.5,2.22222222222
Relic1,Sprint,0.530612244898,
Relic2,Sunder,0.545454545455,
