,recommendations,win_rate,win_rate_per_cost
Starter Item,Death's Toll,,
Boots,Warrior Tabi,0.5633802816901409,3.92156862745
Item2,Ichaival,0.625,3.57554786621
Item3,Transcendence,0.5428571428571428,2.33785822021
Item4,Qin's Sais,0.5671641791044776,2.25127087872
Item5,Titan's Bane,0.69387755102,3.38476854156
Item6,Poisoned Star ,0.7,3.18181818182
Relic1,Relic,0.56,
Relic2,Shell,0.714285714286,
