,recommendations,win_rate,win_rate_per_cost
Starter Item,Bluestone Pendant,,
Boots,Warrior Tabi,0.43661971830985913,3.22580645161
Item2,Qin's Sais,0.45054945054945056,1.85185185185
Item3,Stone Cutting Sword,0.5,1.92307692308
Item4,Hastened Fatalis,0.39622641509433965,2.33644859813
Item5,Ichaival,0.566666666667,3.33333333333
Item6,Odysseus' Bow,0.625,2.55102040816
Relic1,Blink,0.542857142857,
Relic2,Wrath,0.8,
