Items_most_pop,Items_most_pop_L2,Items_most_pop_winrate,Items_L2,Items_L2_coef,Items_L2_winrate,Items_gold_adjusted_L2,Items_gold_adjusted_L2_coef,Items_gold_adjusted_L2_winrate
Qin's Sais,15.081445789968825,0.6557377049180327,Hastened Fatalis,18.440339957028907,0.6638655462184874,Ninja Tabi,1.1793498558689135,4.615384615384615
Hastened Fatalis,18.440339957028907,0.6638655462184874,Ninja Tabi,17.690247838033706,0.6923076923076923,Hastened Fatalis,0.8616981288331266,3.1021754496191
Ninja Tabi,17.690247838033706,0.6923076923076923,Stone Cutting Sword,15.461786512732258,0.7647058823529411,Stone Cutting Sword,0.5946840966435484,2.9411764705882355
Warrior Tabi,-10.528237211688287,0.53125,Qin's Sais,15.081445789968825,0.6557377049180327,Qin's Sais,0.5585720662951417,2.428658166363084
The Executioner,-5.695082856616937,0.5689655172413793,Titan's Bane,7.485942705230271,0.7428571428571429,Titan's Bane,0.36516793684050103,3.6236933797909407
Stone Cutting Sword,15.461786512732258,0.7647058823529411,Heartseeker,3.4832531843425154,0.6923076923076923,Heartseeker,0.19351406579680644,3.8461538461538463
