Items_most_pop,Items_most_pop_L2,Items_most_pop_winrate,Items_L2,Items_L2_coef,Items_L2_winrate,Items_gold_adjusted_L2,Items_gold_adjusted_L2_coef,Items_gold_adjusted_L2_winrate
Hastened Fatalis,5.792799239414094,0.551948051948052,Titan's Bane,10.265744080208291,0.6956521739130435,Titan's Bane,0.5007680039125996,3.393425238600212
Qin's Sais,3.018432964020348,0.54421768707483,Hastened Fatalis,5.792799239414094,0.551948051948052,Ichaival,0.2833168527016885,3.676470588235294
Warrior Tabi,-2.567769618612986,0.5142857142857142,Deathbringer,5.387291547056625,0.7,Hastened Fatalis,0.2706915532436493,2.5791965044301493
The Executioner,3.1094182314682053,0.5588235294117647,Ichaival,4.816386495928705,0.625,Deathbringer,0.16835286084551954,2.1875
Ninja Tabi,1.516731747904333,0.5396825396825397,Stone Cutting Sword,3.7421536300310123,0.5961538461538461,Stone Cutting Sword,0.14392898577042354,2.2928994082840237
Stone Cutting Sword,3.7421536300310123,0.5961538461538461,The Executioner,3.1094182314682053,0.5588235294117647,The Executioner,0.13819636584303135,2.4836601307189543
