,recommendations,win_rate,win_rate_per_cost
Starter Item,Bluestone Pendant,,
Boots,Ninja Tabi,0.58,4.22764227642
Item2,Hastened Fatalis,0.6339285714285714,2.96330066104
Item3,Qin's Sais,0.6363636363636364,2.34869015357
Item4,The Executioner,0.6341463414634146,2.81842818428
Item5,Winged Blade,0.805555555556,5.40540540541
Item6,Titan's Bane,1.0,3.92953929539
Relic1,Sprint,0.818181818182,
Relic2,Purification,0.638095238095,
