Relics_most_pop,Relics_most_pop_L2,Relics_most_pop_winrate,Relics_most_pop_wr_paired,Relics_L2,Relics_L2_coef,Relics_L2_winrate,Relics_L2_wr_paired
Purification,-10.709423499589288,0.532258064516129,0.0,Blink,57.83765834683344,0.7941176470588235,0.0
Sanctuary,-2.722830720687843,0.5849056603773585,,Sunder,11.975823593063412,0.6666666666666666,
