,recommendations,win_rate,win_rate_per_cost
Starter Item,Vampiric Shroud,,
Boots,Shoes of the Magi,0.532976827094,3.33110516934
Item2,Warlock's Sash,0.5594855305466238,1.98933552092
Item3,Bancroft's Talon,0.5282555282555282,2.19655797101
Item4,Pythagorem's Piece,0.5271739130434783,2.19655797101
Item5,Gem of Isolation,0.568421052632,2.10526315789
Item6,Book of Thoth,0.525316455696,1.98232624791
Relic1,Blink,0.741935483871,
Relic2,Purification,0.548628428928,
