,recommendations,win_rate,win_rate_per_cost
Starter Item,Vampiric Shroud,,
Boots,Shoes of Focus,0.616541353383,4.05405405405
Item2,Rod of Tahuti,0.6165413533834586,1.60015060241
Item3,Warlock's Sash,0.5966386554621849,2.00471698113
Item4,Pythagorem's Piece,0.5859375,2.21354166667
Item5,Gem of Isolation,0.608108108108,2.2633744856
Item6,Bancroft's Talon,0.617647058824,2.31199186992
Relic1,Purification,0.579399141631,
Relic2,Blink,0.714285714286,
