Relics_most_pop,Relics_most_pop_L2,Relics_most_pop_winrate,Relics_most_pop_wr_paired,Relics_L2,Relics_L2_coef,Relics_L2_winrate,Relics_L2_wr_paired
Sanctuary,12.230250016531294,0.5703517587939698,1.0,Blink,29.68588628936717,0.7162162162162162,1.0
Purification,-2.417123216403936,0.5643835616438356,,Sprint,24.84142862249927,0.6602564102564102,
