Relics_most_pop,Relics_most_pop_L2,Relics_most_pop_winrate,Relics_most_pop_wr_paired,Relics_L2,Relics_L2_coef,Relics_L2_winrate,Relics_L2_wr_paired
Purification,-1.2946779805309767,0.6416666666666667,0.692307692308,Sprint,33.698144976197284,0.8181818181818182,0.692307692308
Sanctuary,18.214681127788545,0.6822429906542056,,Sanctuary,18.214681127788545,0.6822429906542056,
