Items_most_pop,Items_most_pop_L2,Items_most_pop_winrate,Items_L2,Items_L2_coef,Items_L2_winrate,Items_gold_adjusted_L2,Items_gold_adjusted_L2_coef,Items_gold_adjusted_L2_winrate
Shoes of the Magi,31.91292582790083,0.5663716814159292,Pythagorem's Piece,37.08816095080748,0.6160337552742616,Shoes of Focus,2.2790630941446177,3.75
Pythagorem's Piece,37.08816095080748,0.6160337552742616,Shoes of Focus,34.185946412169265,0.5625,Shoes of the Magi,1.994557864243802,3.5398230088495577
Bancroft's Talon,1.3243007576016592,0.5753424657534246,Shoes of the Magi,31.91292582790083,0.5663716814159292,Pythagorem's Piece,1.5453400396169785,2.5668073136427565
Obsidian Shard,2.1381497959887397,0.5747663551401869,Gem of Isolation,21.000335283744967,0.6211180124223602,Gem of Isolation,0.777790195694258,2.3004370830457788
Rod of Tahuti,-8.057944689085831,0.5595854922279793,Spear of Desolation,10.286691079458004,0.5952380952380952,Spear of Desolation,0.2707023968278422,1.5664160401002507
Warlock's Sash,-30.80496094985233,0.5180722891566265,Obsidian Shard,2.1381497959887397,0.5747663551401869,Obsidian Shard,0.10429999004823119,2.803738317757009
