,recommendations,win_rate,win_rate_per_cost
Starter Item,Vampiric Shroud,,
Boots,Shoes of the Magi,0.590106007067,3.56334841629
Item2,Pythagorem's Piece,0.5958620689655172,2.33017377567
Item3,Obsidian Shard,0.5771428571428572,2.72800832274
Item4,Bancroft's Talon,0.5592417061611374,2.33017377567
Item5,Warlock's Sash,0.593117408907,2.22681512101
Item6,Gem of Isolation,0.570135746606,2.1967311441
Relic1,Sprint,0.642307692308,
Relic2,Blink,0.652542372881,
