,recommendations,win_rate,win_rate_per_cost
Starter Item,Bluestone Pendant,,
Boots,Reinforced Greaves,0.666666666667,4.28571428571
Item2,Jotunn's Wrath,0.5151515151515151,2.04918032787
Item3,Hide of the Urchin,0.5098039215686274,2.08333333333
Item4,Breastplate of Valor,0.5057471264367817,2.17391304348
Item5,Magi's Blessing,0.6,3.1007751938
Item6,Mystical Mail,0.505747126437,1.94931773879
Relic1,Meditation,0.594202898551,
Relic2,Sprint,0.722222222222,
