Items_most_pop,Items_most_pop_L2,Items_most_pop_winrate,Items_L2,Items_L2_coef,Items_L2_winrate,Items_gold_adjusted_L2,Items_gold_adjusted_L2_coef,Items_gold_adjusted_L2_winrate
Warrior Tabi,3.0408022425560914,0.5483870967741935,Jotunn's Wrath,4.148384748520884,0.5714285714285714,Warrior Tabi,0.19618078984232848,3.5379812695109263
Breastplate of Valor,-0.900027797684698,0.5172413793103449,Warrior Tabi,3.0408022425560914,0.5483870967741935,Jotunn's Wrath,0.17001576838200344,2.34192037470726
Jotunn's Wrath,4.148384748520884,0.5714285714285714,Bulwark of Hope,2.81645977019205,0.5740740740740741,Titan's Bane,0.1184936655134981,2.961672473867596
Bulwark of Hope,2.81645977019205,0.5740740740740741,Titan's Bane,2.429120143026711,0.6071428571428571,Bulwark of Hope,0.11154296119572477,2.2735606894022737
Hide of the Urchin,1.4292176543547217,0.5555555555555556,Mantle of Discord,2.08755514679739,0.5925925925925926,Hide of the Nemean Lion,0.09434168360132301,3.409090909090909
Titan's Bane,2.429120143026711,0.6071428571428571,Hide of the Nemean Lion,2.0755170392291062,0.75,Mantle of Discord,0.06734048860636742,1.911589008363202
