Items_most_pop,Items_most_pop_L2,Items_most_pop_winrate,Items_L2,Items_L2_coef,Items_L2_winrate,Items_gold_adjusted_L2,Items_gold_adjusted_L2_coef,Items_gold_adjusted_L2_winrate
Warrior Tabi,20.42142665646942,0.5320855614973262,Mantle of Discord,29.154923927559828,0.6329113924050633,Warrior Tabi,1.3175113971915755,3.432810074176298
Breastplate of Valor,3.941506105093572,0.5243445692883895,Jotunn's Wrath,22.229697838056193,0.576271186440678,Mantle of Discord,0.940481417018059,2.041649652919559
Jotunn's Wrath,22.229697838056193,0.576271186440678,Warrior Tabi,20.42142665646942,0.5320855614973262,Jotunn's Wrath,0.9110531900842701,2.361767157543762
Hide of the Urchin,8.533230367559295,0.5568181818181818,Titan's Bane,9.699902787018383,0.5930232558139535,Titan's Bane,0.4731659896106528,2.8927963698241634
Bulwark of Hope,-9.55498396938071,0.536144578313253,Hide of the Urchin,8.533230367559295,0.5568181818181818,Hide of the Urchin,0.35555126531497067,2.320075757575758
Bluestone Pendant,15.436425286288772,0.5217391304347826,Reinforced Greaves,4.232322610951508,0.5,Reinforced Greaves,0.3023087579251077,3.5714285714285716
