Items_most_pop,Items_most_pop_L2,Items_most_pop_winrate,Items_L2,Items_L2_coef,Items_L2_winrate,Items_gold_adjusted_L2,Items_gold_adjusted_L2_coef,Items_gold_adjusted_L2_winrate
Warrior Tabi,-25.540666097776583,0.47715736040609136,Spirit Robe,85.41339035023911,0.5909090909090909,Spirit Robe,3.4720890386276064,2.4020694752402068
Breastplate of Valor,-9.29760508484251,0.4796747967479675,Heartward Amulet,46.21960263403745,0.5238095238095238,Heartward Amulet,2.200933458763688,2.494331065759637
Jotunn's Wrath,-32.642792019514886,0.4642857142857143,Witchblade,35.2565031836091,0.6,Witchblade,1.719829423590688,2.926829268292683
Hide of the Urchin,-30.82114278103451,0.5,Stone of Gaia,20.210091732074613,0.4666666666666667,Stone of Gaia,1.0105045866037305,2.3333333333333335
Bulwark of Hope,-52.664209032640976,0.4,Runic Shield,8.91985068837626,0.5833333333333334,Runic Shield,0.41487677620354696,2.7131782945736433
Bluestone Pendant,29.61848576747294,0.5,Reinforced Greaves,0.6100022716918879,0.5161290322580645,Reinforced Greaves,0.04357159083513486,3.686635944700461
