,recommendations,win_rate,win_rate_per_cost
Starter Item,Bluestone Pendant,,
Boots,Reinforced Greaves,0.587301587302,3.99659863946
Item2,Jotunn's Wrath,0.5636114911080712,2.30988316028
Item3,Mantle of Discord,0.5776892430278885,1.81810158422
Item4,Hide of the Urchin,0.5360443622920518,2.34838121295
Item5,Stone of Gaia,0.603550295858,3.01775147929
Item6,Heartward Amulet,0.559523809524,2.79667422525
Relic1,Thorns,0.704545454545,
Relic2,Blink,0.574324324324,
