,recommendations,win_rate,win_rate_per_cost
Starter Item,Bluestone Pendant,,
Boots,Reinforced Greaves,0.52380952381,3.57142857143
Item2,Bluestone Pendant,0.5576923076923077,6.14919354839
Item3,Breastplate of Valor,0.49193548387096775,2.13884992987
Item4,Hide of the Urchin,0.47619047619047616,2.0497311828
Item5,Shifter's Shield,0.642857142857,2.67857142857
Item6,Frostbound Hammer,0.521739130435,2.27743271222
Relic1,Curse,0.614035087719,
Relic2,Blink,0.613636363636,
