Items_most_pop,Items_most_pop_L2,Items_most_pop_winrate,Items_L2,Items_L2_coef,Items_L2_winrate,Items_gold_adjusted_L2,Items_gold_adjusted_L2_coef,Items_gold_adjusted_L2_winrate
Shoes of Focus,31.809245319248152,0.5284090909090909,Shoes of Focus,31.809245319248152,0.5284090909090909,Shoes of Focus,2.1206163546165433,3.522727272727273
Breastplate of Valor,-29.881995537683153,0.41904761904761906,Sovereignty,29.363281776940603,0.5638297872340425,Sovereignty,1.3982515131876478,2.684903748733536
Sovereignty,29.363281776940603,0.5638297872340425,Bulwark of Hope,26.152492809290816,0.5443037974683544,Bulwark of Hope,1.035742289476864,2.155658603835067
Bulwark of Hope,26.152492809290816,0.5443037974683544,Ethereal Staff,18.410950560967088,0.631578947368421,Ethereal Staff,0.6818870578135958,2.3391812865497075
Heartward Amulet,-7.676666082870168,0.4868421052631579,Pestilence,14.510347974269363,0.5135135135135135,Pestilence,0.6748999057799704,2.3884349465744816
Hide of the Urchin,2.9034746713813404,0.49206349206349204,Mantle of Discord,13.708727008949891,0.5813953488372093,Stone of Gaia,0.4855327237233781,3.0
