Relics_most_pop,Relics_most_pop_L2,Relics_most_pop_winrate,Relics_most_pop_wr_paired,Relics_L2,Relics_L2_coef,Relics_L2_winrate,Relics_L2_wr_paired
Relic,-0.15180111661035908,0.5423728813559322,0.571428571429,Meditation,5.775743728909127,0.6226415094339622,0.571428571429
Blink,3.067320073531789,0.5818181818181818,,Blink,3.067320073531789,0.5818181818181818,
