Items_most_pop,Items_most_pop_L2,Items_most_pop_winrate,Items_L2,Items_L2_coef,Items_L2_winrate,Items_gold_adjusted_L2,Items_gold_adjusted_L2_coef,Items_gold_adjusted_L2_winrate
Shoes of Focus,0.10550211757505258,0.42653352353780316,Winged Blade,39.48404354015663,0.6160714285714286,Winged Blade,2.13427262379225,3.33011583011583
Breastplate of Valor,9.203982977282758,0.45322245322245325,Sovereignty,20.716970603059995,0.47,Sovereignty,0.9865224096695235,2.238095238095238
Heartward Amulet,1.1490502132826939,0.4617169373549884,Genji's Guard,16.839465668245943,0.4931506849315068,Shoes of the Magi,0.7711430091719095,2.9263005780346822
Bulwark of Hope,-13.705784508694466,0.41687344913151364,Stone of Gaia,14.635935603553666,0.4827586206896552,Genji's Guard,0.7654302576475429,2.2415940224159403
Sovereignty,20.716970603059995,0.47,Shoes of the Magi,12.338288146750552,0.4682080924855491,Stone of Gaia,0.7317967801776832,2.413793103448276
Void Stone,8.266609979436144,0.47477744807121663,Hide of the Nemean Lion,11.759289801655063,0.4936708860759494,Hide of the Nemean Lion,0.5345131728025029,2.243958573072497
