Items_most_pop,Items_most_pop_L2,Items_most_pop_winrate,Items_L2,Items_L2_coef,Items_L2_winrate,Items_gold_adjusted_L2,Items_gold_adjusted_L2_coef,Items_gold_adjusted_L2_winrate
Shoes of Focus,20.219156397121342,0.4855769230769231,Shoes of the Magi,67.20648678305562,0.5454545454545454,Shoes of the Magi,4.200405423940976,3.409090909090909
Breastplate of Valor,-13.015882203377307,0.4796747967479675,Sovereignty,48.80037955278384,0.5567010309278351,Sovereignty,2.323827597751611,2.6509572901325478
Sovereignty,48.80037955278384,0.5567010309278351,Mystical Mail,48.35807463221084,0.6046511627906976,Mystical Mail,1.791039801192994,2.239448751076658
Bulwark of Hope,-24.829094193804067,0.5208333333333334,Winged Blade,32.40563546476915,0.5675675675675675,Winged Blade,1.7516559710686028,3.0679327976625275
Hide of the Urchin,14.736072041274822,0.5104166666666666,Gem of Isolation,28.355918884102167,0.575,Shoes of Focus,1.3479437598080892,3.2371794871794872
Heartward Amulet,-26.56004419428349,0.5052631578947369,Shoes of Focus,20.219156397121342,0.4855769230769231,Gem of Isolation,1.0502192179297098,2.1296296296296298
