Items_most_pop,Items_most_pop_L2,Items_most_pop_winrate,Items_L2,Items_L2_coef,Items_L2_winrate,Items_gold_adjusted_L2,Items_gold_adjusted_L2_coef,Items_gold_adjusted_L2_winrate
Shoes of Focus,-21.056139654091645,0.4038267875125881,Mystical Mail,49.50473704825586,0.5084745762711864,Sovereignty,1.9711110967042051,2.2520199415506275
Breastplate of Valor,15.88432101141316,0.42879019908116384,Sovereignty,41.39333303078831,0.4729241877256318,Mystical Mail,1.8335087795650318,1.8832391713747645
Heartward Amulet,9.441627918518916,0.4444444444444444,Gem of Isolation,26.185255531971922,0.518918918918919,Magi's Blessing,1.0493597895252251,2.4224806201550386
Sovereignty,41.39333303078831,0.4729241877256318,Magi's Blessing,22.56123547479234,0.5208333333333334,Gem of Isolation,0.9698242789619231,1.921921921921922
Hide of the Urchin,12.76391514952204,0.44468085106382976,Spirit Robe,21.63976345755356,0.4576271186440678,Spirit Robe,0.8796651812013642,1.8602728400165358
Bulwark of Hope,12.698614532160757,0.44612068965517243,Void Stone,18.516374944399917,0.486284289276808,Void Stone,0.8416534065636325,2.2103831330764
