,recommendations,win_rate,win_rate_per_cost
Starter Item,Mark of the Vanguard,,
Boots,Shoes of the Magi,0.583333333333,3.7037037037
Item2,Sovereignty,0.52,2.17792543374
Item3,Breastplate of Valor,0.5052631578947369,1.98854061341
Item4,Bulwark of Hope,0.4915254237288136,1.81134392509
Item5,Mystical Mail,0.592592592593,2.16049382716
Item6,Void Stone,0.541666666667,2.46212121212
Relic1,Meditation,0.567901234568,
Relic2,Curse,0.558823529412,
