Items_most_pop,Items_most_pop_L2,Items_most_pop_winrate,Items_L2,Items_L2_coef,Items_L2_winrate,Items_gold_adjusted_L2,Items_gold_adjusted_L2_coef,Items_gold_adjusted_L2_winrate
Shoes of Focus,2.022282796650214,0.5572139303482587,Winged Blade,6.171512125086527,0.6744186046511628,Winged Blade,0.3335952500046771,3.6455059710873665
Breastplate of Valor,3.503448752429013,0.5775862068965517,Mantle of Discord,4.861327083635792,0.6382978723404256,Shoes of the Magi,0.2973716086107583,4.0625
Heartward Amulet,2.659269057268232,0.5663716814159292,Shoes of the Magi,4.757945737772133,0.65,Hide of the Urchin,0.1668514971041804,2.478902953586498
Sovereignty,-0.5109415265768403,0.54,Gem of Isolation,4.480168238762148,0.6304347826086957,Gem of Isolation,0.16593215699119065,2.3349436392914655
Bulwark of Hope,-0.4053642407642627,0.5434782608695652,Hide of the Urchin,4.004435930500329,0.5949367088607594,Mantle of Discord,0.15681700269792878,2.059025394646534
Hide of the Urchin,4.004435930500329,0.5949367088607594,Mystical Mail,3.902509719561762,0.6071428571428571,Breastplate of Valor,0.15232385880126145,2.5112443778110944
