Items_most_pop,Items_most_pop_L2,Items_most_pop_winrate,Items_L2,Items_L2_coef,Items_L2_winrate,Items_gold_adjusted_L2,Items_gold_adjusted_L2_coef,Items_gold_adjusted_L2_winrate
Shoes of Focus,1.0289721914208116,0.5338078291814946,Void Stone,47.413374911330735,0.5966386554621849,Void Stone,2.155153405060488,2.7119938884644768
Breastplate of Valor,-2.4062329040435873,0.5180722891566265,Winged Blade,27.99506613252874,0.5409836065573771,Winged Blade,1.5132468179745266,2.924235711120957
Heartward Amulet,-17.253330376539758,0.551948051948052,Sovereignty,25.604706722644742,0.5403225806451613,Sovereignty,1.2192717486973685,2.5729646697388633
Bulwark of Hope,-44.573366052986266,0.4806201550387597,Mystical Mail,22.798999438479626,0.576271186440678,Hide of the Urchin,0.8737455751327934,2.3550724637681157
Sovereignty,25.604706722644742,0.5403225806451613,Hide of the Urchin,20.96989380318704,0.5652173913043478,Mystical Mail,0.8444073866103565,2.1343377275580666
Void Stone,47.413374911330735,0.5966386554621849,Reinforced Shoes,10.23657890128941,0.603448275862069,Reinforced Shoes,0.731184207234958,4.310344827586207
