Relics_most_pop,Relics_most_pop_L2,Relics_most_pop_winrate,Relics_most_pop_wr_paired,Relics_L2,Relics_L2_coef,Relics_L2_winrate,Relics_L2_wr_paired
Relic,-91.15649603184384,0.3013698630136986,0.5,Curse,29.003024770066194,0.5111111111111111,0.5
Meditation,3.564385325552126,0.4015151515151515,,Shell,17.102625751049054,0.5,
