,recommendations,win_rate,win_rate_per_cost
Starter Item,Vampiric Shroud,,
Boots,Shoes of the Magi,0.610526315789,3.64906832298
Item2,Rod of Tahuti,0.6105263157894737,1.75858714361
Item3,Warlock's Sash,0.5945945945945946,2.20321106293
Item4,Book of Thoth,0.580952380952381,2.20321106293
Item5,Polynomicon,0.666666666667,2.89855072464
Item6,Spear of the Magus,0.615384615385,2.86225402504
Relic1,Meditation,0.6875,
Relic2,Sanctuary,0.587912087912,
