Items_most_pop,Items_most_pop_L2,Items_most_pop_winrate,Items_L2,Items_L2_coef,Items_L2_winrate,Items_gold_adjusted_L2,Items_gold_adjusted_L2_coef,Items_gold_adjusted_L2_winrate
Shoes of the Magi,0.20008664753560873,0.5257731958762887,Warlock's Sash,0.5314742120349132,0.5857142857142857,Warlock's Sash,0.020055630642826915,2.210242587601078
Warlock's Sash,0.5314742120349132,0.5857142857142857,Divine Ruin,0.2671824522454342,0.59375,Divine Ruin,0.0146803545189799,3.2623626373626373
Obsidian Shard,-0.2514897206610943,0.46153846153846156,Gem of Isolation,0.2239304073015338,0.6,Shoes of the Magi,0.012505415470975547,3.286082474226804
Book of Thoth,0.16397950391827532,0.532258064516129,Shoes of the Magi,0.20008664753560873,0.5257731958762887,Shoes of Focus,0.01164558299890318,3.7254901960784315
Rod of Tahuti,0.028356689507063004,0.509090909090909,Shoes of Focus,0.1746837449835477,0.5588235294117647,Gem of Isolation,0.008293718788945696,2.2222222222222223
Chronos' Pendant,-0.013660925336341197,0.5,Book of Thoth,0.16397950391827532,0.532258064516129,Book of Thoth,0.006187905808236804,2.0085209981740717
