Items_most_pop,Items_most_pop_L2,Items_most_pop_winrate,Items_L2,Items_L2_coef,Items_L2_winrate,Items_gold_adjusted_L2,Items_gold_adjusted_L2_coef,Items_gold_adjusted_L2_winrate
Shoes of the Magi,-2.7137982143745862,0.5088967971530249,Gem of Isolation,21.089043162301692,0.620253164556962,Gem of Isolation,0.7810756726778404,2.297233942803563
Obsidian Shard,6.077536663925977,0.5407725321888412,Rod of Tahuti,14.191183641963537,0.569060773480663,Rod of Tahuti,0.4274452904205885,1.7140384743393464
Warlock's Sash,0.15460090730614676,0.5045871559633027,Chronos' Pendant,9.18324588867141,0.5379310344827586,Chronos' Pendant,0.3826352453613087,2.2413793103448274
Rod of Tahuti,14.191183641963537,0.569060773480663,Spear of the Magus,7.243351009404556,0.5416666666666666,Spear of the Magus,0.33690004694904907,2.5193798449612403
Book of Thoth,-6.042968960047195,0.5028571428571429,Obsidian Shard,6.077536663925977,0.5407725321888412,Obsidian Shard,0.29646520311834035,2.637914791165079
Chronos' Pendant,9.18324588867141,0.5379310344827586,Warlock's Sash,0.15460090730614676,0.5045871559633027,Warlock's Sash,0.005833996502118745,1.9041024753332179
