Items_most_pop,Items_most_pop_L2,Items_most_pop_winrate,Items_L2,Items_L2_coef,Items_L2_winrate,Items_gold_adjusted_L2,Items_gold_adjusted_L2_coef,Items_gold_adjusted_L2_winrate
Shoes of the Magi,11.043951982703119,0.6023856858846919,Gem of Isolation,20.81963652763095,0.6589147286821705,Obsidian Shard,0.9508725351753575,3.0238924838227974
Obsidian Shard,19.492886971094826,0.6198979591836735,Rod of Tahuti,20.39448011867346,0.6298701298701299,Gem of Isolation,0.7710976491715167,2.440424921045076
Warlock's Sash,-1.5659257047245578,0.5779569892473119,Obsidian Shard,19.492886971094826,0.6198979591836735,Shoes of the Magi,0.690246998918945,3.764910536779324
Book of Thoth,4.513927496187446,0.59375,Shoes of the Magi,11.043951982703119,0.6023856858846919,Rod of Tahuti,0.6142915698395621,1.8971991863558129
Rod of Tahuti,20.39448011867346,0.6298701298701299,Soul Reaver,10.853867533448236,0.660377358490566,Soul Reaver,0.3691791678043618,2.2461814914645104
Chronos' Pendant,-14.453906152513607,0.5412186379928315,Book of Thoth,4.513927496187446,0.59375,Book of Thoth,0.17033688664858285,2.240566037735849
