Relics_most_pop,Relics_most_pop_L2,Relics_most_pop_winrate,Relics_most_pop_wr_paired,Relics_L2,Relics_L2_coef,Relics_L2_winrate,Relics_L2_wr_paired
Sanctuary,-11.487481590664258,0.5211864406779662,0.0,Purification,17.953515706772745,0.5662650602409639,0.0
Purification,17.953515706772745,0.5662650602409639,,Phantom,5.954227696229464,0.6363636363636364,
