Items_most_pop,Items_most_pop_L2,Items_most_pop_winrate,Items_L2,Items_L2_coef,Items_L2_winrate,Items_gold_adjusted_L2,Items_gold_adjusted_L2_coef,Items_gold_adjusted_L2_winrate
Shoes of the Magi,2.559865758057594,0.48823529411764705,Gem of Isolation,36.80566479236023,0.6046511627906976,Gem of Isolation,1.3631727700874159,2.239448751076658
Warlock's Sash,-13.536111988838714,0.46923076923076923,Rod of Tahuti,25.272904564360903,0.5544554455445545,Rod of Tahuti,0.7612320651915936,1.6700465227245616
Obsidian Shard,1.561795763279992,0.4878048780487805,Spear of Desolation,22.457763551505288,0.5925925925925926,Spear of Desolation,0.5909937776711918,1.5594541910331383
Book of Thoth,6.1044305662765215,0.49586776859504134,Chronos' Pendant,6.919779697083289,0.47368421052631576,Chronos' Pendant,0.28832415404513706,1.9736842105263157
Rod of Tahuti,25.272904564360903,0.5544554455445545,Book of Thoth,6.1044305662765215,0.49586776859504134,Book of Thoth,0.2303558704255291,1.871199126773741
Chronos' Pendant,6.919779697083289,0.47368421052631576,Shoes of the Magi,2.559865758057594,0.48823529411764705,Shoes of the Magi,0.15999160987859962,3.051470588235294
