Relics_most_pop,Relics_most_pop_L2,Relics_most_pop_winrate,Relics_most_pop_wr_paired,Relics_L2,Relics_L2_coef,Relics_L2_winrate,Relics_L2_wr_paired
Sanctuary,-0.7891496182935973,0.5,0.833333333333,Purification,2.4837655023062073,0.5932203389830508,0.833333333333
Purification,2.4837655023062073,0.5932203389830508,,Sprint,2.077398421096458,0.6818181818181818,
