Items_most_pop,Items_most_pop_L2,Items_most_pop_winrate,Items_L2,Items_L2_coef,Items_L2_winrate,Items_gold_adjusted_L2,Items_gold_adjusted_L2_coef,Items_gold_adjusted_L2_winrate
Shoes of the Magi,6.961235091891855,0.6619718309859155,Gem of Isolation,19.63307990165922,0.8888888888888888,Spear of the Magus,0.7775247893659494,4.293381037567084
Warlock's Sash,17.53075686542535,0.7096774193548387,Book of Thoth,18.473433820169447,0.7446808510638298,Gem of Isolation,0.72715110746886,3.292181069958848
Obsidian Shard,-3.528160091958833,0.6274509803921569,Warlock's Sash,17.53075686542535,0.7096774193548387,Book of Thoth,0.6971107101950734,2.8101164191087915
Rod of Tahuti,16.133713448388264,0.7291666666666666,Spear of the Magus,16.71678297136791,0.9230769230769231,Warlock's Sash,0.6615379949217113,2.678027997565429
Book of Thoth,18.473433820169447,0.7446808510638298,Rod of Tahuti,16.133713448388264,0.7291666666666666,Rod of Tahuti,0.4859552243490441,2.196285140562249
Shoes of Focus,4.825143087223274,0.6666666666666666,Shoes of the Magi,6.961235091891855,0.6619718309859155,Shoes of the Magi,0.435077193243241,4.137323943661972
