Items_most_pop,Items_most_pop_L2,Items_most_pop_winrate,Items_L2,Items_L2_coef,Items_L2_winrate,Items_gold_adjusted_L2,Items_gold_adjusted_L2_coef,Items_gold_adjusted_L2_winrate
Shoes of the Magi,25.49827232384117,0.6397058823529411,Shoes of the Magi,25.49827232384117,0.6397058823529411,Shoes of the Magi,1.5936420202400732,3.9981617647058822
Warlock's Sash,15.649518104286338,0.6166666666666667,Gem of Isolation,20.604304017620148,0.6666666666666666,Gem of Isolation,0.7631223710229684,2.4691358024691357
Rod of Tahuti,9.180835877971885,0.5981308411214953,Warlock's Sash,15.649518104286338,0.6166666666666667,Warlock's Sash,0.5905478529919373,2.3270440251572326
Obsidian Shard,3.6268269968100064,0.594059405940594,Chronos' Pendant,13.314268514620828,0.6052631578947368,Chronos' Pendant,0.5547611881092012,2.5219298245614037
Book of Thoth,-11.30970097602013,0.5465116279069767,Spear of Desolation,9.681951925521917,0.6060606060606061,Bancroft's Talon,0.33148606667804514,2.4801587301587302
Chronos' Pendant,13.314268514620828,0.6052631578947368,Rod of Tahuti,9.180835877971885,0.5981308411214953,Rod of Tahuti,0.2765312011437315,1.8015989190406485
