Relics_most_pop,Relics_most_pop_L2,Relics_most_pop_winrate,Relics_most_pop_wr_paired,Relics_L2,Relics_L2_coef,Relics_L2_winrate,Relics_L2_wr_paired
Sanctuary,6.6575795041431105,0.5879120879120879,0.826086956522,Meditation,8.369944304257565,0.6875,0.826086956522
Purification,5.672345996861637,0.5979381443298969,,Sanctuary,6.6575795041431105,0.5879120879120879,
