Items_most_pop,Items_most_pop_L2,Items_most_pop_winrate,Items_L2,Items_L2_coef,Items_L2_winrate,Items_gold_adjusted_L2,Items_gold_adjusted_L2_coef,Items_gold_adjusted_L2_winrate
Shoes of the Magi,3.4027950611768087,0.5506329113924051,Spear of the Magus,17.49291794016628,0.6538461538461539,Spear of the Magus,0.813624090240292,3.041144901610018
Warlock's Sash,-10.207730403183055,0.539568345323741,Spear of Desolation,16.876638362179275,0.6842105263157895,Obsidian Shard,0.5036550300939763,2.770731707317073
Obsidian Shard,10.324928116926516,0.568,Obsidian Shard,10.324928116926516,0.568,Spear of Desolation,0.44412206216261246,1.8005540166204985
Book of Thoth,5.591735500249799,0.5565217391304348,Book of Thoth,5.591735500249799,0.5565217391304348,Shoes of Focus,0.23230872918497122,3.58974358974359
Rod of Tahuti,4.31333666210252,0.5714285714285714,Chronos' Pendant,5.3333650541265305,0.5662650602409639,Chronos' Pendant,0.22222354392193877,2.359437751004016
Chronos' Pendant,5.3333650541265305,0.5662650602409639,Rod of Tahuti,4.31333666210252,0.5714285714285714,Shoes of the Magi,0.21267469132355057,3.4414556962025316
