,recommendations,win_rate,win_rate_per_cost
Starter Item,Vampiric Shroud,,
Boots,Shoes of the Magi,0.6,3.28608247423
Item2,Warlock's Sash,0.5857142857142857,1.74165457184
Item3,Book of Thoth,0.532258064516129,1.74165457184
Item4,Rod of Tahuti,0.509090909090909,1.39017608897
Item5,Divine Ruin,0.59375,3.26236263736
Item6,Gem of Isolation,0.558823529412,2.22222222222
Relic1,Purification,0.574468085106,
Relic2,Sanctuary,0.531914893617,
