Items_most_pop,Items_most_pop_L2,Items_most_pop_winrate,Items_L2,Items_L2_coef,Items_L2_winrate,Items_gold_adjusted_L2,Items_gold_adjusted_L2_coef,Items_gold_adjusted_L2_winrate
Warlock's Sash,20.882713161477298,0.5995623632385121,Warlock's Sash,20.882713161477298,0.5995623632385121,Obsidian Shard,0.8188790404434987,2.9852642276422765
Shoes of the Magi,10.288670172344085,0.5881006864988558,Rod of Tahuti,16.942593157080196,0.6383763837638377,Warlock's Sash,0.7880269117538604,2.2624994839189134
Obsidian Shard,16.787020329091725,0.6119791666666666,Obsidian Shard,16.787020329091725,0.6119791666666666,Shoes of the Magi,0.6430418857715055,3.675629290617849
Book of Thoth,0.505054770648815,0.5813333333333334,Shoes of the Magi,10.288670172344085,0.5881006864988558,Rod of Tahuti,0.5103190709963914,1.9228204330236074
Rod of Tahuti,16.942593157080196,0.6383763837638377,Spear of Desolation,8.158722006355434,0.6666666666666666,Spear of Desolation,0.21470321069356407,1.7543859649122806
Chronos' Pendant,-6.647498930902897,0.554945054945055,Book of Thoth,0.505054770648815,0.5813333333333334,Book of Thoth,0.01905867059052132,2.1937106918238993
