,recommendations,win_rate,win_rate_per_cost
Starter Item,Soul Stone,,
Boots,Shoes of the Magi,0.627397260274,3.94736842105
Item2,Warlock's Sash,0.6273972602739726,2.36753683122
Item3,Obsidian Shard,0.6550522648083623,3.06047444036
Item4,Book of Thoth,0.6559139784946236,2.36753683122
Item5,Rod of Tahuti,0.646788990826,1.94815961092
Item6,Chronos' Pendant,0.6330275229357798,2.6376146789
Relic1,Purification,0.655913978495,
Relic2,Sanctuary,0.633663366337,
