,recommendations,win_rate,win_rate_per_cost
Starter Item,Soul Stone,,
Boots,Shoes of the Magi,0.597222222222,3.69318181818
Item2,Book of Thoth,0.6330935251798561,2.38903217049
Item3,Warlock's Sash,0.6,2.38903217049
Item4,Obsidian Shard,0.5972222222222222,3.08826109844
Item5,Spear of Desolation,0.75,1.97368421053
Item6,Breastplate of Valor,0.583333333333,2.53623188406
Relic1,Blink,0.714285714286,
Relic2,Purification,0.601226993865,
