,recommendations,win_rate,win_rate_per_cost
Starter Item,Vampiric Shroud,,
Boots,Shoes of the Magi,0.54606141522,3.41288384513
Item2,Book of Thoth,0.5384615384615384,1.98858928529
Item3,Obsidian Shard,0.5536547433903577,2.57061541757
Item4,Warlock's Sash,0.5269761606022585,1.98858928529
Item5,Bancroft's Talon,0.550724637681,2.29468599034
Item6,Soul Reaver,0.566137566138,1.92563798006
Relic1,Purification,0.546362339515,
Relic2,Blink,0.630630630631,
