Relics_most_pop,Relics_most_pop_L2,Relics_most_pop_winrate,Relics_most_pop_wr_paired,Relics_L2,Relics_L2_coef,Relics_L2_winrate,Relics_L2_wr_paired
Sanctuary,9.495358608291465,0.5470588235294118,0.630208333333,Sanctuary,9.495358608291465,0.5470588235294118,0.630208333333
Purification,8.419159375161179,0.5398230088495575,,Purification,8.419159375161179,0.5398230088495575,
