Relics_most_pop,Relics_most_pop_L2,Relics_most_pop_winrate,Relics_most_pop_wr_paired,Relics_L2,Relics_L2_coef,Relics_L2_winrate,Relics_L2_wr_paired
Sanctuary,10.948195071840662,0.6009070294784581,0.0,Blink,22.356737265740982,0.7213114754098361,0.0
Purification,-11.421811892336715,0.5740740740740741,,Meditation,12.069436672399021,0.6666666666666666,
