Relics_most_pop,Relics_most_pop_L2,Relics_most_pop_winrate,Relics_most_pop_wr_paired,Relics_L2,Relics_L2_coef,Relics_L2_winrate,Relics_L2_wr_paired
Purification,5.410263507411362,0.5730337078651685,0.666666666667,Purification,5.410263507411362,0.5730337078651685,0.666666666667
Sanctuary,-2.3560817457829364,0.5084745762711864,,Meditation,2.2230463503878353,0.8,
