,recommendations,win_rate,win_rate_per_cost
Starter Item,Vampiric Shroud,,
Boots,Shoes of the Magi,0.57756232687,3.60976454294
Item2,Warlock's Sash,0.6002728512960437,2.20628127072
Item3,Book of Thoth,0.6111111111111112,2.20628127072
Item4,Rod of Tahuti,0.6098562628336756,1.76103776127
Item5,Chronos' Pendant,0.571428571429,2.38095238095
Item6,Obsidian Shard,0.5846645367412141,2.78745644599
Relic1,Blink,0.745614035088,
Relic2,Sprint,0.723684210526,
