Items_most_pop,Items_most_pop_L2,Items_most_pop_winrate,Items_L2,Items_L2_coef,Items_L2_winrate,Items_gold_adjusted_L2,Items_gold_adjusted_L2_coef,Items_gold_adjusted_L2_winrate
Shoes of the Magi,29.574935682389054,0.488135593220339,Bancroft's Talon,102.14641093542312,0.7,Bancroft's Talon,4.25610045564263,2.9166666666666665
Warlock's Sash,1.6081652706104046,0.45918367346938777,Book of Thoth,42.62564573887231,0.49377593360995853,Shoes of the Magi,1.8484334801493159,3.0508474576271185
Obsidian Shard,-4.114714905901433,0.49224806201550386,Shoes of the Magi,29.574935682389054,0.488135593220339,Book of Thoth,1.6085149335423512,1.8633054098489
Book of Thoth,42.62564573887231,0.49377593360995853,Warlock's Sash,1.6081652706104046,0.45918367346938777,Warlock's Sash,0.06068548190982659,1.7327685791297651
Rod of Tahuti,-38.261302531745535,0.5319148936170213,Obsidian Shard,-4.114714905901433,0.49224806201550386,Obsidian Shard,-0.2007178002878748,2.401210058612214
Chronos' Pendant,-12.798333947916849,0.44660194174757284,Chronos' Pendant,-12.798333947916849,0.44660194174757284,Chronos' Pendant,-0.5332639144965353,1.86084142394822
