,recommendations,win_rate,win_rate_per_cost
Starter Item,Vampiric Shroud,,
Boots,Shoes of the Magi,0.60462962963,3.77893518519
Item2,Warlock's Sash,0.6151809355692851,2.34017699816
Item3,Book of Thoth,0.6293785310734463,2.34017699816
Item4,Rod of Tahuti,0.6354609929078014,1.86791236299
Item5,Obsidian Shard,0.635460992908,3.02510685128
Item6,Spear of Desolation,0.637096774194,1.6765704584
Relic1,Blink,0.762711864407,
Relic2,Purification,0.630023640662,
