,recommendations,win_rate,win_rate_per_cost
Starter Item,Vampiric Shroud,,
Boots,Shoes of the Magi,0.536028119508,3.35017574692
Item2,Warlock's Sash,0.564625850340136,2.17988642609
Item3,Obsidian Shard,0.5746421267893661,2.81790196543
Item4,Rod of Tahuti,0.5776699029126213,1.73996958709
Item5,Spear of Desolation,0.629032258065,1.65534804754
Item6,Soul Reaver,0.55303030303,1.88105545248
Relic1,Blink,0.691358024691,
Relic2,Sanctuary,0.565040650407,
