,recommendations,win_rate,win_rate_per_cost
Starter Item,Vampiric Shroud,,
Boots,Shoes of Focus,0.5,2.89855072464
Item2,Rod of Tahuti,0.6875,1.30958617077
Item3,Warlock's Sash,0.5217391304347826,1.64068908942
Item4,Obsidian Shard,0.43478260869565216,2.12089077413
Item5,Void Stone,0.6875,3.0303030303
Item6,Breastplate of Valor,0.666666666667,2.89855072464
Relic1,Curse,0.846153846154,
Relic2,Shell,0.583333333333,
