,recommendations,win_rate,win_rate_per_cost
Starter Item,Vampiric Shroud,,
Boots,Reinforced Shoes,0.75,4.94505494505
Item2,Obsidian Shard,0.65625,2.43902439024
Item3,Bancroft's Talon,0.5526315789473685,2.08333333333
Item4,Chronos' Pendant,0.5405405405405406,2.08333333333
Item5,Book of Thoth,0.620689655172,2.83018867925
Item6,Pythagorem's Piece,0.833333333333,3.47222222222
Relic1,Meditation,0.703703703704,
Relic2,Sanctuary,0.561403508772,
