,recommendations,win_rate,win_rate_per_cost
Starter Item,Vampiric Shroud,,
Boots,Shoes of Focus,0.647058823529,3.50877192982
Item2,Obsidian Shard,0.4375,2.09059233449
Item3,Bancroft's Talon,0.425531914893617,1.78571428571
Item4,Warlock's Sash,0.42857142857142855,1.61725067385
Item5,Breastplate of Valor,0.666666666667,2.89855072464
Item6,Book of Thoth,0.526315789474,2.44173140954
Relic1,Curse,0.636363636364,
Relic2,Blink,0.714285714286,
