Items_most_pop,Items_most_pop_L2,Items_most_pop_winrate,Items_L2,Items_L2_coef,Items_L2_winrate,Items_gold_adjusted_L2,Items_gold_adjusted_L2_coef,Items_gold_adjusted_L2_winrate
Book of Thoth,0.9684520844415087,0.517193947730399,Warlock's Sash,2.3709067939002484,0.5355086372360844,Shoes of the Magi,0.11638132241460009,3.3324949698189137
Warlock's Sash,2.3709067939002484,0.5355086372360844,Gem of Isolation,1.8888499539622123,0.550185873605948,Warlock's Sash,0.08946818090189616,2.020787310324847
Shoes of the Magi,1.8621011586336014,0.5331991951710262,Polynomicon,1.876611093442019,0.5748502994011976,Polynomicon,0.08159178667139212,2.499349127831294
Rod of Tahuti,1.1239687919127241,0.526431718061674,Shoes of the Magi,1.8621011586336014,0.5331991951710262,Gem of Isolation,0.06995740570230417,2.0377254577998074
Obsidian Shard,1.2401894235967226,0.5285714285714286,Obsidian Shard,1.2401894235967226,0.5285714285714286,Obsidian Shard,0.06049704505349866,2.578397212543554
Shoes of Focus,-1.7833089274849327,0.48201438848920863,Spear of the Magus,1.1665004614132735,0.5449438202247191,Spear of the Magus,0.05425583541457086,2.5346224196498564
