Items_most_pop,Items_most_pop_L2,Items_most_pop_winrate,Items_L2,Items_L2_coef,Items_L2_winrate,Items_gold_adjusted_L2,Items_gold_adjusted_L2_coef,Items_gold_adjusted_L2_winrate
Book of Thoth,5.821804118770971,0.5020576131687243,Warlock's Sash,83.16854514632863,0.5521472392638037,Polynomicon,3.549701637658555,2.6619343389529724
Warlock's Sash,83.16854514632863,0.5521472392638037,Polynomicon,81.64313766614677,0.6122448979591837,Warlock's Sash,3.138435665899193,2.0835744877879385
Rod of Tahuti,66.5426240581734,0.5,Rod of Tahuti,66.5426240581734,0.5,Doom Orb,2.498589728097268,2.1341463414634148
Shoes of the Magi,-69.56351815669053,0.47435897435897434,Gem of Isolation,53.335240771175165,0.527027027027027,Rod of Tahuti,2.0042959053666687,1.5060240963855422
Shoes of Focus,-19.154016469018487,0.5035971223021583,Doom Orb,51.221089425993995,0.4375,Gem of Isolation,1.9753792878213026,1.951951951951952
Obsidian Shard,37.44946600561633,0.5210084033613446,Obsidian Shard,37.44946600561633,0.5210084033613446,Obsidian Shard,1.8268032197861623,2.541504406640705
