Relics_most_pop,Relics_most_pop_L2,Relics_most_pop_winrate,Relics_most_pop_wr_paired,Relics_L2,Relics_L2_coef,Relics_L2_winrate,Relics_L2_wr_paired
Sanctuary,0.048528620776081804,0.5431034482758621,0.586206896552,Purification,0.11376213078901212,0.6292134831460674,0.586206896552
Purification,0.11376213078901212,0.6292134831460674,,Sanctuary,0.048528620776081804,0.5431034482758621,
