,recommendations,win_rate,win_rate_per_cost
Starter Item,Vampiric Shroud,,
Boots,Shoes of Focus,0.5625,3.75
Item2,Obsidian Shard,0.49504950495049505,2.39904038385
Item3,Warlock's Sash,0.5426356589147286,1.85586142901
Item4,Book of Thoth,0.4918032786885246,1.85586142901
Item5,Spear of Desolation,0.545454545455,1.43540669856
Item6,Rod of Tahuti,0.504424778761062,1.49111296672
Relic1,Meditation,0.594594594595,
Relic2,Sprint,0.45,
