Relics_most_pop,Relics_most_pop_L2,Relics_most_pop_winrate,Relics_most_pop_wr_paired,Relics_L2,Relics_L2_coef,Relics_L2_winrate,Relics_L2_wr_paired
Sanctuary,7.5746322222905,0.5732484076433121,0.75,Sanctuary,7.5746322222905,0.5732484076433121,0.75
Purification,-0.16325690112300853,0.5164835164835165,,Curse,0.3976446862287187,0.5714285714285714,
