,recommendations,win_rate,win_rate_per_cost
Starter Item,Vampiric Shroud,,
Boots,Shoes of Focus,0.4824561403508772,2.99674267101
Item2,Rod of Tahuti,0.5187319884726225,1.35395000196
Item3,Book of Thoth,0.4947916666666667,1.69626943642
Item4,Warlock's Sash,0.5012106537530266,1.69626943642
Item5,Gem of Isolation,0.564971751412,2.09248796819
Item6,Polynomicon,0.573248407643,2.49238438106
Relic1,Sprint,0.559440559441,
Relic2,Purification,0.524305555556,
