,recommendations,win_rate,win_rate_per_cost
Starter Item,Vampiric Shroud,,
Boots,Shoes of Focus,0.554112554113,3.69408369408
Item2,Book of Thoth,0.5658602150537635,2.0936775902
Item3,Warlock's Sash,0.5636007827788649,2.0936775902
Item4,Obsidian Shard,0.5441988950276243,2.70646127514
Item5,Soul Reaver,0.590476190476,2.00842241659
Item6,Spear of Desolation,0.551724137931,1.45190562613
Relic1,Purification,0.596273291925,
Relic2,Sprint,0.594117647059,
