Items_most_pop,Items_most_pop_L2,Items_most_pop_winrate,Items_L2,Items_L2_coef,Items_L2_winrate,Items_gold_adjusted_L2,Items_gold_adjusted_L2_coef,Items_gold_adjusted_L2_winrate
Warrior Tabi,-0.13796663899322026,0.36792452830188677,Magi's Blessing,0.005154672011215736,0.5555555555555556,Magi's Blessing,0.00023975218656817373,2.5839793281653747
Jotunn's Wrath,-0.1330528010289907,0.36633663366336633,Breastplate of Valor,0.0002078193846598181,0.5,Breastplate of Valor,9.03562541999209e-06,2.1739130434782608
Titan's Bane,-0.11363902226059058,0.3333333333333333,Mantle of Discord,0.00020153683137341755,0.5,Mantle of Discord,6.5011881088199204e-06,1.6129032258064515
Transcendence,-0.034016212850727506,0.4339622641509434,Bulwark of Hope,-0.004832779797740189,0.4444444444444444,Bulwark of Hope,-0.00019139721971248272,1.7601760176017602
Brawler's Beat Stick,-0.04428675241279017,0.3783783783783784,Shifter's Shield,-0.014749644164295148,0.4,Shifter's Shield,-0.0006145685068456311,1.6666666666666667
Stone Cutting Sword,-0.06949159600704065,0.23076923076923078,Heartseeker,-0.01979517129036433,0.3,Void Shield,-0.0007364942683335195,0.6172839506172839
