Items_most_pop,Items_most_pop_L2,Items_most_pop_winrate,Items_L2,Items_L2_coef,Items_L2_winrate,Items_gold_adjusted_L2,Items_gold_adjusted_L2_coef,Items_gold_adjusted_L2_winrate
Shoes of the Magi,-3.8165212124035057,0.4090909090909091,Rod of Tahuti,3.8632473799802893,0.5833333333333334,Rod of Tahuti,0.11636287289097257,1.7570281124497993
Chronos' Pendant,2.1256302242154312,0.5230769230769231,Chronos' Pendant,2.1256302242154312,0.5230769230769231,Chronos' Pendant,0.0885679260089763,2.1794871794871793
Obsidian Shard,-1.1496499604611101,0.4576271186440678,Spear of Desolation,1.3115444996640295,0.6363636363636364,Shoes of Focus,0.05158882354310237,3.4146341463414633
Warlock's Sash,-2.8990652702391646,0.41509433962264153,Shoes of Focus,0.7738323531465354,0.5121951219512195,Spear of Desolation,0.03451432893852709,1.674641148325359
Rod of Tahuti,3.8632473799802893,0.5833333333333334,Dynasty Plate Helm,0.5746650865072352,0.5714285714285714,Dynasty Plate Helm,0.03380382861807266,3.361344537815126
Shoes of Focus,0.7738323531465354,0.5121951219512195,Soul Reaver,0.12541006964461968,0.5,Soul Reaver,0.004265648627368016,1.7006802721088434
