Relics_most_pop,Relics_most_pop_L2,Relics_most_pop_winrate,Relics_most_pop_wr_paired,Relics_L2,Relics_L2_coef,Relics_L2_winrate,Relics_L2_wr_paired
Sanctuary,7.4813542364427015,0.49295774647887325,0.544117647059,Sanctuary,7.4813542364427015,0.49295774647887325,0.544117647059
Purification,-1.6954509526568164,0.46798029556650245,,Sprint,3.3299140281445267,0.5083333333333333,
