Relics_most_pop,Relics_most_pop_L2,Relics_most_pop_winrate,Relics_most_pop_wr_paired,Relics_L2,Relics_L2_coef,Relics_L2_winrate,Relics_L2_wr_paired
Sanctuary,0.1440332241357656,0.4861111111111111,0.571428571429,Meditation,0.9643830280148962,0.5625,0.571428571429
Purification,-1.109545682750833,0.45901639344262296,,Sanctuary,0.1440332241357656,0.4861111111111111,
