,recommendations,win_rate,win_rate_per_cost
Starter Item,Vampiric Shroud,,
Boots,Shoes of the Magi,0.611111111111,3.61328125
Item2,Chronos' Pendant,0.5754716981132075,2.13768115942
Item3,Obsidian Shard,0.5818181818181818,2.50265111347
Item4,Book of Thoth,0.5348837209302325,1.93601312551
Item5,Breastplate of Valor,0.857142857143,3.72670807453
Item6,Rod of Asclepius,0.575471698113,2.29741019215
Relic1,Sprint,0.690476190476,
Relic2,Purification,0.559322033898,
