Relics_most_pop,Relics_most_pop_L2,Relics_most_pop_winrate,Relics_most_pop_wr_paired,Relics_L2,Relics_L2_coef,Relics_L2_winrate,Relics_L2_wr_paired
Purification,-6.48051707325855,0.40875912408759124,0.477272727273,Sprint,27.207565402558398,0.5151515151515151,0.477272727273
Sanctuary,3.7231300224885113,0.4318181818181818,,Sanctuary,3.7231300224885113,0.4318181818181818,
