Items_most_pop,Items_most_pop_L2,Items_most_pop_winrate,Items_L2,Items_L2_coef,Items_L2_winrate,Items_gold_adjusted_L2,Items_gold_adjusted_L2_coef,Items_gold_adjusted_L2_winrate
Shoes of the Magi,-3.463132838670467,0.4787234042553192,Gem of Isolation,37.2006610869619,0.6190476190476191,Gem of Isolation,1.3778022624800703,2.292768959435626
Warlock's Sash,19.501384751682636,0.4835164835164835,Obsidian Shard,23.423483350559067,0.5125,Obsidian Shard,1.1426089439297107,2.5
Obsidian Shard,23.423483350559067,0.5125,Warlock's Sash,19.501384751682636,0.4835164835164835,Warlock's Sash,0.7359013113842505,1.8245905038357868
Chronos' Pendant,-9.262297917481849,0.4358974358974359,Spear of Desolation,12.199283275828774,0.5,Spear of Desolation,0.32103377041654674,1.3157894736842106
Book of Thoth,-13.611380834833684,0.4603174603174603,Rod of Tahuti,4.789702730074061,0.4909090909090909,Rod of Tahuti,0.14426815452030303,1.4786418400876231
Rod of Tahuti,4.789702730074061,0.4909090909090909,Divine Ruin,2.3468469447309643,0.45454545454545453,Divine Ruin,0.12894763432587716,2.4975024975024973
