Items_most_pop,Items_most_pop_L2,Items_most_pop_winrate,Items_L2,Items_L2_coef,Items_L2_winrate,Items_gold_adjusted_L2,Items_gold_adjusted_L2_coef,Items_gold_adjusted_L2_winrate
Warlock's Sash,-52.436727346243714,0.4583333333333333,Rod of Tahuti,166.31219892689842,0.5,Spear of the Magus,6.070708866614528,2.6578073089700998
Shoes of the Magi,69.51400124453843,0.5,Chronos' Pendant,136.63995658680227,0.49230769230769234,Chronos' Pendant,5.693331524450095,2.051282051282051
Rod of Tahuti,166.31219892689842,0.5,Spear of the Magus,130.52024063221234,0.5714285714285714,Rod of Tahuti,5.009403582135494,1.5060240963855422
Chronos' Pendant,136.63995658680227,0.49230769230769234,Spear of Desolation,115.41749788110785,0.55,Shoes of the Magi,4.344625077783652,3.125
Obsidian Shard,-30.274968331466788,0.4426229508196721,Shoes of the Magi,69.51400124453843,0.5,Spear of Desolation,3.0373025758186274,1.4473684210526316
Book of Thoth,3.138032758001193,0.4528301886792453,Rod of Asclepius,7.9469271079982455,0.391304347826087,Rod of Asclepius,0.2987566581954228,1.4710689767898006
