Items_most_pop,Items_most_pop_L2,Items_most_pop_winrate,Items_L2,Items_L2_coef,Items_L2_winrate,Items_gold_adjusted_L2,Items_gold_adjusted_L2_coef,Items_gold_adjusted_L2_winrate
Shoes of Focus,-0.12301499959492103,0.35294117647058826,Obsidian Shard,0.0052254178919821865,0.5454545454545454,Obsidian Shard,0.00025489843375522866,2.6607538802660753
Rod of Asclepius,-0.09858800461704303,0.3387096774193548,Book of Thoth,-0.009270885794351615,0.47058823529411764,Book of Thoth,-0.00034984474695666474,1.7758046614872365
Warlock's Sash,-0.10864749782256942,0.3103448275862069,Rod of Tahuti,-0.019706052320506026,0.375,Rod of Tahuti,-0.0005935557927863261,1.1295180722891567
Chronos' Pendant,-0.08899301466163914,0.29545454545454547,Divine Ruin,-0.019734552463687757,0.3333333333333333,Divine Ruin,-0.0010843160694333932,1.8315018315018314
Book of Thoth,-0.009270885794351615,0.47058823529411764,Lotus Crown,-0.029616139843110255,0.3333333333333333,Lotus Crown,-0.0014446897484444027,1.6260162601626016
Breastplate of Valor,-0.05927718820206466,0.3125,Shoes of the Magi,-0.04456855712638273,0.2857142857142857,Breastplate of Valor,-0.002577269052263681,1.358695652173913
