Items_most_pop,Items_most_pop_L2,Items_most_pop_winrate,Items_L2,Items_L2_coef,Items_L2_winrate,Items_gold_adjusted_L2,Items_gold_adjusted_L2_coef,Items_gold_adjusted_L2_winrate
Shoes of Focus,2.7347366371492865,0.4177215189873418,Lotus Crown,10.580198611922299,0.5555555555555556,Lotus Crown,0.5161072493620633,2.710027100271003
Rod of Asclepius,-2.178790718863621,0.40350877192982454,Warlock's Sash,6.056805506129568,0.4423076923076923,Obsidian Shard,0.2876818687702748,2.582496413199426
Warlock's Sash,6.056805506129568,0.4423076923076923,Obsidian Shard,5.897478309790634,0.5294117647058824,Warlock's Sash,0.228558698344512,1.6690856313497824
Chronos' Pendant,-1.6833450931454985,0.39473684210526316,Rod of Tahuti,5.248066869069097,0.5,Shoes of Focus,0.18231577580995242,2.7848101265822787
Book of Thoth,1.5404834614631817,0.41935483870967744,Shoes of Focus,2.7347366371492865,0.4177215189873418,Rod of Tahuti,0.15807430328521377,1.5060240963855422
Breastplate of Valor,-0.3794140190180364,0.42857142857142855,Void Stone,2.564267735946659,0.5,Void Stone,0.11655762436121175,2.272727272727273
