Relics_most_pop,Relics_most_pop_L2,Relics_most_pop_winrate,Relics_most_pop_wr_paired,Relics_L2,Relics_L2_coef,Relics_L2_winrate,Relics_L2_wr_paired
Relic,-12.4389286992767,0.2571428571428571,0.0,Curse,3.5464734719610425,0.7777777777777778,0.0
Sanctuary,-2.099214826906686,0.4032258064516129,,Sprint,2.7470327829931205,0.5882352941176471,
