,recommendations,win_rate,win_rate_per_cost
Starter Item,Soul Stone,,
Boots,Shoes of Focus,0.515738498789,3.20634920635
Item2,Book of Thoth,0.5094339622641509,1.67929353858
Item3,Warlock's Sash,0.5095057034220533,1.67929353858
Item4,Rod of Tahuti,0.5157384987893463,1.34039996302
Item5,Spear of the Magus,0.538461538462,2.50447227191
Item6,Soul Reaver,0.533333333333,1.81405895692
Relic1,Purification,0.516975308642,
Relic2,Sprint,0.534090909091,
