,recommendations,win_rate,win_rate_per_cost
Starter Item,Soul Stone,,
Boots,Shoes of the Magi,0.42700729927007297,3.01470588235
Item2,Chronos' Pendant,0.4823529411764706,2.00980392157
Item3,Rod of Tahuti,0.5380116959064327,1.45287030475
Item4,Book of Thoth,0.46632124352331605,1.82019977802
Item5,Divine Ruin,0.6,3.2967032967
Item6,Soul Reaver,0.552631578947,1.87969924812
Relic1,Sprint,0.763157894737,
Relic2,Purification,0.488888888889,
