Items_most_pop,Items_most_pop_L2,Items_most_pop_winrate,Items_L2,Items_L2_coef,Items_L2_winrate,Items_gold_adjusted_L2,Items_gold_adjusted_L2_coef,Items_gold_adjusted_L2_winrate
Shoes of the Magi,-0.13158212098583139,0.6129032258064516,Chronos' Pendant,28.484786803856625,0.6885245901639344,Chronos' Pendant,1.1868661168273595,2.8688524590163933
Warlock's Sash,-12.568260357479,0.5961538461538461,Divine Ruin,20.744940308088044,0.8,Divine Ruin,1.1398318850597826,4.395604395604396
Obsidian Shard,16.913086996832053,0.6382978723404256,Book of Thoth,18.99584654062044,0.6666666666666666,Obsidian Shard,0.8250286339918075,3.113648157758173
Book of Thoth,18.99584654062044,0.6666666666666666,Bancroft's Talon,18.782901287089164,0.7857142857142857,Bancroft's Talon,0.7826208869620485,3.2738095238095237
Rod of Tahuti,-41.570976390515256,0.5,Obsidian Shard,16.913086996832053,0.6382978723404256,Book of Thoth,0.7168243977592619,2.5157232704402515
Chronos' Pendant,28.484786803856625,0.6885245901639344,Soul Reaver,16.86318139617017,0.6956521739130435,Soul Reaver,0.5735775985091894,2.366163856847087
