Items_most_pop,Items_most_pop_L2,Items_most_pop_winrate,Items_L2,Items_L2_coef,Items_L2_winrate,Items_gold_adjusted_L2,Items_gold_adjusted_L2_coef,Items_gold_adjusted_L2_winrate
Shoes of the Magi,-0.232606265794275,0.49667774086378735,Rod of Tahuti,1.4849587966462352,0.5621468926553672,Rod of Tahuti,0.04472767459777817,1.6932135320944797
Warlock's Sash,0.6948086629624991,0.5210970464135021,Warlock's Sash,0.6948086629624991,0.5210970464135021,Warlock's Sash,0.02621919482877355,1.9664039487301967
Obsidian Shard,0.014161424576201244,0.5043478260869565,Chronos' Pendant,0.582791785436309,0.5243243243243243,Chronos' Pendant,0.024282991059846208,2.184684684684685
Book of Thoth,0.1719512960238452,0.5074257425742574,Spear of Desolation,0.4151495470826804,0.5697674418604651,Spear of the Magus,0.014412739628550985,2.5287875366899977
Chronos' Pendant,0.582791785436309,0.5243243243243243,Soul Reaver,0.3175714238359925,0.5390625,Spear of Desolation,0.010924988081123169,1.499388004895961
Rod of Tahuti,1.4849587966462352,0.5621468926553672,Spear of the Magus,0.3098739020138462,0.5436893203883495,Soul Reaver,0.010801749110067772,1.833545918367347
