Relics_most_pop,Relics_most_pop_L2,Relics_most_pop_winrate,Relics_most_pop_wr_paired,Relics_L2,Relics_L2_coef,Relics_L2_winrate,Relics_L2_wr_paired
Purification,61.63909215702527,0.5643564356435643,0.714285714286,Sprint,62.98199534544503,0.6666666666666666,0.714285714286
Sanctuary,37.588443313802564,0.5959595959595959,,Purification,61.63909215702527,0.5643564356435643,
