Items_most_pop,Items_most_pop_L2,Items_most_pop_winrate,Items_L2,Items_L2_coef,Items_L2_winrate,Items_gold_adjusted_L2,Items_gold_adjusted_L2_coef,Items_gold_adjusted_L2_winrate
Shoes of the Magi,16.812857953569065,0.625,Spear of the Magus,73.40992697294453,0.85,Spear of the Magus,3.4144152080439323,3.953488372093023
Obsidian Shard,-26.876960642010932,0.5824175824175825,Gem of Isolation,28.49959947078169,0.8,Gem of Isolation,1.0555407211400627,2.962962962962963
Warlock's Sash,2.730250514355875,0.6352941176470588,Shoes of the Magi,16.812857953569065,0.625,Shoes of the Magi,1.0508036220980665,3.90625
Book of Thoth,-29.121215948666425,0.5783132530120482,Spear of Desolation,10.759337541577848,0.625,Spear of Desolation,0.28314046162046974,1.644736842105263
Rod of Tahuti,-36.27356025419294,0.56,Soul Reaver,4.592002639641013,0.631578947368421,Soul Reaver,0.1561905659741841,2.1482277121374866
Chronos' Pendant,-32.82098876104043,0.5714285714285714,Warlock's Sash,2.730250514355875,0.6352941176470588,Warlock's Sash,0.10302832129644811,2.3973362930077693
