,recommendations,win_rate,win_rate_per_cost
Starter Item,Soul Stone,,
Boots,Shoes of the Magi,0.545454545455,2.68382352941
Item2,Book of Thoth,0.4375,1.50424690397
Item3,Rod of Tahuti,0.4634146341463415,1.20067900468
Item4,Obsidian Shard,0.4365079365079365,1.9445142905
Item5,Spear of the Magus,0.471698113208,2.19394471259
Item6,Spear of Desolation,0.429411764706,1.43540669856
Relic1,Sprint,0.519230769231,
Relic2,Meditation,0.454545454545,
