Relics_most_pop,Relics_most_pop_L2,Relics_most_pop_winrate,Relics_most_pop_wr_paired,Relics_L2,Relics_L2_coef,Relics_L2_winrate,Relics_L2_wr_paired
Meditation,-1.9676966450486384,0.4867021276595745,0.666666666667,Sprint,32.01319823171778,0.5904761904761905,0.666666666667
Relic,-164.88088710900885,0.4327485380116959,,Shell,16.707731808321462,0.4953271028037383,
