,recommendations,win_rate,win_rate_per_cost
Starter Item,Mark of the Vanguard,,
Boots,Shoes of the Magi,0.71568627451,4.47303921569
Item2,Sovereignty,0.6666666666666666,2.88873843376
Item3,Pestilence,0.6288659793814433,2.82155847019
Item4,Void Stone,0.6363636363636364,2.75743214132
Item5,Heartward Amulet,0.690265486726,3.28697850822
Item6,Witchblade,0.681818181818,3.32594235033
Relic1,Meditation,0.672985781991,
Relic2,Curse,0.66091954023,
