,recommendations,win_rate,win_rate_per_cost
Starter Item,Mark of the Vanguard,,
Boots,Shoes of the Magi,0.692307692308,4.32692307692
Item2,Breastplate of Valor,0.5636363636363636,1.91304347826
Item3,Sovereignty,0.5238095238095238,2.09523809524
Item4,Heartward Amulet,0.5,2.09523809524
Item5,Mystical Mail,0.563636363636,2.67489711934
Item6,Hide of the Urchin,0.489795918367,2.04081632653
Relic1,Sprint,0.571428571429,
Relic2,Shell,0.555555555556,
