Items_most_pop,Items_most_pop_L2,Items_most_pop_winrate,Items_L2,Items_L2_coef,Items_L2_winrate,Items_gold_adjusted_L2,Items_gold_adjusted_L2_coef,Items_gold_adjusted_L2_winrate
Shoes of Focus,8.117289977533071,0.5797101449275363,Sovereignty,23.1858391653469,0.7741935483870968,Sovereignty,1.1040875793022331,3.686635944700461
Breastplate of Valor,1.4951880379031315,0.5471698113207547,Heartward Amulet,21.071810628159486,0.7073170731707317,Heartward Amulet,1.0034195537218802,3.368176538908246
Heartward Amulet,21.071810628159486,0.7073170731707317,Winged Blade,10.479824300906644,0.7777777777777778,Winged Blade,0.566476989238197,4.2042042042042045
Bulwark of Hope,-16.365970965990613,0.40540540540540543,Pestilence,9.991580041312035,0.75,Shoes of Focus,0.5411526651688714,3.864734299516908
Hide of the Urchin,6.005927487144875,0.5882352941176471,Shoes of Focus,8.117289977533071,0.5797101449275363,Pestilence,0.46472465308428074,3.488372093023256
Void Stone,6.918401032682751,0.625,Void Stone,6.918401032682751,0.625,Void Stone,0.31447277421285236,2.840909090909091
