,recommendations,win_rate,win_rate_per_cost
Starter Item,Mark of the Vanguard,,
Boots,Shoes of the Magi,0.6,3.89150943396
Item2,Heartward Amulet,0.6333333333333333,2.96296296296
Item3,Breastplate of Valor,0.6116504854368932,2.70531400966
Item4,Void Stone,0.6222222222222222,2.82828282828
Item5,Gem of Isolation,0.611650485437,2.77777777778
Item6,Mystical Mail,0.622641509434,2.22222222222
Relic1,Sprint,0.671641791045,
Relic2,Shell,0.644444444444,
