Relics_most_pop,Relics_most_pop_L2,Relics_most_pop_winrate,Relics_most_pop_wr_paired,Relics_L2,Relics_L2_coef,Relics_L2_winrate,Relics_L2_wr_paired
Meditation,249.07664895555018,0.6033057851239669,1.0,Blink,861.9123421364352,0.6923076923076923,1.0
Relic,-818.3591010560002,0.5172413793103449,,Shell,801.7061675233931,0.6052631578947368,
