Relics_most_pop,Relics_most_pop_L2,Relics_most_pop_winrate,Relics_most_pop_wr_paired,Relics_L2,Relics_L2_coef,Relics_L2_winrate,Relics_L2_wr_paired
Meditation,-1.0608938479529897,0.4533333333333333,1.0,Sprint,0.8628744309833377,0.5714285714285714,1.0
Relic,-1.056183086200761,0.44776119402985076,,Shell,0.35383143317127125,0.5555555555555556,
