Items_most_pop,Items_most_pop_L2,Items_most_pop_winrate,Items_L2,Items_L2_coef,Items_L2_winrate,Items_gold_adjusted_L2,Items_gold_adjusted_L2_coef,Items_gold_adjusted_L2_winrate
Shoes of Focus,-17.013498798002686,0.38402061855670105,Void Stone,20.445928944121768,0.5089285714285714,Shoes of the Magi,0.9821541445508152,3.1504065040650406
Breastplate of Valor,15.79607250999208,0.44224422442244227,Heartward Amulet,17.949708554172425,0.44274809160305345,Void Stone,0.9293604065509893,2.313311688311688
Heartward Amulet,17.949708554172425,0.44274809160305345,Mystical Mail,16.985801548946,0.4701492537313433,Heartward Amulet,0.8547480263891631,2.108324245728826
Hide of the Urchin,-8.59813385165166,0.42213114754098363,Gem of Isolation,15.874829801299315,0.5,Breastplate of Valor,0.6867857613040035,1.9228009757497488
Void Stone,20.445928944121768,0.5089285714285714,Breastplate of Valor,15.79607250999208,0.44224422442244227,Mystical Mail,0.6291037610720741,1.7412935323383085
Bulwark of Hope,-18.520669542885663,0.386046511627907,Shoes of the Magi,15.714466312813041,0.5040650406504065,Gem of Isolation,0.5879566593073821,1.8518518518518519
