Relics_most_pop,Relics_most_pop_L2,Relics_most_pop_winrate,Relics_most_pop_wr_paired,Relics_L2,Relics_L2_coef,Relics_L2_winrate,Relics_L2_wr_paired
Relic,-13.394370143485082,0.47058823529411764,0.75,Sprint,13.75649963118126,0.7391304347826086,0.75
Meditation,5.297298342260516,0.5595238095238095,,Curse,6.489192133231655,0.6097560975609756,
