,recommendations,win_rate,win_rate_per_cost
Starter Item,Mark of the Vanguard,,
Boots,Shoes of Focus,0.672566371681,4.48377581121
Item2,Breastplate of Valor,0.6785714285714286,2.92420161601
Item3,Heartward Amulet,0.7230769230769231,3.20269700801
Item4,Void Stone,0.6935483870967742,3.05711987128
Item5,Hide of the Urchin,0.707317073171,2.64084507042
Item6,Bulwark of Hope,0.603448275862069,2.38989416183
Relic1,Relic,0.666666666667,
Relic2,Meditation,0.63,
