Items_most_pop,Items_most_pop_L2,Items_most_pop_winrate,Items_L2,Items_L2_coef,Items_L2_winrate,Items_gold_adjusted_L2,Items_gold_adjusted_L2_coef,Items_gold_adjusted_L2_winrate
Shoes of Focus,8.606397439865587,0.5833333333333334,Sovereignty,20.011658375706734,0.6436781609195402,Sovereignty,0.952936113128892,3.0651340996168583
Heartward Amulet,9.511083038282822,0.6119402985074627,Ethereal Staff,19.54689629065832,0.7941176470588235,Ethereal Staff,0.7239591218762341,2.9411764705882355
Breastplate of Valor,-1.3840026761520938,0.5606060606060606,Void Stone,14.38064995662194,0.6358024691358025,Void Stone,0.6536659071191792,2.8900112233445565
Sovereignty,20.011658375706734,0.6436781609195402,Heartward Amulet,9.511083038282822,0.6119402985074627,Shoes of Focus,0.5737598293243725,3.888888888888889
Hide of the Urchin,4.964413940713606,0.5963855421686747,Winged Blade,8.862614941161114,0.6739130434782609,Winged Blade,0.47906026708978994,3.6427732079905994
Void Stone,14.38064995662194,0.6358024691358025,Shoes of Focus,8.606397439865587,0.5833333333333334,Heartward Amulet,0.45290871610870576,2.914001421464108
