Relics_most_pop,Relics_most_pop_L2,Relics_most_pop_winrate,Relics_most_pop_wr_paired,Relics_L2,Relics_L2_coef,Relics_L2_winrate,Relics_L2_wr_paired
Meditation,-9.255334412739991,0.5284552845528455,0.785714285714,Sprint,30.699363643994026,0.6716417910447762,0.785714285714
Relic,-41.933544852150305,0.40476190476190477,,Shell,17.370932268156174,0.6444444444444445,
