Items_most_pop,Items_most_pop_L2,Items_most_pop_winrate,Items_L2,Items_L2_coef,Items_L2_winrate,Items_gold_adjusted_L2,Items_gold_adjusted_L2_coef,Items_gold_adjusted_L2_winrate
Shoes of Focus,13.644517213055634,0.5894039735099338,Shoes of the Magi,15.985485402592928,0.6507936507936508,Shoes of the Magi,0.999092837662058,4.067460317460317
Breastplate of Valor,-4.995901414226924,0.5590551181102362,Void Stone,14.49436447122537,0.625,Shoes of Focus,0.9096344808703757,3.9293598233995586
Bulwark of Hope,-30.553360880740293,0.5047619047619047,Witchblade,14.48092925907449,0.6666666666666666,Witchblade,0.7063867931255848,3.252032520325203
Heartward Amulet,3.4774682851985137,0.5961538461538461,Shoes of Focus,13.644517213055634,0.5894039735099338,Void Stone,0.6588347486920624,2.840909090909091
Hide of the Urchin,-9.552228310990985,0.550561797752809,Winged Blade,9.807019744277126,0.65,Winged Blade,0.5301091753663311,3.5135135135135136
Sovereignty,-8.051498370916908,0.5581395348837209,Gem of Isolation,7.720140542608464,0.6111111111111112,Gem of Isolation,0.2859311312077209,2.263374485596708
