,recommendations,win_rate,win_rate_per_cost
Starter Item,Mark of the Vanguard,,
Boots,Shoes of the Magi,0.857142857143,4.41176470588
Item2,Sovereignty,0.65,3.0303030303
Item3,Hide of the Urchin,0.6363636363636364,2.65151515152
Item4,Bulwark of Hope,0.6129032258064516,2.5202520252
Item5,Void Stone,0.75,3.40909090909
Item6,Magi's Blessing,0.777777777778,3.98671096346
Relic1,Thorns,1.0,
Relic2,Curse,0.692307692308,
