,recommendations,win_rate,win_rate_per_cost
Starter Item,Death's Toll,,
Boots,Ninja Tabi,0.705882352941,4.65408805031
Item2,Ichaival,0.7058823529411765,3.70736529906
Item3,Deathbringer,0.6607142857142857,1.96953781513
Item4,Transcendence,0.6285714285714286,2.42404654169
Item5,Wind Demon,0.818181818182,2.98273155416
Item6,Titan's Bane,0.698113207547,3.9911308204
Relic1,Purification,0.682926829268,
Relic2,Sprint,0.673913043478,
