Items_most_pop,Items_most_pop_L2,Items_most_pop_winrate,Items_L2,Items_L2_coef,Items_L2_winrate,Items_gold_adjusted_L2,Items_gold_adjusted_L2_coef,Items_gold_adjusted_L2_winrate
Warrior Tabi,-2.8888130941722325,0.5376569037656904,Hastened Fatalis,49.39472693031073,0.635,Hastened Fatalis,2.3081648098276046,2.967289719626168
Transcendence,-0.6242503677481481,0.5405405405405406,Wind Demon,34.66206142805987,0.6225165562913907,Titan's Bane,1.6297177034479715,3.358656537385046
Deathbringer,25.3570944829356,0.5907335907335908,Titan's Bane,33.409212920683416,0.6885245901639344,Wind Demon,1.3331562087715334,2.3942944472745795
Qin's Sais,2.1382188539288123,0.5413223140495868,Deathbringer,25.3570944829356,0.5907335907335908,Deathbringer,0.7924092025917375,1.846042471042471
The Executioner,-24.1519123259907,0.463302752293578,Asi,12.061837622360857,0.5657142857142857,Asi,0.6776313270989246,3.178170144462279
Ichaival,9.218270731663495,0.5450236966824644,Ichaival,9.218270731663495,0.5450236966824644,Ichaival,0.5422512195096173,3.2060217451909674
