,recommendations,win_rate,win_rate_per_cost
Starter Item,Death's Toll,,
Boots,Warrior Tabi,0.639175257732,3.71456500489
Item2,Ichaival,0.6463414634146342,3.08641975309
Item3,Deathbringer,0.6352201257861635,1.63966049383
Item4,Hastened Fatalis,0.5882352941176471,2.45182877582
Item5,Asi,0.635220125786,3.59087223445
Item6,Devourer's Gauntlet,0.588235294118,2.9933481153
Relic1,Blink,0.727272727273,
Relic2,Purification,0.598173515982,
