Items_most_pop,Items_most_pop_L2,Items_most_pop_winrate,Items_L2,Items_L2_coef,Items_L2_winrate,Items_gold_adjusted_L2,Items_gold_adjusted_L2_coef,Items_gold_adjusted_L2_winrate
Warrior Tabi,5.54207771200423,0.5483870967741935,Hastened Fatalis,11.744670952440678,0.6105263157894737,Ichaival,0.5688806159434614,3.372210953346856
Transcendence,9.000815741015886,0.5607843137254902,Deathbringer,11.570403799238155,0.6071428571428571,Hastened Fatalis,0.5488163996467607,2.852926709296606
Deathbringer,11.570403799238155,0.6071428571428571,Ichaival,9.670970471038844,0.5732758620689655,Deathbringer,0.3615751187261924,1.8973214285714286
The Executioner,-8.714722522559484,0.5042016806722689,Transcendence,9.000815741015886,0.5607843137254902,Warrior Tabi,0.3575534007744665,3.5379812695109263
Ichaival,9.670970471038844,0.5732758620689655,Bloodforge,8.840181016034107,0.5738636363636364,Transcendence,0.3461852208083033,2.156862745098039
Qin's Sais,4.314617397170155,0.5645933014354066,Wind Demon,6.18346130907741,0.6040268456375839,Bloodforge,0.3101817900362845,2.0135566188197767
