Relics_most_pop,Relics_most_pop_L2,Relics_most_pop_winrate,Relics_most_pop_wr_paired,Relics_L2,Relics_L2_coef,Relics_L2_winrate,Relics_L2_wr_paired
Sanctuary,26.999819504396115,0.5768025078369906,0.777777777778,Sprint,39.74719974621097,0.6739130434782609,0.777777777778
Purification,29.549674370286976,0.5882352941176471,,Purification,29.549674370286976,0.5882352941176471,
