,recommendations,win_rate,win_rate_per_cost
Starter Item,Death's Toll,,
Boots,Ninja Tabi,0.611111111111,3.85964912281
Item2,Qin's Sais,0.6712328767123288,2.2633744856
Item3,Deathbringer,0.6630434782608695,1.90972222222
Item4,Ichaival,0.6111111111111112,3.59477124183
Item5,Soul Eater,0.663043478261,3.87096774194
Item6,Devourer's Gauntlet,0.6,2.92682926829
Relic1,Sanctuary,0.625,
Relic2,Blink,0.740740740741,
