,recommendations,win_rate,win_rate_per_cost
Starter Item,Death's Toll,,
Boots,Ninja Tabi,0.524590163934,3.31313131313
Item2,Qin's Sais,0.5454545454545454,1.56754264638
Item3,Deathbringer,0.5446808510638298,1.32261410788
Item4,Ichaival,0.48031496062992124,2.48962655602
Item5,Wind Demon,0.589928057554,2.26895406752
Item6,Soul Eater,0.52380952381,2.62295081967
Relic1,Blink,0.785714285714,
Relic2,Purification,0.519181585678,
