,recommendations,win_rate,win_rate_per_cost
Starter Item,Death's Toll,,
Boots,Warrior Tabi,0.694805194805,4.48261416003
Item2,Qin's Sais,0.7297297297297297,2.57335257335
Item3,Deathbringer,0.6526315789473685,2.17126623377
Item4,The Executioner,0.6756756756756757,3.08802308802
Item5,Ichaival,0.724637681159,4.17457305503
Item6,Bloodforge,0.709677419355,2.54258835495
Relic1,Sanctuary,0.698324022346,
Relic2,Purification,0.757142857143,
