,recommendations,win_rate,win_rate_per_cost
Starter Item,Death's Toll,,
Boots,Warrior Tabi,0.5369127516778524,3.22580645161
Item2,Ichaival,0.56,2.94117647059
Item3,Transcendence,0.5955056179775281,1.92307692308
Item4,Asi,0.5294117647058824,2.80898876404
Item5,Bloodforge,0.714285714286,2.50626566416
Item6,Soul Eater,0.666666666667,2.66666666667
Relic1,Curse,0.714285714286,
Relic2,Meditation,0.666666666667,
