,recommendations,win_rate,win_rate_per_cost
Starter Item,Death's Toll,,
Boots,Ninja Tabi,0.659574468085,4.05797101449
Item2,Transcendence,0.504,1.94894791307
Item3,Asi,0.5772357723577236,2.84677785056
Item4,Qin's Sais,0.5576923076923077,1.87676465703
Item5,Hastened Fatalis,0.608695652174,3.08212368264
Item6,Brawler's Beat Stick,0.657142857143,2.7380952381
Relic1,Sprint,0.583333333333,
Relic2,Meditation,0.52380952381,
