Items_most_pop,Items_most_pop_L2,Items_most_pop_winrate,Items_L2,Items_L2_coef,Items_L2_winrate,Items_gold_adjusted_L2,Items_gold_adjusted_L2_coef,Items_gold_adjusted_L2_winrate
Warrior Tabi,-33.56305934478252,0.4451219512195122,Ichaival,54.47798643974061,0.5308641975308642,Ichaival,3.2045874376318,3.122730573710966
Qin's Sais,7.379394827001957,0.44680851063829785,Hastened Fatalis,48.12625499631988,0.5348837209302325,Ninja Tabi,2.890150134517126,3.7037037037037037
Transcendence,-20.31000881307289,0.42696629213483145,Ninja Tabi,43.35225201775689,0.5555555555555556,Asi,2.3753524122653658,2.6813074565883555
Asi,42.28127293832351,0.4772727272727273,Asi,42.28127293832351,0.4772727272727273,Hastened Fatalis,2.248890420388779,2.4994566398608997
The Executioner,22.48713732405758,0.4642857142857143,Soul Eater,36.16200342458566,0.45161290322580644,Soul Eater,1.8081001712292832,2.2580645161290325
Ichaival,54.47798643974061,0.5308641975308642,The Executioner,22.48713732405758,0.4642857142857143,The Executioner,0.9994283255136702,2.0634920634920637
