,recommendations,win_rate,win_rate_per_cost
Starter Item,Death's Toll,,
Boots,Warrior Tabi,0.49387755102040815,3.53798126951
Item2,Qin's Sais,0.562874251497006,2.03106332139
Item3,Ichaival,0.5483870967741935,3.22580645161
Item4,Asi,0.5461538461538461,3.08082638637
Item5,Deathbringer,0.564516129032,1.76411290323
Item6,Devourer's Gauntlet,0.509433962264,2.48504371836
Relic1,Sprint,0.68,
Relic2,Sanctuary,0.521531100478,
