,recommendations,win_rate,win_rate_per_cost
Starter Item,Death's Toll,,
Boots,Warrior Tabi,0.4413145539906103,2.72269902338
Item2,Asi,0.46551724137931033,2.37088959901
Item3,Ichaival,0.44881889763779526,2.48246087426
Item4,Transcendence,0.42201834862385323,1.62314749471
Item5,Hastened Fatalis,0.604651162791,2.82547272332
Item6,Rage,0.461538461538,1.92307692308
Relic1,Sanctuary,0.48,
Relic2,Sprint,0.521739130435,
