,recommendations,win_rate,win_rate_per_cost
Starter Item,Death's Toll,,
Boots,Warrior Tabi,0.534201954397,3.44646422192
Item2,Asi,0.5846153846153846,3.01151773449
Item3,Qin's Sais,0.5728395061728395,1.98537095089
Item4,Ichaival,0.5603715170278638,3.15323621612
Item5,Titan's Bane,0.61581920904,3.00399614166
Item6,Hastened Fatalis,0.579268292683,2.70686118076
Relic1,Purification,0.556302521008,
Relic2,Sanctuary,0.562624254473,
