,recommendations,win_rate,win_rate_per_cost
Starter Item,Death's Toll,,
Boots,Warrior Tabi,0.35807860262008734,2.53004427577
Item2,Qin's Sais,0.4097222222222222,1.45243282498
Item3,Ichaival,0.38113207547169814,2.30680507497
Item4,The Executioner,0.39215686274509803,1.74291938998
Item5,Titan's Bane,0.409722222222,2.32815964523
Item6,Deathbringer,0.473684210526,1.48026315789
Relic1,Sanctuary,0.44014084507,
Relic2,Sprint,0.52380952381,
