Relics_most_pop,Relics_most_pop_L2,Relics_most_pop_winrate,Relics_most_pop_wr_paired,Relics_L2,Relics_L2_coef,Relics_L2_winrate,Relics_L2_wr_paired
Sanctuary,2.0749607365009504,0.573170731707317,0.75,Sprint,7.181200432641402,0.7894736842105263,0.75
Purification,4.811556833295727,0.5945945945945946,,Purification,4.811556833295727,0.5945945945945946,
