,recommendations,win_rate,win_rate_per_cost
Starter Item,Death's Toll,,
Boots,Warrior Tabi,0.41624365482233505,2.71819223841
Item2,Ichaival,0.5175879396984925,2.47835174679
Item3,Qin's Sais,0.4607142857142857,1.56044369242
Item4,Asi,0.4266666666666667,2.36696515143
Item5,Titan's Bane,0.513043478261,2.50265111347
Item6,Hastened Fatalis,0.48623853211,2.27214267341
Relic1,Sprint,0.52,
Relic2,Sanctuary,0.446808510638,
