,recommendations,win_rate,win_rate_per_cost
Starter Item,Death's Toll,,
Boots,Warrior Tabi,0.40604026845637586,2.37191650854
Item2,Ichaival,0.43147208121827413,2.16262975779
Item3,The Executioner,0.4049079754601227,1.6339869281
Item4,Transcendence,0.36764705882352944,1.41402714932
Item5,Wind Demon,0.492537313433,1.89437428243
Item6,Bloodforge,0.473684210526,1.6620498615
Relic1,Sprint,0.604166666667,
Relic2,Sanctuary,0.445833333333,
