Items_most_pop,Items_most_pop_L2,Items_most_pop_winrate,Items_L2,Items_L2_coef,Items_L2_winrate,Items_gold_adjusted_L2,Items_gold_adjusted_L2_coef,Items_gold_adjusted_L2_winrate
Warrior Tabi,-1.5666202320618703,0.4823232323232323,Soul Eater,18.23678483185546,0.5555555555555556,Soul Eater,0.911839241592773,2.7777777777777777
Qin's Sais,9.564059436411206,0.5145985401459854,Bloodforge,14.195959474800299,0.5471698113207547,Ichaival,0.538928276250179,3.027681660899654
Transcendence,-18.800155838503503,0.42735042735042733,Titan's Bane,10.594576345827731,0.5663716814159292,Titan's Bane,0.5168086022354991,2.762788689833801
Asi,-25.474261707965738,0.45132743362831856,Qin's Sais,9.564059436411206,0.5145985401459854,Bloodforge,0.49810384122106316,1.9198940748096656
Ichaival,9.161780696253043,0.5147058823529411,Ichaival,9.161780696253043,0.5147058823529411,Qin's Sais,0.35422442357078543,1.9059205190592052
The Executioner,3.9181548811274216,0.5026737967914439,The Executioner,3.9181548811274216,0.5026737967914439,The Executioner,0.17414021693899653,2.2341057635175283
