Items_most_pop,Items_most_pop_L2,Items_most_pop_winrate,Items_L2,Items_L2_coef,Items_L2_winrate,Items_gold_adjusted_L2,Items_gold_adjusted_L2_coef,Items_gold_adjusted_L2_winrate
Warrior Tabi,-1.6447080385766852,0.4635036496350365,Devourer's Gauntlet,30.31001446076253,0.5138888888888888,Devourer's Gauntlet,1.478537290768904,2.5067750677506777
Qin's Sais,-6.157909139395424,0.5014044943820225,Asi,23.247914076011092,0.5,Asi,1.306062588539949,2.808988764044944
Asi,23.247914076011092,0.5,Hastened Fatalis,9.821374238476135,0.516728624535316,Ichaival,0.47867717415046895,2.7990378307456814
Transcendence,-2.1309467582857384,0.4469178082191781,Ichaival,8.137511960557973,0.4758364312267658,Hastened Fatalis,0.45894272142411846,2.4146197408192336
The Executioner,-10.242117269492402,0.46938775510204084,Ninja Tabi,5.705359680070063,0.46808510638297873,Ninja Tabi,0.3803573120046709,3.120567375886525
Ichaival,8.137511960557973,0.4758364312267658,Bloodforge,1.7166940003965805,0.4453125,Bloodforge,0.06023487720689756,1.5625
