,recommendations,win_rate,win_rate_per_cost
Starter Item,Death's Toll,,
Boots,Ninja Tabi,0.777777777778,5.18518518519
Item2,Qin's Sais,0.5671641791044776,1.61443494777
Item3,Transcendence,0.5396825396825397,1.67652859961
Item4,Ichaival,0.5064935064935064,2.5641025641
Item5,Soul Eater,0.6,3.0
Item6,Rage,0.565217391304,2.35507246377
Relic1,Sprint,0.809523809524,
Relic2,Purification,0.515463917526,
