Items_most_pop,Items_most_pop_L2,Items_most_pop_winrate,Items_L2,Items_L2_coef,Items_L2_winrate,Items_gold_adjusted_L2,Items_gold_adjusted_L2_coef,Items_gold_adjusted_L2_winrate
Warrior Tabi,2.2893696376291786,0.4293193717277487,Deathbringer,11.526744140940986,0.5294117647058824,Rage,0.42179205788121604,2.6041666666666665
Qin's Sais,6.032635092752675,0.47413793103448276,Rage,10.123009389149185,0.625,Deathbringer,0.3602107544044058,1.6544117647058822
Ichaival,-13.430507939943704,0.36633663366336633,Titan's Bane,6.203227888080194,0.509090909090909,Titan's Bane,0.3025964823453753,2.483370288248337
The Executioner,-14.075225536363508,0.37623762376237624,Qin's Sais,6.032635092752675,0.47413793103448276,Qin's Sais,0.2234309293612102,1.7560664112388251
Transcendence,-0.2691490970058981,0.41414141414141414,Bloodforge,5.462159483874179,0.5,Bloodforge,0.19165471873242731,1.7543859649122806
Asi,0.9930738781539734,0.43333333333333335,Soul Eater,3.010750332588833,0.4444444444444444,Soul Eater,0.15053751662944165,2.2222222222222223
