Items_most_pop,Items_most_pop_L2,Items_most_pop_winrate,Items_L2,Items_L2_coef,Items_L2_winrate,Items_gold_adjusted_L2,Items_gold_adjusted_L2_coef,Items_gold_adjusted_L2_winrate
Warrior Tabi,181.1957100651762,0.45563139931740615,Warrior Tabi,181.1957100651762,0.45563139931740615,Ninja Tabi,11.850460510936005,2.9201101928374658
Qin's Sais,-23.30345817574885,0.47680412371134023,Ninja Tabi,177.75690766404006,0.4380165289256198,Warrior Tabi,11.69004581065653,2.9395574149510075
Ichaival,29.49707821951566,0.5141065830721003,Ichaival,29.49707821951566,0.5141065830721003,Ichaival,1.7351222482068036,3.0241563710123547
Transcendence,-30.89714752542751,0.40822784810126583,Deathbringer,22.41438996348593,0.48148148148148145,Asi,0.9302872020272164,2.9518187011997714
Asi,16.559112196084453,0.5254237288135594,Wind Demon,17.863507705544038,0.5130434782608696,Deathbringer,0.7004496863589353,1.5046296296296295
The Executioner,-84.62861235673064,0.42517006802721086,Asi,16.559112196084453,0.5254237288135594,Wind Demon,0.6870579886747707,1.9732441471571907
