,recommendations,win_rate,win_rate_per_cost
Starter Item,Death's Toll,,
Boots,Warrior Tabi,0.605769230769,3.77042312526
Item2,Qin's Sais,0.634453781512605,2.23398001176
Item3,Ichaival,0.6031746031746031,3.54808590103
Item4,The Executioner,0.5828571428571429,2.68077601411
Item5,Bloodforge,0.603174603175,2.29586311458
Item6,Hastened Fatalis,0.582857142857,2.83069734004
Relic1,Sprint,0.701298701299,
Relic2,Sanctuary,0.600574712644,
