,recommendations,win_rate,win_rate_per_cost
Starter Item,Death's Toll,,
Boots,Warrior Tabi,0.709677419355,4.04971372713
Item2,Ichaival,0.7064220183486238,3.2967032967
Item3,Transcendence,0.6490066225165563,2.15553677092
Item4,Asi,0.65,3.1485368564
Item5,Hastened Fatalis,0.649006622517,3.13660222763
Item6,Titan's Bane,0.666666666667,3.25203252033
Relic1,Curse,0.842105263158,
Relic2,Sprint,0.6875,
