Items_most_pop,Items_most_pop_L2,Items_most_pop_winrate,Items_L2,Items_L2_coef,Items_L2_winrate,Items_gold_adjusted_L2,Items_gold_adjusted_L2_coef,Items_gold_adjusted_L2_winrate
Warrior Tabi,-21.49600519127812,0.5544041450777202,Devourer's Gauntlet,36.70225442528527,0.6875,Devourer's Gauntlet,1.7903538744041594,3.3536585365853657
Transcendence,9.854262543546954,0.5689655172413793,Deathbringer,32.26301696069277,0.6571428571428571,Ninja Tabi,1.594570858633805,4.571428571428571
Qin's Sais,27.047760965092486,0.6451612903225806,Qin's Sais,27.047760965092486,0.6451612903225806,Ichaival,1.5059287085458155,3.7187288708586883
Ichaival,25.600788045278865,0.632183908045977,Ichaival,25.600788045278865,0.632183908045977,Deathbringer,1.0082192800216492,2.0535714285714284
The Executioner,-21.343578389425243,0.5,Ninja Tabi,23.918562879507075,0.6857142857142857,Qin's Sais,1.0017689246330552,2.3894862604540026
Asi,1.443538947993391,0.5753424657534246,Titan's Bane,18.521491548885354,0.6666666666666666,Titan's Bane,0.9034873926285539,3.252032520325203
