Items_most_pop,Items_most_pop_L2,Items_most_pop_winrate,Items_L2,Items_L2_coef,Items_L2_winrate,Items_gold_adjusted_L2,Items_gold_adjusted_L2_coef,Items_gold_adjusted_L2_winrate
Warrior Tabi,6.41529189838774,0.6277056277056277,Ichaival,25.601931754142925,0.7064220183486238,Ichaival,1.505995985537819,4.155423637344846
Transcendence,14.42899324485414,0.6490066225165563,Transcendence,14.42899324485414,0.6490066225165563,Hastened Fatalis,0.6024213897073928,3.1366022276277046
Qin's Sais,-1.5142017309371765,0.6183206106870229,Hastened Fatalis,12.891817739738206,0.6712328767123288,Transcendence,0.5549612786482362,2.49617931737137
Ichaival,25.601931754142925,0.7064220183486238,Titan's Bane,10.279801763940572,0.6666666666666666,Titan's Bane,0.5014537445824669,3.252032520325203
The Executioner,-10.009461606871104,0.5604395604395604,Wind Demon,8.427345079071962,0.7096774193548387,Warrior Tabi,0.4138897998959832,4.049713727133082
Asi,6.405372016420754,0.65,Warrior Tabi,6.41529189838774,0.6277056277056277,Asi,0.3598523604730761,3.651685393258427
