Items_most_pop,Items_most_pop_L2,Items_most_pop_winrate,Items_L2,Items_L2_coef,Items_L2_winrate,Items_gold_adjusted_L2,Items_gold_adjusted_L2_coef,Items_gold_adjusted_L2_winrate
Warrior Tabi,2.675696766461219,0.5263870094722598,Asi,8.022283183358937,0.578125,Ichaival,0.46841823168710073,3.356501101881675
Transcendence,-0.6574540838629993,0.5102459016393442,Ichaival,7.963109938680713,0.5706051873198847,Asi,0.4506900664808391,3.2478932584269664
Qin's Sais,6.418403069687871,0.5622119815668203,Qin's Sais,6.418403069687871,0.5622119815668203,Titan's Bane,0.2651957583236906,2.9049054535489174
Ichaival,7.963109938680713,0.5706051873198847,Titan's Bane,5.436513045635656,0.5955056179775281,Qin's Sais,0.2377186322106619,2.0822665983956306
Asi,8.022283183358937,0.578125,Warrior Tabi,2.675696766461219,0.5263870094722598,Warrior Tabi,0.17262559783620765,3.396045222401676
The Executioner,-2.913064108362284,0.5,Deathbringer,0.7156454703641306,0.531496062992126,Hastened Fatalis,0.02587997199255284,2.44654303469198
