,recommendations,win_rate,win_rate_per_cost
Starter Item,Death's Toll,,
Boots,Warrior Tabi,0.5531135531135531,4.01192735159
Item2,Qin's Sais,0.611764705882353,2.30314347961
Item3,The Executioner,0.6218487394957983,2.76377217554
Item4,Ichaival,0.5864661654135338,3.65793376174
Item5,Wind Demon,0.724137931034,2.78514588859
Item6,Bloodforge,0.586466165414,2.24780701754
Relic1,Sprint,0.698113207547,
Relic2,Curse,0.818181818182,
