,recommendations,win_rate,win_rate_per_cost
Starter Item,Death's Toll,,
Boots,Warrior Tabi,0.5357142857142857,3.39558573854
Item2,Asi,0.6020408163265306,2.95683027794
Item3,Ichaival,0.5643564356435643,3.0959752322
Item4,Transcendence,0.5578231292517006,2.02429149798
Item5,Soul Eater,0.564356435644,3.10810810811
Item6,Qin's Sais,0.566666666667,2.0987654321
Relic1,Sanctuary,0.567010309278,
Relic2,Sprint,0.675,
