Items_most_pop,Items_most_pop_L2,Items_most_pop_winrate,Items_L2,Items_L2_coef,Items_L2_winrate,Items_gold_adjusted_L2,Items_gold_adjusted_L2_coef,Items_gold_adjusted_L2_winrate
Warrior Tabi,4.913451268856735,0.5697211155378487,Transcendence,19.728783742036587,0.5648414985590778,Transcendence,0.758799374693715,2.172467302150299
Transcendence,19.728783742036587,0.5648414985590778,The Executioner,14.78029524838331,0.6062176165803109,The Executioner,0.6569020110392583,2.694300518134715
Qin's Sais,12.288107783178969,0.6105263157894737,Qin's Sais,12.288107783178969,0.6105263157894737,Qin's Sais,0.45511510308070263,2.2612085769980506
Ichaival,-8.755768409947388,0.5570776255707762,Jotunn's Wrath,9.510193918322637,0.64,Jotunn's Wrath,0.3897620458328949,2.622950819672131
Asi,1.4823453965738678,0.594059405940594,Warrior Tabi,4.913451268856735,0.5697211155378487,Warrior Tabi,0.3169968560552733,3.6756201002441844
The Executioner,14.78029524838331,0.6062176165803109,Wind Demon,2.9939728692823677,0.5915492957746479,Wind Demon,0.11515280266470646,2.275189599133261
