Relics_most_pop,Relics_most_pop_L2,Relics_most_pop_winrate,Relics_most_pop_wr_paired,Relics_L2,Relics_L2_coef,Relics_L2_winrate,Relics_L2_wr_paired
Sanctuary,8.023571762303714,0.48484848484848486,1.0,Sprint,22.44486059355266,0.5257731958762887,1.0
Purification,6.8634915956563995,0.4816414686825054,,Curse,20.970696569658674,0.5333333333333333,
