,recommendations,win_rate,win_rate_per_cost
Starter Item,Death's Toll,,
Boots,Warrior Tabi,0.734693877551,4.73996050033
Item2,Qin's Sais,0.7619047619047619,2.72108843537
Item3,Transcendence,0.6956521739130435,2.82574568289
Item4,Ichaival,0.7407407407407407,4.32172869148
Item5,Asi,0.761904761905,5.13643659711
Item6,The Executioner,0.6938775510204082,3.12312312312
Relic1,Sanctuary,0.744680851064,
Relic2,Purification,0.736842105263,
