Items_most_pop,Items_most_pop_L2,Items_most_pop_winrate,Items_L2,Items_L2_coef,Items_L2_winrate,Items_gold_adjusted_L2,Items_gold_adjusted_L2_coef,Items_gold_adjusted_L2_winrate
Shoes of Focus,1.5171990022057362,0.5536480686695279,Sovereignty,6.76787873534353,0.5988023952095808,Sovereignty,0.32227993977826336,2.85143997718848
Heartward Amulet,5.374053593738788,0.5801886792452831,Heartward Amulet,5.374053593738788,0.5801886792452831,Heartward Amulet,0.2559073139875613,2.7628032345013476
Sovereignty,6.76787873534353,0.5988023952095808,Mantle of Discord,3.9798348006186797,0.6666666666666666,Reinforced Shoes,0.18974611065595387,4.44015444015444
Void Stone,1.8677167313569356,0.5655172413793104,Mystical Mail,3.819671321957221,0.5833333333333334,Shoes of the Magi,0.1888475535074793,3.7735849056603774
Breastplate of Valor,-0.3296206381197898,0.5422535211267606,Pestilence,3.5804322812076377,0.5925925925925926,Pestilence,0.16653173400965757,2.756244616709733
Mystical Mail,3.819671321957221,0.5833333333333334,Shoes of the Magi,3.021560856119669,0.6037735849056604,Mystical Mail,0.1414693082206378,2.1604938271604937
