Items_most_pop,Items_most_pop_L2,Items_most_pop_winrate,Items_L2,Items_L2_coef,Items_L2_winrate,Items_gold_adjusted_L2,Items_gold_adjusted_L2_coef,Items_gold_adjusted_L2_winrate
Shoes of Focus,7.988181786234305,0.5511811023622047,Void Stone,45.88285343396251,0.6923076923076923,Void Stone,2.085584246998296,3.1468531468531467
Heartward Amulet,23.477232098695026,0.576,Heartward Amulet,23.477232098695026,0.576,Heartward Amulet,1.1179634332711916,2.742857142857143
Sovereignty,0.531763046806584,0.5533980582524272,Mystical Mail,15.626703527846889,0.5862068965517241,Reinforced Shoes,0.6923668514640523,3.869047619047619
Breastplate of Valor,-6.466855106280953,0.5238095238095238,Reinforced Shoes,9.693135920496731,0.5416666666666666,Mystical Mail,0.5787667973276626,2.1711366538952745
Void Stone,45.88285343396251,0.6923076923076923,Shoes of Focus,7.988181786234305,0.5511811023622047,Shoes of Focus,0.5325454524156203,3.674540682414698
Mystical Mail,15.626703527846889,0.5862068965517241,Winged Blade,6.530840650091821,0.6666666666666666,Winged Blade,0.3530184135184768,3.6036036036036037
