Relics_most_pop,Relics_most_pop_L2,Relics_most_pop_winrate,Relics_most_pop_wr_paired,Relics_L2,Relics_L2_coef,Relics_L2_winrate,Relics_L2_wr_paired
Blink,18.631738986406315,0.48872180451127817,0.696202531646,Meditation,19.916484409519814,0.5416666666666666,0.696202531646
Relic,-60.08580763044965,0.3835978835978836,,Blink,18.631738986406315,0.48872180451127817,
