,recommendations,win_rate,win_rate_per_cost
Starter Item,Mark of the Vanguard,,
Boots,Shoes of Focus,0.571428571429,3.6170212766
Item2,Sovereignty,0.5714285714285714,2.58358662614
Item3,Void Stone,0.5877192982456141,2.46615087041
Item4,Heartward Amulet,0.5432098765432098,2.58358662614
Item5,Pestilence,0.615384615385,2.86225402504
Item6,Mystical Mail,0.5255474452554745,2.17673814165
Relic1,Blink,0.534782608696,
Relic2,Curse,0.642857142857,
