,recommendations,win_rate,win_rate_per_cost
Starter Item,Mark of the Vanguard,,
Boots,Shoes of the Magi,0.534351145038,3.33969465649
Item2,Sovereignty,0.503125,2.39583333333
Item3,Void Stone,0.511400651465798,2.28693181818
Item4,Mystical Mail,0.4898785425101215,1.86342592593
Item5,Pestilence,0.52,2.19557995089
Item6,Spirit Robe,0.472049689441,2.11382113821
Relic1,Sprint,0.546218487395,
Relic2,Blink,0.459459459459,
