Items_most_pop,Items_most_pop_L2,Items_most_pop_winrate,Items_L2,Items_L2_coef,Items_L2_winrate,Items_gold_adjusted_L2,Items_gold_adjusted_L2_coef,Items_gold_adjusted_L2_winrate
Shoes of Focus,17.79188696617968,0.5612244897959183,Winged Blade,31.23513414995669,0.7058823529411765,Winged Blade,1.6883856297273885,3.8155802861685215
Heartward Amulet,-8.617332054832431,0.5333333333333333,Pestilence,29.997541284469154,0.6,Pestilence,1.3952344783474024,2.7906976744186047
Pestilence,29.997541284469154,0.6,Gem of Isolation,24.189278345439003,0.7142857142857143,Shoes of Focus,1.186125797745312,3.741496598639456
Sovereignty,-2.107288060697628,0.5503875968992248,Void Stone,19.586618339221022,0.6176470588235294,Reinforced Shoes,0.9981991309786744,3.5714285714285716
Breastplate of Valor,8.096565181875516,0.559322033898305,Shoes of Focus,17.79188696617968,0.5612244897959183,Gem of Isolation,0.8958991979792222,2.6455026455026456
Void Stone,19.586618339221022,0.6176470588235294,Reinforced Shoes,13.974787833701441,0.5,Void Stone,0.8903008336009557,2.807486631016043
