Items_most_pop,Items_most_pop_L2,Items_most_pop_winrate,Items_L2,Items_L2_coef,Items_L2_winrate,Items_gold_adjusted_L2,Items_gold_adjusted_L2_coef,Items_gold_adjusted_L2_winrate
Shoes of Focus,-7.928821511139662,0.47770700636942676,Void Stone,29.20981087522833,0.5821727019498607,Void Stone,1.3277186761467423,2.6462395543175488
Heartward Amulet,-2.0458475987162106,0.5030800821355236,Sovereignty,20.462304716193383,0.5391923990498813,Sovereignty,0.9743954626758754,2.5675828526184823
Sovereignty,20.462304716193383,0.5391923990498813,Gem of Isolation,19.277588408177863,0.611764705882353,Gem of Isolation,0.7139847558584393,2.2657952069716774
Breastplate of Valor,0.8237742341031107,0.48184019370460046,Hide of the Urchin,10.819320152272146,0.5284552845528455,Winged Blade,0.5265771354225202,3.179650238473768
Void Stone,29.20981087522833,0.5821727019498607,Winged Blade,9.741677005316623,0.5882352941176471,Hide of the Urchin,0.45080500634467274,2.2018970189701896
Mystical Mail,-8.8907352844247,0.4954682779456193,Pestilence,4.130102957976652,0.5060728744939271,Reinforced Shoes,0.2501869105237815,3.6375661375661377
