,recommendations,win_rate,win_rate_per_cost
Starter Item,Mark of the Vanguard,,
Boots,Shoes of Focus,0.684210526316,4.2265795207
Item2,Heartward Amulet,0.671875,3.12339989759
Item3,Sovereignty,0.6754385964912281,3.12339989759
Item4,Void Stone,0.6559139784946236,2.98142717498
Item5,Pestilence,0.633986928105,3.182374541
Item6,Mystical Mail,0.6071428571428571,2.24867724868
Relic1,Blink,0.651315789474,
Relic2,Curse,0.714285714286,
