,recommendations,win_rate,win_rate_per_cost
Starter Item,Mark of the Vanguard,,
Boots,Shoes of Focus,0.5298507462686567,3.37182448037
Item2,Void Stone,0.5493230174081238,2.29897123662
Item3,Sovereignty,0.5510204081632653,2.40844605741
Item4,Heartward Amulet,0.5375170532060027,2.40844605741
Item5,Winged Blade,0.61320754717,3.42342342342
Item6,Pestilence,0.633333333333,2.57862393059
Relic1,Meditation,0.56401384083,
Relic2,Blink,0.523548740416,
