Items_most_pop,Items_most_pop_L2,Items_most_pop_winrate,Items_L2,Items_L2_coef,Items_L2_winrate,Items_gold_adjusted_L2,Items_gold_adjusted_L2_coef,Items_gold_adjusted_L2_winrate
Shoes of Focus,1.440929491610772,0.5242718446601942,Void Stone,2.1911498520856387,0.5692307692307692,Void Stone,0.09959772054934721,2.5874125874125875
Heartward Amulet,0.6898564966567226,0.51,Mystical Mail,1.5620287122765142,0.5441176470588235,Shoes of Focus,0.0960619661073848,3.495145631067961
Sovereignty,1.1303376986429619,0.524390243902439,Shoes of Focus,1.440929491610772,0.5242718446601942,Mystical Mail,0.05785291526950053,2.0152505446623095
Breastplate of Valor,0.5860009699101127,0.5147058823529411,Sovereignty,1.1303376986429619,0.524390243902439,Sovereignty,0.053825604697283896,2.497096399535424
Mystical Mail,1.5620287122765142,0.5441176470588235,Mantle of Discord,0.7378857693915355,0.6363636363636364,Heartward Amulet,0.03285030936460583,2.4285714285714284
Void Stone,2.1911498520856387,0.5692307692307692,Heartward Amulet,0.6898564966567226,0.51,Breastplate of Valor,0.025478303039570122,2.237851662404092
