,recommendations,win_rate,win_rate_per_cost
Starter Item,Soul Stone,,
Boots,Shoes of the Magi,0.3623853211009174,2.84090909091
Item2,Pythagorem's Piece,0.45454545454545453,1.89393939394
Item3,Demonic Grip,0.39325842696629215,1.99362041467
Item4,Telkhines Ring,0.39166666666666666,2.13903743316
Item5,Spear of the Magus,0.6,2.61627906977
Item6,Gem of Isolation,0.5625,2.22222222222
Relic1,Sprint,0.536585365854,
Relic2,Sanctuary,0.413978494624,
