,recommendations,win_rate,win_rate_per_cost
Starter Item,Soul Stone,,
Boots,Shoes of Focus,0.510416666667,3.65591397849
Item2,Rod of Tahuti,0.6326530612244898,1.66883751221
Item3,Telkhines Ring,0.5540540540540541,2.60731319555
Item4,Demonic Grip,0.5104166666666666,2.43006164059
Item5,Pythagorem's Piece,0.657142857143,2.7380952381
Item6,Gem of Isolation,0.666666666667,2.46913580247
Relic1,Sprint,0.684210526316,
Relic2,Meditation,0.588235294118,
