Items_most_pop,Items_most_pop_L2,Items_most_pop_winrate,Items_L2,Items_L2_coef,Items_L2_winrate,Items_gold_adjusted_L2,Items_gold_adjusted_L2_coef,Items_gold_adjusted_L2_winrate
Hastened Fatalis,3.0308955138011906,0.5340314136125655,Shoes of the Magi,3.032330964657969,0.543046357615894,Shoes of the Magi,0.18952068529112306,3.3940397350993377
Shoes of the Magi,3.032330964657969,0.543046357615894,Hastened Fatalis,3.0308955138011906,0.5340314136125655,Hastened Fatalis,0.14163063148603694,2.4954738953858198
Demonic Grip,1.7862352468900649,0.5333333333333333,Pythagorem's Piece,2.20531282879669,0.5952380952380952,Pythagorem's Piece,0.09188803453319543,2.4801587301587302
Telkhines Ring,-1.4764548180592791,0.4838709677419355,Spear of the Magus,1.9405443137540728,0.8,Spear of the Magus,0.09025787505832895,3.7209302325581395
Rod of Tahuti,1.4593347123541858,0.5538461538461539,Demonic Grip,1.7862352468900649,0.5333333333333333,Demonic Grip,0.07834365117938881,2.3391812865497075
Polynomicon,-3.233250981778485,0.43103448275862066,Bancroft's Talon,1.7425968258059386,0.575,Bancroft's Talon,0.07260820107524744,2.3958333333333335
