Items_most_pop,Items_most_pop_L2,Items_most_pop_winrate,Items_L2,Items_L2_coef,Items_L2_winrate,Items_gold_adjusted_L2,Items_gold_adjusted_L2_coef,Items_gold_adjusted_L2_winrate
Hastened Fatalis,11.708597511908783,0.5815602836879432,Gem of Isolation,18.88170841795984,0.7,Polynomicon,0.767409699373688,2.7027027027027026
Shoes of the Magi,2.547302872021193,0.5789473684210527,Polynomicon,17.650423085594824,0.6216216216216216,Gem of Isolation,0.6993225339985126,2.5925925925925926
Demonic Grip,0.7972992122371401,0.5777777777777777,Hastened Fatalis,11.708597511908783,0.5815602836879432,Hastened Fatalis,0.5471307248555506,2.7175714191025384
Telkhines Ring,-10.931866712792619,0.56,Pythagorem's Piece,7.645417741725479,0.6333333333333333,Pythagorem's Piece,0.318559072571895,2.638888888888889
Rod of Tahuti,-1.1254397341629356,0.6326530612244898,Shoes of the Magi,2.547302872021193,0.5789473684210527,Shoes of the Magi,0.15920642950132458,3.6184210526315788
Obsidian Shard,-0.716399546701817,0.5952380952380952,Demonic Grip,0.7972992122371401,0.5777777777777777,Demonic Grip,0.03496926369461141,2.53411306042885
