Relics_most_pop,Relics_most_pop_L2,Relics_most_pop_winrate,Relics_most_pop_wr_paired,Relics_L2,Relics_L2_coef,Relics_L2_winrate,Relics_L2_wr_paired
Purification,8.116670148296997,0.5667870036101083,0.833333333333,Sprint,9.419545745416755,0.775,0.833333333333
Sanctuary,4.082919660805481,0.5789473684210527,,Purification,8.116670148296997,0.5667870036101083,
