,recommendations,win_rate,win_rate_per_cost
Starter Item,Soul Stone,,
Boots,Shoes of Focus,0.571428571429,3.0
Item2,Demonic Grip,0.5333333333333333,2.27420402859
Item3,Telkhines Ring,0.5185185185185185,2.44008714597
Item4,Hastened Fatalis,0.4732142857142857,2.42298373139
Item5,Pythagorem's Piece,0.56,2.33333333333
Item6,Spear of the Magus,0.45,2.65780730897
Relic1,Sprint,0.777777777778,
Relic2,Sanctuary,0.526315789474,
