Relics_most_pop,Relics_most_pop_L2,Relics_most_pop_winrate,Relics_most_pop_wr_paired,Relics_L2,Relics_L2_coef,Relics_L2_winrate,Relics_L2_wr_paired
Purification,19.142729967475905,0.5141843971631206,0.875,Sprint,30.031688775348865,0.6065573770491803,0.875
Sanctuary,10.140262709099101,0.5207547169811321,,Purification,19.142729967475905,0.5141843971631206,
