Items_most_pop,Items_most_pop_L2,Items_most_pop_winrate,Items_L2,Items_L2_coef,Items_L2_winrate,Items_gold_adjusted_L2,Items_gold_adjusted_L2_coef,Items_gold_adjusted_L2_winrate
Hastened Fatalis,3.046458753561032,0.5336322869955157,Demonic Grip,7.499167214323181,0.5676567656765676,Shoes of Focus,0.4567755440383539,4.392156862745098
Shoes of the Magi,-5.0396463726183764,0.4986449864498645,Shoes of Focus,6.851633160575308,0.6588235294117647,Demonic Grip,0.3289108427334729,2.489722656476174
Demonic Grip,7.499167214323181,0.5676567656765676,Bancroft's Talon,4.329028346601587,0.6046511627906976,Bancroft's Talon,0.18037618110839942,2.5193798449612403
Telkhines Ring,1.5473806474170035,0.5317073170731708,Hastened Fatalis,3.046458753561032,0.5336322869955157,Obsidian Shard,0.14500050897871905,2.8071790151863785
Rod of Tahuti,-1.8822415714943517,0.5126582278481012,Obsidian Shard,2.9725104340637407,0.5754716981132075,Hastened Fatalis,0.14235788568042207,2.4936088177360545
Polynomicon,-2.949885275132304,0.48507462686567165,Spear of the Magus,1.9406174486971448,0.6176470588235294,Spear of the Magus,0.09026127668358813,2.8727770177838576
