Items_most_pop,Items_most_pop_L2,Items_most_pop_winrate,Items_L2,Items_L2_coef,Items_L2_winrate,Items_gold_adjusted_L2,Items_gold_adjusted_L2_coef,Items_gold_adjusted_L2_winrate
Warrior Tabi,-22.168917559281724,0.3924731182795699,Bloodforge,46.108228263840054,0.6129032258064516,Stone Cutting Sword,1.7575485439936318,2.2267206477732793
Jotunn's Wrath,13.429099183951498,0.4166666666666667,Stone Cutting Sword,45.696262143834424,0.5789473684210527,Titan's Bane,1.7326007458454717,2.310654685494223
Transcendence,-33.941356166081185,0.3732394366197183,Titan's Bane,35.51831528983217,0.47368421052631576,Bloodforge,1.6178325706610546,2.150537634408602
Hydra's Lament,7.164377781330741,0.4492753623188406,Malice,18.947380480565144,0.5882352941176471,Malice,0.6315793493521714,1.9607843137254901
Titan's Bane,35.51831528983217,0.47368421052631576,Jotunn's Wrath,13.429099183951498,0.4166666666666667,Jotunn's Wrath,0.5503729173750614,1.7076502732240437
Brawler's Beat Stick,-17.045033376826026,0.4444444444444444,Hydra's Lament,7.164377781330741,0.4492753623188406,Ninja Tabi,0.4764199191887079,3.111111111111111
