Relics_most_pop,Relics_most_pop_L2,Relics_most_pop_winrate,Relics_most_pop_wr_paired,Relics_L2,Relics_L2_coef,Relics_L2_winrate,Relics_L2_wr_paired
Sanctuary,10.240476215818282,0.5568862275449101,1.0,Sunder,49.60138352050296,0.9166666666666666,1.0
Purification,32.673362041941886,0.6190476190476191,,Purification,32.673362041941886,0.6190476190476191,
