,recommendations,win_rate,win_rate_per_cost
Starter Item,Death's Toll,,
Boots,Warrior Tabi,0.4418604651162791,2.79569892473
Item2,Transcendence,0.4606741573033708,1.66666666667
Item3,Hydra's Lament,0.4659090909090909,2.01550387597
Item4,Jotunn's Wrath,0.4473684210526316,1.77595628415
Item5,Qin's Sais,0.857142857143,3.1746031746
Item6,Heartseeker,0.583333333333,2.5641025641
Relic1,Purification,0.542372881356,
Relic2,Curse,0.714285714286,
