Relics_most_pop,Relics_most_pop_L2,Relics_most_pop_winrate,Relics_most_pop_wr_paired,Relics_L2,Relics_L2_coef,Relics_L2_winrate,Relics_L2_wr_paired
Sanctuary,-6.390968646749004,0.4626865671641791,0.0,Curse,10.366558316441141,0.631578947368421,0.0
Purification,1.8085002762088016,0.49038461538461536,,Sunder,8.870584224813289,0.7142857142857143,
