Relics_most_pop,Relics_most_pop_L2,Relics_most_pop_winrate,Relics_most_pop_wr_paired,Relics_L2,Relics_L2_coef,Relics_L2_winrate,Relics_L2_wr_paired
Sanctuary,37.41235184165462,0.46601941747572817,0.666666666667,Sanctuary,37.41235184165462,0.46601941747572817,0.666666666667
Purification,4.593718165511616,0.4225352112676056,,Sunder,31.50539719886143,0.7142857142857143,
