Items_most_pop,Items_most_pop_L2,Items_most_pop_winrate,Items_L2,Items_L2_coef,Items_L2_winrate,Items_gold_adjusted_L2,Items_gold_adjusted_L2_coef,Items_gold_adjusted_L2_winrate
Warrior Tabi,-8.315205773859947,0.46111111111111114,Bloodforge,17.310312443114423,0.6,Jotunn's Wrath,0.6301641348772741,2.002072734124741
Jotunn's Wrath,15.376004891005488,0.4885057471264368,Jotunn's Wrath,15.376004891005488,0.4885057471264368,Bloodforge,0.6073793839689271,2.1052631578947367
Hydra's Lament,-3.946189352714355,0.48148148148148145,Brawler's Beat Stick,13.791183841227953,0.5909090909090909,Brawler's Beat Stick,0.5746326600511648,2.462121212121212
Transcendence,3.579694578654243,0.48854961832061067,Transcendence,3.579694578654243,0.48854961832061067,Transcendence,0.1376805607174709,1.8790369935408104
Titan's Bane,-2.076895153864174,0.48760330578512395,Breastplate of Valor,2.343613233422603,0.5454545454545454,Ninja Tabi,0.12229411899036899,3.3333333333333335
Brawler's Beat Stick,13.791183841227953,0.5909090909090909,Ninja Tabi,1.8344117848555348,0.5,Breastplate of Valor,0.10189622754011318,2.3715415019762847
