Relics_most_pop,Relics_most_pop_L2,Relics_most_pop_winrate,Relics_most_pop_wr_paired,Relics_L2,Relics_L2_coef,Relics_L2_winrate,Relics_L2_wr_paired
Sanctuary,6.391648779861922,0.5090439276485789,0.616666666667,Purification,13.568085703341021,0.541958041958042,0.616666666667
Purification,13.568085703341021,0.541958041958042,,Sanctuary,6.391648779861922,0.5090439276485789,
