Items_most_pop,Items_most_pop_L2,Items_most_pop_winrate,Items_L2,Items_L2_coef,Items_L2_winrate,Items_gold_adjusted_L2,Items_gold_adjusted_L2_coef,Items_gold_adjusted_L2_winrate
Warrior Tabi,-31.427639509723775,0.4947916666666667,Titan's Bane,96.75776478762076,0.5873015873015873,Titan's Bane,4.719890965249793,2.86488579171506
Jotunn's Wrath,53.20834277262341,0.521978021978022,Jotunn's Wrath,53.20834277262341,0.521978021978022,Jotunn's Wrath,2.1806697857632544,2.139254188434516
Transcendence,16.67549518354495,0.5034013605442177,Masamune,35.58050579845576,0.5,Masamune,1.6172957181116252,2.272727272727273
Hydra's Lament,8.102236070970472,0.5214285714285715,Transcendence,16.67549518354495,0.5034013605442177,Transcendence,0.6413651993671134,1.936159079016222
Titan's Bane,96.75776478762076,0.5873015873015873,Hydra's Lament,8.102236070970472,0.5214285714285715,Heartseeker,0.37995624645561904,2.2222222222222223
Brawler's Beat Stick,-28.730819718107604,0.5,Heartseeker,6.8392124362011435,0.4,Hydra's Lament,0.3768481893474638,2.425249169435216
