,recommendations,win_rate,win_rate_per_cost
Starter Item,Mark of the Vanguard,,
Boots,Shoes of the Magi,0.641975308642,4.01234567901
Item2,Void Stone,0.6265060240963856,2.60695187166
Item3,Pestilence,0.5735294117647058,2.66757865937
Item4,Breastplate of Valor,0.5648148148148148,2.49360613811
Item5,Soul Reaver,0.638888888889,2.17309145881
Item6,Sovereignty,0.586206896552,2.79146141215
Relic1,Curse,0.631578947368,
Relic2,Shell,0.692307692308,
