Items_most_pop,Items_most_pop_L2,Items_most_pop_winrate,Items_L2,Items_L2_coef,Items_L2_winrate,Items_gold_adjusted_L2,Items_gold_adjusted_L2_coef,Items_gold_adjusted_L2_winrate
Shoes of Focus,22.27872979959478,0.581453634085213,Mystical Mail,42.39229044950877,0.6380368098159509,Shoes of the Magi,2.4331058586121967,4.104785478547854
Breastplate of Valor,19.78803129537082,0.5943152454780362,Sovereignty,42.13797000413343,0.6415094339622641,Sovereignty,2.00657000019683,3.054806828391734
Shoes of the Magi,38.92969373779515,0.6567656765676567,Shoes of the Magi,38.92969373779515,0.6567656765676567,Hide of the Nemean Lion,1.6342238312208663,2.8925619834710745
Void Stone,-14.112091665442259,0.6195286195286195,Hide of the Nemean Lion,35.95292428685906,0.6363636363636364,Mystical Mail,1.5700848314632876,2.363099295614633
Bulwark of Hope,-60.972228581946396,0.5426621160409556,Shoes of Focus,22.27872979959478,0.581453634085213,Shoes of Focus,1.4852486533063187,3.8763575605680867
Heartward Amulet,-26.909227723394135,0.6304347826086957,Breastplate of Valor,19.78803129537082,0.5943152454780362,Reinforced Shoes,1.1709856296603982,3.9285714285714284
