Relics_most_pop,Relics_most_pop_L2,Relics_most_pop_winrate,Relics_most_pop_wr_paired,Relics_L2,Relics_L2_coef,Relics_L2_winrate,Relics_L2_wr_paired
Meditation,0.13903270843834117,0.7058823529411765,0.9,Meditation,0.13903270843834117,0.7058823529411765,0.9
Relic,0.04431010184614727,0.5818181818181818,,Sprint,0.05970164369289323,0.7727272727272727,
