Relics_most_pop,Relics_most_pop_L2,Relics_most_pop_winrate,Relics_most_pop_wr_paired,Relics_L2,Relics_L2_coef,Relics_L2_winrate,Relics_L2_wr_paired
Meditation,16.68823314268505,0.6755162241887905,0.769230769231,Sprint,20.343206873696904,0.7410714285714286,0.769230769231
Relic,-23.72198101109019,0.5992063492063492,,Meditation,16.68823314268505,0.6755162241887905,
