,recommendations,win_rate,win_rate_per_cost
Starter Item,Mark of the Vanguard,,
Boots,Shoes of the Magi,0.693548387097,4.43548387097
Item2,Breastplate of Valor,0.6935483870967742,3.08555399719
Item3,Bulwark of Hope,0.6941176470588235,2.81060364101
Item4,Void Stone,0.6764705882352942,3.22580645161
Item5,Sovereignty,0.75,3.57142857143
Item6,Soul Reaver,0.8,2.72108843537
Relic1,Blink,0.851851851852,
Relic2,Meditation,0.698224852071,
