Items_most_pop,Items_most_pop_L2,Items_most_pop_winrate,Items_L2,Items_L2_coef,Items_L2_winrate,Items_gold_adjusted_L2,Items_gold_adjusted_L2_coef,Items_gold_adjusted_L2_winrate
Shoes of Focus,4.896626923493195,0.5414201183431953,Mystical Mail,45.77257157949103,0.6580645161290323,Mystical Mail,1.6952804288700383,2.4372759856630823
Breastplate of Valor,-20.930729621078232,0.5,Void Stone,26.71090259117869,0.6082474226804123,Sovereignty,1.2649972595493033,2.9577048210588583
Void Stone,26.71090259117869,0.6082474226804123,Sovereignty,26.564942450535366,0.6211180124223602,Void Stone,1.2141319359626679,2.7647610121836927
Shoes of the Magi,4.149082440699493,0.5871212121212122,Heartward Amulet,21.72534730781718,0.6194331983805668,Heartward Amulet,1.0345403479912942,2.949681897050318
Heartward Amulet,21.72534730781718,0.6194331983805668,Soul Reaver,6.327548360469463,0.5858585858585859,Shoes of Focus,0.32644179489954633,3.6094674556213016
Bulwark of Hope,-25.593246319633543,0.49173553719008267,Winged Blade,5.082183871238512,0.5348837209302325,Winged Blade,0.2747126416885682,2.8912633563796355
