Items_most_pop,Items_most_pop_L2,Items_most_pop_winrate,Items_L2,Items_L2_coef,Items_L2_winrate,Items_gold_adjusted_L2,Items_gold_adjusted_L2_coef,Items_gold_adjusted_L2_winrate
Shoes of Focus,1.2801700118450037,0.5578512396694215,Sovereignty,19.37396787835397,0.6545454545454545,Sovereignty,0.9225698989692367,3.116883116883117
Breastplate of Valor,0.009164394141345518,0.5459183673469388,Mantle of Discord,8.867775381804876,0.6111111111111112,Winged Blade,0.40807875941675414,3.4873583260680037
Bulwark of Hope,-8.800989602183412,0.5189873417721519,Winged Blade,7.549457049209951,0.6451612903225806,Witchblade,0.3551962555443276,3.252032520325203
Shoes of the Magi,1.3441533997407107,0.5616438356164384,Witchblade,7.281523238658716,0.6666666666666666,Heartward Amulet,0.28891710870093334,2.8871391076115485
Void Stone,4.613412346331951,0.5793103448275863,Heartward Amulet,6.067259282719601,0.6062992125984252,Mantle of Discord,0.2860572703808024,1.971326164874552
Hide of the Urchin,-0.9301751841305409,0.553030303030303,Void Stone,4.613412346331951,0.5793103448275863,Void Stone,0.20970056119690686,2.633228840125392
