Items_most_pop,Items_most_pop_L2,Items_most_pop_winrate,Items_L2,Items_L2_coef,Items_L2_winrate,Items_gold_adjusted_L2,Items_gold_adjusted_L2_coef,Items_gold_adjusted_L2_winrate
Breastplate of Valor,0.16506873970754835,0.6133333333333333,Shoes of Focus,0.2103171868479086,0.6524822695035462,Shoes of Focus,0.014021145789860573,4.349881796690307
Shoes of the Magi,0.06082356254980781,0.5460992907801419,Void Stone,0.1910022023314139,0.6585365853658537,Void Stone,0.008681918287791541,2.9933481152993346
Shoes of Focus,0.2103171868479086,0.6524822695035462,Breastplate of Valor,0.16506873970754835,0.6133333333333333,Breastplate of Valor,0.007176901726415146,2.6666666666666665
Void Stone,0.1910022023314139,0.6585365853658537,Pestilence,0.12133473587901751,0.6086956521739131,Pestilence,0.005643476087396163,2.8311425682507583
Pestilence,0.12133473587901751,0.6086956521739131,Mystical Mail,0.11290853720020459,0.676923076923077,Sovereignty,0.004420561625182449,3.0181086519114686
Hide of the Urchin,0.041785637937956054,0.5420560747663551,Sovereignty,0.09283179412883144,0.6338028169014085,Mystical Mail,0.004181797674081652,2.507122507122507
