,recommendations,win_rate,win_rate_per_cost
Starter Item,Mark of the Vanguard,,
Boots,Shoes of the Magi,0.618343195266,3.86464497041
Item2,Void Stone,0.6229050279329609,2.48792777661
Item3,Bulwark of Hope,0.5620915032679739,2.16769944893
Item4,Heartward Amulet,0.5645161290322581,2.60640052788
Item5,Sovereignty,0.6,2.85714285714
Item6,Gem of Isolation,0.616071428571,2.28174603175
Relic1,Sprint,0.625,
Relic2,Shell,0.608391608392,
