,recommendations,win_rate,win_rate_per_cost
Starter Item,Mark of the Vanguard,,
Boots,Shoes of the Magi,0.630952380952,3.99159663866
Item2,Void Stone,0.6229508196721312,2.61485826002
Item3,Pestilence,0.5882352941176471,2.67566891723
Item4,Breastplate of Valor,0.5864197530864198,2.50116877045
Item5,Heartward Amulet,0.638655462185,3.00453514739
Item6,Mystical Mail,0.622950819672,2.3776863283
Relic1,Curse,0.674796747967,
Relic2,Meditation,0.589861751152,
