Relics_most_pop,Relics_most_pop_L2,Relics_most_pop_winrate,Relics_most_pop_wr_paired,Relics_L2,Relics_L2_coef,Relics_L2_winrate,Relics_L2_wr_paired
Meditation,22.46880516884075,0.65311004784689,0.709090909091,Meditation,22.46880516884075,0.65311004784689,0.709090909091
Relic,-34.69053835802244,0.5807560137457045,,Sprint,17.967323546932413,0.6666666666666666,
