,recommendations,win_rate,win_rate_per_cost
Starter Item,Mark of the Vanguard,,
Boots,Shoes of Focus,0.666666666667,4.375
Item2,Void Stone,0.6935483870967742,3.15249266862
Item3,Bulwark of Hope,0.6666666666666666,2.74672628553
Item4,Heartward Amulet,0.6875,3.30261136713
Item5,Sovereignty,0.738095238095,3.51473922902
Item6,Mystical Mail,0.6875,2.46913580247
Relic1,Blink,1.0,
Relic2,Sprint,0.689655172414,
