Relics_most_pop,Relics_most_pop_L2,Relics_most_pop_winrate,Relics_most_pop_wr_paired,Relics_L2,Relics_L2_coef,Relics_L2_winrate,Relics_L2_wr_paired
Meditation,10.721117608680665,0.629661751951431,0.795454545455,Blink,18.155340905820267,0.7567567567567568,0.795454545455
Relic,-31.218396853567608,0.5664670658682635,,Meditation,10.721117608680665,0.629661751951431,
