Items_most_pop,Items_most_pop_L2,Items_most_pop_winrate,Items_L2,Items_L2_coef,Items_L2_winrate,Items_gold_adjusted_L2,Items_gold_adjusted_L2_coef,Items_gold_adjusted_L2_winrate
Shoes of Focus,10.718482907194666,0.5307017543859649,Genji's Guard,42.446788724118186,0.6470588235294118,Genji's Guard,1.9293994874599176,2.9411764705882355
Breastplate of Valor,12.88663705557473,0.5534246575342465,Mystical Mail,23.600980820455604,0.5882352941176471,Winged Blade,1.134654636117185,3.490990990990991
Void Stone,-3.879771272497714,0.5492957746478874,Winged Blade,20.991110768167925,0.6458333333333334,Mystical Mail,0.8741104007576149,2.178649237472767
Bulwark of Hope,-9.419395114998899,0.551094890510949,Sovereignty,16.64811650657844,0.5662100456621004,Shoes of the Magi,0.8511261394741492,3.5782442748091605
Shoes of the Magi,13.618018231586387,0.5725190839694656,Shoes of the Magi,13.618018231586387,0.5725190839694656,Sovereignty,0.7927674526942114,2.6962383126766687
Hide of the Urchin,-12.708543089344046,0.516,Breastplate of Valor,12.88663705557473,0.5534246575342465,Shoes of Focus,0.714565527146311,3.538011695906433
