,recommendations,win_rate,win_rate_per_cost
Starter Item,Bluestone Pendant,,
Boots,Warrior Tabi,0.846153846154,4.05719986698
Item2,Jotunn's Wrath,0.6451612903225806,2.57731958763
Item3,Stone of Gaia,0.6511627906976745,3.14432989691
Item4,Hide of the Urchin,0.6122448979591837,2.62027491409
Item5,Titan's Bane,0.628865979381,4.12757973734
Item6,Frostbound Hammer,0.692307692308,3.01003344482
Relic1,Sprint,0.708333333333,
Relic2,Meditation,0.648148148148,
