Items_most_pop,Items_most_pop_L2,Items_most_pop_winrate,Items_L2,Items_L2_coef,Items_L2_winrate,Items_gold_adjusted_L2,Items_gold_adjusted_L2_coef,Items_gold_adjusted_L2_winrate
Warrior Tabi,1.417827880624771,0.4891304347826087,Mantle of Discord,3.7864267486075804,0.6666666666666666,Stone of Gaia,0.1705588210930328,2.682926829268293
Jotunn's Wrath,2.8649843905941297,0.5178571428571429,Stone of Gaia,3.411176421860656,0.5365853658536586,Frostbound Hammer,0.14209164390353174,2.7950310559006213
Breastplate of Valor,-1.907520835214237,0.43902439024390244,Frostbound Hammer,3.2681078097812297,0.6428571428571429,Mantle of Discord,0.12214279834218002,2.150537634408602
Stone of Gaia,3.411176421860656,0.5365853658536586,Jotunn's Wrath,2.8649843905941297,0.5178571428571429,Jotunn's Wrath,0.11741739305713644,2.1223653395784545
Hide of the Urchin,-3.6992484182938443,0.41025641025641024,Hide of the Nemean Lion,2.309149895027001,0.6666666666666666,Hide of the Nemean Lion,0.10496135886486369,3.0303030303030303
Bulwark of Hope,0.8612291634915731,0.5,Titan's Bane,1.5148688281690645,0.5833333333333334,Warrior Tabi,0.09147276649192071,3.1556802244039273
