Relics_most_pop,Relics_most_pop_L2,Relics_most_pop_winrate,Relics_most_pop_wr_paired,Relics_L2,Relics_L2_coef,Relics_L2_winrate,Relics_L2_wr_paired
Meditation,-2.389033849535225,0.4112903225806452,0.5,Curse,3.2515811348755017,0.4827586206896552,0.5
Relic,-10.075737059972484,0.34234234234234234,,Shell,2.8017019000113454,0.5217391304347826,
