Items_most_pop,Items_most_pop_L2,Items_most_pop_winrate,Items_L2,Items_L2_coef,Items_L2_winrate,Items_gold_adjusted_L2,Items_gold_adjusted_L2_coef,Items_gold_adjusted_L2_winrate
Warrior Tabi,10.530454387438441,0.4566929133858268,Pestilence,20.786854647455847,0.5277777777777778,Pestilence,0.9668304487188767,2.454780361757106
Jotunn's Wrath,-11.935488957731918,0.4577777777777778,Frostbound Hammer,19.149502320101053,0.5161290322580645,Frostbound Hammer,0.8325870573956979,2.244039270687237
Breastplate of Valor,0.7116136103749038,0.44495412844036697,Gauntlet of Thebes,15.050999520608608,0.5217391304347826,Gauntlet of Thebes,0.7000464893306328,2.4266936299292214
Hide of the Urchin,-20.273783885332488,0.4260355029585799,Spirit Robe,14.516947246797166,0.5294117647058824,Warrior Tabi,0.6793841540282866,2.9464058928117858
Bulwark of Hope,-16.15261774256465,0.44025157232704404,Shifter's Shield,12.231552220316102,0.5161290322580645,Spirit Robe,0.5901198067803726,2.152080344332855
Stone of Gaia,-9.434046774882955,0.4276315789473684,Titan's Bane,11.81284616765129,0.5245901639344263,Titan's Bane,0.5762363984220142,2.5589764094362257
