,recommendations,win_rate,win_rate_per_cost
Starter Item,Bluestone Pendant,,
Boots,Reinforced Greaves,0.555555555556,3.28798185941
Item2,Jotunn's Wrath,0.4764705882352941,1.45018915511
Item3,Breastplate of Valor,0.43312101910828027,1.53846153846
Item4,Hide of the Urchin,0.41025641025641024,1.47435897436
Item5,Heartward Amulet,0.507246376812,2.442002442
Item6,Mantle of Discord,0.512820512821,1.63627863488
Relic1,Blink,0.644444444444,
Relic2,Purification,0.56338028169,
