,recommendations,win_rate,win_rate_per_cost
Starter Item,Bluestone Pendant,,
Boots,Reinforced Greaves,0.531468531469,4.04135338346
Item2,Jotunn's Wrath,0.5314685314685315,1.96682556292
Item3,Stone of Gaia,0.5294117647058824,2.39952718676
Item4,Breastplate of Valor,0.48623853211009177,2.08654537979
Item5,Shifter's Shield,0.541666666667,2.25694444444
Item6,Frostbound Hammer,0.529411764706,2.38294314381
Relic1,Thorns,0.708333333333,
Relic2,Shell,0.617021276596,
