,recommendations,win_rate,win_rate_per_cost
Starter Item,Bluestone Pendant,,
Boots,Warrior Tabi,0.446540880503,2.88090890647
Item2,Breastplate of Valor,0.52,1.91304347826
Item3,Jotunn's Wrath,0.45098039215686275,1.80327868852
Item4,Hide of the Urchin,0.44,1.83333333333
Item5,Spirit Robe,0.733333333333,2.9810298103
Item6,Mantle of Discord,0.583333333333,1.88172043011
Relic1,Curse,0.617021276596,
Relic2,Shell,0.888888888889,
