Items_most_pop,Items_most_pop_L2,Items_most_pop_winrate,Items_L2,Items_L2_coef,Items_L2_winrate,Items_gold_adjusted_L2,Items_gold_adjusted_L2_coef,Items_gold_adjusted_L2_winrate
Warrior Tabi,-5.668161888501726,0.35294117647058826,Heartward Amulet,21.97266971893354,0.6,Heartward Amulet,1.046317605663502,2.857142857142857
Jotunn's Wrath,-5.435723103135177,0.3557692307692308,Shield of Regrowth,10.779106399527452,0.5416666666666666,Shield of Regrowth,0.5988392444181917,3.009259259259259
Breastplate of Valor,0.3618178690104637,0.3522727272727273,Sovereignty,6.836107500863639,0.5238095238095238,Sovereignty,0.3255289286125542,2.494331065759637
Hide of the Urchin,-10.079763600892768,0.3356164383561644,Titan's Bane,5.3343889435327325,0.43636363636363634,Titan's Bane,0.2602140948064747,2.12860310421286
Stone of Gaia,-1.3147008252769168,0.373134328358209,Frostbound Hammer,4.966416486273983,0.42028985507246375,Frostbound Hammer,0.2159311515771297,1.8273471959672338
Bulwark of Hope,-26.69859264772072,0.2846153846153846,Shifter's Shield,4.7648599203904904,0.41935483870967744,Shifter's Shield,0.19853583001627043,1.7473118279569892
