Relics_most_pop,Relics_most_pop_L2,Relics_most_pop_winrate,Relics_most_pop_wr_paired,Relics_L2,Relics_L2_coef,Relics_L2_winrate,Relics_L2_wr_paired
Sanctuary,25.803330933000296,0.5208333333333334,0.602564102564,Purification,28.089388094470312,0.5227272727272727,0.602564102564
Purification,28.089388094470312,0.5227272727272727,,Sanctuary,25.803330933000296,0.5208333333333334,
