,recommendations,win_rate,win_rate_per_cost
Starter Item,Death's Toll,,
Boots,Ninja Tabi,0.552631578947,3.85964912281
Item2,Asi,0.5526315789473685,2.78721365735
Item3,Hastened Fatalis,0.5263157894736842,2.31833659349
Item4,Transcendence,0.49612403100775193,1.90816935003
Item5,Titan's Bane,0.684210526316,3.33761232349
Item6,Bloodforge,0.515151515152,1.80754917597
Relic1,Meditation,0.619047619048,
Relic2,Purification,0.511363636364,
