,recommendations,win_rate,win_rate_per_cost
Starter Item,Death's Toll,,
Boots,Ninja Tabi,0.5063291139240507,3.37552742616
Item2,Hastened Fatalis,0.5688073394495413,2.36602389684
Item3,Transcendence,0.5277777777777778,1.94741966894
Item4,Asi,0.5576923076923077,2.84454558384
Item5,Ichaival,0.581395348837,3.14401622718
Item6,Soul Eater,0.585365853659,2.90697674419
Relic1,Purification,0.570512820513,
Relic2,Sanctuary,0.5,
