Relics_most_pop,Relics_most_pop_L2,Relics_most_pop_winrate,Relics_most_pop_wr_paired,Relics_L2,Relics_L2_coef,Relics_L2_winrate,Relics_L2_wr_paired
Sanctuary,8.294392227087227,0.5068027210884354,0.846153846154,Sprint,21.735543526205614,0.6206896551724138,0.846153846154
Purification,14.809045339178105,0.5255813953488372,,Purification,14.809045339178105,0.5255813953488372,
