Items_most_pop,Items_most_pop_L2,Items_most_pop_winrate,Items_L2,Items_L2_coef,Items_L2_winrate,Items_gold_adjusted_L2,Items_gold_adjusted_L2_coef,Items_gold_adjusted_L2_winrate
Shoes of the Magi,2.7661078722024657,0.5157232704402516,Warlock's Sash,6.518441084214419,0.5364238410596026,Warlock's Sash,0.24597890883827997,2.024240909658878
Warlock's Sash,6.518441084214419,0.5364238410596026,Rod of Tahuti,4.078198243470734,0.5392156862745098,Shoes of the Magi,0.1728817420126541,3.2232704402515724
Obsidian Shard,3.5193571687525993,0.5255474452554745,Obsidian Shard,3.5193571687525993,0.5255474452554745,Obsidian Shard,0.17167595945134634,2.5636460744169485
Book of Thoth,-2.2302858499160547,0.4772727272727273,Shoes of the Magi,2.7661078722024657,0.5157232704402516,Rod of Tahuti,0.12283729649008235,1.6241436333569572
Rod of Tahuti,4.078198243470734,0.5392156862745098,Divine Ruin,1.6674137927904626,0.6363636363636364,Divine Ruin,0.09161614246101443,3.4965034965034967
Chronos' Pendant,-0.7945757404474606,0.4864864864864865,Doom Orb,1.188462484305821,0.5833333333333334,Doom Orb,0.05797377972223517,2.845528455284553
