,recommendations,win_rate,win_rate_per_cost
Starter Item,Soul Stone,,
Boots,Shoes of Focus,0.566878980892,3.77919320594
Item2,Book of Thoth,0.5835654596100278,2.08585771162
Item3,Chronos' Pendant,0.5601750547045952,2.30313455657
Item4,Obsidian Shard,0.565,2.6963526516
Item5,Warlock's Sash,0.560779816514,2.116150251
Item6,Rod of Tahuti,0.5700934579439252,1.68727426116
Relic1,Sprint,0.648648648649,
Relic2,Sanctuary,0.57292882147,
