,recommendations,win_rate,win_rate_per_cost
Starter Item,Soul Stone,,
Boots,Shoes of Focus,0.575609756098,4.0
Item2,Rod of Tahuti,0.5756097560975609,1.42516374222
Item3,Chronos' Pendant,0.5785714285714286,1.97147651007
Item4,Book of Thoth,0.5324074074074074,1.78548816006
Item5,Obsidian Shard,0.532407407407,2.54943290174
Item6,Soul Reaver,0.564102564103,1.91871620443
Relic1,Sanctuary,0.548172757475,
Relic2,Purification,0.517543859649,
