Items_most_pop,Items_most_pop_L2,Items_most_pop_winrate,Items_L2,Items_L2_coef,Items_L2_winrate,Items_gold_adjusted_L2,Items_gold_adjusted_L2_coef,Items_gold_adjusted_L2_winrate
Shoes of the Magi,2.8713903043052174,0.581453634085213,Obsidian Shard,19.621429681426093,0.6112676056338028,Obsidian Shard,0.9571429112890778,2.9817931982136723
Warlock's Sash,11.770296500133542,0.5949044585987261,Warlock's Sash,11.770296500133542,0.5949044585987261,Warlock's Sash,0.444162132080511,2.2449224852782117
Obsidian Shard,19.621429681426093,0.6112676056338028,Shoes of the Magi,2.8713903043052174,0.581453634085213,Shoes of the Magi,0.17946189401907608,3.6340852130325816
Book of Thoth,-1.4026698200610959,0.5886850152905199,Rod of Tahuti,-0.9396115137898443,0.5932835820895522,Rod of Tahuti,-0.028301551620176033,1.786998741233591
Rod of Tahuti,-0.9396115137898443,0.5932835820895522,Book of Thoth,-1.4026698200610959,0.5886850152905199,Book of Thoth,-0.052930936606079095,2.2214528878887543
Chronos' Pendant,-19.26628550244694,0.5465994962216625,Shoes of Focus,-2.312512268188943,0.5615942028985508,Spear of Desolation,-0.08723462730727893,1.4958448753462603
