,recommendations,win_rate,win_rate_per_cost
Starter Item,Vampiric Shroud,,
Boots,Shoes of Focus,0.642857142857,4.28571428571
Item2,Book of Thoth,0.6623376623376623,2.04737053392
Item3,Rod of Tahuti,0.6142857142857143,1.63419635991
Item4,Warlock's Sash,0.5824175824175825,2.04737053392
Item5,Spear of Desolation,0.575471698113,1.57894736842
Item6,Soul Reaver,0.652173913043,2.21827861579
Relic1,Purification,0.601851851852,
Relic2,Sanctuary,0.632183908046,
