,recommendations,win_rate,win_rate_per_cost
Starter Item,Bluestone Pendant,,
Boots,Warrior Tabi,0.5235124760076776,3.35381464414
Item2,Transcendence,0.5314942528735632,1.99938949939
Item3,Jotunn's Wrath,0.548728813559322,2.13049700755
Item4,Qin's Sais,0.5519125683060109,1.92533803645
Item5,Titan's Bane,0.599326599327,2.92354438696
Item6,Bloodforge,0.569014084507,1.99654064739
Relic1,Sanctuary,0.545154185022,
Relic2,Sprint,0.591885441527,
