,recommendations,win_rate,win_rate_per_cost
Starter Item,Bluestone Pendant,,
Boots,Warrior Tabi,0.636363636364,3.05210918114
Item2,The Executioner,0.5,2.06572769953
Item3,Transcendence,0.4647887323943662,1.78764897075
Item4,Qin's Sais,0.49,1.72143974961
Item5,Odysseus' Bow,0.473076923077,2.5974025974
Item6,Rage,0.536585365854,2.23577235772
Relic1,Sanctuary,0.501915708812,
Relic2,Sprint,0.559322033898,
