,recommendations,win_rate,win_rate_per_cost
Starter Item,Bluestone Pendant,,
Boots,Ninja Tabi,0.620689655172,4.44444444444
Item2,Asi,0.6206896551724138,2.91842988472
Item3,Qin's Sais,0.5636363636363636,1.924001924
Item4,Deathbringer,0.5614035087719298,1.62337662338
Item5,Brawler's Beat Stick,0.733333333333,3.05555555556
Item6,Malice,0.692307692308,2.30769230769
Relic1,Sanctuary,0.565217391304,
Relic2,Meditation,0.647058823529,
