Items_most_pop,Items_most_pop_L2,Items_most_pop_winrate,Items_L2,Items_L2_coef,Items_L2_winrate,Items_gold_adjusted_L2,Items_gold_adjusted_L2_coef,Items_gold_adjusted_L2_winrate
Transcendence,3.7522168365674373,0.4785276073619632,Bloodforge,22.94138782277085,0.5714285714285714,Odysseus' Bow,0.8653769414651495,2.3926812104152004
Warrior Tabi,2.83940780255552,0.476038338658147,Odysseus' Bow,21.201735065896163,0.5862068965517241,Bloodforge,0.8049609762375737,2.0050125313283207
Jotunn's Wrath,11.264093258227351,0.5034013605442177,Rage,14.964604870851636,0.5192307692307693,Rage,0.6235252029521515,2.1634615384615383
Deathbringer,7.520657137684053,0.5267175572519084,Wind Demon,12.211071298586772,0.5862068965517241,Wind Demon,0.4696565884071835,2.2546419098143238
The Executioner,-28.24378921604384,0.421875,Jotunn's Wrath,11.264093258227351,0.5034013605442177,Jotunn's Wrath,0.4616431663207931,2.063120330099253
Qin's Sais,3.4853845697792583,0.49606299212598426,Titan's Bane,7.7317408608294365,0.5238095238095238,Asi,0.4018889796601706,2.742108079186731
