Items_most_pop,Items_most_pop_L2,Items_most_pop_winrate,Items_L2,Items_L2_coef,Items_L2_winrate,Items_gold_adjusted_L2,Items_gold_adjusted_L2_coef,Items_gold_adjusted_L2_winrate
Transcendence,14.561303546263716,0.47110552763819097,Jotunn's Wrath,27.034038507143908,0.5402298850574713,Jotunn's Wrath,1.1079523978337669,2.214056905973243
Warrior Tabi,-7.763514442220494,0.4645161290322581,Transcendence,14.561303546263716,0.47110552763819097,Asi,0.7613021284138797,2.6149131767109295
Jotunn's Wrath,27.034038507143908,0.5402298850574713,Hastened Fatalis,13.60022927701415,0.4966887417218543,Hastened Fatalis,0.6355247325707547,2.3209754286067956
Qin's Sais,-3.226539961615281,0.48823529411764705,Asi,13.551177885767057,0.46545454545454545,Transcendence,0.5600501363947583,1.8119443370699653
The Executioner,-16.980918537325667,0.4349315068493151,Brawler's Beat Stick,10.05047133797897,0.5070422535211268,Titan's Bane,0.4410313540028549,2.531063046479521
Asi,13.551177885767057,0.46545454545454545,Titan's Bane,9.041142757058527,0.5188679245283019,Soul Eater,0.4397927524728441,2.278481012658228
