Items_most_pop,Items_most_pop_L2,Items_most_pop_winrate,Items_L2,Items_L2_coef,Items_L2_winrate,Items_gold_adjusted_L2,Items_gold_adjusted_L2_coef,Items_gold_adjusted_L2_winrate
Transcendence,3.7529759534574887,0.48034398034398035,Wind Demon,11.265413385796535,0.5980392156862745,Asi,0.583800911884867,2.9962546816479403
Warrior Tabi,-2.542894075644828,0.47477360931435963,Asi,10.391656231550632,0.5333333333333333,Ichaival,0.5159869377359596,3.12124849939976
Deathbringer,3.5983784209871166,0.5165165165165165,Ichaival,8.771777941511312,0.5306122448979592,Wind Demon,0.4332851302229436,2.300150829562594
Jotunn's Wrath,4.945848578629483,0.49538461538461537,Jotunn's Wrath,4.945848578629483,0.49538461538461537,Titan's Bane,0.20910085979533719,2.5609756097560976
Qin's Sais,3.552612237195882,0.5185185185185185,Hastened Fatalis,4.29428130146134,0.5182926829268293,Jotunn's Wrath,0.20269871223891323,2.030264817150063
The Executioner,-13.148736718371584,0.4392857142857143,Titan's Bane,4.2865676258044125,0.525,Hastened Fatalis,0.20066735053557663,2.4219284248917257
