Items_most_pop,Items_most_pop_L2,Items_most_pop_winrate,Items_L2,Items_L2_coef,Items_L2_winrate,Items_gold_adjusted_L2,Items_gold_adjusted_L2_coef,Items_gold_adjusted_L2_winrate
Transcendence,21.979425573840754,0.6358543417366946,The Executioner,24.99483579704754,0.664179104477612,The Executioner,1.1108815909798906,2.9519071310116085
Warrior Tabi,16.333000286348774,0.6388059701492538,Transcendence,21.979425573840754,0.6358543417366946,Warrior Tabi,1.0537419539579853,4.121328839672604
Deathbringer,-24.78862234190824,0.573170731707317,Malice,19.21315269544355,0.6551724137931034,Transcendence,0.8453625220707982,2.4455936220642105
Jotunn's Wrath,9.199490632158524,0.6234567901234568,Warrior Tabi,16.333000286348774,0.6388059701492538,Ichaival,0.7615886862458697,3.6874451273046533
Qin's Sais,6.4031363982169465,0.6423357664233577,Hastened Fatalis,15.257902352134552,0.625,Hastened Fatalis,0.7129860912212408,2.9205607476635516
The Executioner,24.99483579704754,0.664179104477612,Ichaival,12.947007666179786,0.6268656716417911,Malice,0.6404384231814517,2.1839080459770117
