Items_most_pop,Items_most_pop_L2,Items_most_pop_winrate,Items_L2,Items_L2_coef,Items_L2_winrate,Items_gold_adjusted_L2,Items_gold_adjusted_L2_coef,Items_gold_adjusted_L2_winrate
Warrior Tabi,15.603462159174548,0.5756013745704467,Brawler's Beat Stick,35.57994395787004,0.7076923076923077,Brawler's Beat Stick,1.4824976649112518,2.948717948717949
Transcendence,9.631572267131181,0.5736842105263158,Titan's Bane,22.236284808310007,0.6388888888888888,Titan's Bane,1.0846968199175613,3.116531165311653
Jotunn's Wrath,4.766119194671712,0.5983935742971888,Deathbringer,17.440486589270204,0.6085106382978723,Warrior Tabi,1.0066749780112612,3.7135572552932046
Deathbringer,17.440486589270204,0.6085106382978723,Warrior Tabi,15.603462159174548,0.5756013745704467,Deathbringer,0.5450152059146939,1.9015957446808511
Qin's Sais,9.934984339220328,0.591304347826087,Qin's Sais,9.934984339220328,0.591304347826087,Transcendence,0.37044508719735314,2.2064777327935223
The Executioner,-25.24674519358239,0.5305164319248826,Transcendence,9.631572267131181,0.5736842105263158,Qin's Sais,0.36796238293408623,2.1900161030595813
