Items_most_pop,Items_most_pop_L2,Items_most_pop_winrate,Items_L2,Items_L2_coef,Items_L2_winrate,Items_gold_adjusted_L2,Items_gold_adjusted_L2_coef,Items_gold_adjusted_L2_winrate
Warrior Tabi,22.60994575786079,0.4222035323801514,Soul Eater,28.92106656343368,0.49056603773584906,Warrior Tabi,1.4587061779265025,2.7238937572912993
Transcendence,-7.589147754680193,0.41086587436332767,Devourer's Gauntlet,24.637242964608276,0.4675324675324675,Soul Eater,1.4460533281716839,2.452830188679245
Jotunn's Wrath,11.73345189495238,0.43339960238568587,Warrior Tabi,22.60994575786079,0.4222035323801514,Devourer's Gauntlet,1.2018167299808915,2.2806461830852074
Qin's Sais,7.030669280976596,0.4582441113490364,Asi,21.197025537753458,0.4120603015075377,Asi,1.1908441313344638,2.3149455140872903
Deathbringer,-19.68754643982456,0.4053452115812918,Hastened Fatalis,15.319884305746653,0.44545454545454544,Hastened Fatalis,0.7158824441937688,2.0815632965165674
The Executioner,-3.26831114990394,0.40420560747663553,Jotunn's Wrath,11.73345189495238,0.43339960238568587,Ichaival,0.5324480233084874,2.473886750962067
