,recommendations,win_rate,win_rate_per_cost
Starter Item,Bluestone Pendant,,
Boots,Warrior Tabi,0.587458745875,3.56190014206
Item2,Transcendence,0.5502866076081292,2.11648695234
Item3,Qin's Sais,0.5720930232558139,2.0380985467
Item4,Jotunn's Wrath,0.5616113744075829,2.255272982
Item5,Asi,0.552094522019,3.300330033
Item6,Wind Demon,0.593457943925,2.28253055356
Relic1,Sprint,0.608923884514,
Relic2,Purification,0.572602739726,
