Relics_most_pop,Relics_most_pop_L2,Relics_most_pop_winrate,Relics_most_pop_wr_paired,Relics_L2,Relics_L2_coef,Relics_L2_winrate,Relics_L2_wr_paired
Purification,-4.548173898747736,0.41304347826086957,0.666666666667,Sprint,1.3041387999622445,0.5405405405405406,0.666666666667
Sanctuary,0.41736670486685934,0.4796747967479675,,Sanctuary,0.41736670486685934,0.4796747967479675,
