Relics_most_pop,Relics_most_pop_L2,Relics_most_pop_winrate,Relics_most_pop_wr_paired,Relics_L2,Relics_L2_coef,Relics_L2_winrate,Relics_L2_wr_paired
Sanctuary,6.19755414322203,0.5360406091370559,0.622641509434,Purification,16.916318045335053,0.5592991913746631,0.622641509434
Purification,16.916318045335053,0.5592991913746631,,Sprint,13.821939339624873,0.6086956521739131,
