Relics_most_pop,Relics_most_pop_L2,Relics_most_pop_winrate,Relics_most_pop_wr_paired,Relics_L2,Relics_L2_coef,Relics_L2_winrate,Relics_L2_wr_paired
Sanctuary,-0.14723649853086834,0.44816053511705684,0.0,Blink,0.015293576556751225,0.6153846153846154,0.0
Purification,-0.06295501702421867,0.4742647058823529,,Curse,-0.01465020558251537,0.4,
