Items_most_pop,Items_most_pop_L2,Items_most_pop_winrate,Items_L2,Items_L2_coef,Items_L2_winrate,Items_gold_adjusted_L2,Items_gold_adjusted_L2_coef,Items_gold_adjusted_L2_winrate
Gem of Isolation,21.53127529542337,0.6037151702786377,Gem of Isolation,21.53127529542337,0.6037151702786377,Gem of Isolation,0.7974546405712359,2.2359821121431027
Shoes of the Magi,10.038907964509388,0.5799373040752351,Warlock's Sash,17.433747615302124,0.6026200873362445,Hastened Fatalis,0.6622704391630805,2.9513034923757995
Obsidian Shard,-10.554012951476345,0.559322033898305,Hastened Fatalis,14.172587398089922,0.631578947368421,Warlock's Sash,0.6578772685019669,2.274038065419791
Warlock's Sash,17.433747615302124,0.6026200873362445,Shoes of the Magi,10.038907964509388,0.5799373040752351,Shoes of the Magi,0.6274317477818367,3.6246081504702192
Chronos' Pendant,4.757982121631498,0.5810055865921788,Chronos' Pendant,4.757982121631498,0.5810055865921788,Chronos' Pendant,0.19824925506797908,2.4208566108007448
Rod of Tahuti,1.3172518150704287,0.5955056179775281,Spear of Desolation,4.461957748030513,0.6111111111111112,Spear of Desolation,0.11741994073764507,1.608187134502924
