Items_most_pop,Items_most_pop_L2,Items_most_pop_winrate,Items_L2,Items_L2_coef,Items_L2_winrate,Items_gold_adjusted_L2,Items_gold_adjusted_L2_coef,Items_gold_adjusted_L2_winrate
Shoes of Focus,-11.450106187812343,0.35135135135135137,Gem of Isolation,10.643445653380263,0.6428571428571429,Gem of Isolation,0.39420169086593565,2.380952380952381
Rod of Asclepius,1.8700801346361973,0.39759036144578314,Shoes of the Magi,3.5007222467287242,0.5,Shoes of the Magi,0.21879514042054526,3.125
Chronos' Pendant,3.4118559677022224,0.4153846153846154,Chronos' Pendant,3.4118559677022224,0.4153846153846154,Chronos' Pendant,0.14216066532092592,1.7307692307692308
Warlock's Sash,-4.5039315169186915,0.358974358974359,Obsidian Shard,1.9887116058731447,0.45,Obsidian Shard,0.09701032223771439,2.1951219512195124
Rod of Tahuti,-0.08406502822306304,0.42857142857142855,Rod of Asclepius,1.8700801346361973,0.39759036144578314,Rod of Asclepius,0.07030376446000741,1.4947006069390343
Breastplate of Valor,0.8752209916774788,0.3870967741935484,Breastplate of Valor,0.8752209916774788,0.3870967741935484,Breastplate of Valor,0.03805308659467299,1.6830294530154277
