,recommendations,win_rate,win_rate_per_cost
Starter Item,Vampiric Shroud,,
Boots,Shoes of the Magi,0.454545454545,2.84090909091
Item2,Chronos' Pendant,0.578125,1.5503875969
Item3,Breastplate of Valor,0.4864864864864865,1.61779575329
Item4,Rod of Tahuti,0.43333333333333335,1.12076211824
Item5,Spear of the Magus,0.545454545455,2.53699788584
Item6,Gem of Isolation,0.444444444444,1.64609053498
Relic1,Shell,0.666666666667,
Relic2,Sprint,0.51724137931,
