,recommendations,win_rate,win_rate_per_cost
Starter Item,Vampiric Shroud,,
Boots,Shoes of Focus,0.40268456375838924,1.85185185185
Item2,Chronos' Pendant,0.4883720930232558,1.15740740741
Item3,Rod of Asclepius,0.44339622641509435,1.04427736007
Item4,Warlock's Sash,0.3880597014925373,1.04821802935
Item5,Spear of the Magus,0.5,2.32558139535
Item6,Lotus Crown,0.458333333333,2.23577235772
Relic1,Sprint,0.571428571429,
Relic2,Curse,0.666666666667,
