,recommendations,win_rate,win_rate_per_cost
Starter Item,Vampiric Shroud,,
Boots,Shoes of Focus,0.623376623377,3.43522561863
Item2,Chronos' Pendant,0.5985401459854015,2.49391727494
Item3,Rod of Tahuti,0.6233766233766234,1.80283176502
Item4,Rod of Asclepius,0.51010101010101,2.25015092476
Item5,Obsidian Shard,0.666666666667,3.25203252033
Item6,Lotus Crown,0.588235294118,3.00187617261
Relic1,Sanctuary,0.583333333333,
Relic2,Shell,0.777777777778,
