Items_most_pop,Items_most_pop_L2,Items_most_pop_winrate,Items_L2,Items_L2_coef,Items_L2_winrate,Items_gold_adjusted_L2,Items_gold_adjusted_L2_coef,Items_gold_adjusted_L2_winrate
Shoes of Focus,-2.423433875392998,0.4620253164556962,Chronos' Pendant,3.3172478218673036,0.5354330708661418,Chronos' Pendant,0.138218659244471,2.2309711286089238
Chronos' Pendant,3.3172478218673036,0.5354330708661418,Rod of Tahuti,2.0811837254805075,0.5945945945945946,Obsidian Shard,0.07186217895019215,2.9692470837751856
Rod of Asclepius,1.172428111230939,0.5087719298245614,Obsidian Shard,1.4731746684789393,0.6086956521739131,Rod of Tahuti,0.06268625679158156,1.7909475740801042
Warlock's Sash,0.6004801633118123,0.5,Rod of Asclepius,1.172428111230939,0.5087719298245614,Rod of Asclepius,0.044076244783118,1.912676427911885
Book of Thoth,0.6423371093987595,0.5098039215686274,Book of Thoth,0.6423371093987595,0.5098039215686274,Book of Thoth,0.024239136203726773,1.9237883832778395
Breastplate of Valor,-3.1787541703798494,0.35714285714285715,Warlock's Sash,0.6004801633118123,0.5,Warlock's Sash,0.022659628804219335,1.8867924528301887
