Items_most_pop,Items_most_pop_L2,Items_most_pop_winrate,Items_L2,Items_L2_coef,Items_L2_winrate,Items_gold_adjusted_L2,Items_gold_adjusted_L2_coef,Items_gold_adjusted_L2_winrate
Shoes of Focus,1.566331415970445,0.49019607843137253,Lotus Crown,159.94893929081968,0.5833333333333334,Lotus Crown,7.8023872824790095,2.845528455284553
Rod of Asclepius,-48.617383896943736,0.4819277108433735,Rod of Tahuti,112.96909723451375,0.5294117647058824,Chronos' Pendant,4.4943693217767535,2.2135416666666665
Chronos' Pendant,107.86486372264208,0.53125,Chronos' Pendant,107.86486372264208,0.53125,Rod of Tahuti,3.4026836516419805,1.5946137491141035
Warlock's Sash,-54.62654713458187,0.5365853658536586,Obsidian Shard,56.45372974396086,0.5384615384615384,Obsidian Shard,2.753840475315164,2.626641651031895
Rod of Tahuti,112.96909723451375,0.5294117647058824,Hide of the Urchin,41.656070413689065,0.5,Hide of the Urchin,1.7356696005703773,2.0833333333333335
Breastplate of Valor,8.119433910957866,0.5185185185185185,Breastplate of Valor,8.119433910957866,0.5185185185185185,Breastplate of Valor,0.35301886569382024,2.254428341384863
