,recommendations,win_rate,win_rate_per_cost
Starter Item,Soul Stone,,
Boots,Shoes of Focus,0.550264550265,3.6684303351
Item2,Rod of Asclepius,0.5448275862068965,2.14822771214
Item3,Chronos' Pendant,0.5714285714285714,2.38095238095
Item4,Rod of Tahuti,0.5238095238095238,1.72117039587
Item5,Lotus Crown,0.666666666667,3.25203252033
Item6,Gem of Isolation,0.666666666667,2.46913580247
Relic1,Purification,0.606382978723,
Relic2,Curse,0.6875,
