Relics_most_pop,Relics_most_pop_L2,Relics_most_pop_winrate,Relics_most_pop_wr_paired,Relics_L2,Relics_L2_coef,Relics_L2_winrate,Relics_L2_wr_paired
Relic,-0.1778512426435379,0.3235294117647059,0.0,Shell,0.030121043902335283,0.875,0.0
Meditation,-0.04325947226052255,0.45161290322580644,,Sprint,0.0106852762882622,0.5238095238095238,
