Items_most_pop,Items_most_pop_L2,Items_most_pop_winrate,Items_L2,Items_L2_coef,Items_L2_winrate,Items_gold_adjusted_L2,Items_gold_adjusted_L2_coef,Items_gold_adjusted_L2_winrate
Warrior Tabi,-0.00013327833935909223,0.5,Hastened Fatalis,0.04986824979364898,0.631578947368421,Hastened Fatalis,0.0023302920464321956,2.9513034923757995
Qin's Sais,0.04976986301177311,0.5694444444444444,Qin's Sais,0.04976986301177311,0.5694444444444444,Soul Eater,0.0022455137544190023,3.4782608695652173
The Executioner,-0.03006162572592878,0.45454545454545453,Soul Eater,0.044910275088380046,0.6956521739130435,Qin's Sais,0.0018433282596953002,2.1090534979423867
Ichaival,-0.010029007930200593,0.484375,Transcendence,0.039922587068246286,0.6,Titan's Bane,0.0017037986049129022,3.5772357723577235
Devourer's Gauntlet,-0.010034309469791428,0.4807692307692308,Titan's Bane,0.034927871400714496,0.7333333333333333,Transcendence,0.0015354841180094726,2.3076923076923075
Asi,-0.020084523603143018,0.45454545454545453,Wind Demon,0.02993081320601425,0.65,Wind Demon,0.0011511851233082405,2.5
