Items_most_pop,Items_most_pop_L2,Items_most_pop_winrate,Items_L2,Items_L2_coef,Items_L2_winrate,Items_gold_adjusted_L2,Items_gold_adjusted_L2_coef,Items_gold_adjusted_L2_winrate
Warrior Tabi,-4.05341739958732,0.4479166666666667,Hastened Fatalis,7.479824063776406,0.5319148936170213,Ichaival,0.41090717948192607,2.900326797385621
Qin's Sais,4.1163840176503745,0.4885057471264368,Ichaival,6.985422051192742,0.4930555555555556,Hastened Fatalis,0.34952448896151433,2.4855836150328097
Ichaival,6.985422051192742,0.4930555555555556,Soul Eater,6.274674336133268,0.5535714285714286,Soul Eater,0.3137337168066634,2.767857142857143
The Executioner,-6.871191345593437,0.4225352112676056,Qin's Sais,4.1163840176503745,0.4885057471264368,Qin's Sais,0.15245866732038427,1.8092805449127287
Devourer's Gauntlet,-3.5888358248245344,0.42857142857142855,Transcendence,3.006062284607247,0.4838709677419355,Transcendence,0.11561778017720181,1.8610421836228288
Asi,1.3901414721769063,0.48,Malice,2.7141719638983828,0.5789473684210527,Malice,0.09047239879661274,1.9298245614035088
