,recommendations,win_rate,win_rate_per_cost
Starter Item,Death's Toll,,
Boots,Warrior Tabi,0.48333333333333334,3.11946118398
Item2,Qin's Sais,0.567741935483871,1.7908017908
Item3,Devourer's Gauntlet,0.49,2.35861699276
Item4,Transcendence,0.4835164835164835,1.85967878276
Item5,Titan's Bane,0.591549295775,2.99529311083
Item6,Asi,0.614035087719,3.0403172505
Relic1,Purification,0.526315789474,
Relic2,Sprint,0.638888888889,
