Relics_most_pop,Relics_most_pop_L2,Relics_most_pop_winrate,Relics_most_pop_wr_paired,Relics_L2,Relics_L2_coef,Relics_L2_winrate,Relics_L2_wr_paired
Purification,18.981393660526077,0.4263157894736842,0.593406593407,Purification,18.981393660526077,0.4263157894736842,0.593406593407
Sanctuary,11.670997835090281,0.4437869822485207,,Sanctuary,11.670997835090281,0.4437869822485207,
