Relics_most_pop,Relics_most_pop_L2,Relics_most_pop_winrate,Relics_most_pop_wr_paired,Relics_L2,Relics_L2_coef,Relics_L2_winrate,Relics_L2_wr_paired
Purification,-12.951629887851404,0.5420560747663551,1.0,Meditation,74.6467370932567,0.6666666666666666,1.0
Sanctuary,-69.78540739666113,0.5514018691588785,,Sprint,45.95634219428911,0.6666666666666666,
