Items_most_pop,Items_most_pop_L2,Items_most_pop_winrate,Items_L2,Items_L2_coef,Items_L2_winrate,Items_gold_adjusted_L2,Items_gold_adjusted_L2_coef,Items_gold_adjusted_L2_winrate
Shoes of the Magi,-7.569849122035293,0.3813559322033898,Gem of Isolation,42.40859198134855,0.5833333333333334,Gem of Isolation,1.5706885919017983,2.1604938271604937
Warlock's Sash,-3.654914353930902,0.36363636363636365,Soul Reaver,31.388840458757784,0.5555555555555556,Book of Thoth,1.1229909025470743,1.6711590296495957
Obsidian Shard,6.6280806787260715,0.4146341463414634,Book of Thoth,29.759258917497473,0.44285714285714284,Soul Reaver,1.0676476346516253,1.8896447467876039
Book of Thoth,29.759258917497473,0.44285714285714284,Spear of the Magus,17.40776232363208,0.4,Spear of the Magus,0.8096633638898642,1.8604651162790697
Chronos' Pendant,-2.310473264757724,0.3492063492063492,Bancroft's Talon,17.290286872044174,0.35294117647058826,Bancroft's Talon,0.7204286196685071,1.4705882352941178
Rod of Tahuti,-55.1707966438426,0.37209302325581395,Obsidian Shard,6.6280806787260715,0.4146341463414634,Obsidian Shard,0.32332100871834496,2.022605591909578
