,recommendations,win_rate,win_rate_per_cost
Starter Item,Vampiric Shroud,,
Boots,Shoes of Focus,0.473684210526,3.15789473684
Item2,Obsidian Shard,0.5694444444444444,2.51076040172
Item3,Book of Thoth,0.5147058823529411,1.9422863485
Item4,Rod of Tahuti,0.5294117647058824,1.55031892275
Item5,Bancroft's Talon,0.631578947368,2.63157894737
Item6,Pythagorem's Piece,0.6,2.5
Relic1,Curse,1.0,
Relic2,Meditation,0.692307692308,
