,recommendations,win_rate,win_rate_per_cost
Starter Item,Vampiric Shroud,,
Boots,Shoes of Focus,0.520408163265,3.61111111111
Item2,Chronos' Pendant,0.6142857142857143,2.55952380952
Item3,Warlock's Sash,0.5420560747663551,2.31805929919
Item4,Rod of Tahuti,0.5333333333333333,1.85025817556
Item5,Bancroft's Talon,0.542056074766,2.63157894737
Item6,Gem of Isolation,0.578947368421,2.14424951267
Relic1,Purification,0.551724137931,
Relic2,Sprint,0.55,
