Relics_most_pop,Relics_most_pop_L2,Relics_most_pop_winrate,Relics_most_pop_wr_paired,Relics_L2,Relics_L2_coef,Relics_L2_winrate,Relics_L2_wr_paired
Meditation,4.621061592374338,0.44779582366589327,0.736842105263,Sprint,18.92413022077767,0.5736434108527132,0.736842105263
Relic,-47.17698209764826,0.3107476635514019,,Shell,9.896982737191605,0.5413533834586466,
