Relics_most_pop,Relics_most_pop_L2,Relics_most_pop_winrate,Relics_most_pop_wr_paired,Relics_L2,Relics_L2_coef,Relics_L2_winrate,Relics_L2_wr_paired
Meditation,11.635736759854174,0.4134199134199134,0.75,Curse,65.72962788749162,0.5411764705882353,0.75
Relic,-116.34273005645417,0.2743764172335601,,Blink,59.90313817385896,0.6296296296296297,
