Items_most_pop,Items_most_pop_L2,Items_most_pop_winrate,Items_L2,Items_L2_coef,Items_L2_winrate,Items_gold_adjusted_L2,Items_gold_adjusted_L2_coef,Items_gold_adjusted_L2_winrate
Shoes of Focus,3.1951130333694935,0.5217391304347826,Pestilence,9.00746157040714,0.8,Pestilence,0.4189517009491693,3.7209302325581395
Breastplate of Valor,5.218881049761851,0.5526315789473685,Winged Blade,7.214286448840015,0.7647058823529411,Winged Blade,0.38996142966702785,4.133545310015898
Heartward Amulet,3.3860097328583407,0.5294117647058824,Breastplate of Valor,5.218881049761851,0.5526315789473685,Breastplate of Valor,0.22690787172877613,2.402745995423341
Sovereignty,-0.5977025413923086,0.5,Heartward Amulet,3.3860097328583407,0.5294117647058824,Shoes of Focus,0.21300753555796625,3.4782608695652173
Hide of the Urchin,-4.406949269599981,0.45454545454545453,Shoes of Focus,3.1951130333694935,0.5217391304347826,Heartward Amulet,0.16123855870754003,2.5210084033613445
Bulwark of Hope,-3.1999703730310496,0.4583333333333333,Mystical Mail,2.971251159291802,0.6,Mystical Mail,0.1100463392330297,2.2222222222222223
