Items_most_pop,Items_most_pop_L2,Items_most_pop_winrate,Items_L2,Items_L2_coef,Items_L2_winrate,Items_gold_adjusted_L2,Items_gold_adjusted_L2_coef,Items_gold_adjusted_L2_winrate
Shoes of Focus,-7.246710208867135,0.46613545816733065,Winged Blade,58.14082038114856,0.696969696969697,Winged Blade,3.1427470476296517,3.7674037674037675
Breastplate of Valor,48.43822853409724,0.4972972972972973,Spirit Robe,57.26595434322349,0.6486486486486487,Reinforced Shoes,2.5544650964251288,3.903654485049834
Heartward Amulet,1.124650721071445,0.5087719298245614,Breastplate of Valor,48.43822853409724,0.4972972972972973,Spirit Robe,2.327884322895264,2.6367831245880025
Bulwark of Hope,-72.8903219017524,0.40540540540540543,Mantle of Discord,44.51469923429574,0.5875,Breastplate of Valor,2.1060099362650977,2.1621621621621623
Hide of the Urchin,-28.812366482691004,0.43356643356643354,Reinforced Shoes,35.7625113499518,0.5465116279069767,Sovereignty,1.4776748819350551,2.537365311087939
Sovereignty,31.031172520636158,0.5328467153284672,Mystical Mail,31.611325804490882,0.5357142857142857,Mantle of Discord,1.4359580398159917,1.8951612903225807
