Relics_most_pop,Relics_most_pop_L2,Relics_most_pop_winrate,Relics_most_pop_wr_paired,Relics_L2,Relics_L2_coef,Relics_L2_winrate,Relics_L2_wr_paired
Meditation,6.108291657221919,0.4980694980694981,0.555555555556,Shell,12.754810815761545,0.5816326530612245,0.555555555556
Relic,-28.490114737045523,0.38866396761133604,,Curse,10.57743460933928,0.5769230769230769,
