,recommendations,win_rate,win_rate_per_cost
Starter Item,Mark of the Vanguard,,
Boots,Reinforced Shoes,0.648648648649,3.90365448505
Item2,Breastplate of Valor,0.4972972972972973,2.16216216216
Item3,Sovereignty,0.5328467153284672,2.36808236808
Item4,Heartward Amulet,0.5087719298245614,2.36808236808
Item5,Winged Blade,0.69696969697,3.7674037674
Item6,Spirit Robe,0.497297297297,2.63678312459
Relic1,Blink,0.714285714286,
Relic2,Curse,0.558139534884,
