,recommendations,win_rate,win_rate_per_cost
Starter Item,Mark of the Vanguard,,
Boots,Shoes of the Magi,0.542372881356,3.60576923077
Item2,Hide of the Urchin,0.5106382978723404,1.93452380952
Item3,Sovereignty,0.48148148148148145,2.21088435374
Item4,Breastplate of Valor,0.47413793103448276,2.01863354037
Item5,Winged Blade,0.510638297872,3.4749034749
Item6,Mantle of Discord,0.474137931034,1.74958993986
Relic1,Sprint,0.536585365854,
Relic2,Sanctuary,0.555555555556,
