Items_most_pop,Items_most_pop_L2,Items_most_pop_winrate,Items_L2,Items_L2_coef,Items_L2_winrate,Items_gold_adjusted_L2,Items_gold_adjusted_L2_coef,Items_gold_adjusted_L2_winrate
Shoes of Focus,3.3611863739195185,0.5733333333333334,Sovereignty,4.9370163236641575,0.6122448979591837,Sovereignty,0.23509601541257893,2.9154518950437316
Breastplate of Valor,1.6634622180494922,0.56,Gem of Isolation,4.416195439833583,0.75,Shoes of Focus,0.22407909159463454,3.8222222222222224
Sovereignty,4.9370163236641575,0.6122448979591837,Heartward Amulet,3.851910775463055,0.6097560975609756,Heartward Amulet,0.18342432264109787,2.9036004645760745
Heartward Amulet,3.851910775463055,0.6097560975609756,Mystical Mail,3.8240224739188076,0.65,Gem of Isolation,0.16356279406791047,2.7777777777777777
Hide of the Urchin,1.9794846412894715,0.575,Bulwark of Hope,3.4967327174635443,0.6363636363636364,Mystical Mail,0.14163046199699286,2.4074074074074074
Bulwark of Hope,3.4967327174635443,0.6363636363636364,Shoes of Focus,3.3611863739195185,0.5733333333333334,Bulwark of Hope,0.13848446405796216,2.5202520252025202
