Items_most_pop,Items_most_pop_L2,Items_most_pop_winrate,Items_L2,Items_L2_coef,Items_L2_winrate,Items_gold_adjusted_L2,Items_gold_adjusted_L2_coef,Items_gold_adjusted_L2_winrate
Shoes of Focus,0.15330399232922695,0.5218150087260035,Void Stone,10.701303538701334,0.625,Void Stone,0.4864228881227879,2.840909090909091
Breastplate of Valor,8.316113477641222,0.5563063063063063,Breastplate of Valor,8.316113477641222,0.5563063063063063,Breastplate of Valor,0.36157015120179226,2.418723070896984
Heartward Amulet,-4.170889127925976,0.5091463414634146,Mystical Mail,7.102075925014548,0.6068965517241379,Reinforced Shoes,0.310232628027129,4.017857142857143
Bulwark of Hope,3.780186637744306,0.5493421052631579,Sovereignty,5.959890822584606,0.5532646048109966,Sovereignty,0.28380432488498125,2.6345933562428407
Sovereignty,5.959890822584606,0.5532646048109966,Spirit Robe,5.944804070376972,0.6447368421052632,Mystical Mail,0.26303984907461286,2.247765006385696
Hide of the Urchin,-2.389058693912268,0.5176056338028169,Witchblade,5.315967504537715,0.68,Witchblade,0.25931548802623,3.317073170731707
