Items_most_pop,Items_most_pop_L2,Items_most_pop_winrate,Items_L2,Items_L2_coef,Items_L2_winrate,Items_gold_adjusted_L2,Items_gold_adjusted_L2_coef,Items_gold_adjusted_L2_winrate
Shoes of Focus,-4.199937638760779,0.425,Magi's Blessing,10.383981727403052,0.7,Magi's Blessing,0.4829758942978164,3.255813953488372
Breastplate of Valor,7.198048194345446,0.4580152671755725,Heartward Amulet,8.5977354226684,0.48760330578512395,Heartward Amulet,0.40941597250801903,2.3219205037386854
Heartward Amulet,8.5977354226684,0.48760330578512395,Breastplate of Valor,7.198048194345446,0.4580152671755725,Reinforced Shoes,0.33111621050239426,3.4598214285714284
Sovereignty,4.705459580494256,0.4857142857142857,Void Stone,5.425654697120501,0.5185185185185185,Breastplate of Valor,0.3129586171454542,1.9913707268503154
Bulwark of Hope,-12.170479871291139,0.3786407766990291,Sovereignty,4.705459580494256,0.4857142857142857,Void Stone,0.24662066805093188,2.356902356902357
Hide of the Urchin,-12.818209108879936,0.3793103448275862,Reinforced Shoes,4.635626947033519,0.484375,Sovereignty,0.2240695038330598,2.312925170068027
