Items_most_pop,Items_most_pop_L2,Items_most_pop_winrate,Items_L2,Items_L2_coef,Items_L2_winrate,Items_gold_adjusted_L2,Items_gold_adjusted_L2_coef,Items_gold_adjusted_L2_winrate
Shoes of the Magi,-2.928133134439359,0.46078431372549017,Book of Thoth,14.240994363827975,0.5918367346938775,Winged Blade,0.5752840642271251,4.054054054054054
Warlock's Sash,0.6063764017849114,0.46808510638297873,Winged Blade,10.642755188201814,0.75,Book of Thoth,0.5373960137293575,2.2333461686561416
Obsidian Shard,-3.969594309282385,0.4696969696969697,Polynomicon,6.5373053257475044,0.5370370370370371,Doom Orb,0.29235628744948133,3.104212860310421
Polynomicon,6.5373053257475044,0.5370370370370371,Doom Orb,5.993303892714367,0.6363636363636364,Polynomicon,0.284230666336848,2.3349436392914655
Demonic Grip,-7.503459172982783,0.4339622641509434,Chronos' Pendant,5.361659136919336,0.5357142857142857,Chronos' Pendant,0.22340246403830566,2.232142857142857
Book of Thoth,14.240994363827975,0.5918367346938775,Rod of Tahuti,3.65659303282011,0.5416666666666666,Rod of Tahuti,0.11013834436205151,1.6315261044176708
