Relics_most_pop,Relics_most_pop_L2,Relics_most_pop_winrate,Relics_most_pop_wr_paired,Relics_L2,Relics_L2_coef,Relics_L2_winrate,Relics_L2_wr_paired
Purification,-6.292509958388331,0.4175824175824176,0.6,Sanctuary,3.772369871289098,0.4880952380952381,0.6
Sanctuary,3.772369871289098,0.4880952380952381,,Curse,1.7094551756841925,0.5384615384615384,
