,recommendations,win_rate,win_rate_per_cost
Starter Item,Soul Stone,,
Boots,Shoes of the Magi,0.3881278538812785,3.1875
Item2,Demonic Grip,0.51,2.23684210526
Item3,Book of Thoth,0.4318181818181818,1.92452830189
Item4,Obsidian Shard,0.4393939393939394,2.48780487805
Item5,Polynomicon,0.582278481013,2.53164556962
Item6,Telkhines Ring,0.431818181818,2.25352112676
Relic1,Meditation,0.583333333333,
Relic2,Sanctuary,0.4375,
