Items_most_pop,Items_most_pop_L2,Items_most_pop_winrate,Items_L2,Items_L2_coef,Items_L2_winrate,Items_gold_adjusted_L2,Items_gold_adjusted_L2_coef,Items_gold_adjusted_L2_winrate
Shoes of the Magi,0.29623072125720795,0.5164835164835165,Rod of Tahuti,0.625096305292483,0.5793650793650794,Book of Thoth,0.022735323704506413,2.127390148157528
Warlock's Sash,-0.01766054094044035,0.4980544747081712,Book of Thoth,0.6024860781694199,0.5637583892617449,Rod of Tahuti,0.018828201966641055,1.7450755402562632
Obsidian Shard,-0.0009784686718305622,0.5,Polynomicon,0.4120459981212228,0.5643564356435643,Shoes of the Magi,0.018514420078575497,3.228021978021978
Book of Thoth,0.6024860781694199,0.5637583892617449,Shoes of the Magi,0.29623072125720795,0.5164835164835165,Polynomicon,0.017915043396574903,2.4537236332328884
Rod of Tahuti,0.625096305292483,0.5793650793650794,Chronos' Pendant,0.036074442777942056,0.5051546391752577,Winged Blade,0.001705560029276864,2.844950213371266
Demonic Grip,-0.28030467389234515,0.4628099173553719,Winged Blade,0.031552860541621985,0.5263157894736842,Chronos' Pendant,0.0015031017824142525,2.104810996563574
