,recommendations,win_rate,win_rate_per_cost
Starter Item,Soul Stone,,
Boots,Shoes of the Magi,0.542857142857,3.39285714286
Item2,Rod of Tahuti,0.6309523809523809,1.85115461847
Item3,Obsidian Shard,0.6145833333333334,2.99796747967
Item4,Warlock's Sash,0.5234899328859061,2.31918238994
Item5,Polynomicon,0.597014925373,2.59571706684
Item6,Chronos' Pendant,0.588235294118,2.08333333333
Relic1,Purification,0.563218390805,
Relic2,Sanctuary,0.540145985401,
