Relics_most_pop,Relics_most_pop_L2,Relics_most_pop_winrate,Relics_most_pop_wr_paired,Relics_L2,Relics_L2_coef,Relics_L2_winrate,Relics_L2_wr_paired
Purification,11.84675691078227,0.6188811188811189,0.780487804878,Purification,11.84675691078227,0.6188811188811189,0.780487804878
Sanctuary,-0.63905961968197,0.573076923076923,,Sprint,5.9304456814838815,0.6224489795918368,
