Items_most_pop,Items_most_pop_L2,Items_most_pop_winrate,Items_L2,Items_L2_coef,Items_L2_winrate,Items_gold_adjusted_L2,Items_gold_adjusted_L2_coef,Items_gold_adjusted_L2_winrate
Shoes of Focus,0.2065359757241036,0.7058823529411765,Warlock's Sash,0.21185635842937475,0.7362637362637363,Shoes of Focus,0.013769065048273575,4.705882352941177
Warlock's Sash,0.21185635842937475,0.7362637362637363,Shoes of Focus,0.2065359757241036,0.7058823529411765,Warlock's Sash,0.007994579563372633,2.7783537217499483
Chronos' Pendant,0.15701023420446622,0.6818181818181818,Chronos' Pendant,0.15701023420446622,0.6818181818181818,Obsidian Shard,0.006972493408729653,3.637866887143448
Book of Thoth,0.11797300029204026,0.7,Rod of Asclepius,0.14846564594771997,0.8409090909090909,Shoes of the Magi,0.006773370777405261,4.5
Obsidian Shard,0.1429361148789579,0.7457627118644068,Obsidian Shard,0.1429361148789579,0.7457627118644068,Chronos' Pendant,0.0065420930918527595,2.840909090909091
Rod of Tahuti,0.11327478658645829,0.7254901960784313,Book of Thoth,0.11797300029204026,0.7,Rod of Asclepius,0.00558141526119248,3.1613123718386875
