,recommendations,win_rate,win_rate_per_cost
Starter Item,Vampiric Shroud,,
Boots,Shoes of the Magi,0.676579925651,4.10714285714
Item2,Obsidian Shard,0.6666666666666666,3.11011689999
Item3,Chronos' Pendant,0.6463654223968566,2.6565581854
Item4,Book of Thoth,0.6449704142011834,2.40593948867
Item5,Rod of Asclepius,0.646365422397,2.54353355508
Item6,Gem of Isolation,0.71875,2.66203703704
Relic1,Purification,0.671548117155,
Relic2,Sprint,0.694117647059,
