,recommendations,win_rate,win_rate_per_cost
Starter Item,Soul Stone,,
Boots,Shoes of the Magi,0.644444444444,3.70260663507
Item2,Warlock's Sash,0.5955334987593052,2.24729622173
Item3,Obsidian Shard,0.6091954022988506,2.90504145736
Item4,Book of Thoth,0.5723684210526315,2.24729622173
Item5,Rod of Asclepius,0.651898734177,2.45074712097
Item6,Gem of Isolation,0.592417061611,2.38683127572
Relic1,Sprint,0.699029126214,
Relic2,Curse,0.625,
