Items_most_pop,Items_most_pop_L2,Items_most_pop_winrate,Items_L2,Items_L2_coef,Items_L2_winrate,Items_gold_adjusted_L2,Items_gold_adjusted_L2_coef,Items_gold_adjusted_L2_winrate
Shoes of Focus,9.272592371045285,0.6405797101449275,Shoes of the Magi,10.881784039368034,0.6608187134502924,Shoes of the Magi,0.6801115024605021,4.130116959064328
Warlock's Sash,7.883377890628498,0.6477987421383647,Book of Thoth,9.97169379993958,0.6597510373443983,Shoes of Focus,0.6181728247363524,4.270531400966184
Chronos' Pendant,8.977354369733256,0.6454849498327759,Void Stone,9.638786894331345,0.71875,Void Stone,0.43812667701506114,3.2670454545454546
Book of Thoth,9.97169379993958,0.6597510373443983,Shoes of Focus,9.272592371045285,0.6405797101449275,Book of Thoth,0.3762903320731917,2.4896265560165975
Obsidian Shard,-0.7933844409373858,0.6343612334801763,Chronos' Pendant,8.977354369733256,0.6454849498327759,Chronos' Pendant,0.374056432072219,2.689520624303233
Shoes of the Magi,10.881784039368034,0.6608187134502924,Rod of Asclepius,8.929301189965349,0.6602564102564102,Breastplate of Valor,0.34788418935681537,2.937720329024677
