Relics_most_pop,Relics_most_pop_L2,Relics_most_pop_winrate,Relics_most_pop_wr_paired,Relics_L2,Relics_L2_coef,Relics_L2_winrate,Relics_L2_wr_paired
Purification,5.062415093319689,0.6441281138790036,0.75,Sprint,22.21065535431373,0.7446808510638298,0.75
Sanctuary,-8.386041118373301,0.6130268199233716,,Curse,5.611479267032158,0.6764705882352942,
