Relics_most_pop,Relics_most_pop_L2,Relics_most_pop_winrate,Relics_most_pop_wr_paired,Relics_L2,Relics_L2_coef,Relics_L2_winrate,Relics_L2_wr_paired
Relic,-10.255323601147047,0.5428571428571428,0.571428571429,Sprint,14.651256283538036,0.7209302325581395,0.571428571429
Sanctuary,-8.41519423510165,0.55,,Curse,7.588040597694104,0.6756756756756757,
