Items_most_pop,Items_most_pop_L2,Items_most_pop_winrate,Items_L2,Items_L2_coef,Items_L2_winrate,Items_gold_adjusted_L2,Items_gold_adjusted_L2_coef,Items_gold_adjusted_L2_winrate
Warlock's Sash,10.341919757384149,0.7053571428571429,Shoes of the Magi,27.144974839342712,0.7966101694915254,Shoes of the Magi,1.6965609274589195,4.978813559322034
Shoes of Focus,1.6556847374612549,0.6454545454545455,Breastplate of Valor,21.63661034255956,0.8333333333333334,Breastplate of Valor,0.9407221888069375,3.6231884057971016
Chronos' Pendant,-16.76561298115956,0.625,Rod of Asclepius,20.802714480842884,0.7222222222222222,Rod of Asclepius,0.7820569353700332,2.7151211361737677
Book of Thoth,-7.629576059619987,0.6538461538461539,Divine Ruin,11.820340033867861,0.8181818181818182,Divine Ruin,0.6494692326301023,4.495504495504496
Obsidian Shard,11.12311787325032,0.6986301369863014,Obsidian Shard,11.12311787325032,0.6986301369863014,Obsidian Shard,0.5425911157683083,3.4079518877380552
Shoes of the Magi,27.144974839342712,0.7966101694915254,Warlock's Sash,10.341919757384149,0.7053571428571429,Warlock's Sash,0.3902611229201565,2.661725067385445
