Relics_most_pop,Relics_most_pop_L2,Relics_most_pop_winrate,Relics_most_pop_wr_paired,Relics_L2,Relics_L2_coef,Relics_L2_winrate,Relics_L2_wr_paired
Sanctuary,0.2918914388935106,0.6405529953917051,0.787878787879,Sanctuary,0.2918914388935106,0.6405529953917051,0.787878787879
Relic,0.12024773679465263,0.5747126436781609,,Sprint,0.23511867936317302,0.7926829268292683,
