Items_most_pop,Items_most_pop_L2,Items_most_pop_winrate,Items_L2,Items_L2_coef,Items_L2_winrate,Items_gold_adjusted_L2,Items_gold_adjusted_L2_coef,Items_gold_adjusted_L2_winrate
Warrior Tabi,2.459889863683792,0.3723404255319149,Bulwark of Hope,40.31609301282915,0.5217391304347826,Hide of the Urchin,1.6066491598921435,1.937984496124031
Jotunn's Wrath,31.977732113128564,0.4411764705882353,Hide of the Urchin,38.55957983741145,0.46511627906976744,Bulwark of Hope,1.5966769510031347,2.0662935858803273
Breastplate of Valor,-2.794548468572794,0.41509433962264153,Jotunn's Wrath,31.977732113128564,0.4411764705882353,Jotunn's Wrath,1.3105627915216624,1.8081002892960463
Hide of the Urchin,38.55957983741145,0.46511627906976744,Pestilence,19.704626960840883,0.5,Pestilence,0.9164942772484133,2.3255813953488373
Pestilence,19.704626960840883,0.5,Spirit Robe,3.2945640093935737,0.3333333333333333,Warrior Tabi,0.15870257185056724,2.40219629375429
Bulwark of Hope,40.31609301282915,0.5217391304347826,Warrior Tabi,2.459889863683792,0.3723404255319149,Spirit Robe,0.13392536623551113,1.3550135501355014
