Items_most_pop,Items_most_pop_L2,Items_most_pop_winrate,Items_L2,Items_L2_coef,Items_L2_winrate,Items_gold_adjusted_L2,Items_gold_adjusted_L2_coef,Items_gold_adjusted_L2_winrate
Warrior Tabi,-0.9158874338913637,0.4734042553191489,Breastplate of Valor,1.3847363772941708,0.5384615384615384,Breastplate of Valor,0.060205929447572644,2.3411371237458196
Jotunn's Wrath,1.2903436043778005,0.5244755244755245,Jotunn's Wrath,1.2903436043778005,0.5244755244755245,Jotunn's Wrath,0.05288293460564756,2.149489854407887
Breastplate of Valor,1.3847363772941708,0.5384615384615384,Titan's Bane,0.7848741562619563,0.5409836065573771,Titan's Bane,0.03828654420790031,2.6389444222311074
Hide of the Urchin,-0.05364485770773433,0.4897959183673469,Frostbound Hammer,0.6894632605977821,0.5370370370370371,Frostbound Hammer,0.02997666350425139,2.3349436392914655
Bulwark of Hope,0.18803644825684598,0.5,Heartward Amulet,0.3104702228172588,0.5714285714285714,Winged Blade,0.01646351918066548,3.1531531531531534
Titan's Bane,0.7848741562619563,0.5409836065573771,Winged Blade,0.3045751048423113,0.5833333333333334,Heartward Amulet,0.01478429632463137,2.7210884353741496
