Items_most_pop,Items_most_pop_L2,Items_most_pop_winrate,Items_L2,Items_L2_coef,Items_L2_winrate,Items_gold_adjusted_L2,Items_gold_adjusted_L2_coef,Items_gold_adjusted_L2_winrate
Warrior Tabi,29.557006944439017,0.47,Bulwark of Hope,32.50538385795922,0.7272727272727273,Warrior Tabi,1.9069036738347753,3.032258064516129
Bloodforge,0.5976301732107306,0.44680851063829785,Warrior Tabi,29.557006944439017,0.47,Titan's Bane,1.2899341743920507,2.626641651031895
Jotunn's Wrath,10.217916714070062,0.4673913043478261,Titan's Bane,26.443650575037044,0.5384615384615384,Bulwark of Hope,1.2873419349686819,2.8802880288028803
Titan's Bane,26.443650575037044,0.5384615384615384,Hastened Fatalis,17.971231990843055,0.6923076923076923,Hastened Fatalis,0.8397771958337877,3.2350826743350107
Hydra's Lament,-39.182674625606566,0.3333333333333333,Deathbringer,17.8843444749233,0.5555555555555556,Deathbringer,0.5588857648413531,1.7361111111111112
Ninja Tabi,-24.554812940521977,0.25925925925925924,Transcendence,13.141500601124875,0.46153846153846156,Transcendence,0.5054423308124952,1.7751479289940828
