Items_most_pop,Items_most_pop_L2,Items_most_pop_winrate,Items_L2,Items_L2_coef,Items_L2_winrate,Items_gold_adjusted_L2,Items_gold_adjusted_L2_coef,Items_gold_adjusted_L2_winrate
Warrior Tabi,-1.5446916493438545,0.4939759036144578,Hide of the Urchin,5.162517099730793,0.6190476190476191,Hide of the Urchin,0.2151048791554497,2.5793650793650795
Jotunn's Wrath,3.7519248737435134,0.5714285714285714,Jotunn's Wrath,3.7519248737435134,0.5714285714285714,Jotunn's Wrath,0.15376741285834072,2.34192037470726
Breastplate of Valor,-3.3362626213840882,0.4444444444444444,Titan's Bane,2.510865695435802,0.631578947368421,Reinforced Greaves,0.15048886491446328,4.591836734693878
Hide of the Urchin,5.162517099730793,0.6190476190476191,Shifter's Shield,2.1532015298622516,0.7,Titan's Bane,0.12248125343589279,3.0808729139922977
Bulwark of Hope,0.07544621837758356,0.5151515151515151,Mystical Mail,2.1219459968687633,0.6428571428571429,Shifter's Shield,0.08971673041092715,2.9166666666666665
Stone of Gaia,0.09992869525988571,0.52,Reinforced Greaves,2.1068441088024863,0.6428571428571429,Mystical Mail,0.07859059247662087,2.380952380952381
