Relics_most_pop,Relics_most_pop_L2,Relics_most_pop_winrate,Relics_most_pop_wr_paired,Relics_L2,Relics_L2_coef,Relics_L2_winrate,Relics_L2_wr_paired
Sanctuary,21.152437880011508,0.5274151436031331,0.571428571429,Curse,45.28366056763901,0.5757575757575758,0.571428571429
Purification,13.710033309952532,0.528,,Sanctuary,21.152437880011508,0.5274151436031331,
