Items_most_pop,Items_most_pop_L2,Items_most_pop_winrate,Items_L2,Items_L2_coef,Items_L2_winrate,Items_gold_adjusted_L2,Items_gold_adjusted_L2_coef,Items_gold_adjusted_L2_winrate
Warrior Tabi,5.9309039881961505,0.5808823529411765,Warrior Tabi,5.9309039881961505,0.5808823529411765,Warrior Tabi,0.38263896698039684,3.747628083491461
Transcendence,1.2183405842648565,0.5423728813559322,Qin's Sais,4.936717894187348,0.6271186440677966,Qin's Sais,0.1828414034884203,2.322661644695543
Hastened Fatalis,0.9609806381038737,0.5507246376811594,Devourer's Gauntlet,3.39225879409885,0.6363636363636364,Devourer's Gauntlet,0.16547603873652927,3.104212860310421
The Executioner,-7.7031903552275685,0.4032258064516129,Soul Eater,2.297694998821194,0.6666666666666666,Soul Eater,0.11488474994105971,3.3333333333333335
Qin's Sais,4.936717894187348,0.6271186440677966,Deathbringer,2.135762891890457,0.5769230769230769,Rage,0.08401375912388406,2.5641025641025643
Asi,0.22572061469368399,0.5454545454545454,Rage,2.0163302189732177,0.6153846153846154,Deathbringer,0.0667425903715768,1.8028846153846154
