Items_most_pop,Items_most_pop_L2,Items_most_pop_winrate,Items_L2,Items_L2_coef,Items_L2_winrate,Items_gold_adjusted_L2,Items_gold_adjusted_L2_coef,Items_gold_adjusted_L2_winrate
Warrior Tabi,0.20207439773797684,0.6990291262135923,Transcendence,0.22749718177003184,0.7738095238095238,Warrior Tabi,0.013037057918579151,4.509865330410272
Transcendence,0.22749718177003184,0.7738095238095238,Warrior Tabi,0.20207439773797684,0.6990291262135923,Transcendence,0.008749891606539686,2.9761904761904763
Asi,0.09862568607853985,0.717391304347826,Deathbringer,0.0987813650960922,0.7380952380952381,Asi,0.005540768880816845,4.03028822667318
Qin's Sais,0.023737028262805573,0.5555555555555556,Asi,0.09862568607853985,0.717391304347826,Ichaival,0.004062076882148357,4.084967320261438
Deathbringer,0.0987813650960922,0.7380952380952381,Hastened Fatalis,0.0788806933557498,0.7,Hastened Fatalis,0.003686013708212608,3.2710280373831777
Hastened Fatalis,0.0788806933557498,0.7,The Executioner,0.06910358783442216,0.7058823529411765,Deathbringer,0.0030869176592528812,2.306547619047619
