,recommendations,win_rate,win_rate_per_cost
Starter Item,Death's Toll,,
Boots,Warrior Tabi,0.619047619048,3.59543010753
Item2,Asi,0.6375,3.02041802585
Item3,Transcendence,0.5789473684210527,2.06782464847
Item4,Qin's Sais,0.6190476190476191,1.99123855038
Item5,Bloodforge,0.564102564103,1.97930724247
Item6,Deathbringer,0.566666666667,1.77083333333
Relic1,Sprint,0.633333333333,
Relic2,Sanctuary,0.558441558442,
