Relics_most_pop,Relics_most_pop_L2,Relics_most_pop_winrate,Relics_most_pop_wr_paired,Relics_L2,Relics_L2_coef,Relics_L2_winrate,Relics_L2_wr_paired
Sanctuary,1.7862535645541733,0.49818181818181817,0.75,Purification,5.467646948402559,0.5344827586206896,0.75
Purification,5.467646948402559,0.5344827586206896,,Frenzy,2.856890371438498,0.7333333333333333,
