,recommendations,win_rate,win_rate_per_cost
Starter Item,Death's Toll,,
Boots,Ninja Tabi,0.622222222222,4.33333333333
Item2,Transcendence,0.5833333333333334,2.24358974359
Item3,Hastened Fatalis,0.6222222222222222,2.72585669782
Item4,Ichaival,0.6153846153846154,3.43137254902
Item5,Devourer's Gauntlet,0.636363636364,3.10421286031
Item6,Soul Eater,0.65,3.23529411765
Relic1,Sanctuary,0.594936708861,
Relic2,Purification,0.58064516129,
