,recommendations,win_rate,win_rate_per_cost
Starter Item,Death's Toll,,
Boots,Ninja Tabi,0.575757575758,3.88888888889
Item2,Transcendence,0.5206611570247934,2.00254291163
Item3,Asi,0.5161290322580645,2.92506267991
Item4,Qin's Sais,0.5072463768115942,1.92837465565
Item5,Bloodforge,0.583333333333,2.0202020202
Item6,Devourer's Gauntlet,0.5,2.43902439024
Relic1,Sanctuary,0.527131782946,
Relic2,Purification,0.511111111111,
