Items_most_pop,Items_most_pop_L2,Items_most_pop_winrate,Items_L2,Items_L2_coef,Items_L2_winrate,Items_gold_adjusted_L2,Items_gold_adjusted_L2_coef,Items_gold_adjusted_L2_winrate
Warrior Tabi,71.24516113351092,0.5315315315315315,Warrior Tabi,71.24516113351092,0.5315315315315315,Warrior Tabi,4.596462008613607,3.4292356873002032
Jotunn's Wrath,-6.766418605419775,0.5238095238095238,Mantle of Discord,66.4586248821683,0.5641025641025641,Heartward Amulet,2.9717770060110267,2.857142857142857
Mystical Mail,-22.518525144645494,0.46236559139784944,Heartward Amulet,62.40731712623157,0.6,Mantle of Discord,2.143826609102203,1.8196856906534327
Bulwark of Hope,-24.467068509922676,0.5376344086021505,Runeforged Hammer,26.465260905263488,0.5263157894736842,Runeforged Hammer,1.3232630452631744,2.6315789473684212
Breastplate of Valor,-8.110641098634462,0.5384615384615384,Hide of the Nemean Lion,19.16247171010247,0.5625,Hide of the Nemean Lion,0.871021441368294,2.5568181818181817
Bluestone Pendant,50.79892402284879,0.5901639344262295,Shifter's Shield,16.057325190285447,0.5517241379310345,Shifter's Shield,0.6690552162618936,2.2988505747126435
