Relics_most_pop,Relics_most_pop_L2,Relics_most_pop_winrate,Relics_most_pop_wr_paired,Relics_L2,Relics_L2_coef,Relics_L2_winrate,Relics_L2_wr_paired
Meditation,1.0529651634708916,0.5340909090909091,0.8,Curse,5.70408781375403,0.6666666666666666,0.8
Relic,-7.459325655733568,0.3392857142857143,,Sprint,1.9503049397404764,0.6153846153846154,
