Items_most_pop,Items_most_pop_L2,Items_most_pop_winrate,Items_L2,Items_L2_coef,Items_L2_winrate,Items_gold_adjusted_L2,Items_gold_adjusted_L2_coef,Items_gold_adjusted_L2_winrate
Warrior Tabi,-0.7666029014030189,0.55,Hide of the Urchin,44.37050879288901,0.639344262295082,Shield of Regrowth,2.265595259883107,3.4621578099838968
Jotunn's Wrath,26.84303289850382,0.58125,Shield of Regrowth,40.78071467789592,0.6231884057971014,Reinforced Greaves,2.0077617730422066,4.285714285714286
Mystical Mail,-23.848368380002192,0.5045871559633027,Genji's Guard,37.511872746770905,0.6842105263157895,Hide of the Urchin,1.8487711997037088,2.6639344262295084
Bulwark of Hope,-19.532876534412697,0.5,Runeforged Hammer,35.21850008678218,0.625,Runeforged Hammer,1.760925004339109,3.125
Bluestone Pendant,33.90497943932962,0.5977011494252874,Reinforced Greaves,28.10866482259089,0.6,Genji's Guard,1.705085124853223,3.110047846889952
Breastplate of Valor,1.2901416315025136,0.5641025641025641,Jotunn's Wrath,26.84303289850382,0.58125,Jotunn's Wrath,1.100124299119009,2.382172131147541
