Items_most_pop,Items_most_pop_L2,Items_most_pop_winrate,Items_L2,Items_L2_coef,Items_L2_winrate,Items_gold_adjusted_L2,Items_gold_adjusted_L2_coef,Items_gold_adjusted_L2_winrate
Warrior Tabi,-14.155452789706068,0.35507246376811596,Void Shield,5.229641614228915,0.6,Genji's Guard,0.20191529959016227,2.4475524475524475
Jotunn's Wrath,-10.16185052015501,0.35714285714285715,Mystical Mail,4.983147393772171,0.43636363636363634,Void Shield,0.1936904301566265,2.2222222222222223
Bulwark of Hope,4.6712124962779695,0.42857142857142855,Bulwark of Hope,4.6712124962779695,0.42857142857142855,Frostbound Hammer,0.19005738173333445,2.018633540372671
Breastplate of Valor,3.878916902721881,0.4262295081967213,Genji's Guard,4.442136590983569,0.5384615384615384,Bulwark of Hope,0.184998514704078,1.6973125884016973
Mystical Mail,4.983147393772171,0.43636363636363634,Frostbound Hammer,4.371319779866693,0.4642857142857143,Mystical Mail,0.18456101458415447,1.6161616161616161
Shield of Regrowth,-2.066667185929432,0.3829787234042553,Breastplate of Valor,3.878916902721881,0.4262295081967213,Breastplate of Valor,0.16864856098790787,1.8531717747683536
