,recommendations,win_rate,win_rate_per_cost
Starter Item,Bluestone Pendant,,
Boots,Reinforced Greaves,0.5,3.57142857143
Item2,Bluestone Pendant,0.5263157894736842,5.70388349515
Item3,Jotunn's Wrath,0.4852941176470588,1.87012573611
Item4,Bulwark of Hope,0.4722222222222222,1.80717100836
Item5,Spirit Robe,0.538461538462,2.18886804253
Item6,Qin's Sais,0.75,1.96078431373
Relic1,Blink,0.625,
Relic2,Curse,0.574468085106,
