Items_most_pop,Items_most_pop_L2,Items_most_pop_winrate,Items_L2,Items_L2_coef,Items_L2_winrate,Items_gold_adjusted_L2,Items_gold_adjusted_L2_coef,Items_gold_adjusted_L2_winrate
Warrior Tabi,5.41912796916526,0.5343915343915344,Jotunn's Wrath,14.658557464025277,0.5984251968503937,Jotunn's Wrath,0.6007605518043145,2.4525622821737447
Jotunn's Wrath,14.658557464025277,0.5984251968503937,Titan's Bane,6.174028967746867,0.6190476190476191,Warrior Tabi,0.3496211593009845,3.4476873186550607
Mystical Mail,4.028839581144802,0.5526315789473685,Warrior Tabi,5.41912796916526,0.5343915343915344,Titan's Bane,0.30117214476813986,3.0197444831591174
Breastplate of Valor,-8.985351868000906,0.4383561643835616,Hide of the Urchin,4.951701700450416,0.5689655172413793,Hide of the Urchin,0.206320904185434,2.3706896551724137
Bulwark of Hope,-1.6772230383626792,0.5074626865671642,Mystical Mail,4.028839581144802,0.5526315789473685,Shifter's Shield,0.16605235061308618,2.536231884057971
Bluestone Pendant,4.93266803709648,0.559322033898305,Shifter's Shield,3.985256414714068,0.6086956521739131,Mystical Mail,0.1492162807831408,2.046783625730994
