Items_most_pop,Items_most_pop_L2,Items_most_pop_winrate,Items_L2,Items_L2_coef,Items_L2_winrate,Items_gold_adjusted_L2,Items_gold_adjusted_L2_coef,Items_gold_adjusted_L2_winrate
Warrior Tabi,205.43950161251652,0.4900662251655629,Genji's Guard,485.3307236366934,0.6363636363636364,Genji's Guard,22.06048743803152,2.8925619834710745
Jotunn's Wrath,-21.594589713476715,0.49038461538461536,Stone of Gaia,322.7870226330296,0.7,Stone of Gaia,16.13935113165148,3.5
Breastplate of Valor,-261.4173743268124,0.44776119402985076,Transcendence,240.57007806795437,0.5625,Warrior Tabi,13.254161394355904,3.161717581713309
Mystical Mail,-104.36003578981598,0.4576271186440678,Shield of Regrowth,225.88637012049043,0.5833333333333334,Shield of Regrowth,12.54924278447169,3.240740740740741
Bulwark of Hope,114.32341564790029,0.47368421052631576,Warrior Tabi,205.43950161251652,0.4900662251655629,Transcendence,9.252695310305937,2.1634615384615383
Shield of Regrowth,225.88637012049043,0.5833333333333334,Void Shield,139.08020692494082,0.6666666666666666,Void Shield,5.1511187749978085,2.4691358024691357
