,recommendations,win_rate,win_rate_per_cost
Starter Item,Bluestone Pendant,,
Boots,Reinforced Greaves,0.576923076923,5.0
Item2,Jotunn's Wrath,0.6060606060606061,2.48385494287
Item3,Mystical Mail,0.5769230769230769,2.24466891134
Item4,Bulwark of Hope,0.5365853658536586,2.400240024
Item5,Stone of Gaia,0.727272727273,3.5
Item6,Transcendence,0.833333333333,2.7972027972
Relic1,Sprint,0.62962962963,
Relic2,Blink,0.833333333333,
