Items_most_pop,Items_most_pop_L2,Items_most_pop_winrate,Items_L2,Items_L2_coef,Items_L2_winrate,Items_gold_adjusted_L2,Items_gold_adjusted_L2_coef,Items_gold_adjusted_L2_winrate
Warrior Tabi,1.426657190885608,0.5278969957081545,Runeforged Hammer,15.333934947895578,0.7368421052631579,Runeforged Hammer,0.7666967473947789,3.6842105263157894
Jotunn's Wrath,9.089869380787032,0.5506329113924051,Transcendence,14.500341128255206,0.7083333333333334,Transcendence,0.5577054280098156,2.7243589743589745
Mystical Mail,-2.298990797594257,0.5181818181818182,Titan's Bane,11.402056631495473,0.6078431372549019,Titan's Bane,0.5561978844631937,2.965088474414156
Bulwark of Hope,-1.922487327727056,0.5233644859813084,Breastplate of Valor,9.48583969305035,0.569620253164557,Breastplate of Valor,0.41242781274131957,2.476609796367639
Bluestone Pendant,20.323336915968635,0.5909090909090909,Jotunn's Wrath,9.089869380787032,0.5506329113924051,Jotunn's Wrath,0.37253563036012427,2.2566922598049386
Breastplate of Valor,9.48583969305035,0.569620253164557,Shield of Regrowth,6.200597272050034,0.5555555555555556,Shield of Regrowth,0.34447762622500194,3.0864197530864197
