Items_most_pop,Items_most_pop_L2,Items_most_pop_winrate,Items_L2,Items_L2_coef,Items_L2_winrate,Items_gold_adjusted_L2,Items_gold_adjusted_L2_coef,Items_gold_adjusted_L2_winrate
Shoes of Focus,13.546987435480931,0.5873015873015873,Breastplate of Valor,30.407919257073225,0.6818181818181818,Breastplate of Valor,1.3220834459597053,2.964426877470356
Breastplate of Valor,30.407919257073225,0.6818181818181818,Bulwark of Hope,20.234182556577863,0.6666666666666666,Shoes of Focus,0.9031324956987287,3.9153439153439153
Heartward Amulet,-19.3226017984724,0.4594594594594595,Hide of the Urchin,16.1899435119182,0.6486486486486487,Bulwark of Hope,0.8013537646169451,2.6402640264026402
Hide of the Urchin,16.1899435119182,0.6486486486486487,Shoes of Focus,13.546987435480931,0.5873015873015873,Hide of the Urchin,0.6745809796632585,2.7027027027027026
Sovereignty,-23.69755306537095,0.4444444444444444,Void Stone,11.475337266123269,0.6470588235294118,Void Stone,0.5216062393692396,2.9411764705882355
Bulwark of Hope,20.234182556577863,0.6666666666666666,Midgardian Mail,7.499063270295768,0.6666666666666666,Midgardian Mail,0.33329170090203414,2.962962962962963
