Relics_most_pop,Relics_most_pop_L2,Relics_most_pop_winrate,Relics_most_pop_wr_paired,Relics_L2,Relics_L2_coef,Relics_L2_winrate,Relics_L2_wr_paired
Meditation,2.389262871618646,0.593103448275862,0.666666666667,Meditation,2.389262871618646,0.593103448275862,0.666666666667
Relic,-0.8044169365511966,0.4921875,,Shell,0.5508010265677096,0.59375,
