Items_most_pop,Items_most_pop_L2,Items_most_pop_winrate,Items_L2,Items_L2_coef,Items_L2_winrate,Items_gold_adjusted_L2,Items_gold_adjusted_L2_coef,Items_gold_adjusted_L2_winrate
Shoes of Focus,-13.796058256256899,0.39322033898305087,Mystical Mail,34.783140406087455,0.5087719298245614,Mystical Mail,1.2882644594847206,1.8843404808317088
Breastplate of Valor,2.593104045121744,0.40106951871657753,Witchblade,21.726792353032582,0.5652173913043478,Witchblade,1.0598435294162236,2.757158006362672
Heartward Amulet,2.9766994556228896,0.42528735632183906,Sovereignty,16.172480340030155,0.45,Sovereignty,0.7701181114300073,2.142857142857143
Hide of the Urchin,4.977464415744948,0.4236111111111111,Hide of the Urchin,4.977464415744948,0.4236111111111111,Hide of the Urchin,0.2073943506560395,1.7650462962962963
Bulwark of Hope,4.4088842452582755,0.4125874125874126,Bulwark of Hope,4.4088842452582755,0.4125874125874126,Bulwark of Hope,0.17460927703993173,1.634009554801634
Sovereignty,16.172480340030155,0.45,Heartward Amulet,2.9766994556228896,0.42528735632183906,Heartward Amulet,0.14174759312489948,2.0251778872468527
