Relics_most_pop,Relics_most_pop_L2,Relics_most_pop_winrate,Relics_most_pop_wr_paired,Relics_L2,Relics_L2_coef,Relics_L2_winrate,Relics_L2_wr_paired
Meditation,8.969346496988535,0.5392670157068062,0.666666666667,Sprint,12.72658545545951,0.6486486486486487,0.666666666667
Relic,-13.636754330753481,0.47953216374269003,,Shell,11.12530403308798,0.6,
