,recommendations,win_rate,win_rate_per_cost
Starter Item,Mark of the Vanguard,,
Boots,Reinforced Shoes,0.5,3.57142857143
Item2,Hide of the Urchin,0.6,2.5
Item3,Sovereignty,0.5894736842105263,2.85714285714
Item4,Heartward Amulet,0.5555555555555556,2.85714285714
Item5,Winged Blade,0.736842105263,3.98293029872
Item6,Witchblade,0.518518518519,3.08087291399
Relic1,Sprint,0.62962962963,
Relic2,Blink,0.583333333333,
