,recommendations,win_rate,win_rate_per_cost
Starter Item,Soul Stone,,
Boots,Shoes of the Magi,0.460093896713615,3.28947368421
Item2,Chronos' Pendant,0.5263157894736842,2.19298245614
Item3,Rod of Tahuti,0.5035971223021583,1.58528852251
Item4,Obsidian Shard,0.47802197802197804,2.56739409499
Item5,Breastplate of Valor,0.503597122302,2.71739130435
Item6,Soul Reaver,0.46511627907,1.5820281601
Relic1,Sanctuary,0.492610837438,
Relic2,Meditation,0.541666666667,
