Relics_most_pop,Relics_most_pop_L2,Relics_most_pop_winrate,Relics_most_pop_wr_paired,Relics_L2,Relics_L2_coef,Relics_L2_winrate,Relics_L2_wr_paired
Purification,28.953095668984624,0.5332823259372609,0.595995288575,Purification,28.953095668984624,0.5332823259372609,0.595995288575
Sanctuary,11.316268063681727,0.5642857142857143,,Sanctuary,11.316268063681727,0.5642857142857143,
