Items_most_pop,Items_most_pop_L2,Items_most_pop_winrate,Items_L2,Items_L2_coef,Items_L2_winrate,Items_gold_adjusted_L2,Items_gold_adjusted_L2_coef,Items_gold_adjusted_L2_winrate
Shoes of the Magi,8.313082782801773,0.4203747072599532,Polynomicon,27.25324966340217,0.5109489051094891,Polynomicon,1.1849238984087898,2.221516978736909
Warlock's Sash,-4.156629543332439,0.4147952443857332,Rod of Tahuti,19.418352261539855,0.48623853211009177,Rod of Tahuti,0.5848901283596342,1.4645738918978668
Obsidian Shard,-18.16237073266033,0.43541364296081275,Shoes of the Magi,8.313082782801773,0.4203747072599532,Shoes of the Magi,0.5195676739251108,2.627341920374707
Book of Thoth,-6.7087113369380615,0.41852487135506006,Warlock's Sash,-4.156629543332439,0.4147952443857332,Warlock's Sash,-0.1568539450314128,1.56526507315371
Rod of Tahuti,19.418352261539855,0.48623853211009177,Book of Thoth,-6.7087113369380615,0.41852487135506006,Book of Thoth,-0.2531589183750212,1.5793391371889058
Chronos' Pendant,-20.069376660439914,0.4033018867924528,Shoes of Focus,-7.464411903688278,0.3541666666666667,Soul Reaver,-0.3623320391844353,1.5314182545055937
