,recommendations,win_rate,win_rate_per_cost
Starter Item,Soul Stone,,
Boots,Shoes of the Magi,0.537634408602,3.25757575758
Item2,Warlock's Sash,0.5376344086021505,2.02880908906
Item3,Rod of Tahuti,0.553763440860215,1.6193807488
Item4,Obsidian Shard,0.5298804780876494,2.62260687123
Item5,Spear of Desolation,0.529880478088,1.27041742287
Item6,Polynomicon,0.509803921569,2.21653878943
Relic1,Meditation,0.521739130435,
Relic2,Sprint,0.658536585366,
