,recommendations,win_rate,win_rate_per_cost
Starter Item,Soul Stone,,
Boots,Shoes of Focus,0.42492917847,2.8328611898
Item2,Obsidian Shard,0.45755071374906087,2.07746791927
Item3,Rod of Tahuti,0.4810379241516966,1.28277386582
Item4,Chronos' Pendant,0.45228215767634855,1.77450384771
Item5,Polynomicon,0.511111111111,2.22222222222
Item6,Spear of Desolation,0.522580645161,1.37521222411
Relic1,Sprint,0.556886227545,
Relic2,Purification,0.445209768316,
