,recommendations,win_rate,win_rate_per_cost
Starter Item,Soul Stone,,
Boots,Shoes of the Magi,0.55421686747,3.27797202797
Item2,Rod of Tahuti,0.5542168674698795,1.56998650975
Item3,Warlock's Sash,0.5212355212355212,1.96692649523
Item4,Book of Thoth,0.5225225225225225,1.96692649523
Item5,Polynomicon,0.666666666667,2.89855072464
Item6,Obsidian Shard,0.517543859649,2.52460419341
Relic1,Sprint,0.63829787234,
Relic2,Purification,0.523012552301,
