,recommendations,win_rate,win_rate_per_cost
Starter Item,Soul Stone,,
Boots,Shoes of Focus,0.7,3.73333333333
Item2,Rod of Tahuti,0.6021505376344086,1.72534799392
Item3,Warlock's Sash,0.5803571428571429,2.16156805276
Item4,Obsidian Shard,0.5728155339805825,2.79422211698
Item5,Spear of Desolation,0.557971014493,1.84210526316
Item6,Book of Thoth,0.5263157894736842,1.6846361186
Relic1,Meditation,0.75,
Relic2,Sanctuary,0.570247933884,
