Relics_most_pop,Relics_most_pop_L2,Relics_most_pop_winrate,Relics_most_pop_wr_paired,Relics_L2,Relics_L2_coef,Relics_L2_winrate,Relics_L2_wr_paired
Sanctuary,-19.898008712981195,0.46226415094339623,1.0,Meditation,34.78131503549133,0.5581395348837209,1.0
Purification,3.2539920000942155,0.46163522012578617,,Sprint,16.398799264115116,0.5321100917431193,
