Items_most_pop,Items_most_pop_L2,Items_most_pop_winrate,Items_L2,Items_L2_coef,Items_L2_winrate,Items_gold_adjusted_L2,Items_gold_adjusted_L2_coef,Items_gold_adjusted_L2_winrate
Shoes of the Magi,-2.3949928214583993,0.5047846889952153,Rod of Tahuti,8.584013104569946,0.583011583011583,Obsidian Shard,0.2928104579576965,2.68936413704313
Warlock's Sash,4.545472102261415,0.5363128491620112,Obsidian Shard,6.002614388132778,0.5513196480938416,Rod of Tahuti,0.2585546115834321,1.7560589849746475
Obsidian Shard,6.002614388132778,0.5513196480938416,Warlock's Sash,4.545472102261415,0.5363128491620112,Warlock's Sash,0.17152724914194017,2.023822072309476
Book of Thoth,3.102469624853861,0.53125,Spear of Desolation,3.4462418244417163,0.6071428571428571,Book of Thoth,0.11707432546618342,2.0047169811320753
Rod of Tahuti,8.584013104569946,0.583011583011583,Book of Thoth,3.102469624853861,0.53125,Shoes of Focus,0.11691183289289545,3.663003663003663
Chronos' Pendant,-6.794125988134859,0.4644808743169399,Shoes of Focus,1.7536774933934316,0.5494505494505495,Spear of Desolation,0.09069057432741358,1.5977443609022557
