Relics_most_pop,Relics_most_pop_L2,Relics_most_pop_winrate,Relics_most_pop_wr_paired,Relics_L2,Relics_L2_coef,Relics_L2_winrate,Relics_L2_wr_paired
Purification,7.15253092813599,0.525096525096525,0.581818181818,Sanctuary,14.084211582549914,0.5398058252427185,0.581818181818
Sanctuary,14.084211582549914,0.5398058252427185,,Purification,7.15253092813599,0.525096525096525,
