Relics_most_pop,Relics_most_pop_L2,Relics_most_pop_winrate,Relics_most_pop_wr_paired,Relics_L2,Relics_L2_coef,Relics_L2_winrate,Relics_L2_wr_paired
Purification,13.142973329751264,0.44329896907216493,0.527156549521,Purification,13.142973329751264,0.44329896907216493,0.527156549521
Sanctuary,7.146217581176656,0.4720357941834452,,Sanctuary,7.146217581176656,0.4720357941834452,
