,recommendations,win_rate,win_rate_per_cost
Starter Item,Bluestone Pendant,,
Boots,Warrior Tabi,0.661538461538,3.346397347
Item2,Asi,0.5352941176470588,2.9139976898
Item3,Jotunn's Wrath,0.556,2.12578519994
Item4,Titan's Bane,0.5501730103806228,2.53020287212
Item5,Ichaival,0.58064516129,3.4155597723
Item6,Brawler's Beat Stick,0.535294117647,2.75641025641
Relic1,Sanctuary,0.539805825243,
Relic2,Purification,0.525096525097,
