Items_most_pop,Items_most_pop_L2,Items_most_pop_winrate,Items_L2,Items_L2_coef,Items_L2_winrate,Items_gold_adjusted_L2,Items_gold_adjusted_L2_coef,Items_gold_adjusted_L2_winrate
Warrior Tabi,-0.14544025012159165,0.48322147651006714,Titan's Bane,0.5801443948040084,0.6451612903225806,Titan's Bane,0.028299726575805286,3.147128245476003
Transcendence,-0.14686135921461516,0.48299319727891155,Jotunn's Wrath,0.5474890934953834,0.6349206349206349,Jotunn's Wrath,0.022438077602269815,2.602133749674733
Qin's Sais,-0.2792420208489066,0.43661971830985913,Ninja Tabi,0.06523544131113765,0.5625,Ninja Tabi,0.00434902942074251,3.75
Jotunn's Wrath,0.5474890934953834,0.6349206349206349,Deathbringer,-0.02793059528455399,0.4827586206896552,Deathbringer,-0.0008728311026423123,1.5086206896551724
Asi,-0.47262613140962556,0.38095238095238093,Ichaival,-0.02936427417883162,0.47619047619047616,Ichaival,-0.0017273102458136248,2.8011204481792715
Titan's Bane,0.5801443948040084,0.6451612903225806,Bloodforge,-0.06123342641194359,0.4666666666666667,Bloodforge,-0.0021485412776120556,1.6374269005847952
