,recommendations,win_rate,win_rate_per_cost
Starter Item,Bluestone Pendant,,
Boots,Warrior Tabi,0.485714285714,2.88624787776
Item2,Titan's Bane,0.5353535353535354,2.17955371043
Item3,Transcendence,0.4622222222222222,1.71849427169
Item4,Asi,0.44,2.51016017213
Item5,Ichaival,0.462222222222,3.0303030303
Item6,Soul Eater,0.5,2.42857142857
Relic1,Sanctuary,0.488235294118,
Relic2,Meditation,0.555555555556,
