Items_most_pop,Items_most_pop_L2,Items_most_pop_winrate,Items_L2,Items_L2_coef,Items_L2_winrate,Items_gold_adjusted_L2,Items_gold_adjusted_L2_coef,Items_gold_adjusted_L2_winrate
Warrior Tabi,21.938713380489126,0.4555984555984556,The Executioner,82.1868049569942,0.5645161290322581,The Executioner,3.65274688697752,2.5089605734767026
Transcendence,80.88564790533593,0.4470588235294118,Transcendence,80.88564790533593,0.4470588235294118,Ichaival,3.3175324365892163,2.4955436720142603
Asi,-21.798291566750006,0.42962962962962964,Jotunn's Wrath,63.80845804015104,0.5346534653465347,Transcendence,3.110986457897536,1.7194570135746607
Titan's Bane,-14.568872002957068,0.5121951219512195,Soul Eater,61.98176966597513,0.5652173913043478,Soul Eater,3.099088483298756,2.8260869565217392
Qin's Sais,36.67419048420595,0.5288461538461539,Rage,60.89786897915261,0.5294117647058824,Jotunn's Wrath,2.6151007393504524,2.1912027268300602
Jotunn's Wrath,63.80845804015104,0.5346534653465347,Ichaival,56.39805142201668,0.42424242424242425,Rage,2.5374112074646926,2.2058823529411766
