Relics_most_pop,Relics_most_pop_L2,Relics_most_pop_winrate,Relics_most_pop_wr_paired,Relics_L2,Relics_L2_coef,Relics_L2_winrate,Relics_L2_wr_paired
Sanctuary,2.883233027303796,0.5441176470588235,0.596385542169,Sanctuary,2.883233027303796,0.5441176470588235,0.596385542169
Purification,1.814722601480817,0.5321944809461235,,Purification,1.814722601480817,0.5321944809461235,
