Relics_most_pop,Relics_most_pop_L2,Relics_most_pop_winrate,Relics_most_pop_wr_paired,Relics_L2,Relics_L2_coef,Relics_L2_winrate,Relics_L2_wr_paired
Sanctuary,-8.639845040379225,0.4329896907216495,0.75,Sprint,25.77821564953095,0.6037735849056604,0.75
Purification,9.249106901856113,0.458041958041958,,Purification,9.249106901856113,0.458041958041958,
