Items_most_pop,Items_most_pop_L2,Items_most_pop_winrate,Items_L2,Items_L2_coef,Items_L2_winrate,Items_gold_adjusted_L2,Items_gold_adjusted_L2_coef,Items_gold_adjusted_L2_winrate
Transcendence,-0.22608670661711264,0.4873417721518987,Ichaival,0.4071031240644801,0.6363636363636364,Ichaival,0.023947242592028243,3.7433155080213902
Warrior Tabi,0.10919566726744208,0.5032258064516129,Soul Eater,0.3409490933314721,0.5806451612903226,Soul Eater,0.017047454666573605,2.903225806451613
Qin's Sais,-0.8453707326527133,0.4155844155844156,Bloodforge,0.34021762481234463,0.6086956521739131,Bloodforge,0.011937460519731392,2.1357742181540806
Asi,-0.6411883889332481,0.42857142857142855,Deathbringer,0.2732483355189885,0.625,Titan's Bane,0.010519309926441919,2.5589764094362257
Titan's Bane,0.21564585349205934,0.5245901639344263,Titan's Bane,0.21564585349205934,0.5245901639344263,Deathbringer,0.008539010484968391,1.953125
Jotunn's Wrath,0.07782171354770125,0.5094339622641509,Warrior Tabi,0.10919566726744208,0.5032258064516129,Warrior Tabi,0.007044881759189811,3.246618106139438
