,recommendations,win_rate,win_rate_per_cost
Starter Item,Bluestone Pendant,,
Boots,Ninja Tabi,0.5625,3.75
Item2,Titan's Bane,0.6451612903225806,2.12985228444
Item3,Jotunn's Wrath,0.6349206349206349,1.78942507504
Item4,Transcendence,0.48299319727891155,1.67930660888
Item5,Deathbringer,0.48275862069,1.50862068966
Item6,Ichaival,0.47619047619,2.80112044818
Relic1,Sprint,0.5625,
Relic2,Relic,0.473684210526,
