,recommendations,win_rate,win_rate_per_cost
Starter Item,Mark of the Vanguard,,
Boots,Shoes of the Magi,0.527839643653,3.37171052632
Item2,Sovereignty,0.5466666666666666,2.60317460317
Item3,Hide of the Urchin,0.54,2.27777777778
Item4,Heartward Amulet,0.5278396436525612,2.60317460317
Item5,Winged Blade,0.54,3.51351351351
Item6,Void Stone,0.547101449275,2.48682476943
Relic1,Blink,0.579591836735,
Relic2,Curse,0.576158940397,
