,recommendations,win_rate,win_rate_per_cost
Starter Item,Mark of the Vanguard,,
Boots,Shoes of Focus,0.43970588235294117,2.80701754386
Item2,Sovereignty,0.5056818181818182,2.00501253133
Item3,Hide of the Urchin,0.4811594202898551,1.75438596491
Item4,Breastplate of Valor,0.4396887159533074,1.83066361556
Item5,Winged Blade,0.579710144928,3.13356835096
Item6,Void Stone,0.519379844961,2.3608174771
Relic1,Meditation,0.485483870968,
Relic2,Sprint,0.528985507246,
