,recommendations,win_rate,win_rate_per_cost
Starter Item,Mark of the Vanguard,,
Boots,Shoes of the Magi,0.464566929134,2.90354330709
Item2,Hide of the Urchin,0.4666666666666667,1.85560053981
Item3,Sovereignty,0.44534412955465585,2.12068633121
Item4,Bulwark of Hope,0.45098039215686275,1.76373912695
Item5,Void Stone,0.533333333333,2.15205148833
Item6,Spirit Robe,0.473451327434,2.16802168022
Relic1,Curse,0.543859649123,
Relic2,Meditation,0.451247165533,
