Relics_most_pop,Relics_most_pop_L2,Relics_most_pop_winrate,Relics_most_pop_wr_paired,Relics_L2,Relics_L2_coef,Relics_L2_winrate,Relics_L2_wr_paired
Meditation,16.86626546728792,0.5807127882599581,0.6953125,Meditation,16.86626546728792,0.5807127882599581,0.6953125
Relic,-38.40805479089918,0.4495530012771392,,Blink,9.004512659892935,0.5985221674876847,
