Items_most_pop,Items_most_pop_L2,Items_most_pop_winrate,Items_L2,Items_L2_coef,Items_L2_winrate,Items_gold_adjusted_L2,Items_gold_adjusted_L2_coef,Items_gold_adjusted_L2_winrate
Shoes of Focus,14.909485243088444,0.5342465753424658,Sovereignty,29.924298313826974,0.631578947368421,Sovereignty,1.4249665863727132,3.007518796992481
Breastplate of Valor,-12.483737213613574,0.46540880503144655,Gem of Isolation,19.346084169073425,0.7333333333333333,Shoes of Focus,0.9939656828725628,3.5616438356164384
Heartward Amulet,-4.455328748710503,0.5208333333333334,Winged Blade,16.63744463632325,0.7,Winged Blade,0.8993213316931485,3.7837837837837838
Hide of the Urchin,-8.935501459883582,0.47580645161290325,Shoes of Focus,14.909485243088444,0.5342465753424658,Gem of Isolation,0.7165216358916083,2.7160493827160495
Bulwark of Hope,-7.5449925373341555,0.4745762711864407,Void Stone,11.82580971536687,0.5596330275229358,Void Stone,0.5375368052439486,2.543786488740617
Sovereignty,29.924298313826974,0.631578947368421,Soul Reaver,11.700656929091076,0.6486486486486487,Celestial Legion Helm,0.3990882044305291,2.766798418972332
