Items_most_pop,Items_most_pop_L2,Items_most_pop_winrate,Items_L2,Items_L2_coef,Items_L2_winrate,Items_gold_adjusted_L2,Items_gold_adjusted_L2_coef,Items_gold_adjusted_L2_winrate
Shoes of Focus,1.2198501512342423,0.4822888283378747,Sovereignty,13.064508216607909,0.5594059405940595,Sovereignty,0.622119438886091,2.663837812352664
Breastplate of Valor,1.464416084656047,0.48201438848920863,Void Stone,10.97705380655528,0.5859872611464968,Void Stone,0.49895699120705816,2.6635784597568035
Sovereignty,13.064508216607909,0.5594059405940595,Soul Reaver,6.290759646256686,0.6808510638297872,Soul Reaver,0.21397141653934304,2.3158199449992765
Heartward Amulet,-2.544912825886256,0.46766169154228854,Mantle of Discord,2.4881258397163215,0.5357142857142857,Spirit Robe,0.0962107233435735,2.188868042526579
Bulwark of Hope,1.5536898312092713,0.489247311827957,Spirit Robe,2.366783794251908,0.5384615384615384,Shoes of the Magi,0.09084448842774448,3.0844155844155843
Hide of the Urchin,-4.927679766538649,0.44565217391304346,Bulwark of Hope,1.5536898312092713,0.489247311827957,Shoes of Focus,0.08132334341561616,3.215258855585831
