Relics_most_pop,Relics_most_pop_L2,Relics_most_pop_winrate,Relics_most_pop_wr_paired,Relics_L2,Relics_L2_coef,Relics_L2_winrate,Relics_L2_wr_paired
Meditation,7.926490287814785,0.45436507936507936,0.894736842105,Blink,32.69854814228555,0.5431472081218274,0.894736842105
Relic,-51.930866322739575,0.33410672853828305,,Sprint,19.438479430248794,0.5609756097560976,
