Items_most_pop,Items_most_pop_L2,Items_most_pop_winrate,Items_L2,Items_L2_coef,Items_L2_winrate,Items_gold_adjusted_L2,Items_gold_adjusted_L2_coef,Items_gold_adjusted_L2_winrate
Shoes of Focus,2.2271204880508044,0.5555555555555556,Void Stone,15.212857215529988,0.6433566433566433,Void Stone,0.6914935097968176,2.9243483788938334
Breastplate of Valor,3.8632023801371043,0.5591397849462365,Gem of Isolation,10.90979702353132,0.725,Reinforced Shoes,0.5101484567625555,4.197349042709868
Pestilence,-7.038578193856824,0.5313653136531366,Mantle of Discord,9.722837175589309,0.625,Gem of Isolation,0.40406655642708594,2.685185185185185
Sovereignty,7.599732885068591,0.5854922279792746,Sovereignty,7.599732885068591,0.5854922279792746,Winged Blade,0.3812391882470239,3.5626535626535625
Hide of the Urchin,-3.905992618313377,0.5409836065573771,Reinforced Shoes,7.142078394675777,0.5876288659793815,Sovereignty,0.3618920421461234,2.788058228472736
Heartward Amulet,5.478107948266072,0.5823529411764706,Genji's Guard,7.111498535452143,0.6666666666666666,Genji's Guard,0.32324993342964287,3.0303030303030303
