Relics_most_pop,Relics_most_pop_L2,Relics_most_pop_winrate,Relics_most_pop_wr_paired,Relics_L2,Relics_L2_coef,Relics_L2_winrate,Relics_L2_wr_paired
Meditation,8.435933616494799,0.5512295081967213,0.74358974359,Blink,12.802667006188898,0.625,0.74358974359
Relic,-20.919737060465156,0.4279379157427938,,Meditation,8.435933616494799,0.5512295081967213,
