Items_most_pop,Items_most_pop_L2,Items_most_pop_winrate,Items_L2,Items_L2_coef,Items_L2_winrate,Items_gold_adjusted_L2,Items_gold_adjusted_L2_coef,Items_gold_adjusted_L2_winrate
Shoes of Focus,-2.1485447642154774,0.5062866722548198,Sovereignty,17.26882378175108,0.5684713375796179,Shoes of the Magi,0.8695156562460888,3.6689419795221845
Breastplate of Valor,-1.456258753792637,0.5030241935483871,Void Stone,15.270818487712203,0.5848375451263538,Sovereignty,0.8223249419881467,2.7070063694267517
Heartward Amulet,3.4454662971067265,0.5380710659898477,Shoes of the Magi,13.912250499937423,0.5870307167235495,Void Stone,0.6941281130778274,2.6583524778470626
Bulwark of Hope,-11.98590755321594,0.47941176470588237,Mantle of Discord,9.821260246264167,0.585635359116022,Soul Reaver,0.31956965799117304,2.108445717468274
Sovereignty,17.26882378175108,0.5684713375796179,Soul Reaver,9.395347944940488,0.6198830409356725,Mantle of Discord,0.3168148466536828,1.8891463197291036
Hide of the Urchin,5.751708276071353,0.5321739130434783,Witchblade,6.320808794871069,0.6020408163265306,Witchblade,0.3083321363351741,2.9367844698855152
