,recommendations,win_rate,win_rate_per_cost
Starter Item,Vampiric Shroud,,
Boots,Shoes of the Magi,0.33653846153846156,1.99652777778
Item2,Rod of Tahuti,0.42168674698795183,0.96218206158
Item3,Warlock's Sash,0.3194444444444444,1.20545073375
Item4,Chronos' Pendant,0.3181818181818182,1.33101851852
Item5,Spear of Desolation,0.5,1.31578947368
Item6,Doom Orb,0.454545454545,2.21729490022
Relic1,Curse,0.5,
Relic2,Sprint,0.421052631579,
