Items_most_pop,Items_most_pop_L2,Items_most_pop_winrate,Items_L2,Items_L2_coef,Items_L2_winrate,Items_gold_adjusted_L2,Items_gold_adjusted_L2_coef,Items_gold_adjusted_L2_winrate
Book of Thoth,-3.5257333954852457,0.3695652173913043,Spear of Desolation,11.659331451364071,0.6,Rod of Tahuti,0.329464476201253,1.4250550589454594
Shoes of the Magi,-0.47026740368589215,0.38405797101449274,Rod of Tahuti,10.9382206098816,0.4731182795698925,Spear of Desolation,0.30682451187800186,1.5789473684210527
Obsidian Shard,-10.566856677176272,0.362962962962963,Soul Reaver,4.5819582023456755,0.46511627906976744,Soul Reaver,0.15584891844713183,1.5820281601012498
Chronos' Pendant,-0.9051821970191002,0.3942307692307692,Bancroft's Talon,1.9034817984834762,0.4,Bancroft's Talon,0.07931174160347818,1.6666666666666667
Warlock's Sash,0.6658807222498553,0.3877551020408163,Warlock's Sash,0.6658807222498553,0.3877551020408163,Warlock's Sash,0.02512757442452284,1.4632268001540238
Rod of Tahuti,10.9382206098816,0.4731182795698925,Shoes of the Magi,-0.47026740368589215,0.38405797101449274,Shoes of the Magi,-0.02939171273036826,2.4003623188405796
