Relics_most_pop,Relics_most_pop_L2,Relics_most_pop_winrate,Relics_most_pop_wr_paired,Relics_L2,Relics_L2_coef,Relics_L2_winrate,Relics_L2_wr_paired
Sanctuary,-4.926474103725012,0.3356164383561644,1.0,Meditation,18.116032242293205,0.47058823529411764,1.0
Purification,2.696156972786051,0.34579439252336447,,Purification,2.696156972786051,0.34579439252336447,
