Items_most_pop,Items_most_pop_L2,Items_most_pop_winrate,Items_L2,Items_L2_coef,Items_L2_winrate,Items_gold_adjusted_L2,Items_gold_adjusted_L2_coef,Items_gold_adjusted_L2_winrate
Book of Thoth,6.590331804755959,0.4084507042253521,Soul Reaver,21.67168839699594,0.5652173913043478,Shoes of the Magi,0.8977830623381061,2.705223880597015
Shoes of the Magi,14.364528997409698,0.43283582089552236,Spear of Desolation,17.115657746347885,0.5714285714285714,Soul Reaver,0.7371322584012223,1.922508133688258
Obsidian Shard,-9.33469283387901,0.3582089552238806,Gem of Isolation,15.13916576960499,0.6666666666666666,Gem of Isolation,0.5607098433187033,2.4691358024691357
Chronos' Pendant,-25.298276203304354,0.29310344827586204,Shoes of the Magi,14.364528997409698,0.43283582089552236,Spear of Desolation,0.45041204595652323,1.5037593984962405
Rod of Tahuti,13.27758827159248,0.4716981132075472,Rod of Tahuti,13.27758827159248,0.4716981132075472,Rod of Tahuti,0.3999273575780868,1.4207774494203227
Warlock's Sash,-22.646961450987362,0.28846153846153844,Book of Thoth,6.590331804755959,0.4084507042253521,Book of Thoth,0.24869176621720598,1.54132341217114
