,recommendations,win_rate,win_rate_per_cost
Starter Item,Soul Stone,,
Boots,Shoes of the Magi,0.25821596244131456,1.50709219858
Item2,Rod of Tahuti,0.3611111111111111,0.726309493292
Item3,Obsidian Shard,0.32954545454545453,1.17626708182
Item4,Chronos' Pendant,0.3037974683544304,1.00472813239
Item5,Soul Reaver,0.405063291139,1.37776629639
Item6,Polynomicon,0.329545454545,1.90217391304
Relic1,Curse,0.5,
Relic2,Purification,0.309523809524,
