,recommendations,win_rate,win_rate_per_cost
Starter Item,Death's Toll,,
Boots,Warrior Tabi,0.434065934066,2.80042538107
Item2,Asi,0.4846153846153846,2.07127454318
Item3,Qin's Sais,0.4735376044568245,1.36550692106
Item4,Ichaival,0.44047619047619047,2.16874628639
Item5,Wind Demon,0.560810810811,2.15696465696
Item6,Rage,0.510638297872,2.12765957447
Relic1,Sprint,0.58024691358,
Relic2,Purification,0.435272045028,
