Relics_most_pop,Relics_most_pop_L2,Relics_most_pop_winrate,Relics_most_pop_wr_paired,Relics_L2,Relics_L2_coef,Relics_L2_winrate,Relics_L2_wr_paired
Purification,3.8678232183279335,0.5833333333333334,1.0,Sanctuary,7.473838338377754,0.5897435897435898,1.0
Sanctuary,7.473838338377754,0.5897435897435898,,Sprint,7.199552868230169,0.6923076923076923,
