Items_most_pop,Items_most_pop_L2,Items_most_pop_winrate,Items_L2,Items_L2_coef,Items_L2_winrate,Items_gold_adjusted_L2,Items_gold_adjusted_L2_coef,Items_gold_adjusted_L2_winrate
Warrior Tabi,-10.31049596020737,0.43622920517560076,Hastened Fatalis,48.49690774339179,0.5153374233128835,Hastened Fatalis,2.2662106422145696,2.4081188005274927
Qin's Sais,-35.91099444070458,0.44266666666666665,Titan's Bane,45.34406344438998,0.5714285714285714,Titan's Bane,2.2119055338726823,2.7874564459930316
Ichaival,30.139081759105977,0.4451219512195122,Ichaival,30.139081759105977,0.4451219512195122,Ichaival,1.7728871623003517,2.618364418938307
Asi,28.501850048905226,0.4921875,Soul Eater,29.912297668553922,0.5454545454545454,Asi,1.6012275308373722,2.7650983146067416
The Executioner,21.47855037634073,0.48221343873517786,Asi,28.501850048905226,0.4921875,Soul Eater,1.495614883427696,2.727272727272727
Devourer's Gauntlet,-37.38923762612508,0.35436893203883496,The Executioner,21.47855037634073,0.48221343873517786,The Executioner,0.954602238948477,2.143170838823013
