Items_most_pop,Items_most_pop_L2,Items_most_pop_winrate,Items_L2,Items_L2_coef,Items_L2_winrate,Items_gold_adjusted_L2,Items_gold_adjusted_L2_coef,Items_gold_adjusted_L2_winrate
Warrior Tabi,-0.46586328550260814,0.56657223796034,Ichaival,17.973401266950837,0.6069651741293532,Ichaival,1.0572588980559317,3.5703833772314897
Qin's Sais,14.082807993391308,0.6188524590163934,Wind Demon,14.989214720307872,0.696969696969697,Wind Demon,0.5765082584733797,2.6806526806526807
Ichaival,17.973401266950837,0.6069651741293532,Qin's Sais,14.082807993391308,0.6188524590163934,Qin's Sais,0.5215854812367151,2.2920461445051608
Asi,5.893735007861669,0.6069364161849711,Deathbringer,11.80967941281926,0.6637168141592921,Titan's Bane,0.5114183978125059,3.31225534477567
The Executioner,0.6400317973535826,0.5847953216374269,Titan's Bane,10.484077155156369,0.6790123456790124,Deathbringer,0.36905248165060195,2.0741150442477876
Devourer's Gauntlet,-0.2629668821266241,0.562962962962963,Asi,5.893735007861669,0.6069364161849711,Asi,0.33110870830683536,3.409755147106579
