Items_most_pop,Items_most_pop_L2,Items_most_pop_winrate,Items_L2,Items_L2_coef,Items_L2_winrate,Items_gold_adjusted_L2,Items_gold_adjusted_L2_coef,Items_gold_adjusted_L2_winrate
Warrior Tabi,1.0241294876909268,0.5191256830601093,Deathbringer,9.941002608560472,0.6617647058823529,Deathbringer,0.31065633151751476,2.068014705882353
Qin's Sais,1.523575789420005,0.5317460317460317,Titan's Bane,5.457509393243173,0.6363636363636364,Titan's Bane,0.266219970402106,3.104212860310421
Ichaival,4.023088537405643,0.5447154471544715,Hastened Fatalis,4.122848918315963,0.6046511627906976,Ichaival,0.2366522669062143,3.204208512673362
The Executioner,1.1166014076503143,0.5263157894736842,Ichaival,4.023088537405643,0.5447154471544715,Hastened Fatalis,0.19265649151009173,2.8254727233210173
Asi,0.27164225875963355,0.524390243902439,Bloodforge,2.1425888123659687,0.5555555555555556,Ninja Tabi,0.12124613274053044,3.625730994152047
Wind Demon,-0.009244953219587706,0.5294117647058824,Ninja Tabi,1.8186919911079564,0.543859649122807,Bloodforge,0.07517855481985855,1.949317738791423
