,recommendations,win_rate,win_rate_per_cost
Starter Item,Death's Toll,,
Boots,Warrior Tabi,0.4789915966386555,3.38825713623
Item2,The Executioner,0.509090909090909,2.33413269384
Item3,Asi,0.5389221556886228,2.95044862986
Item4,Ichaival,0.4855769230769231,3.08929327127
Item5,Titan's Bane,0.64367816092,3.1398934679
Item6,Rage,0.611111111111,2.5462962963
Relic1,Sprint,0.68085106383,
Relic2,Sanctuary,0.535117056856,
