,recommendations,win_rate,win_rate_per_cost
Starter Item,Death's Toll,,
Boots,Ninja Tabi,0.576335877863,3.72549019608
Item2,Ichaival,0.5524079320113314,2.83781244127
Item3,Qin's Sais,0.5644329896907216,1.78677079636
Item4,Asi,0.5763358778625954,2.71027030908
Item5,Wind Demon,0.552407932011,2.50938086304
Item6,Transcendence,0.496644295302,1.91017036655
Relic1,Sprint,0.666666666667,
Relic2,Sanctuary,0.580821917808,
