Items_most_pop,Items_most_pop_L2,Items_most_pop_winrate,Items_L2,Items_L2_coef,Items_L2_winrate,Items_gold_adjusted_L2,Items_gold_adjusted_L2_coef,Items_gold_adjusted_L2_winrate
Warrior Tabi,-0.8410722294220897,0.43798024149286496,Hastened Fatalis,26.002719111013594,0.5,Hastened Fatalis,1.215080332290355,2.336448598130841
Qin's Sais,19.29891357809587,0.48911222780569513,Wind Demon,24.220773002149702,0.55,Asi,0.9557528183289576,2.6704287801682876
Ichaival,12.768360913400842,0.45611015490533563,Qin's Sais,19.29891357809587,0.48911222780569513,Wind Demon,0.931568192390373,2.1153846153846154
Asi,17.012400166255446,0.47533632286995514,Asi,17.012400166255446,0.47533632286995514,Soul Eater,0.7683165844993328,2.280701754385965
The Executioner,2.167058905390584,0.4497716894977169,Soul Eater,15.366331689986657,0.45614035087719296,Ichaival,0.7510800537294613,2.6830009112078566
Devourer's Gauntlet,-19.4592890368602,0.38125,Ichaival,12.768360913400842,0.45611015490533563,Qin's Sais,0.7147745769665138,1.8115267696507227
