Relics_most_pop,Relics_most_pop_L2,Relics_most_pop_winrate,Relics_most_pop_wr_paired,Relics_L2,Relics_L2_coef,Relics_L2_winrate,Relics_L2_wr_paired
Sanctuary,0.5934783633065571,0.5679012345679012,0.675675675676,Sanctuary,0.5934783633065571,0.5679012345679012,0.675675675676
Purification,0.3799727257119022,0.5522388059701493,,Purification,0.3799727257119022,0.5522388059701493,
