Items_most_pop,Items_most_pop_L2,Items_most_pop_winrate,Items_L2,Items_L2_coef,Items_L2_winrate,Items_gold_adjusted_L2,Items_gold_adjusted_L2_coef,Items_gold_adjusted_L2_winrate
Warrior Tabi,-5.709226606629685,0.4884488448844885,Ichaival,28.07104199218976,0.5481927710843374,Ichaival,1.6512377642464566,3.2246633593196314
Qin's Sais,6.245685654887803,0.5188679245283019,Hastened Fatalis,24.292193961753643,0.5875,Hastened Fatalis,1.1351492505492355,2.7453271028037385
Ichaival,28.07104199218976,0.5481927710843374,Asi,17.39127628130949,0.5352112676056338,Asi,0.9770379933319938,3.006804874188954
The Executioner,-5.038312730399097,0.49375,Bloodforge,16.640033112424675,0.5370370370370371,Devourer's Gauntlet,0.7009813030506562,2.4796747967479673
Asi,17.39127628130949,0.5352112676056338,Devourer's Gauntlet,14.370116712538453,0.5083333333333333,Bloodforge,0.5838608109622694,1.8843404808317088
Devourer's Gauntlet,14.370116712538453,0.5083333333333333,Titan's Bane,9.588459706071397,0.569620253164557,Titan's Bane,0.4677297417595804,2.778635381290522
