,recommendations,win_rate,win_rate_per_cost
Starter Item,Death's Toll,,
Boots,Warrior Tabi,0.4962962962962963,3.69741558197
Item2,Deathbringer,0.5730994152046783,1.79093567251
Item3,Qin's Sais,0.5328185328185329,2.12259042668
Item4,The Executioner,0.5444444444444444,2.54710851202
Item5,Titan's Bane,0.573099415205,3.0303030303
Item6,Wind Demon,0.532818532819,2.26045883941
Relic1,Purification,0.545161290323,
Relic2,Sanctuary,0.520107238606,
