Items_most_pop,Items_most_pop_L2,Items_most_pop_winrate,Items_L2,Items_L2_coef,Items_L2_winrate,Items_gold_adjusted_L2,Items_gold_adjusted_L2_coef,Items_gold_adjusted_L2_winrate
Warrior Tabi,2.2753836374373932,0.5257731958762887,Wind Demon,12.254444547865285,0.6090225563909775,Ichaival,0.5694585215614175,3.2624814631735046
Qin's Sais,7.653767954125435,0.5607142857142857,Ichaival,9.6807948665441,0.5546218487394958,Wind Demon,0.47132479030251095,2.3423944476576057
Ichaival,9.6807948665441,0.5546218487394958,Titan's Bane,9.101645053970838,0.6224489795918368,Titan's Bane,0.44398268555955306,3.0363364858138375
The Executioner,-0.7528145162561112,0.5255813953488372,Qin's Sais,7.653767954125435,0.5607142857142857,Qin's Sais,0.2834728871898309,2.0767195767195767
Devourer's Gauntlet,-4.714932960849367,0.4972375690607735,Odysseus' Bow,5.379229267189271,0.5757575757575758,Asi,0.2555109837677101,3.140484332472608
Deathbringer,2.109375291020903,0.559322033898305,Hastened Fatalis,5.146836205884941,0.55,Hastened Fatalis,0.24050636476097856,2.5700934579439254
