Relics_most_pop,Relics_most_pop_L2,Relics_most_pop_winrate,Relics_most_pop_wr_paired,Relics_L2,Relics_L2_coef,Relics_L2_winrate,Relics_L2_wr_paired
Purification,16.70661796830136,0.6095717884130982,0.666666666667,Purification,16.70661796830136,0.6095717884130982,0.666666666667
Sanctuary,3.1007461527891618,0.5865257595772787,,Sprint,4.797142672503766,0.6214689265536724,
