Items_most_pop,Items_most_pop_L2,Items_most_pop_winrate,Items_L2,Items_L2_coef,Items_L2_winrate,Items_gold_adjusted_L2,Items_gold_adjusted_L2_coef,Items_gold_adjusted_L2_winrate
Warrior Tabi,-21.153402285383184,0.39869281045751637,Asi,32.32930547820318,0.477124183006536,Asi,1.816253116752988,2.680472938238966
Qin's Sais,11.493597367178339,0.45045045045045046,Wind Demon,30.45565927958184,0.5376344086021505,The Executioner,1.1887329000401876,2.2222222222222223
Ichaival,-8.379787457039525,0.4,The Executioner,26.74649025090422,0.5,Wind Demon,1.1713715107531477,2.0678246484698097
Asi,32.32930547820318,0.477124183006536,Rage,23.749749875146986,0.5227272727272727,Titan's Bane,1.134980661379072,2.6016260162601625
The Executioner,26.74649025090422,0.5,Titan's Bane,23.26710355827098,0.5333333333333333,Rage,0.9895729114644577,2.178030303030303
Devourer's Gauntlet,-9.16703128381126,0.4144144144144144,Qin's Sais,11.493597367178339,0.45045045045045046,Qin's Sais,0.42568879137697546,1.668335001668335
