Items_most_pop,Items_most_pop_L2,Items_most_pop_winrate,Items_L2,Items_L2_coef,Items_L2_winrate,Items_gold_adjusted_L2,Items_gold_adjusted_L2_coef,Items_gold_adjusted_L2_winrate
Warrior Tabi,-14.630078188598251,0.4892086330935252,Qin's Sais,33.11462244052752,0.5747126436781609,Qin's Sais,1.2264674977973156,2.1285653469561514
Qin's Sais,33.11462244052752,0.5747126436781609,Rage,13.312744563156482,0.5625,Rage,0.55469769013152,2.34375
Ichaival,8.009358327620088,0.5217391304347826,Bloodforge,12.594930224496636,0.5625,Ichaival,0.4711387251541228,3.0690537084398977
The Executioner,4.563693953360093,0.5161290322580645,Ichaival,8.009358327620088,0.5217391304347826,Bloodforge,0.44192737629812756,1.9736842105263157
Asi,5.9135429639393,0.5263157894736842,Devourer's Gauntlet,6.230000737422962,0.5121951219512195,Ninja Tabi,0.33873906930307474,3.3333333333333335
Transcendence,-2.193883118163684,0.4807692307692308,Asi,5.9135429639393,0.5263157894736842,Asi,0.33222151482805057,2.9568302779420463
