,recommendations,win_rate,win_rate_per_cost
Starter Item,Death's Toll,,
Boots,Warrior Tabi,0.45794392523364486,3.45086271568
Item2,Qin's Sais,0.5135135135135135,1.98105081826
Item3,Asi,0.5267857142857143,3.00496472433
Item4,Deathbringer,0.5348837209302325,1.67151162791
Item5,Wind Demon,0.640625,2.46394230769
Item6,Transcendence,0.513513513514,2.05570291777
Relic1,Purification,0.506097560976,
Relic2,Sprint,0.538461538462,
