Relics_most_pop,Relics_most_pop_L2,Relics_most_pop_winrate,Relics_most_pop_wr_paired,Relics_L2,Relics_L2_coef,Relics_L2_winrate,Relics_L2_wr_paired
Meditation,42.317434980438065,0.6748466257668712,0.764705882353,Meditation,42.317434980438065,0.6748466257668712,0.764705882353
Relic,-73.12468326610423,0.5793103448275863,,Curse,37.99092776258577,0.7096774193548387,
