Relics_most_pop,Relics_most_pop_L2,Relics_most_pop_winrate,Relics_most_pop_wr_paired,Relics_L2,Relics_L2_coef,Relics_L2_winrate,Relics_L2_wr_paired
Relic,-486.83960833544023,0.5106382978723404,0.666666666667,Blink,437.791274129454,0.6811594202898551,0.666666666667
Meditation,-12.309530072905602,0.5769230769230769,,Sanctuary,252.4252598816227,0.6153846153846154,
