Items_most_pop,Items_most_pop_L2,Items_most_pop_winrate,Items_L2,Items_L2_coef,Items_L2_winrate,Items_gold_adjusted_L2,Items_gold_adjusted_L2_coef,Items_gold_adjusted_L2_winrate
Breastplate of Valor,-5.335723587866833,0.5583333333333333,Polynomicon,26.045761664277762,0.7058823529411765,Reinforced Shoes,1.4862323875211307,4.8009367681498825
Shoes of Focus,-13.640667521875995,0.5169491525423728,Reinforced Shoes,20.807253425295833,0.6721311475409836,Polynomicon,1.1324244201859897,3.0690537084398977
Shoes of the Magi,2.6754102740088626,0.5871559633027523,Hide of the Urchin,10.49897165464785,0.5978260869565217,Heartward Amulet,0.4536441290724704,2.821869488536155
Void Stone,9.614424240763817,0.6018518518518519,Void Stone,9.614424240763817,0.6018518518518519,Hide of the Urchin,0.4374571522769938,2.4909420289855073
Hide of the Urchin,10.49897165464785,0.5978260869565217,Heartward Amulet,9.52652671052188,0.5925925925925926,Void Stone,0.43701928367108267,2.7356902356902357
Heartward Amulet,9.52652671052188,0.5925925925925926,Celestial Legion Helm,5.592086368897005,0.6,Celestial Legion Helm,0.2431341899520437,2.608695652173913
