Relics_most_pop,Relics_most_pop_L2,Relics_most_pop_winrate,Relics_most_pop_wr_paired,Relics_L2,Relics_L2_coef,Relics_L2_winrate,Relics_L2_wr_paired
Relic,-29.2165590933008,0.4173669467787115,0.565217391304,Curse,12.610202227069575,0.6260869565217392,0.565217391304
Meditation,-2.2885982019388553,0.5074074074074074,,Blink,6.4821840385013,0.5654450261780105,
