Items_most_pop,Items_most_pop_L2,Items_most_pop_winrate,Items_L2,Items_L2_coef,Items_L2_winrate,Items_gold_adjusted_L2,Items_gold_adjusted_L2_coef,Items_gold_adjusted_L2_winrate
Void Stone,2.614693592508424,0.5859375,Polynomicon,3.340292301810302,0.7272727272727273,Shoes of the Magi,0.1762395659799881,3.7
Shoes of the Magi,2.8198330556798092,0.592,Dynasty Plate Helm,2.864052178673428,0.8333333333333334,Dynasty Plate Helm,0.1684736575690252,4.901960784313726
Breastplate of Valor,0.7868466171847539,0.5483870967741935,Shoes of the Magi,2.8198330556798092,0.592,Polynomicon,0.1452301000787088,3.1620553359683794
Shoes of Focus,0.515363213340301,0.5377358490566038,Void Stone,2.614693592508424,0.5859375,Void Stone,0.11884970875038291,2.663352272727273
Heartward Amulet,1.2809660150229338,0.5638297872340425,Bulwark of Hope,2.4088592278855603,0.5957446808510638,Bulwark of Hope,0.09540036546081426,2.3593848746576787
Bulwark of Hope,2.4088592278855603,0.5957446808510638,Sovereignty,1.4369877420861168,0.5797101449275363,Sovereignty,0.06842798771838653,2.7605244996549345
