Items_most_pop,Items_most_pop_L2,Items_most_pop_winrate,Items_L2,Items_L2_coef,Items_L2_winrate,Items_gold_adjusted_L2,Items_gold_adjusted_L2_coef,Items_gold_adjusted_L2_winrate
Shoes of Focus,-4.146256414190082,0.4744186046511628,Void Stone,10.633787932660235,0.6161616161616161,Void Stone,0.4833539969391016,2.800734618916437
Shoes of the Magi,3.7390085037874283,0.5550239234449761,Polynomicon,6.126453662989418,0.6666666666666666,Reinforced Shoes,0.28925106947697327,4.187192118226601
Breastplate of Valor,-3.3088833405299765,0.49246231155778897,Hide of the Urchin,6.0087954228236,0.5862068965517241,Polynomicon,0.2663675505647573,2.898550724637681
Void Stone,10.633787932660235,0.6161616161616161,Reinforced Shoes,4.049514972677625,0.5862068965517241,Hide of the Urchin,0.2503664759509833,2.442528735632184
Bulwark of Hope,3.4090921366256204,0.5555555555555556,Ethereal Staff,3.8150649089295765,0.6585365853658537,Shoes of the Magi,0.2336880314867143,3.4688995215311005
Hide of the Urchin,6.0087954228236,0.5862068965517241,Shoes of the Magi,3.7390085037874283,0.5550239234449761,Celestial Legion Helm,0.15408013873916115,2.863202545068929
