Items_most_pop,Items_most_pop_L2,Items_most_pop_winrate,Items_L2,Items_L2_coef,Items_L2_winrate,Items_gold_adjusted_L2,Items_gold_adjusted_L2_coef,Items_gold_adjusted_L2_winrate
Shoes of Focus,11.973800406520537,0.5858585858585859,Mystical Mail,20.456280002547988,0.6808510638297872,Shoes of Focus,0.7982533604347024,3.9057239057239057
Void Stone,7.562675430866866,0.5888888888888889,Shoes of Focus,11.973800406520537,0.5858585858585859,Mystical Mail,0.7576400000943699,2.52167060677699
Breastplate of Valor,6.724538002191773,0.5632183908045977,Polynomicon,10.886441973641741,0.6285714285714286,Polynomicon,0.4733235640713801,2.732919254658385
Shoes of the Magi,-4.758274089530752,0.5238095238095238,Mantle of Discord,8.493174315272903,0.6216216216216216,Void Stone,0.3437579741303121,2.676767676767677
Bulwark of Hope,-2.5315140059292163,0.5357142857142857,Void Stone,7.562675430866866,0.5888888888888889,Winged Blade,0.3249065849118962,3.4976152623211445
Heartward Amulet,4.371408144097655,0.5606060606060606,Breastplate of Valor,6.724538002191773,0.5632183908045977,Breastplate of Valor,0.2923712174865988,2.448775612193903
