Relics_most_pop,Relics_most_pop_L2,Relics_most_pop_winrate,Relics_most_pop_wr_paired,Relics_L2,Relics_L2_coef,Relics_L2_winrate,Relics_L2_wr_paired
Meditation,10.605703573414427,0.6228070175438597,0.866666666667,Blink,12.689744799167823,0.7045454545454546,0.866666666667
Relic,-16.17187978893651,0.5238095238095238,,Meditation,10.605703573414427,0.6228070175438597,
