,recommendations,win_rate,win_rate_per_cost
Starter Item,Mark of the Vanguard,,
Boots,Shoes of the Magi,0.5469613259668509,3.10218978102
Item2,Void Stone,0.6627906976744186,2.25613802256
Item3,Breastplate of Valor,0.5389221556886228,2.15804506506
Item4,Heartward Amulet,0.5328947368421053,2.36357316649
Item5,Gem of Isolation,0.707692307692,2.62108262108
Item6,Hide of the Urchin,0.59595959596,2.38575268817
Relic1,Blink,0.629032258065,
Relic2,Curse,0.632911392405,
