,recommendations,win_rate,win_rate_per_cost
Starter Item,Mark of the Vanguard,,
Boots,Shoes of the Magi,0.659217877095,4.12011173184
Item2,Mark of the Vanguard,0.6694214876033058,8.24022346369
Item3,Void Stone,0.6357142857142857,2.99644489589
Item4,Heartward Amulet,0.6055045871559633,3.13913274807
Item5,Sovereignty,0.676470588235,3.22128851541
Item6,Polynomicon,0.635714285714,3.06905370844
Relic1,Shell,0.76,
Relic2,Meditation,0.615384615385,
