,recommendations,win_rate,win_rate_per_cost
Starter Item,Mark of the Vanguard,,
Boots,Shoes of the Magi,0.738095238095,4.6130952381
Item2,Void Stone,0.6808510638297872,2.52525252525
Item3,Hide of the Urchin,0.625,2.31481481481
Item4,Mark of the Vanguard,0.6511627906976745,6.94444444444
Item5,Polynomicon,0.833333333333,3.6231884058
Item6,Bulwark of Hope,0.655172413793,2.59474223284
Relic1,Blink,0.75,
Relic2,Sprint,0.72,
