Relics_most_pop,Relics_most_pop_L2,Relics_most_pop_winrate,Relics_most_pop_wr_paired,Relics_L2,Relics_L2_coef,Relics_L2_winrate,Relics_L2_wr_paired
Meditation,0.10370035264315544,0.5853658536585366,0.626865671642,Relic,0.10859787012601611,0.5916666666666667,0.626865671642
Relic,0.10859787012601611,0.5916666666666667,,Meditation,0.10370035264315544,0.5853658536585366,
