Items_most_pop,Items_most_pop_L2,Items_most_pop_winrate,Items_L2,Items_L2_coef,Items_L2_winrate,Items_gold_adjusted_L2,Items_gold_adjusted_L2_coef,Items_gold_adjusted_L2_winrate
Shoes of Focus,5.832541578008182,0.5742574257425742,Heartward Amulet,20.29161347581313,0.6976744186046512,Heartward Amulet,0.9662673083720539,3.3222591362126246
Lotus Crown,2.26910886226829,0.5662650602409639,Gem of Isolation,14.38167004337794,0.7647058823529411,Gem of Isolation,0.5326544460510348,2.832244008714597
Rod of Asclepius,5.008091595629247,0.6037735849056604,Bulwark of Hope,10.981502149395993,0.6666666666666666,Bulwark of Hope,0.4349109762137027,2.6402640264026402
Breastplate of Valor,2.61702860303471,0.5625,Sovereignty,7.1467254598282235,0.6341463414634146,Shoes of Focus,0.3888361052005454,3.8283828382838285
Heartward Amulet,20.29161347581313,0.6976744186046512,Shoes of Focus,5.832541578008182,0.5742574257425742,Sovereignty,0.3403202599918202,3.0197444831591174
Sovereignty,7.1467254598282235,0.6341463414634146,Rod of Asclepius,5.008091595629247,0.6037735849056604,Rod of Asclepius,0.18827412013643785,2.269825507164137
