Relics_most_pop,Relics_most_pop_L2,Relics_most_pop_winrate,Relics_most_pop_wr_paired,Relics_L2,Relics_L2_coef,Relics_L2_winrate,Relics_L2_wr_paired
Meditation,24.315987363576404,0.6181818181818182,0.625,Meditation,24.315987363576404,0.6181818181818182,0.625
Relic,-9.595598933439566,0.4642857142857143,,Shell,3.159501109259074,0.5555555555555556,
