Items_most_pop,Items_most_pop_L2,Items_most_pop_winrate,Items_L2,Items_L2_coef,Items_L2_winrate,Items_gold_adjusted_L2,Items_gold_adjusted_L2_coef,Items_gold_adjusted_L2_winrate
Shoes of Focus,-0.7482647692924943,0.42613636363636365,Sovereignty,11.668574852366701,0.56,Sovereignty,0.5556464215412714,2.6666666666666665
Lotus Crown,1.6492148244913956,0.44776119402985076,Heartward Amulet,8.06516127393736,0.48484848484848486,Heartward Amulet,0.3840552987589219,2.3088023088023086
Heartward Amulet,8.06516127393736,0.48484848484848486,Genji's Guard,7.587711881877243,0.5714285714285714,Genji's Guard,0.3448959946307838,2.5974025974025974
Breastplate of Valor,-12.197922055791889,0.3645833333333333,Magi's Blessing,7.387865255620084,0.6470588235294118,Magi's Blessing,0.34362163979628296,3.009575923392613
Rod of Asclepius,-0.28458144170792293,0.42857142857142855,Ethereal Staff,6.869318662968121,0.6923076923076923,Ethereal Staff,0.25441920973956006,2.5641025641025643
Bulwark of Hope,-13.723192601191888,0.3103448275862069,Mystical Mail,4.65588536035065,0.5625,Void Stone,0.19673732869275784,2.3376623376623376
