Relics_most_pop,Relics_most_pop_L2,Relics_most_pop_winrate,Relics_most_pop_wr_paired,Relics_L2,Relics_L2_coef,Relics_L2_winrate,Relics_L2_wr_paired
Meditation,44.739006476068035,0.5454545454545454,0.333333333333,Meditation,44.739006476068035,0.5454545454545454,0.333333333333
Relic,-61.71605458394449,0.46153846153846156,,Shell,19.579040667220546,0.5882352941176471,
