,recommendations,win_rate,win_rate_per_cost
Starter Item,Mark of the Vanguard,,
Boots,Reinforced Shoes,0.579545454545,4.13961038961
Item2,Rod of Asclepius,0.5695067264573991,2.00441862951
Item3,Heartward Amulet,0.5707070707070707,2.53893026405
Item4,Breastplate of Valor,0.5086206896551724,2.31815371935
Item5,Mystical Mail,0.59649122807,2.20922677063
Item6,Sovereignty,0.583941605839,2.78067431352
Relic1,Meditation,0.558739255014,
Relic2,Sprint,0.587719298246,
