Items_most_pop,Items_most_pop_L2,Items_most_pop_winrate,Items_L2,Items_L2_coef,Items_L2_winrate,Items_gold_adjusted_L2,Items_gold_adjusted_L2_coef,Items_gold_adjusted_L2_winrate
Shoes of Focus,6.228645592122705,0.43636363636363634,Heartward Amulet,25.653392576072992,0.5158730158730159,Heartward Amulet,1.2215901226701424,2.456538170823885
Lotus Crown,-16.610551730790146,0.4074074074074074,Breastplate of Valor,25.05474610669115,0.49166666666666664,Breastplate of Valor,1.0893367872474413,2.13768115942029
Rod of Asclepius,6.051255555241091,0.453125,Genji's Guard,19.585520334478574,0.56,Genji's Guard,0.8902509242944806,2.5454545454545454
Heartward Amulet,25.653392576072992,0.5158730158730159,Sovereignty,15.698905486057374,0.5057471264367817,Sovereignty,0.747566927907494,2.40831964969896
Breastplate of Valor,25.05474610669115,0.49166666666666664,Hide of the Urchin,11.724561969099394,0.4666666666666667,Hide of the Urchin,0.4885234153791414,1.9444444444444444
Bulwark of Hope,-45.37120400493542,0.2903225806451613,Pestilence,8.264914843853937,0.475,Shoes of the Magi,0.46363091514663507,2.960526315789474
