Relics_most_pop,Relics_most_pop_L2,Relics_most_pop_winrate,Relics_most_pop_wr_paired,Relics_L2,Relics_L2_coef,Relics_L2_winrate,Relics_L2_wr_paired
Meditation,-22.721873571431818,0.4563106796116505,1.0,Curse,21.601790834819752,0.6153846153846154,1.0
Relic,-30.586226201833323,0.4318181818181818,,Shell,14.109719741771523,0.6428571428571429,
