Items_most_pop,Items_most_pop_L2,Items_most_pop_winrate,Items_L2,Items_L2_coef,Items_L2_winrate,Items_gold_adjusted_L2,Items_gold_adjusted_L2_coef,Items_gold_adjusted_L2_winrate
Shoes of Focus,166.17637539750444,0.5,Reinforced Shoes,219.2554946027298,0.4925373134328358,Reinforced Shoes,15.661106757337844,3.518123667377399
Lotus Crown,5.000334084591285,0.5236363636363637,Shoes of the Magi,214.99109807350098,0.41935483870967744,Shoes of the Magi,13.436943629593811,2.620967741935484
Breastplate of Valor,-65.91571913734481,0.4318181818181818,Shoes of Focus,166.17637539750444,0.5,Shoes of Focus,11.078425026500296,3.3333333333333335
Heartward Amulet,-185.08489256339502,0.48214285714285715,Mystical Mail,79.8728382042572,0.5526315789473685,Mystical Mail,2.9582532668243413,2.046783625730994
Rod of Asclepius,-44.246843914044426,0.5161290322580645,Sovereignty,21.474471446397622,0.5102040816326531,Sovereignty,1.022593878399887,2.4295432458697763
Bulwark of Hope,-319.6051109686133,0.4435483870967742,Lotus Crown,5.000334084591285,0.5236363636363637,Lotus Crown,0.2439187358337212,2.5543237250554323
