Relics_most_pop,Relics_most_pop_L2,Relics_most_pop_winrate,Relics_most_pop_wr_paired,Relics_L2,Relics_L2_coef,Relics_L2_winrate,Relics_L2_wr_paired
Meditation,-9.625162619217368,0.4230769230769231,0.666666666667,Sprint,24.824209321135726,0.5714285714285714,0.666666666667
Relic,-11.918888873950465,0.42953020134228187,,Shell,20.00879643492129,0.6333333333333333,
