,recommendations,win_rate,win_rate_per_cost
Starter Item,Mark of the Vanguard,,
Boots,Reinforced Shoes,0.489361702128,3.49544072948
Item2,Heartward Amulet,0.5284552845528455,2.38095238095
Item3,Rod of Asclepius,0.5128205128205128,1.87969924812
Item4,Breastplate of Valor,0.45132743362831856,2.17391304348
Item5,Gem of Isolation,0.645161290323,2.38948626045
Item6,Void Stone,0.531914893617,2.41779497099
Relic1,Blink,0.588235294118,
Relic2,Curse,0.571428571429,
