Items_most_pop,Items_most_pop_L2,Items_most_pop_winrate,Items_L2,Items_L2_coef,Items_L2_winrate,Items_gold_adjusted_L2,Items_gold_adjusted_L2_coef,Items_gold_adjusted_L2_winrate
Polynomicon,5.608926690220388,0.4358974358974359,Shoes of Focus,16.599727688704903,0.6206896551724138,Shoes of Focus,1.1066485125803267,4.137931034482759
Shoes of the Magi,-21.254583305416553,0.3523809523809524,Rod of Tahuti,12.755660546815411,0.5172413793103449,Spear of the Magus,0.4306445377039309,2.4363233665559245
Obsidian Shard,0.3152752360848393,0.45,Spear of the Magus,9.258857560634514,0.5238095238095238,Rod of Tahuti,0.3842066429763678,1.557955961778147
Rod of Tahuti,12.755660546815411,0.5172413793103449,Polynomicon,5.608926690220388,0.4358974358974359,Dynasty Plate Helm,0.3026885522737964,3.361344537815126
Soul Reaver,0.7962142789170635,0.46551724137931033,Dynasty Plate Helm,5.145705388654538,0.5714285714285714,Polynomicon,0.24386637783566906,1.89520624303233
Shoes of Focus,16.599727688704903,0.6206896551724138,Chronos' Pendant,2.5147982209372732,0.4482758620689655,Chronos' Pendant,0.10478325920571972,1.867816091954023
