Items_most_pop,Items_most_pop_L2,Items_most_pop_winrate,Items_L2,Items_L2_coef,Items_L2_winrate,Items_gold_adjusted_L2,Items_gold_adjusted_L2_coef,Items_gold_adjusted_L2_winrate
Shoes of the Magi,-7.857716753557492,0.3879781420765027,Rod of Tahuti,27.2853043194492,0.46153846153846156,Rod of Tahuti,0.8218465156460603,1.3901760889712698
Chronos' Pendant,7.823187565416411,0.42032967032967034,Chronos' Pendant,7.823187565416411,0.42032967032967034,Chronos' Pendant,0.3259661485590172,1.7513736263736264
Obsidian Shard,-2.337983085129995,0.4057142857142857,Bancroft's Talon,0.19089876556574972,0.4084507042253521,Bancroft's Talon,0.007954115231906238,1.7018779342723005
Warlock's Sash,-25.436439001578492,0.3712574850299401,Soul Reaver,-1.311786171221417,0.4375,Soul Reaver,-0.044618577252429154,1.4880952380952381
Book of Thoth,-8.58584862341292,0.3835125448028674,Obsidian Shard,-2.337983085129995,0.4057142857142857,Obsidian Shard,-0.11404795537219486,1.9790940766550522
Rod of Tahuti,27.2853043194492,0.46153846153846156,Shoes of Focus,-3.511997761985683,0.4068627450980392,Shoes of Focus,-0.23413318413237888,2.712418300653595
