Items_most_pop,Items_most_pop_L2,Items_most_pop_winrate,Items_L2,Items_L2_coef,Items_L2_winrate,Items_gold_adjusted_L2,Items_gold_adjusted_L2_coef,Items_gold_adjusted_L2_winrate
Chronos' Pendant,0.687373400435676,0.5444444444444444,Shoes of the Magi,1.364704846049896,0.5813953488372093,Shoes of the Magi,0.08529405287811849,3.633720930232558
Shoes of the Magi,1.364704846049896,0.5813953488372093,Warlock's Sash,0.7344935798599911,0.5555555555555556,Chronos' Pendant,0.028640558351486493,2.2685185185185186
Obsidian Shard,0.0367634251831013,0.5138888888888888,Chronos' Pendant,0.687373400435676,0.5444444444444444,Warlock's Sash,0.02771673886264117,2.0964360587002098
Warlock's Sash,0.7344935798599911,0.5555555555555556,Book of Thoth,0.30909182155857984,0.5344827586206896,Spear of the Magus,0.013709113738354532,2.692778457772338
Rod of Tahuti,-0.16101690431245985,0.5,Spear of the Magus,0.29474594537462245,0.5789473684210527,Book of Thoth,0.011663842322965278,2.0169160702667535
Book of Thoth,0.30909182155857984,0.5344827586206896,Soul Reaver,0.18026218500671293,0.5454545454545454,Soul Reaver,0.006131366836963024,1.8552875695732838
