Relics_most_pop,Relics_most_pop_L2,Relics_most_pop_winrate,Relics_most_pop_wr_paired,Relics_L2,Relics_L2_coef,Relics_L2_winrate,Relics_L2_wr_paired
Sanctuary,0.3333700309300716,0.5263157894736842,0.596153846154,Purification,1.7249633108850297,0.5977011494252874,0.596153846154
Purification,1.7249633108850297,0.5977011494252874,,Sanctuary,0.3333700309300716,0.5263157894736842,
