Relics_most_pop,Relics_most_pop_L2,Relics_most_pop_winrate,Relics_most_pop_wr_paired,Relics_L2,Relics_L2_coef,Relics_L2_winrate,Relics_L2_wr_paired
Sanctuary,5.281325051649839,0.49784668389319553,0.666666666667,Purification,13.7093360414984,0.5067079463364293,0.666666666667
Purification,13.7093360414984,0.5067079463364293,,Meditation,12.444111892009085,0.5178571428571429,
