Relics_most_pop,Relics_most_pop_L2,Relics_most_pop_winrate,Relics_most_pop_wr_paired,Relics_L2,Relics_L2_coef,Relics_L2_winrate,Relics_L2_wr_paired
Sanctuary,22.436807398347714,0.45410628019323673,0.567567567568,Sprint,43.83567916867365,0.5806451612903226,0.567567567568
Purification,-4.234148508731605,0.42028985507246375,,Sanctuary,22.436807398347714,0.45410628019323673,
