Relics_most_pop,Relics_most_pop_L2,Relics_most_pop_winrate,Relics_most_pop_wr_paired,Relics_L2,Relics_L2_coef,Relics_L2_winrate,Relics_L2_wr_paired
Sanctuary,1.2238143394201677,0.5205298013245033,0.694915254237,Sprint,1.451152592387564,0.603448275862069,0.694915254237
Purification,0.6358481172346669,0.5134408602150538,,Sanctuary,1.2238143394201677,0.5205298013245033,
