,recommendations,win_rate,win_rate_per_cost
Starter Item,Soul Stone,,
Boots,Shoes of the Magi,0.684210526316,3.54166666667
Item2,Book of Thoth,0.5571428571428572,2.13836477987
Item3,Rod of Tahuti,0.578125,1.70682730924
Item4,Chronos' Pendant,0.5131578947368421,2.36111111111
Item5,Spear of Desolation,0.566666666667,1.80055401662
Item6,Soul Reaver,0.578125,2.1645021645
Relic1,Meditation,0.75,
Relic2,Sanctuary,0.540816326531,
