,recommendations,win_rate,win_rate_per_cost
Starter Item,Soul Stone,,
Boots,Shoes of Focus,0.33955223880597013,2.26368159204
Item2,Obsidian Shard,0.3835294117647059,1.65635238442
Item3,Book of Thoth,0.35964912280701755,1.28132920304
Item4,Chronos' Pendant,0.36446469248291574,1.41480099502
Item5,Bancroft's Talon,0.383529411765,1.83615819209
Item6,Spear of Desolation,0.5,1.31578947368
Relic1,Sprint,0.492957746479,
Relic2,Curse,0.378378378378,
