Relics_most_pop,Relics_most_pop_L2,Relics_most_pop_winrate,Relics_most_pop_wr_paired,Relics_L2,Relics_L2_coef,Relics_L2_winrate,Relics_L2_wr_paired
Sanctuary,25.179888091138498,0.543046357615894,0.0,Curse,42.902181550506555,0.5416666666666666,0.0
Purification,-10.186907004142572,0.5238095238095238,,Sprint,29.290013503776613,0.609375,
