,recommendations,win_rate,win_rate_per_cost
Starter Item,Bluestone Pendant,,
Boots,Ninja Tabi,0.571428571429,4.44444444444
Item2,Hydra's Lament,0.4,1.89199842333
Item3,Transcendence,0.4,1.56453715776
Item4,Jotunn's Wrath,0.41836734693877553,1.66712975827
Item5,Breastplate of Valor,0.608695652174,2.64650283554
Item6,Qin's Sais,0.590909090909,2.18855218855
Relic1,Purification,0.527272727273,
Relic2,Blink,0.583333333333,
