Items_most_pop,Items_most_pop_L2,Items_most_pop_winrate,Items_L2,Items_L2_coef,Items_L2_winrate,Items_gold_adjusted_L2,Items_gold_adjusted_L2_coef,Items_gold_adjusted_L2_winrate
Warrior Tabi,4.828917671213839,0.550185873605948,Titan's Bane,15.694486808952604,0.6142857142857143,Titan's Bane,0.7655847223879318,2.9965156794425085
Jotunn's Wrath,1.7547572544850936,0.5461847389558233,Hydra's Lament,13.782725847814921,0.6145833333333334,Hydra's Lament,0.6410570161774383,2.858527131782946
Titan's Bane,15.694486808952604,0.6142857142857143,Breastplate of Valor,13.431514296780978,0.6271186440677966,Breastplate of Valor,0.5839788824687381,2.726602800294768
Hydra's Lament,13.782725847814921,0.6145833333333334,Void Shield,9.658152428202632,0.7333333333333333,Void Shield,0.35770934919269004,2.7160493827160495
Transcendence,-1.4329748002187868,0.5223880597014925,Brawler's Beat Stick,8.582465743829133,0.6530612244897959,Brawler's Beat Stick,0.35760273932621384,2.7210884353741496
Stone Cutting Sword,-2.380585798465268,0.5373134328358209,Ichaival,5.412846170131119,0.6,Ichaival,0.3184027158900658,3.5294117647058822
