,recommendations,win_rate,win_rate_per_cost
Starter Item,Bluestone Pendant,,
Boots,Warrior Tabi,0.46511627906976744,3.6866359447
Item2,Transcendence,0.5714285714285714,2.1978021978
Item3,Titan's Bane,0.5555555555555556,2.78745644599
Item4,Hydra's Lament,0.4864864864864865,2.65780730897
Item5,Breastplate of Valor,0.666666666667,2.89855072464
Item6,Asi,0.666666666667,3.21027287319
Relic1,Blink,0.8,
Relic2,Sanctuary,0.54347826087,
