Items_most_pop,Items_most_pop_L2,Items_most_pop_winrate,Items_L2,Items_L2_coef,Items_L2_winrate,Items_gold_adjusted_L2,Items_gold_adjusted_L2_coef,Items_gold_adjusted_L2_winrate
Warrior Tabi,1.124210934908688,0.47305389221556887,Qin's Sais,19.957579776666197,0.5862068965517241,Qin's Sais,0.7391696213580072,2.1711366538952745
Jotunn's Wrath,-2.7105066738826564,0.46540880503144655,Hydra's Lament,11.901676237224128,0.5471698113207547,Hydra's Lament,0.5535663366150757,2.5449758666081617
Titan's Bane,8.172779851569237,0.5301204819277109,Deathbringer,11.566500613767486,0.5294117647058824,Titan's Bane,0.3986721878814262,2.5859535703790772
Stone Cutting Sword,-17.718885973758102,0.4,Titan's Bane,8.172779851569237,0.5301204819277109,Deathbringer,0.36145314418023394,1.6544117647058822
Hydra's Lament,11.901676237224128,0.5471698113207547,Breastplate of Valor,7.309885966381027,0.5416666666666666,Breastplate of Valor,0.3178211289730882,2.3550724637681157
Transcendence,-20.651112347700938,0.35555555555555557,Brawler's Beat Stick,3.8827784168603774,0.56,Brawler's Beat Stick,0.16178243403584905,2.3333333333333335
