,recommendations,win_rate,win_rate_per_cost
Starter Item,Death's Toll,,
Boots,Warrior Tabi,0.55,3.54838709677
Item2,Asi,0.625,2.72637144746
Item3,Qin's Sais,0.574468085106383,1.79738562092
Item4,Ichaival,0.5161290322580645,2.85467128028
Item5,Titan's Bane,0.574468085106,3.08087291399
Item6,Bloodforge,0.631578947368,2.27038183695
Relic1,Sprint,0.684210526316,
Relic2,Meditation,0.8,
