,recommendations,win_rate,win_rate_per_cost
Starter Item,Death's Toll,,
Boots,Ninja Tabi,0.533333333333,3.55555555556
Item2,Ichaival,0.4888888888888889,2.85204991087
Item3,Asi,0.48484848484848486,2.72386789241
Item4,The Executioner,0.4413793103448276,2.15488215488
Item5,Titan's Bane,0.601769911504,2.93546298295
Item6,Hastened Fatalis,0.508474576271,2.37604942183
Relic1,Sprint,0.545454545455,
Relic2,Sanctuary,0.506276150628,
