,recommendations,win_rate,win_rate_per_cost
Starter Item,Death's Toll,,
Boots,Warrior Tabi,0.43532684283727396,2.58576548899
Item2,Qin's Sais,0.4969818913480885,1.48442092887
Item3,Asi,0.47058823529411764,2.25164972356
Item4,Transcendence,0.44670846394984326,1.54151404151
Item5,Titan's Bane,0.529661016949,2.5837122778
Item6,Hastened Fatalis,0.510791366906,2.38687554629
Relic1,Sprint,0.531531531532,
Relic2,Sanctuary,0.482926829268,
