,recommendations,win_rate,win_rate_per_cost
Starter Item,Death's Toll,,
Boots,Warrior Tabi,0.4690831556503198,3.36101989569
Item2,Asi,0.5035460992907801,2.92673080805
Item3,Ichaival,0.5209580838323353,3.06445931666
Item4,The Executioner,0.47029702970297027,2.31536926148
Item5,Bloodforge,0.5,1.75438596491
Item6,Titan's Bane,0.546875,2.66768292683
Relic1,Sprint,0.53488372093,
Relic2,Curse,0.535714285714,
