Relics_most_pop,Relics_most_pop_L2,Relics_most_pop_winrate,Relics_most_pop_wr_paired,Relics_L2,Relics_L2_coef,Relics_L2_winrate,Relics_L2_wr_paired
Purification,21.313681773902495,0.475,0.541666666667,Purification,21.313681773902495,0.475,0.541666666667
Sanctuary,-5.3328438125628495,0.4564102564102564,,Sprint,10.422584772821574,0.5272727272727272,
