,recommendations,win_rate,win_rate_per_cost
Starter Item,Death's Toll,,
Boots,Warrior Tabi,0.494505494505,2.91506362829
Item2,Asi,0.4928571428571429,2.46809206938
Item3,Transcendence,0.4393203883495146,1.68969380134
Item4,Titan's Bane,0.45806451612903226,2.14302628463
Item5,Bloodforge,0.451834862385,1.73510699826
Item6,Hastened Fatalis,0.489130434783,2.2482807265
Relic1,Sprint,0.51724137931,
Relic2,Curse,0.611111111111,
