Relics_most_pop,Relics_most_pop_L2,Relics_most_pop_winrate,Relics_most_pop_wr_paired,Relics_L2,Relics_L2_coef,Relics_L2_winrate,Relics_L2_wr_paired
Purification,1.1138376364699172,0.44776119402985076,0.571428571429,Sprint,25.10989198540448,0.5454545454545454,0.571428571429
Sanctuary,24.659711163678462,0.5062761506276151,,Sanctuary,24.659711163678462,0.5062761506276151,
