Relics_most_pop,Relics_most_pop_L2,Relics_most_pop_winrate,Relics_most_pop_wr_paired,Relics_L2,Relics_L2_coef,Relics_L2_winrate,Relics_L2_wr_paired
Purification,16.93603983785356,0.5240066225165563,0.673684210526,Purification,16.93603983785356,0.5240066225165563,0.673684210526
Sanctuary,2.277122232028741,0.5280788177339901,,Sprint,9.884332561013844,0.5842105263157895,
