Relics_most_pop,Relics_most_pop_L2,Relics_most_pop_winrate,Relics_most_pop_wr_paired,Relics_L2,Relics_L2_coef,Relics_L2_winrate,Relics_L2_wr_paired
Sanctuary,-0.6277379828062686,0.39457831325301207,0.285714285714,Meditation,-0.009891913885874942,0.4727272727272727,0.285714285714
Purification,-0.4328816754888643,0.4068441064638783,,Sprint,-0.049443731443285295,0.45962732919254656,
