Items_most_pop,Items_most_pop_L2,Items_most_pop_winrate,Items_L2,Items_L2_coef,Items_L2_winrate,Items_gold_adjusted_L2,Items_gold_adjusted_L2_coef,Items_gold_adjusted_L2_winrate
Warrior Tabi,-10.192579438843465,0.4868282402528978,Asi,33.190421383002636,0.5517826825127334,Asi,1.8646304147754291,3.0999027107456936
Transcendence,-20.038281006047647,0.47759433962264153,Wind Demon,22.025550517459237,0.6289308176100629,Wind Demon,0.8471365583638168,2.4189646831156266
Qin's Sais,-5.618156508502448,0.5290423861852434,Bloodforge,19.61988646821462,0.5407407407407407,Bloodforge,0.6884170690601621,1.8973359324236516
Asi,33.190421383002636,0.5517826825127334,Hastened Fatalis,13.249438165755588,0.5652173913043478,Hastened Fatalis,0.6191326245680182,2.6412027631044293
The Executioner,-6.448359796543531,0.5024630541871922,Titan's Bane,11.366603731957376,0.5741935483870968,Titan's Bane,0.5544684747296281,2.8009441384736427
Ichaival,7.484418192710438,0.5192878338278932,Soul Eater,7.514488085655123,0.4666666666666667,Ichaival,0.44025989368884927,3.0546343166346657
