Items_most_pop,Items_most_pop_L2,Items_most_pop_winrate,Items_L2,Items_L2_coef,Items_L2_winrate,Items_gold_adjusted_L2,Items_gold_adjusted_L2_coef,Items_gold_adjusted_L2_winrate
Warrior Tabi,-32.50503549994228,0.5113636363636364,Hastened Fatalis,178.99333253460432,0.6521739130434783,Hastened Fatalis,8.364174417504874,3.0475416497358796
Transcendence,-13.21163529958849,0.5394736842105263,Qin's Sais,69.00485053325963,0.5833333333333334,Ichaival,3.3189036318557057,3.0501089324618738
Qin's Sais,69.00485053325963,0.5833333333333334,Devourer's Gauntlet,58.148919489305996,0.47058823529411764,Devourer's Gauntlet,2.836532658014926,2.2955523672883786
Asi,-119.18452780178967,0.45454545454545453,Ichaival,56.421361741546995,0.5185185185185185,Qin's Sais,2.5557352049355417,2.1604938271604937
Deathbringer,-40.347930962210285,0.5,The Executioner,52.308632791019136,0.5,The Executioner,2.324828124045295,2.2222222222222223
The Executioner,52.308632791019136,0.5,Soul Eater,26.839687148285996,0.6666666666666666,Soul Eater,1.3419843574142996,3.3333333333333335
