,recommendations,win_rate,win_rate_per_cost
Starter Item,Death's Toll,,
Boots,Warrior Tabi,0.574712643678,3.7078235076
Item2,Transcendence,0.6142857142857143,2.25752508361
Item3,Qin's Sais,0.625,2.17391304348
Item4,Asi,0.5869565217391305,3.2975085491
Item5,Soul Eater,0.8,4.0
Item6,Titan's Bane,0.666666666667,3.01291248207
Relic1,Sprint,0.764705882353,
Relic2,Purification,0.573033707865,
