Relics_most_pop,Relics_most_pop_L2,Relics_most_pop_winrate,Relics_most_pop_wr_paired,Relics_L2,Relics_L2_coef,Relics_L2_winrate,Relics_L2_wr_paired
Sanctuary,23.265190197615347,0.5106382978723404,0.545454545455,Meditation,32.23847116752212,0.5714285714285714,0.545454545455
Purification,-20.177175043065436,0.45,,Sanctuary,23.265190197615347,0.5106382978723404,
