Items_most_pop,Items_most_pop_L2,Items_most_pop_winrate,Items_L2,Items_L2_coef,Items_L2_winrate,Items_gold_adjusted_L2,Items_gold_adjusted_L2_coef,Items_gold_adjusted_L2_winrate
Warrior Tabi,-4.554455752880882,0.47345132743362833,Hastened Fatalis,9.989343440505953,0.5611510791366906,Asi,0.5526972275812244,2.9063299588385805
Transcendence,3.1670455648354174,0.48911222780569513,Asi,9.838010650945794,0.5173267326732673,Hastened Fatalis,0.46679174955635294,2.622201304377059
Qin's Sais,7.313681242805953,0.5224215246636771,Qin's Sais,7.313681242805953,0.5224215246636771,Ichaival,0.27622074529933494,2.9277464410421703
Asi,9.838010650945794,0.5173267326732673,Ichaival,4.695752670088694,0.4977168949771689,Qin's Sais,0.2708770830668871,1.9348945357913967
The Executioner,-8.468525533436553,0.4583333333333333,Wind Demon,4.3147871990078865,0.5447154471544715,Wind Demon,0.16595335380799564,2.0950594121325827
Titan's Bane,1.095452263633209,0.5246636771300448,Transcendence,3.1670455648354174,0.48911222780569513,Transcendence,0.12180944480136222,1.8812008761757506
