Items_most_pop,Items_most_pop_L2,Items_most_pop_winrate,Items_L2,Items_L2_coef,Items_L2_winrate,Items_gold_adjusted_L2,Items_gold_adjusted_L2_coef,Items_gold_adjusted_L2_winrate
Warrior Tabi,-3.009348565180154,0.43010752688172044,Shifter's Shield,66.96008655959119,0.7777777777777778,Shifter's Shield,2.7900036066496328,3.240740740740741
Frostbound Hammer,-39.62261909283544,0.3888888888888889,Bulwark of Hope,63.74234982425405,0.6956521739130435,Bulwark of Hope,2.5244494979902594,2.755058114507103
Jotunn's Wrath,22.488547218600576,0.4791666666666667,Brawler's Beat Stick,55.89514625472082,0.8571428571428571,Brawler's Beat Stick,2.328964427280034,3.5714285714285716
Stone of Gaia,17.245543632647966,0.43243243243243246,Witchblade,44.29688149838913,0.6,Witchblade,2.1608234877262995,2.926829268292683
Hide of the Urchin,3.9210209524030004,0.5142857142857142,Mystical Mail,37.2870890426554,0.6,Mystical Mail,1.381003297876126,2.2222222222222223
Breastplate of Valor,13.875431527427686,0.4583333333333333,Qin's Sais,33.38007830173789,0.65,Qin's Sais,1.2362991963606627,2.4074074074074074
