,recommendations,win_rate,win_rate_per_cost
Starter Item,Death's Toll,,
Boots,Warrior Tabi,0.32098765432098764,2.70551508845
Item2,Hide of the Urchin,0.41935483870967744,1.74731182796
Item3,Frostbound Hammer,0.39,1.82328190743
Item4,Jotunn's Wrath,0.3522727272727273,1.71866737176
Item5,Sovereignty,0.4375,2.08333333333
Item6,Spirit Robe,0.428571428571,1.74216027875
Relic1,Curse,0.410256410256,
Relic2,Sprint,0.404761904762,
