,recommendations,win_rate,win_rate_per_cost
Starter Item,Bluestone Pendant,,
Boots,Warrior Tabi,0.4189189189189189,2.6284348865
Item2,Jotunn's Wrath,0.4722222222222222,1.66970248937
Item3,Breastplate of Valor,0.46153846153846156,1.77133655395
Item4,Stone of Gaia,0.4074074074074074,2.03703703704
Item5,Witchblade,0.714285714286,3.48432055749
Item6,Ichaival,0.5625,3.52941176471
Relic1,Curse,0.636363636364,
Relic2,Sprint,0.5625,
