Relics_most_pop,Relics_most_pop_L2,Relics_most_pop_winrate,Relics_most_pop_wr_paired,Relics_L2,Relics_L2_coef,Relics_L2_winrate,Relics_L2_wr_paired
Meditation,20.72980000027359,0.4444444444444444,0.0,Thorns,34.472490716125215,0.8571428571428571,0.0
Relic,-50.321703178928544,0.24050632911392406,,Sprint,22.81174010077637,0.5652173913043478,
