,recommendations,win_rate,win_rate_per_cost
Starter Item,Death's Toll,,
Boots,Ninja Tabi,0.5,2.74509803922
Item2,Hide of the Urchin,0.4491525423728814,1.56765676568
Item3,Frostbound Hammer,0.4024390243902439,1.63581575549
Item4,Stone of Gaia,0.37623762376237624,1.88118811881
Item5,Qin's Sais,0.568965517241,2.10727969349
Item6,Sovereignty,0.491525423729,2.5641025641
Relic1,Curse,0.575757575758,
Relic2,Thorns,0.5,
