Items_most_pop,Items_most_pop_L2,Items_most_pop_winrate,Items_L2,Items_L2_coef,Items_L2_winrate,Items_gold_adjusted_L2,Items_gold_adjusted_L2_coef,Items_gold_adjusted_L2_winrate
Warrior Tabi,3.442687236839222,0.4,Stone of Gaia,20.217924592354823,0.5172413793103449,Stone of Gaia,1.0108962296177413,2.586206896551724
Jotunn's Wrath,13.267934932132464,0.4523809523809524,Qin's Sais,19.80315567748557,0.6153846153846154,Qin's Sais,0.7334502102772433,2.2792022792022792
Hide of the Urchin,-7.9940756550213,0.375,Titan's Bane,14.56893327585499,0.6,Titan's Bane,0.7106796719929264,2.926829268292683
Frostbound Hammer,-4.0554464765943585,0.42105263157894735,Jotunn's Wrath,13.267934932132464,0.4523809523809524,Jotunn's Wrath,0.5437678250873961,1.8540202966432475
Bulwark of Hope,-5.692991586894013,0.3611111111111111,Mystical Mail,12.091718019695694,0.5,Sovereignty,0.514132600344531,2.380952380952381
Breastplate of Valor,-5.111082440132109,0.3793103448275862,Deathbringer,11.81387692685072,0.625,Mystical Mail,0.4478414081368776,1.8518518518518519
