Items_most_pop,Items_most_pop_L2,Items_most_pop_winrate,Items_L2,Items_L2_coef,Items_L2_winrate,Items_gold_adjusted_L2,Items_gold_adjusted_L2_coef,Items_gold_adjusted_L2_winrate
Warrior Tabi,3.036283165327247,0.575809199318569,Hastened Fatalis,18.531640580284662,0.6405228758169934,Hastened Fatalis,0.8659645130974141,2.9930975505466986
Transcendence,2.5131256460610016,0.5769230769230769,Wind Demon,12.610912599420232,0.6952380952380952,Wind Demon,0.4850350999777013,2.673992673992674
Hastened Fatalis,18.531640580284662,0.6405228758169934,Ichaival,4.47799126077307,0.5760869565217391,Ichaival,0.26341125063371,3.3887468030690537
Qin's Sais,2.38931629913592,0.5925925925925926,Asi,4.090592008987796,0.5948275862068966,Asi,0.22980853983077507,3.341728012398295
Deathbringer,0.491489111414563,0.5826446280991735,Soul Eater,3.4823261424651615,0.6021505376344086,Warrior Tabi,0.1958892364727256,3.7148980601198
The Executioner,1.8139567436041837,0.5684647302904564,Warrior Tabi,3.036283165327247,0.575809199318569,Soul Eater,0.17411630712325807,3.010752688172043
