Items_most_pop,Items_most_pop_L2,Items_most_pop_winrate,Items_L2,Items_L2_coef,Items_L2_winrate,Items_gold_adjusted_L2,Items_gold_adjusted_L2_coef,Items_gold_adjusted_L2_winrate
Warrior Tabi,-8.556307396700175,0.532394366197183,Wind Demon,59.04914368125995,0.6621621621621622,Wind Demon,2.271120910817691,2.546777546777547
Transcendence,30.4729600951538,0.5476190476190477,Hastened Fatalis,37.10317090536692,0.5959595959595959,Asi,1.8514459269877983,3.166496424923391
Hastened Fatalis,37.10317090536692,0.5959595959595959,Devourer's Gauntlet,35.08239957668145,0.5774647887323944,Hastened Fatalis,1.7337930329610711,2.784857925044841
Qin's Sais,-7.671688364845646,0.5240963855421686,Asi,32.95573750038281,0.5636363636363636,Devourer's Gauntlet,1.7113365647161682,2.816901408450704
Asi,32.95573750038281,0.5636363636363636,Transcendence,30.4729600951538,0.5476190476190477,Transcendence,1.1720369267366846,2.1062271062271063
The Executioner,20.663254617503938,0.5486111111111112,The Executioner,20.663254617503938,0.5486111111111112,The Executioner,0.9183668718890637,2.4382716049382718
