,recommendations,win_rate,win_rate_per_cost
Starter Item,Death's Toll,,
Boots,Ninja Tabi,0.612903225806,3.75478927203
Item2,Asi,0.5838926174496645,3.18858184027
Item3,Transcendence,0.5479876160990712,2.18295218295
Item4,The Executioner,0.5743243243243243,2.52252252252
Item5,Bloodforge,0.621621621622,2.18112849692
Item6,Rage,0.59649122807,2.55376344086
Relic1,Sanctuary,0.590257879656,
Relic2,Curse,0.736842105263,
