Items_most_pop,Items_most_pop_L2,Items_most_pop_winrate,Items_L2,Items_L2_coef,Items_L2_winrate,Items_gold_adjusted_L2,Items_gold_adjusted_L2_coef,Items_gold_adjusted_L2_winrate
Warrior Tabi,41.90105413514053,0.6153846153846154,Warrior Tabi,41.90105413514053,0.6153846153846154,Warrior Tabi,2.703293815170356,3.970223325062035
Transcendence,-8.755507213263915,0.59375,Hastened Fatalis,31.430205333311566,0.6526315789473685,Hastened Fatalis,1.468701183799606,3.0496802754549925
Hastened Fatalis,31.430205333311566,0.6526315789473685,The Executioner,24.250373056473087,0.6171875,Asi,1.3244653152861394,3.555126404494382
Qin's Sais,11.654586599009233,0.6335403726708074,Asi,23.575482612093285,0.6328125,The Executioner,1.0777943580654705,2.7430555555555554
Deathbringer,-41.892148928752874,0.5785714285714286,Wind Demon,17.23661692371092,0.6229508196721312,Wind Demon,0.6629468047581124,2.3959646910466583
The Executioner,24.250373056473087,0.6171875,Qin's Sais,11.654586599009233,0.6335403726708074,Qin's Sais,0.43165135551886047,2.346445824706694
