Items_most_pop,Items_most_pop_L2,Items_most_pop_winrate,Items_L2,Items_L2_coef,Items_L2_winrate,Items_gold_adjusted_L2,Items_gold_adjusted_L2_coef,Items_gold_adjusted_L2_winrate
Warrior Tabi,-22.8621392433322,0.5305343511450382,Ninja Tabi,42.64776593145059,0.6619718309859155,Ninja Tabi,2.8431843954300398,4.413145539906103
Transcendence,-10.09777753813308,0.5506607929515418,Hastened Fatalis,31.243209280813637,0.6388888888888888,Hastened Fatalis,1.4599630505053103,2.9854620976116304
Hastened Fatalis,31.243209280813637,0.6388888888888888,Wind Demon,24.6445122569197,0.6415094339622641,Wind Demon,0.9478658560353731,2.467343976777939
Asi,13.830997970811175,0.608,Qin's Sais,15.032034704031558,0.616,Ichaival,0.8065125410549951,3.254067584480601
Qin's Sais,15.032034704031558,0.616,Asi,13.830997970811175,0.608,Asi,0.7770223579107403,3.4157303370786516
Deathbringer,-38.50463592105394,0.49523809523809526,Ichaival,13.710713197934918,0.5531914893617021,Qin's Sais,0.5567420260752428,2.2814814814814817
