Items_most_pop,Items_most_pop_L2,Items_most_pop_winrate,Items_L2,Items_L2_coef,Items_L2_winrate,Items_gold_adjusted_L2,Items_gold_adjusted_L2_coef,Items_gold_adjusted_L2_winrate
Warrior Tabi,0.29934848620588866,0.5131578947368421,Rage,1.1682409012193555,0.6607142857142857,Rage,0.048676704217473145,2.7529761904761907
Transcendence,0.31862217939871557,0.5182926829268293,Qin's Sais,0.8627057222797859,0.5686274509803921,Ichaival,0.04821007484458446,3.3523086654016447
Hastened Fatalis,0.4680868366936245,0.5333333333333333,Ichaival,0.8195712723579359,0.5698924731182796,Qin's Sais,0.031952063788140216,2.1060275962236745
Deathbringer,0.38398668106343803,0.5339805825242718,Hastened Fatalis,0.4680868366936245,0.5333333333333333,Hastened Fatalis,0.021873216667926375,2.4922118380062304
Qin's Sais,0.8627057222797859,0.5686274509803921,Deathbringer,0.38398668106343803,0.5339805825242718,Asi,0.02008637237576789,3.025064822817632
The Executioner,-0.6467011004289839,0.4536082474226804,Asi,0.3575374282886685,0.5384615384615384,Warrior Tabi,0.019312805561670237,3.3106960950764006
