Relics_most_pop,Relics_most_pop_L2,Relics_most_pop_winrate,Relics_most_pop_wr_paired,Relics_L2,Relics_L2_coef,Relics_L2_winrate,Relics_L2_wr_paired
Sanctuary,0.7573489999122371,0.5220125786163522,0.5,Purification,1.2244009872797186,0.5454545454545454,0.5
Purification,1.2244009872797186,0.5454545454545454,,Sanctuary,0.7573489999122371,0.5220125786163522,
