Items_most_pop,Items_most_pop_L2,Items_most_pop_winrate,Items_L2,Items_L2_coef,Items_L2_winrate,Items_gold_adjusted_L2,Items_gold_adjusted_L2_coef,Items_gold_adjusted_L2_winrate
Warlock's Sash,-0.3724091081851329,0.5106382978723404,Gem of Isolation,2.8796600578581546,0.6125,Gem of Isolation,0.1066540762169687,2.2685185185185186
Shoes of Focus,0.17956888144071217,0.524390243902439,Spear of the Magus,1.957559432100165,0.6774193548387096,Shoes of the Magi,0.09454865046495703,3.7037037037037037
Gem of Isolation,2.8796600578581546,0.6125,Shoes of the Magi,1.5127784074393125,0.5925925925925926,Spear of the Magus,0.09104927591163559,3.150787696924231
Book of Thoth,1.4120027780842808,0.5694444444444444,Book of Thoth,1.4120027780842808,0.5694444444444444,Book of Thoth,0.05328312370129361,2.148846960167715
Chronos' Pendant,-0.22867683294072555,0.5084745762711864,Soul Reaver,0.4736326246307718,0.5789473684210527,Soul Reaver,0.016109953218733732,1.9692087361260293
Rod of Tahuti,-2.201801661450342,0.41818181818181815,Shoes of Focus,0.17956888144071217,0.524390243902439,Shoes of Focus,0.011971258762714146,3.4959349593495936
