Items_most_pop,Items_most_pop_L2,Items_most_pop_winrate,Items_L2,Items_L2_coef,Items_L2_winrate,Items_gold_adjusted_L2,Items_gold_adjusted_L2_coef,Items_gold_adjusted_L2_winrate
Shoes of Focus,-13.883422109252574,0.5172413793103449,Spear of Desolation,80.94764035401799,0.8,Spear of Desolation,2.130201061947842,2.1052631578947367
Warlock's Sash,23.455803633953117,0.562962962962963,Warlock's Sash,23.455803633953117,0.562962962962963,Warlock's Sash,0.8851246654321931,2.124388539482879
Gem of Isolation,5.162484930256265,0.5378151260504201,Book of Thoth,21.48275279781746,0.5478260869565217,Book of Thoth,0.8106699168987721,2.06726825266612
Book of Thoth,21.48275279781746,0.5478260869565217,Soul Reaver,7.940954348996761,0.53125,Soul Reaver,0.2701004880611143,1.8069727891156462
Rod of Tahuti,-38.62943968538516,0.5,Gem of Isolation,5.162484930256265,0.5378151260504201,Shoes of the Magi,0.22768094707421319,3.3717105263157894
Chronos' Pendant,4.716392556200244,0.5444444444444444,Chronos' Pendant,4.716392556200244,0.5444444444444444,Chronos' Pendant,0.1965163565083435,2.2685185185185186
