Items_most_pop,Items_most_pop_L2,Items_most_pop_winrate,Items_L2,Items_L2_coef,Items_L2_winrate,Items_gold_adjusted_L2,Items_gold_adjusted_L2_coef,Items_gold_adjusted_L2_winrate
Warlock's Sash,0.1226651994669427,0.6288659793814433,Gem of Isolation,0.16763411503250245,0.6808510638297872,Shoes of Focus,0.006847738730984893,4.054982817869416
Shoes of Focus,0.10271608096477342,0.6082474226804123,Warlock's Sash,0.1226651994669427,0.6288659793814433,Shoes of the Magi,0.006470837062334879,4.200819672131147
Gem of Isolation,0.16763411503250245,0.6808510638297872,Shoes of the Magi,0.10353339299735806,0.6721311475409836,Gem of Isolation,0.00620867092712972,2.52167060677699
Book of Thoth,0.09293137872695469,0.611764705882353,Shoes of Focus,0.10271608096477342,0.6082474226804123,Warlock's Sash,0.004628875451582744,2.3730791674771443
Rod of Tahuti,0.08327741576672713,0.6197183098591549,Book of Thoth,0.09293137872695469,0.611764705882353,Obsidian Shard,0.004079782525035945,3.1929046563192904
Shoes of the Magi,0.10353339299735806,0.6721311475409836,Obsidian Shard,0.08363554176323687,0.6545454545454545,Book of Thoth,0.0035068444802624408,2.3085460599334073
