Items_most_pop,Items_most_pop_L2,Items_most_pop_winrate,Items_L2,Items_L2_coef,Items_L2_winrate,Items_gold_adjusted_L2,Items_gold_adjusted_L2_coef,Items_gold_adjusted_L2_winrate
Shoes of Focus,-0.10950244360412316,0.49635036496350365,Rod of Tahuti,1.3713502513012628,0.5566037735849056,Rod of Tahuti,0.04130573046088141,1.676517390315981
Warlock's Sash,-0.327217851410077,0.48854961832061067,Book of Thoth,1.0307084389106616,0.5428571428571428,Book of Thoth,0.038894658072100435,2.0485175202156336
Gem of Isolation,0.4770808218363349,0.5166666666666667,Spear of the Magus,0.5652746924478573,0.5396825396825397,Spear of the Magus,0.026291846160365454,2.5101513473606496
Rod of Tahuti,1.3713502513012628,0.5566037735849056,Gem of Isolation,0.4770808218363349,0.5166666666666667,Gem of Isolation,0.0176696600680124,1.9135802469135803
Book of Thoth,1.0307084389106616,0.5428571428571428,Spear of Desolation,-0.010654459335874887,0.5,Spear of Desolation,-0.0002803805088388128,1.3157894736842106
Chronos' Pendant,-0.20957926030713112,0.4895833333333333,Shoes of Focus,-0.10950244360412316,0.49635036496350365,Shoes of Focus,-0.007300162906941543,3.3090024330900243
