Relics_most_pop,Relics_most_pop_L2,Relics_most_pop_winrate,Relics_most_pop_wr_paired,Relics_L2,Relics_L2_coef,Relics_L2_winrate,Relics_L2_wr_paired
Sanctuary,1.9024467367242237,0.5607476635514018,1.0,Meditation,5.430469976120424,0.6666666666666666,1.0
Purification,3.4240588013556614,0.5735294117647058,,Purification,3.4240588013556614,0.5735294117647058,
