Relics_most_pop,Relics_most_pop_L2,Relics_most_pop_winrate,Relics_most_pop_wr_paired,Relics_L2,Relics_L2_coef,Relics_L2_winrate,Relics_L2_wr_paired
Purification,46.101163259772235,0.5315985130111525,0.5,Purification,46.101163259772235,0.5315985130111525,0.5
Sanctuary,-34.440820250376746,0.5029940119760479,,Meditation,22.31055291123725,0.5294117647058824,
