,recommendations,win_rate,win_rate_per_cost
Starter Item,Vampiric Shroud,,
Boots,Shoes of Focus,0.44,3.33333333333
Item2,Gem of Isolation,0.49019607843137253,1.85185185185
Item3,Chronos' Pendant,0.5,2.08333333333
Item4,Rod of Tahuti,0.48672566371681414,1.50602409639
Item5,Spear of the Magus,0.48275862069,2.24538893344
Item6,Obsidian Shard,0.494252873563,2.41098962714
Relic1,Purification,0.495412844037,
Relic2,Sprint,0.474358974359,
