,recommendations,win_rate,win_rate_per_cost
Starter Item,Soul Stone,,
Boots,Shoes of Focus,0.605809128631,3.7558685446
Item2,Gem of Isolation,0.6058091286307054,2.08659363589
Item3,Chronos' Pendant,0.5909090909090909,2.34741784038
Item4,Warlock's Sash,0.5627240143369175,2.12596332713
Item5,Spear of the Magus,0.590909090909,3.11540149188
Item6,Book of Thoth,0.5576036866359447,2.22984562607
Relic1,Purification,0.600840336134,
Relic2,Sanctuary,0.575949367089,
