Items_most_pop,Items_most_pop_L2,Items_most_pop_winrate,Items_L2,Items_L2_coef,Items_L2_winrate,Items_gold_adjusted_L2,Items_gold_adjusted_L2_coef,Items_gold_adjusted_L2_winrate
Warlock's Sash,0.8272842735950523,0.5258620689655172,Gem of Isolation,3.6958277157141914,0.5833333333333334,Gem of Isolation,0.13688250798941448,2.1604938271604937
Shoes of Focus,0.6494676466361469,0.5238095238095238,Book of Thoth,3.235117498996106,0.5813953488372093,Book of Thoth,0.12207990562249457,2.1939447125932428
Gem of Isolation,3.6958277157141914,0.5833333333333334,Chronos' Pendant,1.567201661920769,0.5512820512820513,Chronos' Pendant,0.0653000692466987,2.297008547008547
Book of Thoth,3.235117498996106,0.5813953488372093,Warlock's Sash,0.8272842735950523,0.5258620689655172,Shoes of Focus,0.04329784310907646,3.492063492063492
Chronos' Pendant,1.567201661920769,0.5512820512820513,Shoes of Focus,0.6494676466361469,0.5238095238095238,Warlock's Sash,0.031218274475284993,1.9843851659076122
Rod of Tahuti,0.61014079261,0.5324675324675324,Rod of Tahuti,0.61014079261,0.5324675324675324,Rod of Tahuti,0.01837773471716867,1.6038178688781097
