,recommendations,win_rate,win_rate_per_cost
Starter Item,Vampiric Shroud,,
Boots,Shoes of the Magi,0.55,3.51123595506
Item2,Warlock's Sash,0.55,2.07547169811
Item3,Gem of Isolation,0.5537190082644629,2.03703703704
Item4,Book of Thoth,0.5166666666666667,2.07547169811
Item5,Spear of the Magus,0.576923076923,2.68336314848
Item6,Chronos' Pendant,0.525641025641,2.28070175439
Relic1,Sanctuary,0.546391752577,
Relic2,Sprint,0.584615384615,
