Relics_most_pop,Relics_most_pop_L2,Relics_most_pop_winrate,Relics_most_pop_wr_paired,Relics_L2,Relics_L2_coef,Relics_L2_winrate,Relics_L2_wr_paired
Sanctuary,0.22899944383830426,0.5759493670886076,0.601398601399,Purification,0.23144475167568698,0.6008403361344538,0.601398601399
Purification,0.23144475167568698,0.6008403361344538,,Sanctuary,0.22899944383830426,0.5759493670886076,
