Items_most_pop,Items_most_pop_L2,Items_most_pop_winrate,Items_L2,Items_L2_coef,Items_L2_winrate,Items_gold_adjusted_L2,Items_gold_adjusted_L2_coef,Items_gold_adjusted_L2_winrate
Warrior Tabi,-11.117791940240455,0.4177215189873418,Reinforced Greaves,14.62858908200187,0.7222222222222222,Reinforced Greaves,1.0448992201429907,5.158730158730159
Breastplate of Valor,0.571002087688179,0.46296296296296297,Frostbound Hammer,10.772672438514874,0.5576923076923077,Winged Blade,0.4786449992150384,4.054054054054054
Frostbound Hammer,10.772672438514874,0.5576923076923077,Pestilence,9.173459523240608,0.7,Frostbound Hammer,0.4683770625441249,2.4247491638795986
Qin's Sais,5.989554458342428,0.54,Winged Blade,8.85493248547821,0.75,Pestilence,0.4266725359646794,3.255813953488372
Bulwark of Hope,-4.059616525611537,0.42857142857142855,Titan's Bane,7.437910545228066,0.75,Ichaival,0.41405810778468516,3.6199095022624435
Jotunn's Wrath,-8.08846172385351,0.39473684210526316,Ichaival,7.0389878323396475,0.6153846153846154,Titan's Bane,0.3628249046452715,3.658536585365854
