Items_most_pop,Items_most_pop_L2,Items_most_pop_winrate,Items_L2,Items_L2_coef,Items_L2_winrate,Items_gold_adjusted_L2,Items_gold_adjusted_L2_coef,Items_gold_adjusted_L2_winrate
Qin's Sais,4.13038483281371,0.41818181818181815,Reinforced Greaves,31.585803134916233,0.6666666666666666,Reinforced Greaves,2.25612879535116,4.761904761904762
Warrior Tabi,-28.051456443972445,0.2777777777777778,Hide of the Urchin,20.003919120609652,0.46875,Hide of the Urchin,0.8334966300254021,1.953125
Frostbound Hammer,-5.320918445811842,0.425,Witchblade,8.4977445965198,0.45454545454545453,Witchblade,0.41452412665950245,2.2172949002217295
Bulwark of Hope,-9.073152944086441,0.3235294117647059,Winged Blade,7.2879247555651405,0.5384615384615384,Winged Blade,0.39394187867919683,2.9106029106029108
Jotunn's Wrath,-22.10333388763153,0.29411764705882354,Mantle of Discord,5.937528730003604,0.47619047619047616,Mantle of Discord,0.19153318483882595,1.5360983102918586
Hide of the Urchin,20.003919120609652,0.46875,Qin's Sais,4.13038483281371,0.41818181818181815,Qin's Sais,0.1529772160301374,1.5488215488215489
