,recommendations,win_rate,win_rate_per_cost
Starter Item,Mark of the Vanguard,,
Boots,Reinforced Shoes,0.488188976378,3.64145658263
Item2,Breastplate of Valor,0.4881889763779528,1.96545562835
Item3,Bulwark of Hope,0.4803921568627451,1.7903160179
Item4,Hide of the Urchin,0.45555555555555555,1.88356164384
Item5,Spirit Robe,0.703703703704,2.8605841614
Item6,Pestilence,0.5,2.32558139535
Relic1,Sanctuary,0.53125,
Relic2,Shell,0.487179487179,
