Relics_most_pop,Relics_most_pop_L2,Relics_most_pop_winrate,Relics_most_pop_wr_paired,Relics_L2,Relics_L2_coef,Relics_L2_winrate,Relics_L2_wr_paired
Meditation,0.35275424220424323,0.5483870967741935,0.75,Curse,2.892216666188088,0.6031746031746031,0.75
Relic,-0.051976768898812954,0.5446428571428571,,Purification,2.88314166440552,0.7857142857142857,
