,recommendations,win_rate,win_rate_per_cost
Starter Item,Mark of the Vanguard,,
Boots,Shoes of Focus,0.5136054421768708,3.30788804071
Item2,Breastplate of Valor,0.5459183673469388,2.15731828742
Item3,Heartward Amulet,0.5428571428571428,2.36277717194
Item4,Bulwark of Hope,0.5135135135135135,1.96508200438
Item5,Winged Blade,0.542857142857,3.66795366795
Item6,Spirit Robe,0.558139534884,2.2688598979
Relic1,Meditation,0.532319391635,
Relic2,Shell,0.606060606061,
