Items_most_pop,Items_most_pop_L2,Items_most_pop_winrate,Items_L2,Items_L2_coef,Items_L2_winrate,Items_gold_adjusted_L2,Items_gold_adjusted_L2_coef,Items_gold_adjusted_L2_winrate
Shoes of Focus,1.493755087594106,0.6046511627906976,Hide of the Urchin,14.233605595897588,0.7105263157894737,Reinforced Shoes,0.7760630638348758,5.142857142857143
Breastplate of Valor,8.251339727375818,0.6440677966101694,Heartward Amulet,12.27312930928633,0.6818181818181818,Hide of the Urchin,0.5930668998290662,2.960526315789474
Bulwark of Hope,5.006660842713835,0.6296296296296297,Sovereignty,11.369075448397698,0.6818181818181818,Heartward Amulet,0.5844347290136348,3.2467532467532467
Heartward Amulet,12.27312930928633,0.6818181818181818,Reinforced Shoes,10.86488289368826,0.72,Sovereignty,0.5413845451617951,3.2467532467532467
Sovereignty,11.369075448397698,0.6818181818181818,Breastplate of Valor,8.251339727375818,0.6440677966101694,Hide of the Nemean Lion,0.36419999997921754,3.71900826446281
Hide of the Urchin,14.233605595897588,0.7105263157894737,Hide of the Nemean Lion,8.012399999542785,0.8181818181818182,Pestilence,0.363009410501033,3.488372093023256
