Items_most_pop,Items_most_pop_L2,Items_most_pop_winrate,Items_L2,Items_L2_coef,Items_L2_winrate,Items_gold_adjusted_L2,Items_gold_adjusted_L2_coef,Items_gold_adjusted_L2_winrate
Shoes of Focus,6.28186963547424,0.5101351351351351,Heartward Amulet,14.894069189523151,0.5505050505050505,Heartward Amulet,0.7092413899772929,2.6214526214526215
Heartward Amulet,14.894069189523151,0.5505050505050505,Mantle of Discord,9.84624021897785,0.5526315789473685,Shoes of Focus,0.418791309031616,3.400900900900901
Breastplate of Valor,0.04286399227359919,0.4906832298136646,Mystical Mail,9.212448425821568,0.5614035087719298,Sovereignty,0.38236340388566836,2.5714285714285716
Bulwark of Hope,-5.203526409325168,0.4768211920529801,Gem of Isolation,8.469557500693094,0.5945945945945946,Mystical Mail,0.341201793548947,2.079272254710851
Sovereignty,8.029631481599035,0.54,Sovereignty,8.029631481599035,0.54,Mantle of Discord,0.317620652225092,1.7826825127334465
Hide of the Urchin,0.5747564290772518,0.5035971223021583,Shoes of Focus,6.28186963547424,0.5101351351351351,Gem of Isolation,0.31368731484048495,2.2022022022022023
