,recommendations,win_rate,win_rate_per_cost
Starter Item,Mark of the Vanguard,,
Boots,Shoes of Focus,0.43373493975903615,3.7037037037
Item2,Mystical Mail,0.5609756097560976,2.05761316872
Item3,Sovereignty,0.5555555555555556,2.6455026455
Item4,Heartward Amulet,0.5227272727272727,2.6455026455
Item5,Stone of Gaia,0.571428571429,3.0
Item6,Pestilence,0.521739130435,2.61627906977
Relic1,Meditation,0.54347826087,
Relic2,Sprint,0.6,
