Relics_most_pop,Relics_most_pop_L2,Relics_most_pop_winrate,Relics_most_pop_wr_paired,Relics_L2,Relics_L2_coef,Relics_L2_winrate,Relics_L2_wr_paired
Relic,-34.07027409057547,0.35555555555555557,0.727272727273,Blink,23.103157513051976,0.5673076923076923,0.727272727273
Meditation,0.4353560019547024,0.4745762711864407,,Shell,22.578609485241664,0.7307692307692307,
