Items_most_pop,Items_most_pop_L2,Items_most_pop_winrate,Items_L2,Items_L2_coef,Items_L2_winrate,Items_gold_adjusted_L2,Items_gold_adjusted_L2_coef,Items_gold_adjusted_L2_winrate
Shoes of Focus,2.051044367345782,0.4027777777777778,Mystical Mail,34.01298026244308,0.5714285714285714,Mystical Mail,1.2597400097201141,2.1164021164021163
Breastplate of Valor,16.182313387773835,0.48148148148148145,Ethereal Staff,24.71389537127862,0.6666666666666666,Ethereal Staff,0.9153294581955045,2.4691358024691357
Heartward Amulet,-14.453800188835356,0.36363636363636365,Breastplate of Valor,16.182313387773835,0.48148148148148145,Breastplate of Valor,0.7035788429466885,2.0933977455716586
Void Stone,-9.197185956677275,0.4146341463414634,Shoes of the Magi,8.517214584881087,0.52,Shoes of the Magi,0.5323259115550679,3.25
Bulwark of Hope,-3.3056150746100945,0.4166666666666667,Stone of Gaia,7.068295816963777,0.5555555555555556,Stone of Gaia,0.35341479084818883,2.7777777777777777
Mystical Mail,34.01298026244308,0.5714285714285714,Spirit Robe,4.436941439463394,0.4444444444444444,Winged Blade,0.21832845942252221,2.7027027027027026
