Relics_most_pop,Relics_most_pop_L2,Relics_most_pop_winrate,Relics_most_pop_wr_paired,Relics_L2,Relics_L2_coef,Relics_L2_winrate,Relics_L2_wr_paired
Meditation,111.441598637161,0.5123456790123457,0.333333333333,Purification,176.26643072882914,0.5238095238095238,0.333333333333
Relic,-185.91461167654182,0.4583333333333333,,Blink,129.3707633618199,0.5481481481481482,
