Items_most_pop,Items_most_pop_L2,Items_most_pop_winrate,Items_L2,Items_L2_coef,Items_L2_winrate,Items_gold_adjusted_L2,Items_gold_adjusted_L2_coef,Items_gold_adjusted_L2_winrate
Shoes of the Magi,-18.209925219591124,0.3958333333333333,Warlock's Sash,37.12031624221759,0.5517241379310345,Warlock's Sash,1.4007666506497205,2.0819778789850356
Polynomicon,3.314028314098156,0.41935483870967744,Hastened Fatalis,10.234934920638604,0.6666666666666666,Hastened Fatalis,0.47826798694572925,3.115264797507788
Obsidian Shard,-13.4696786564094,0.38333333333333336,Telkhines Ring,10.111941999852098,0.47619047619047616,Telkhines Ring,0.4758560941106869,2.2408963585434174
Warlock's Sash,37.12031624221759,0.5517241379310345,Polynomicon,3.314028314098156,0.41935483870967744,Polynomicon,0.14408818756948502,1.8232819074333801
Demonic Grip,-27.838296432012307,0.3125,Gem of Isolation,2.62047093971527,0.5,Gem of Isolation,0.09705447924871372,1.8518518518518519
Book of Thoth,-7.220652157185048,0.40425531914893614,Chronos' Pendant,0.7067097735981415,0.4,Chronos' Pendant,0.02944624056658923,1.6666666666666667
