,recommendations,win_rate,win_rate_per_cost
Starter Item,Soul Stone,,
Boots,Shoes of Focus,0.473684210526,3.15789473684
Item2,Warlock's Sash,0.5045871559633027,1.73498156582
Item3,Book of Thoth,0.4690265486725664,1.73498156582
Item4,Demonic Grip,0.45977011494252873,2.01653559185
Item5,Telkhines Ring,0.583333333333,2.25882352941
Item6,Bancroft's Talon,0.48,2.43055555556
Relic1,Meditation,0.571428571429,
Relic2,Curse,0.571428571429,
