Items_most_pop,Items_most_pop_L2,Items_most_pop_winrate,Items_L2,Items_L2_coef,Items_L2_winrate,Items_gold_adjusted_L2,Items_gold_adjusted_L2_coef,Items_gold_adjusted_L2_winrate
Shoes of the Magi,-13.235453954758212,0.359375,Polynomicon,37.362500994302025,0.4457831325301205,Polynomicon,1.6244565649696534,1.9381875327396543
Polynomicon,37.362500994302025,0.4457831325301205,Chronos' Pendant,18.281644987044686,0.5,Chronos' Pendant,0.7617352077935287,2.0833333333333335
Obsidian Shard,1.7789808735772163,0.37333333333333335,Dynasty Plate Helm,2.8952766137497474,0.375,Dynasty Plate Helm,0.17031038904410278,2.2058823529411766
Warlock's Sash,0.265282217658028,0.36619718309859156,Telkhines Ring,2.541860214761781,0.38461538461538464,Telkhines Ring,0.11961695128290735,1.8099547511312217
Book of Thoth,-5.063864422871727,0.3582089552238806,Obsidian Shard,1.7789808735772163,0.37333333333333335,Obsidian Shard,0.0867795548086447,1.8211382113821137
Demonic Grip,-33.56954412892037,0.2857142857142857,Warlock's Sash,0.265282217658028,0.36619718309859156,Warlock's Sash,0.010010649722944454,1.3818761626361946
