,recommendations,win_rate,win_rate_per_cost
Starter Item,Soul Stone,,
Boots,Shoes of Focus,0.514285714286,3.42857142857
Item2,Polynomicon,0.5142857142857142,2.23602484472
Item3,Warlock's Sash,0.494949494949495,1.94070080863
Item4,Obsidian Shard,0.5104166666666666,2.50871080139
Item5,Telkhines Ring,0.666666666667,3.13725490196
Item6,Demonic Grip,0.457831325301,2.00803212851
Relic1,Sprint,0.7,
Relic2,Purification,0.494186046512,
