Items_most_pop,Items_most_pop_L2,Items_most_pop_winrate,Items_L2,Items_L2_coef,Items_L2_winrate,Items_gold_adjusted_L2,Items_gold_adjusted_L2_coef,Items_gold_adjusted_L2_winrate
Transcendence,0.09155877014407562,0.50625,Deathbringer,0.544725701172739,0.5961538461538461,Ninja Tabi,0.03280767219634894,4.065040650406504
Warrior Tabi,-0.3511198631384752,0.4810126582278481,Ninja Tabi,0.4921150829452341,0.6097560975609756,Ichaival,0.01929309823616656,3.3823529411764706
Qin's Sais,0.31485317589592426,0.5306122448979592,Ichaival,0.3279826700148315,0.575,Deathbringer,0.017022678161648094,1.8629807692307692
Asi,0.15006460462652826,0.5176470588235295,Qin's Sais,0.31485317589592426,0.5306122448979592,Qin's Sais,0.011661228736886084,1.965230536659108
The Executioner,-0.06517157846351193,0.49333333333333335,Jotunn's Wrath,0.2707316240838719,0.5714285714285714,Jotunn's Wrath,0.011095558364093112,2.34192037470726
Deathbringer,0.544725701172739,0.5961538461538461,Asi,0.15006460462652826,0.5176470588235295,Asi,0.008430595765535296,2.9081295439524126
