Items_most_pop,Items_most_pop_L2,Items_most_pop_winrate,Items_L2,Items_L2_coef,Items_L2_winrate,Items_gold_adjusted_L2,Items_gold_adjusted_L2_coef,Items_gold_adjusted_L2_winrate
Transcendence,-29.753572375437276,0.4742857142857143,Bloodforge,97.9738813831225,0.5675675675675675,Bloodforge,3.4376800485306145,1.9914651493598863
Warrior Tabi,-5.931124076365297,0.4885057471264368,Asi,60.69009460979602,0.5411764705882353,Asi,3.4095558769548324,3.040317250495704
Qin's Sais,32.60818921840924,0.5686274509803921,The Executioner,51.19620642809588,0.5164835164835165,The Executioner,2.275386952359817,2.2954822954822953
The Executioner,51.19620642809588,0.5164835164835165,Qin's Sais,32.60818921840924,0.5686274509803921,Qin's Sais,1.2077107117929347,2.1060275962236745
Asi,60.69009460979602,0.5411764705882353,Ichaival,-2.5993825299273876,0.5531914893617021,Ichaival,-0.15290485470161103,3.254067584480601
Titan's Bane,-48.39949553488367,0.45901639344262296,Warrior Tabi,-5.931124076365297,0.4885057471264368,Warrior Tabi,-0.3826531662171159,3.1516499814608823
