,recommendations,win_rate,win_rate_per_cost
Starter Item,Bluestone Pendant,,
Boots,Warrior Tabi,0.481818181818,3.06178239475
Item2,Deathbringer,0.5128205128205128,1.45474137931
Item3,Transcendence,0.4818181818181818,1.79045092838
Item4,Asi,0.46551724137931033,2.61526540101
Item5,Jotunn's Wrath,0.6,2.45901639344
Item6,Wind Demon,0.512820512821,2.35042735043
Relic1,Sprint,0.681818181818,
Relic2,Purification,0.495867768595,
