Items_most_pop,Items_most_pop_L2,Items_most_pop_winrate,Items_L2,Items_L2_coef,Items_L2_winrate,Items_gold_adjusted_L2,Items_gold_adjusted_L2_coef,Items_gold_adjusted_L2_winrate
Transcendence,-0.6059515683629257,0.46987951807228917,Qin's Sais,4.611100304569911,0.5490196078431373,Warrior Tabi,0.2513455639567298,3.3044846577498035
Warrior Tabi,3.895856241329312,0.5121951219512195,Warrior Tabi,3.895856241329312,0.5121951219512195,Qin's Sais,0.17078149276184854,2.033405954974582
Qin's Sais,4.611100304569911,0.5490196078431373,Titan's Bane,2.4596630851963854,0.5789473684210527,Titan's Bane,0.119983565131531,2.8241335044929397
Asi,1.4585653701266073,0.5,Asi,1.4585653701266073,0.5,Asi,0.08194187472621388,2.808988764044944
The Executioner,-4.4901949403202845,0.3953488372093023,Wind Demon,0.9615475998270786,0.5384615384615384,Wind Demon,0.03698259999334918,2.0710059171597632
Deathbringer,0.8397100951583601,0.5,Deathbringer,0.8397100951583601,0.5,Bloodforge,0.029120071726332037,1.7543859649122806
