Relics_most_pop,Relics_most_pop_L2,Relics_most_pop_winrate,Relics_most_pop_wr_paired,Relics_L2,Relics_L2_coef,Relics_L2_winrate,Relics_L2_wr_paired
Sanctuary,2.595161211188448,0.5078125,0.564102564103,Purification,2.9257466793276756,0.5039370078740157,0.564102564103
Purification,2.9257466793276756,0.5039370078740157,,Sanctuary,2.595161211188448,0.5078125,
