Relics_most_pop,Relics_most_pop_L2,Relics_most_pop_winrate,Relics_most_pop_wr_paired,Relics_L2,Relics_L2_coef,Relics_L2_winrate,Relics_L2_wr_paired
Sanctuary,-2.868026925780862,0.4900990099009901,1.0,Meditation,160.35979945019275,0.5161290322580645,1.0
Purification,142.98732704805954,0.5405405405405406,,Purification,142.98732704805954,0.5405405405405406,
