,recommendations,win_rate,win_rate_per_cost
Starter Item,Death's Toll,,
Boots,Warrior Tabi,0.65,3.90648120746
Item2,Transcendence,0.6341463414634146,2.30769230769
Item3,Jotunn's Wrath,0.673469387755102,2.45901639344
Item4,Asi,0.65,3.37078651685
Item5,Titan's Bane,0.638888888889,3.20924261874
Item6,Ichaival,0.657894736842,3.60531309298
Relic1,Purification,0.7,
Relic2,Sprint,0.636363636364,
