Relics_most_pop,Relics_most_pop_L2,Relics_most_pop_winrate,Relics_most_pop_wr_paired,Relics_L2,Relics_L2_coef,Relics_L2_winrate,Relics_L2_wr_paired
Sanctuary,12.100523355618934,0.5403225806451613,0.761904761905,Sanctuary,12.100523355618934,0.5403225806451613,0.761904761905
Purification,5.461142147075065,0.5357142857142857,,Sprint,10.353394471972173,0.6,
