Items_most_pop,Items_most_pop_L2,Items_most_pop_winrate,Items_L2,Items_L2_coef,Items_L2_winrate,Items_gold_adjusted_L2,Items_gold_adjusted_L2_coef,Items_gold_adjusted_L2_winrate
Transcendence,-5.365115136200241,0.5040983606557377,Soul Eater,106.70725381528064,0.6333333333333333,Soul Eater,5.335362690764032,3.1666666666666665
Warrior Tabi,36.800436489440585,0.502127659574468,Wind Demon,66.36626228636591,0.5789473684210527,Titan's Bane,3.052059137735081,3.016688061617458
Qin's Sais,50.66837218995918,0.5590062111801242,Titan's Bane,62.56721232356915,0.618421052631579,Wind Demon,2.552548549475612,2.2267206477732793
Asi,-6.50702537231471,0.48,Qin's Sais,50.66837218995918,0.5590062111801242,Warrior Tabi,2.3742217089961666,3.2395332875772134
Ninja Tabi,-4.628116112406538,0.45714285714285713,Warrior Tabi,36.800436489440585,0.502127659574468,Qin's Sais,1.8766063774058952,2.070393374741201
Bloodforge,29.598688009448498,0.5568181818181818,Deathbringer,36.217284602152475,0.54,Deathbringer,1.1317901438172648,1.6875
