Items_most_pop,Items_most_pop_L2,Items_most_pop_winrate,Items_L2,Items_L2_coef,Items_L2_winrate,Items_gold_adjusted_L2,Items_gold_adjusted_L2_coef,Items_gold_adjusted_L2_winrate
Transcendence,9.257372040293635,0.5775401069518716,Transcendence,9.257372040293635,0.5775401069518716,Frostbound Hammer,0.3650915363816165,2.898550724637681
Warrior Tabi,2.6456628724083444,0.5573770491803278,Frostbound Hammer,8.39710533677718,0.6666666666666666,Transcendence,0.35605277078052444,2.2213081036610447
Qin's Sais,5.59272064304484,0.5797101449275363,Bloodforge,5.9614634855739155,0.5882352941176471,Asi,0.2707208793895021,3.2525133057362505
Asi,4.818831653133138,0.5789473684210527,Qin's Sais,5.59272064304484,0.5797101449275363,Devourer's Gauntlet,0.2153241554784605,3.1563845050215207
Ninja Tabi,0.29321451649940994,0.5340909090909091,Asi,4.818831653133138,0.5789473684210527,Bloodforge,0.20917415738855843,2.063983488132095
Titan's Bane,0.22360906917782394,0.56,Devourer's Gauntlet,4.414145187308441,0.6470588235294118,Qin's Sais,0.20713780159425335,2.147074610842727
