,recommendations,win_rate,win_rate_per_cost
Starter Item,Death's Toll,,
Boots,Warrior Tabi,0.652173913043,4.20757363254
Item2,Qin's Sais,0.6590909090909091,2.24171539961
Item3,Transcendence,0.6052631578947368,2.32793522267
Item4,Jotunn's Wrath,0.6470588235294118,2.48058671268
Item5,Titan's Bane,0.8,3.90243902439
Item6,Hastened Fatalis,0.842105263158,3.93507132317
Relic1,Purification,0.658536585366,
Relic2,Sanctuary,0.605633802817,
