Relics_most_pop,Relics_most_pop_L2,Relics_most_pop_winrate,Relics_most_pop_wr_paired,Relics_L2,Relics_L2_coef,Relics_L2_winrate,Relics_L2_wr_paired
Sanctuary,9.685995334604911,0.460431654676259,0.563636363636,Sprint,24.76485334027676,0.5555555555555556,0.563636363636
Purification,-0.7770114244171945,0.43010752688172044,,Sanctuary,9.685995334604911,0.460431654676259,
