,recommendations,win_rate,win_rate_per_cost
Starter Item,Death's Toll,,
Boots,Warrior Tabi,0.55737704918,3.39447607
Item2,Bloodforge,0.5481481481481482,1.92332683561
Item3,Transcendence,0.514367816091954,2.10826210826
Item4,Qin's Sais,0.5285714285714286,2.03017832647
Item5,Wind Demon,0.682926829268,2.62664165103
Item6,The Executioner,0.574712643678,2.55427841635
Relic1,Curse,0.625,
Relic2,Sprint,0.55,
