Relics_most_pop,Relics_most_pop_L2,Relics_most_pop_winrate,Relics_most_pop_wr_paired,Relics_L2,Relics_L2_coef,Relics_L2_winrate,Relics_L2_wr_paired
Sanctuary,6.704361657184581,0.6056338028169014,0.695652173913,Purification,7.404395469652923,0.6585365853658537,0.695652173913
Relic,-12.624914784520872,0.37777777777777777,,Sanctuary,6.704361657184581,0.6056338028169014,
