Items_most_pop,Items_most_pop_L2,Items_most_pop_winrate,Items_L2,Items_L2_coef,Items_L2_winrate,Items_gold_adjusted_L2,Items_gold_adjusted_L2_coef,Items_gold_adjusted_L2_winrate
Transcendence,12.493520113472883,0.6285714285714286,Transcendence,12.493520113472883,0.6285714285714286,Warrior Tabi,0.5422565075759022,3.9615166949632146
Warrior Tabi,8.404975867426483,0.6140350877192983,Warrior Tabi,8.404975867426483,0.6140350877192983,Transcendence,0.4805200043643416,2.4175824175824174
Qin's Sais,2.4714330964691626,0.5950413223140496,Jotunn's Wrath,7.611961085889117,0.65625,Jotunn's Wrath,0.31196561827414415,2.689549180327869
Asi,1.610216299264752,0.5894736842105263,Wind Demon,4.29869835023008,0.75,Wind Demon,0.16533455193192617,2.8846153846153846
Jotunn's Wrath,7.611961085889117,0.65625,Deathbringer,3.2487899968889553,0.6551724137931034,Titan's Bane,0.1136231436471913,2.989771833202203
Titan's Bane,2.3292744447674214,0.6129032258064516,Qin's Sais,2.4714330964691626,0.5950413223140496,Deathbringer,0.10152468740277985,2.0474137931034484
