,recommendations,win_rate,win_rate_per_cost
Starter Item,Bluestone Pendant,,
Boots,Reinforced Greaves,0.555555555556,3.57142857143
Item2,Bulwark of Hope,0.4883720930232558,1.7126036928
Item3,Hide of the Urchin,0.41379310344827586,1.8018018018
Item4,Frostbound Hammer,0.43243243243243246,1.88014101058
Item5,Mystical Mail,0.571428571429,1.93236714976
Item6,Mantle of Discord,0.521739130435,1.84331797235
Relic1,Sprint,0.571428571429,
Relic2,Shell,0.75,
