,recommendations,win_rate,win_rate_per_cost
Starter Item,Bluestone Pendant,,
Boots,Warrior Tabi,0.4470588235294118,2.21774193548
Item2,Frostbound Hammer,0.48333333333333334,1.49456521739
Item3,Bulwark of Hope,0.42857142857142855,1.36138613861
Item4,Hide of the Urchin,0.34375,1.43229166667
Item5,Mystical Mail,0.611111111111,2.2633744856
Item6,Winged Blade,0.483333333333,3.6036036036
Relic1,Sprint,0.733333333333,
Relic2,Thorns,0.714285714286,
