,recommendations,win_rate,win_rate_per_cost
Starter Item,Bluestone Pendant,,
Boots,Warrior Tabi,0.75,3.31299040976
Item2,Hide of the Urchin,0.5384615384615384,2.12765957447
Item3,Frostbound Hammer,0.5106382978723404,2.22016651249
Item4,Bulwark of Hope,0.425,2.02232989256
Item5,Mystical Mail,0.72,2.66666666667
Item6,Pestilence,0.513513513514,3.48837209302
Relic1,Sprint,0.666666666667,
Relic2,Sanctuary,0.528301886792,
