,recommendations,win_rate,win_rate_per_cost
Starter Item,Soul Stone,,
Boots,Shoes of the Magi,0.3893129770992366,2.30263157895
Item2,Rod of Tahuti,0.5084745762711864,1.10970196576
Item3,Obsidian Shard,0.423728813559322,1.7971758665
Item4,Book of Thoth,0.4090909090909091,1.39026812314
Item5,Spear of Desolation,0.423728813559,1.5037593985
Item6,Bancroft's Talon,0.526315789474,2.31481481481
Relic1,Meditation,0.714285714286,
Relic2,Sanctuary,0.429824561404,
