Relics_most_pop,Relics_most_pop_L2,Relics_most_pop_winrate,Relics_most_pop_wr_paired,Relics_L2,Relics_L2_coef,Relics_L2_winrate,Relics_L2_wr_paired
Purification,7.873767098424544,0.5641025641025641,0.642512077295,Sanctuary,11.690410811698564,0.6061946902654868,0.642512077295
Sanctuary,11.690410811698564,0.6061946902654868,,Purification,7.873767098424544,0.5641025641025641,
