,recommendations,win_rate,win_rate_per_cost
Starter Item,Soul Stone,,
Boots,Shoes of the Magi,0.5370843989769821,2.93674698795
Item2,Obsidian Shard,0.5900621118012422,2.29209521011
Item3,Book of Thoth,0.5547445255474452,1.77313025688
Item4,Warlock's Sash,0.5444743935309974,1.77313025688
Item5,Polynomicon,0.692307692308,3.01003344482
Item6,Bancroft's Talon,0.644444444444,2.68518518519
Relic1,Sanctuary,0.587743732591,
Relic2,Sprint,0.675,
