Relics_most_pop,Relics_most_pop_L2,Relics_most_pop_winrate,Relics_most_pop_wr_paired,Relics_L2,Relics_L2_coef,Relics_L2_winrate,Relics_L2_wr_paired
Purification,-6.869859046435496,0.43523316062176165,0.666666666667,Sanctuary,24.292341428078053,0.5106382978723404,0.666666666667
Sanctuary,24.292341428078053,0.5106382978723404,,Sprint,5.236437836517696,0.5789473684210527,
