,recommendations,win_rate,win_rate_per_cost
Starter Item,Soul Stone,,
Boots,Shoes of Focus,0.730769230769,4.18604651163
Item2,Rod of Tahuti,0.6213592233009708,1.69427710843
Item3,Chronos' Pendant,0.6103896103896104,2.34375
Item4,Book of Thoth,0.5851851851851851,2.12264150943
Item5,Polynomicon,0.627906976744,3.17725752508
Item6,Bancroft's Talon,0.61038961039,2.85087719298
Relic1,Sanctuary,0.620320855615,
Relic2,Purification,0.595744680851,
