,recommendations,win_rate,win_rate_per_cost
Starter Item,Soul Stone,,
Boots,Shoes of Focus,0.526315789474,3.25925925926
Item2,Book of Thoth,0.5,1.86605846983
Item3,Warlock's Sash,0.48148148148148145,1.86605846983
Item4,Rod of Tahuti,0.4945054945054945,1.48947438104
Item5,Bancroft's Talon,0.545454545455,2.27272727273
Item6,Polynomicon,0.494505494505,2.28832951945
Relic1,Meditation,0.611111111111,
Relic2,Sanctuary,0.486033519553,
