Relics_most_pop,Relics_most_pop_L2,Relics_most_pop_winrate,Relics_most_pop_wr_paired,Relics_L2,Relics_L2_coef,Relics_L2_winrate,Relics_L2_wr_paired
Sanctuary,-0.08793705779010574,0.41346153846153844,0.0,Sprint,0.005151780022652931,0.5555555555555556,0.0
Purification,-0.05809908119602128,0.43617021276595747,,Meditation,-0.009820797919636009,0.4,
