,recommendations,win_rate,win_rate_per_cost
Starter Item,Soul Stone,,
Boots,Shoes of the Magi,0.430939226519,2.69337016575
Item2,Obsidian Shard,0.4878048780487805,1.99318122213
Item3,Rod of Tahuti,0.4895833333333333,1.23072936909
Item4,Warlock's Sash,0.4226190476190476,1.54189490769
Item5,Spear of the Magus,0.489583333333,2.61627906977
Item6,Spear of Desolation,0.5625,1.5037593985
Relic1,Curse,0.714285714286,
Relic2,Purification,0.454545454545,
