,recommendations,win_rate,win_rate_per_cost
Starter Item,Soul Stone,,
Boots,Shoes of Focus,0.55223880597,4.59259259259
Item2,Obsidian Shard,0.6139240506329114,2.693847834
Item3,Warlock's Sash,0.5522388059701493,2.08392002253
Item4,Rod of Tahuti,0.6126126126126126,1.6633698975
Item5,Soul Reaver,0.6,2.04081632653
Item6,Chronos' Pendant,0.612612612613,2.45614035088
Relic1,Purification,0.571428571429,
Relic2,Sanctuary,0.543378995434,
