Items_most_pop,Items_most_pop_L2,Items_most_pop_winrate,Items_L2,Items_L2_coef,Items_L2_winrate,Items_gold_adjusted_L2,Items_gold_adjusted_L2_coef,Items_gold_adjusted_L2_winrate
Warlock's Sash,-101.54563189776754,0.42857142857142855,Soul Reaver,317.08088666402966,0.5652173913043478,Soul Reaver,10.785064172245907,1.922508133688258
Shoes of the Magi,38.901825252159725,0.46846846846846846,Book of Thoth,256.15859286958494,0.5176470588235295,Book of Thoth,9.666361995078676,1.95338512763596
Obsidian Shard,171.74237359678813,0.4888888888888889,Bancroft's Talon,184.15005234064992,0.4117647058823529,Obsidian Shard,8.377676760818932,2.3848238482384825
Book of Thoth,256.15859286958494,0.5176470588235295,Obsidian Shard,171.74237359678813,0.4888888888888889,Bancroft's Talon,7.672918847527081,1.7156862745098038
Rod of Tahuti,135.74173192083498,0.5384615384615384,Rod of Tahuti,135.74173192083498,0.5384615384615384,Rod of Tahuti,4.08860638315768,1.6218721037998147
Chronos' Pendant,-279.6851064963348,0.2708333333333333,Shoes of the Magi,38.901825252159725,0.46846846846846846,Shoes of the Magi,2.4313640782599824,2.9279279279279278
