Relics_most_pop,Relics_most_pop_L2,Relics_most_pop_winrate,Relics_most_pop_wr_paired,Relics_L2,Relics_L2_coef,Relics_L2_winrate,Relics_L2_wr_paired
Purification,15.811590134505876,0.5957446808510638,0.676923076923,Sanctuary,21.867986124883846,0.6203208556149733,0.676923076923
Sanctuary,21.867986124883846,0.6203208556149733,,Purification,15.811590134505876,0.5957446808510638,
