Relics_most_pop,Relics_most_pop_L2,Relics_most_pop_winrate,Relics_most_pop_wr_paired,Relics_L2,Relics_L2_coef,Relics_L2_winrate,Relics_L2_wr_paired
Sanctuary,6.074849009251193,0.4298245614035088,0.666666666667,Meditation,22.113614554042236,0.7142857142857143,0.666666666667
Purification,5.291364114795323,0.41818181818181815,,Sanctuary,6.074849009251193,0.4298245614035088,
