Relics_most_pop,Relics_most_pop_L2,Relics_most_pop_winrate,Relics_most_pop_wr_paired,Relics_L2,Relics_L2_coef,Relics_L2_winrate,Relics_L2_wr_paired
Purification,-8.741616937192411,0.38769230769230767,0.8,Sprint,21.18806896577117,0.5294117647058824,0.8
Sanctuary,15.684904311057002,0.4590909090909091,,Sanctuary,15.684904311057002,0.4590909090909091,
