,recommendations,win_rate,win_rate_per_cost
Starter Item,Death's Toll,,
Boots,Warrior Tabi,0.62962962963,4.06212664277
Item2,Qin's Sais,0.6947368421052632,2.56058527663
Item3,Wind Demon,0.691358024691358,2.65906932574
Item4,Deathbringer,0.6666666666666666,2.16049382716
Item5,The Executioner,0.7,3.11111111111
Item6,Soul Eater,0.691358024691,4.61538461538
Relic1,Purification,0.671755725191,
Relic2,Sanctuary,0.659574468085,
