,recommendations,win_rate,win_rate_per_cost
Starter Item,Death's Toll,,
Boots,Warrior Tabi,0.47468354430379744,2.69147041362
Item2,Wind Demon,0.5654450261780105,1.60453043889
Item3,Qin's Sais,0.5168067226890757,1.54510338559
Item4,Ichaival,0.5051020408163265,2.45398773006
Item5,Malice,0.647058823529,2.1568627451
Item6,Soul Eater,0.533333333333,2.77777777778
Relic1,Sanctuary,0.517605633803,
Relic2,Purification,0.497142857143,
