,recommendations,win_rate,win_rate_per_cost
Starter Item,Death's Toll,,
Boots,Warrior Tabi,0.604651162791,3.85170919596
Item2,Asi,0.6444444444444445,3.05324865657
Item3,The Executioner,0.6046511627906976,2.4154589372
Item4,Wind Demon,0.5909090909090909,2.09030100334
Item5,Ichaival,0.674418604651,3.96716826265
Item6,Qin's Sais,0.58,2.14814814815
Relic1,Purification,0.591549295775,
Relic2,Sprint,0.692307692308,
