Relics_most_pop,Relics_most_pop_L2,Relics_most_pop_winrate,Relics_most_pop_wr_paired,Relics_L2,Relics_L2_coef,Relics_L2_winrate,Relics_L2_wr_paired
Purification,10.094328469091657,0.5801393728222997,0.667621776504,Sanctuary,10.272850568342363,0.6013071895424836,0.667621776504
Sanctuary,10.272850568342363,0.6013071895424836,,Purification,10.094328469091657,0.5801393728222997,
