,recommendations,win_rate,win_rate_per_cost
Starter Item,Death's Toll,,
Boots,Warrior Tabi,0.591715976331,3.81752242794
Item2,Qin's Sais,0.6558704453441295,2.36205593348
Item3,Ichaival,0.6213592233009708,3.75150060024
Item4,Wind Demon,0.6377551020408163,2.45290423862
Item5,Asi,0.676136363636,3.79851889683
Item6,Bloodforge,0.582089552239,2.04241948154
Relic1,Meditation,0.681818181818,
Relic2,Sanctuary,0.61875,
