,recommendations,win_rate,win_rate_per_cost
Starter Item,Death's Toll,,
Boots,Warrior Tabi,0.571428571429,3.6866359447
Item2,Asi,0.6311475409836066,3.3291718685
Item3,Ichaival,0.5925925925925926,3.48583877996
Item4,Wind Demon,0.5634920634920635,2.2792022792
Item5,The Executioner,0.631147540984,2.82485875706
Item6,Rage,0.58064516129,2.41935483871
Relic1,Sprint,0.756756756757,
Relic2,Purification,0.573643410853,
