Items_most_pop,Items_most_pop_L2,Items_most_pop_winrate,Items_L2,Items_L2_coef,Items_L2_winrate,Items_gold_adjusted_L2,Items_gold_adjusted_L2_coef,Items_gold_adjusted_L2_winrate
Warrior Tabi,4.101893025076635,0.5575757575757576,Deathbringer,11.627376445439415,0.6206896551724138,Ichaival,0.6212894125675628,3.485838779956427
Qin's Sais,5.939323585253408,0.5779816513761468,Ichaival,10.561920013648567,0.5925925925925926,The Executioner,0.469216393532968,2.710027100271003
Ichaival,10.561920013648567,0.5925925925925926,The Executioner,10.55736885449178,0.6097560975609756,Devourer's Gauntlet,0.3997301666390989,3.009859885832901
Wind Demon,9.333140199734464,0.5961538461538461,Wind Demon,9.333140199734464,0.5961538461538461,Deathbringer,0.3633555139199817,1.9396551724137931
Asi,-4.902720528138565,0.5339805825242718,Devourer's Gauntlet,8.194468416101525,0.6170212765957447,Wind Demon,0.3589669307590178,2.2928994082840237
Deathbringer,11.627376445439415,0.6206896551724138,Qin's Sais,5.939323585253408,0.5779816513761468,Warrior Tabi,0.26463825968236354,3.5972629521016617
