Items_most_pop,Items_most_pop_L2,Items_most_pop_winrate,Items_L2,Items_L2_coef,Items_L2_winrate,Items_gold_adjusted_L2,Items_gold_adjusted_L2_coef,Items_gold_adjusted_L2_winrate
Warrior Tabi,8.693206610649225,0.5826086956521739,Ichaival,15.264081608712987,0.6231884057971014,Ichaival,0.8978871534537051,3.6658141517476555
Qin's Sais,-1.407529935304995,0.5657142857142857,Wind Demon,12.77571702124473,0.6148148148148148,Warrior Tabi,0.5608520393967243,3.758765778401122
Ichaival,15.264081608712987,0.6231884057971014,Warrior Tabi,8.693206610649225,0.5826086956521739,Wind Demon,0.49137373158633585,2.364672364672365
Wind Demon,12.77571702124473,0.6148148148148148,Asi,5.20308032765253,0.5882352941176471,Asi,0.2923078835759848,3.3046926635822866
Asi,5.20308032765253,0.5882352941176471,Poisoned Star ,4.685935093183051,0.6666666666666666,Poisoned Star ,0.21299704969013872,3.0303030303030303
Deathbringer,3.1237825785531426,0.5847457627118644,Deathbringer,3.1237825785531426,0.5847457627118644,The Executioner,0.13763861378156853,2.570806100217865
