,recommendations,win_rate,win_rate_per_cost
Starter Item,Mark of the Vanguard,,
Boots,Reinforced Shoes,0.5,3.43406593407
Item2,Void Stone,0.52,1.93798449612
Item3,Breastplate of Valor,0.45390070921985815,1.85372430064
Item4,Pestilence,0.4263565891472868,1.98305390301
Item5,Mantle of Discord,0.6,1.93548387097
Item6,Heartward Amulet,0.642857142857,2.38095238095
Relic1,Shell,0.592592592593,
Relic2,Sprint,0.529411764706,
