Items_most_pop,Items_most_pop_L2,Items_most_pop_winrate,Items_L2,Items_L2_coef,Items_L2_winrate,Items_gold_adjusted_L2,Items_gold_adjusted_L2_coef,Items_gold_adjusted_L2_winrate
Breastplate of Valor,-9.703202760265881,0.4567901234567901,Sovereignty,36.93685994692167,0.6428571428571429,Sovereignty,1.7588980927105557,3.061224489795918
Shoes of Focus,-3.4329872519125884,0.48026315789473684,Mystical Mail,19.66389127952382,0.5857142857142857,Mystical Mail,0.7282922696119933,2.1693121693121693
Void Stone,2.5175559349427843,0.5040650406504065,Gem of Isolation,12.97528414345455,0.6666666666666666,Winged Blade,0.6356443998694747,3.6036036036036037
Bulwark of Hope,-3.163683199441606,0.48760330578512395,Winged Blade,11.759421397585285,0.6666666666666666,Gem of Isolation,0.4805660793872055,2.4691358024691357
Heartward Amulet,-13.272972203458973,0.4789915966386555,Celestial Legion Helm,8.15849574949086,0.5517241379310345,Shoes of the Magi,0.4558461791264443,3.2110091743119265
Shoes of the Magi,7.29353886602311,0.5137614678899083,Shoes of the Magi,7.29353886602311,0.5137614678899083,Celestial Legion Helm,0.35471720649960264,2.39880059970015
