,recommendations,win_rate,win_rate_per_cost
Starter Item,Watcher's Gift,,
Boots,Shoes of the Magi,0.597701149425,3.73563218391
Item2,Sovereignty,0.5824175824175825,2.42224057253
Item3,Pestilence,0.5581395348837209,2.36590939642
Item4,Void Stone,0.5172413793103449,2.31213872832
Item5,Heartward Amulet,0.605633802817,2.8839704896
Item6,Celestial Legion Helm,0.75,3.26086956522
Relic1,Meditation,0.556561085973,
Relic2,Shell,0.6,
