Items_most_pop,Items_most_pop_L2,Items_most_pop_winrate,Items_L2,Items_L2_coef,Items_L2_winrate,Items_gold_adjusted_L2,Items_gold_adjusted_L2_coef,Items_gold_adjusted_L2_winrate
Breastplate of Valor,-26.606918387633836,0.46419098143236076,Shoes of the Magi,25.270111419907987,0.5481171548117155,Shoes of the Magi,1.579381963744249,3.4257322175732217
Shoes of Focus,23.662298516263906,0.5086705202312138,Shoes of Focus,23.662298516263906,0.5086705202312138,Shoes of Focus,1.5774865677509269,3.3911368015414256
Void Stone,11.676553035330715,0.5444839857651246,Heartward Amulet,21.944640454369654,0.5564516129032258,Heartward Amulet,1.0449828787795075,2.6497695852534564
Heartward Amulet,21.944640454369654,0.5564516129032258,Sovereignty,21.802651534131268,0.5664739884393064,Sovereignty,1.0382215016252985,2.697495183044316
Bulwark of Hope,-34.61222660997539,0.4214876033057851,Gem of Isolation,19.5283799840749,0.6271186440677966,Gem of Isolation,0.7232733327435148,2.322661644695543
Shoes of the Magi,25.270111419907987,0.5481171548117155,Mantle of Discord,15.326727954739786,0.5801526717557252,Void Stone,0.5307524106968506,2.4749272080232934
