,recommendations,win_rate,win_rate_per_cost
Starter Item,Mark of the Vanguard,,
Boots,Shoes of the Magi,0.539855072464,3.36257309942
Item2,Void Stone,0.535796766743649,2.13018688628
Item3,Hide of the Urchin,0.5135869565217391,1.95267131243
Item4,Breastplate of Valor,0.4686411149825784,2.03757006514
Item5,Sovereignty,0.61038961039,2.5707384403
Item6,Soul Reaver,0.538011695906,2.07615513738
Relic1,Meditation,0.511075949367,
Relic2,Curse,0.510638297872,
