Items_most_pop,Items_most_pop_L2,Items_most_pop_winrate,Items_L2,Items_L2_coef,Items_L2_winrate,Items_gold_adjusted_L2,Items_gold_adjusted_L2_coef,Items_gold_adjusted_L2_winrate
Breastplate of Valor,-4.125893114542775,0.4574468085106383,Mystical Mail,54.46604389092381,0.5895522388059702,Sovereignty,2.2791976044738194,2.559118885649498
Shoes of Focus,28.233268931748874,0.5160142348754448,Sovereignty,47.863149693950206,0.5374149659863946,Dynasty Plate Helm,2.0820198455993535,3.2085561497326203
Void Stone,12.6528008807003,0.5441176470588235,Dynasty Plate Helm,35.394337375189004,0.5454545454545454,Mystical Mail,2.01726088484903,2.183526810392482
Heartward Amulet,10.702710195281876,0.5364583333333334,Soul Reaver,31.93101638797967,0.6333333333333333,Shoes of Focus,1.882217928783258,3.4400948991696323
Shoes of the Magi,-5.7119143525404015,0.4627659574468085,Pestilence,30.668178190622147,0.5,Pestilence,1.4264268925870767,2.3255813953488373
Hide of the Urchin,-29.667206500400923,0.4127906976744186,Shoes of Focus,28.233268931748874,0.5160142348754448,Soul Reaver,1.086088992788424,2.1541950113378685
