Relics_most_pop,Relics_most_pop_L2,Relics_most_pop_winrate,Relics_most_pop_wr_paired,Relics_L2,Relics_L2_coef,Relics_L2_winrate,Relics_L2_wr_paired
Relic,-10.201519206683178,0.3411764705882353,0.5,Sprint,4.541955598905118,0.6153846153846154,0.5
Meditation,2.288721037341571,0.4864864864864865,,Purification,4.276349724840052,0.5454545454545454,
