,recommendations,win_rate,win_rate_per_cost
Starter Item,Mark of the Vanguard,,
Boots,Ninja Tabi,0.515151515152,3.43434343434
Item2,Hide of the Urchin,0.64,2.14646464646
Item3,Qin's Sais,0.5483870967741935,1.90796857464
Item4,Breastplate of Valor,0.48717948717948717,2.23978919631
Item5,Ichaival,0.64,3.86029411765
Item6,Hide of the Nemean Lion,0.565217391304,3.0303030303
Relic1,Sprint,0.638888888889,
Relic2,Blink,1.0,
