Items_most_pop,Items_most_pop_L2,Items_most_pop_winrate,Items_L2,Items_L2_coef,Items_L2_winrate,Items_gold_adjusted_L2,Items_gold_adjusted_L2_coef,Items_gold_adjusted_L2_winrate
Warrior Tabi,2.0972415930160815,0.4253731343283582,Ichaival,14.477756666503849,0.5581395348837209,Ichaival,0.8516327450884617,3.283173734610123
Qin's Sais,8.47585234360739,0.4838709677419355,Frostbound Hammer,11.28869281883009,0.5,Frostbound Hammer,0.4908127312534821,2.1739130434782608
Frostbound Hammer,11.28869281883009,0.5,Qin's Sais,8.47585234360739,0.4838709677419355,Winged Blade,0.4375199668029984,3.43980343980344
Breastplate of Valor,-10.84175175313506,0.3548387096774194,Hide of the Urchin,8.361615410585522,0.48333333333333334,Hide of the Urchin,0.34840064210773003,2.013888888888889
Bulwark of Hope,3.4095802753959714,0.45,Winged Blade,8.09411938585547,0.6363636363636364,Qin's Sais,0.31392045717064404,1.7921146953405018
Hide of the Urchin,8.361615410585522,0.48333333333333334,Witchblade,4.876474102312423,0.5,Witchblade,0.2378767854786548,2.4390243902439024
