,recommendations,win_rate,win_rate_per_cost
Starter Item,Watcher's Gift,,
Boots,Shoes of Focus,0.5159817351598174,3.7037037037
Item2,Sovereignty,0.5555555555555556,2.6455026455
Item3,Breastplate of Valor,0.5365853658536586,2.4154589372
Item4,Heartward Amulet,0.545045045045045,2.6455026455
Item5,Rod of Asclepius,0.586206896552,2.10717877496
Item6,Mystical Mail,0.555555555556,2.1711366539
Relic1,Sprint,0.647058823529,
Relic2,Shell,0.578125,
