Relics_most_pop,Relics_most_pop_L2,Relics_most_pop_winrate,Relics_most_pop_wr_paired,Relics_L2,Relics_L2_coef,Relics_L2_winrate,Relics_L2_wr_paired
Relic,-53.350819541852076,0.3321554770318021,0.695652173913,Shell,21.244246796862836,0.5492957746478874,0.695652173913
Meditation,19.24907052163701,0.4542124542124542,,Meditation,19.24907052163701,0.4542124542124542,
