Items_most_pop,Items_most_pop_L2,Items_most_pop_winrate,Items_L2,Items_L2_coef,Items_L2_winrate,Items_gold_adjusted_L2,Items_gold_adjusted_L2_coef,Items_gold_adjusted_L2_winrate
Shoes of Focus,-3.756470789682108,0.45054945054945056,Bulwark of Hope,15.31330050976879,0.5483870967741935,Bulwark of Hope,0.6064673469215363,2.1718300862344297
Breastplate of Valor,13.732070369449367,0.48672566371681414,Mystical Mail,14.351030979923973,0.525,Breastplate of Valor,0.5970465378021464,2.116198537899192
Lotus Crown,9.125266115430858,0.5057471264367817,Breastplate of Valor,13.732070369449367,0.48672566371681414,Mystical Mail,0.5315196659231102,1.9444444444444444
Sovereignty,10.846932000153858,0.4823529411764706,Sovereignty,10.846932000153858,0.4823529411764706,Sovereignty,0.516520571435898,2.2969187675070026
Heartward Amulet,-12.405047941436552,0.4090909090909091,Lotus Crown,9.125266115430858,0.5057471264367817,Lotus Crown,0.4451349324600418,2.4670591533501542
Hide of the Urchin,-5.311661766847606,0.4307692307692308,Mantle of Discord,4.653644504779431,0.5172413793103449,Mantle of Discord,0.1501175646703042,1.668520578420467
