Relics_most_pop,Relics_most_pop_L2,Relics_most_pop_winrate,Relics_most_pop_wr_paired,Relics_L2,Relics_L2_coef,Relics_L2_winrate,Relics_L2_wr_paired
Relic,-34.62331224480208,0.4230769230769231,0.578947368421,Sprint,22.590336768925738,0.5957446808510638,0.578947368421
Meditation,16.655543912082727,0.49019607843137253,,Meditation,16.655543912082727,0.49019607843137253,
