Items_most_pop,Items_most_pop_L2,Items_most_pop_winrate,Items_L2,Items_L2_coef,Items_L2_winrate,Items_gold_adjusted_L2,Items_gold_adjusted_L2_coef,Items_gold_adjusted_L2_winrate
Shoes of Focus,-8.000568348369617,0.4117647058823529,Reinforced Shoes,5.096608329273264,0.5625,Reinforced Shoes,0.3640434520909474,4.017857142857143
Lotus Crown,-3.4058584022415572,0.42342342342342343,Midgardian Mail,3.7410792895085936,0.6666666666666666,Midgardian Mail,0.16627019064482637,2.962962962962963
Breastplate of Valor,-3.4506044048562954,0.4205607476635514,Gem of Isolation,1.234053883044917,0.5333333333333333,Gem of Isolation,0.04570569937203396,1.9753086419753085
Heartward Amulet,-1.857575670134793,0.43333333333333335,Void Stone,0.4378680093418472,0.46875,Void Stone,0.019903091333720327,2.1306818181818183
Rod of Asclepius,-1.7563765296787186,0.43529411764705883,Pestilence,0.017461503855372568,0.4482758620689655,Pestilence,0.0008121629700173288,2.0850040096230953
Sovereignty,-2.11046226131955,0.42857142857142855,Bulwark of Hope,-0.2718263423771313,0.44871794871794873,Bulwark of Hope,-0.01076539969810421,1.7771007870017772
