Items_most_pop,Items_most_pop_L2,Items_most_pop_winrate,Items_L2,Items_L2_coef,Items_L2_winrate,Items_gold_adjusted_L2,Items_gold_adjusted_L2_coef,Items_gold_adjusted_L2_winrate
Warrior Tabi,12.17415846857337,0.39849624060150374,Rage,50.69132531003654,0.5454545454545454,Asi,2.6845590265495987,2.726371447455387
Transcendence,8.428561169521657,0.3875,Asi,47.78515067258285,0.4852941176470588,Rage,2.1121385545848557,2.272727272727273
Asi,47.78515067258285,0.4852941176470588,Ichaival,33.47372475502593,0.4423076923076923,Ichaival,1.9690426326485837,2.6018099547511313
Qin's Sais,14.125321081214585,0.4461538461538462,Bloodforge,18.676035347572455,0.4375,Warrior Tabi,0.7854295786176368,2.570943487751637
Ichaival,33.47372475502593,0.4423076923076923,Qin's Sais,14.125321081214585,0.4461538461538462,Bloodforge,0.6552994858797352,1.5350877192982457
Deathbringer,-24.56783096451076,0.46,Warrior Tabi,12.17415846857337,0.39849624060150374,Qin's Sais,0.5231600400449846,1.6524216524216524
