Items_most_pop,Items_most_pop_L2,Items_most_pop_winrate,Items_L2,Items_L2_coef,Items_L2_winrate,Items_gold_adjusted_L2,Items_gold_adjusted_L2_coef,Items_gold_adjusted_L2_winrate
Warrior Tabi,-3.8552049560574426,0.4235294117647059,The Executioner,6.200048819511496,0.5098039215686274,The Executioner,0.27555772531162204,2.2657952069716774
Transcendence,2.901842306089698,0.4639175257731959,Bloodforge,5.950843814958693,0.5106382978723404,Titan's Bane,0.23655016505896007,2.5947067981318113
Qin's Sais,5.39051144480285,0.4946236559139785,Malice,5.544954386109628,0.5333333333333333,Bloodforge,0.2088015373669717,1.7917133258678613
Deathbringer,-3.982767448404763,0.4430379746835443,Qin's Sais,5.39051144480285,0.4946236559139785,Qin's Sais,0.19964857202973518,1.8319394663480686
Asi,-0.22320423356854782,0.42105263157894735,Titan's Bane,4.849278383708682,0.5319148936170213,Malice,0.1848318128703209,1.7777777777777777
Ichaival,-1.4765615704452193,0.4166666666666667,Transcendence,2.901842306089698,0.4639175257731959,Transcendence,0.1116093194649884,1.7842981760507535
