,recommendations,win_rate,win_rate_per_cost
Starter Item,Death's Toll,,
Boots,Warrior Tabi,0.561403508772,3.46349745331
Item2,Qin's Sais,0.6190476190476191,2.07927225471
Item3,Transcendence,0.5614035087719298,2.15924426451
Item4,Hastened Fatalis,0.6,2.62338088211
Item5,Titan's Bane,0.619047619048,3.35365853659
Item6,Wind Demon,0.64,2.46153846154
Relic1,Sprint,0.8,
Relic2,Sanctuary,0.556818181818,
