,recommendations,win_rate,win_rate_per_cost
Starter Item,Death's Toll,,
Boots,Ninja Tabi,0.42592592592592593,2.83950617284
Item2,Deathbringer,0.5,1.33101851852
Item3,Qin's Sais,0.46153846153846156,1.57750342936
Item4,Asi,0.43333333333333335,2.39284228048
Item5,The Executioner,0.577777777778,2.56790123457
Item6,Hastened Fatalis,0.53125,2.27946204696
Relic1,Frenzy,0.875,
Relic2,Sprint,0.566666666667,
