,recommendations,win_rate,win_rate_per_cost
Starter Item,Death's Toll,,
Boots,Ninja Tabi,0.491525423729,2.8431372549
Item2,Qin's Sais,0.41935483870967744,1.57952069717
Item3,Ichaival,0.35714285714285715,2.50865051903
Item4,Transcendence,0.3684210526315789,1.64027149321
Item5,The Executioner,0.56862745098,2.28956228956
Item6,Bloodforge,0.515151515152,1.99518403853
Relic1,Sprint,0.586206896552,
Relic2,Sanctuary,0.442307692308,
