Items_most_pop,Items_most_pop_L2,Items_most_pop_winrate,Items_L2,Items_L2_coef,Items_L2_winrate,Items_gold_adjusted_L2,Items_gold_adjusted_L2_coef,Items_gold_adjusted_L2_winrate
Warrior Tabi,-11.542281909612687,0.4025974025974026,Titan's Bane,28.768673451840932,0.6190476190476191,Titan's Bane,1.4033499244800454,3.0197444831591174
Qin's Sais,11.444098447289152,0.4782608695652174,Deathbringer,14.528309799849415,0.5064935064935064,Deathbringer,0.4540096812452942,1.5827922077922079
Transcendence,-19.84526426573452,0.3595505617977528,Malice,12.868748736249444,0.53125,Malice,0.4289582912083148,1.7708333333333333
Asi,3.8475684552438287,0.4375,Qin's Sais,11.444098447289152,0.4782608695652174,Qin's Sais,0.42385549804774636,1.7713365539452497
Deathbringer,14.528309799849415,0.5064935064935064,Asi,3.8475684552438287,0.4375,Asi,0.21615553119347353,2.457865168539326
Ninja Tabi,-6.7472551522502044,0.4,Wind Demon,2.5471233753894817,0.46551724137931033,Ichaival,0.13569691565339817,2.579979360165119
