,recommendations,win_rate,win_rate_per_cost
Starter Item,Bluestone Pendant,,
Boots,Warrior Tabi,0.583333333333,3.87096774194
Item2,Hastened Fatalis,0.5925925925925926,2.95950155763
Item3,Qin's Sais,0.5833333333333334,2.34567901235
Item4,The Executioner,0.589041095890411,2.81481481481
Item5,Ichaival,0.7,4.11764705882
Item6,Titan's Bane,0.592592592593,3.28159645233
Relic1,Purification,0.677083333333,
Relic2,Blink,0.722222222222,
