Items_most_pop,Items_most_pop_L2,Items_most_pop_winrate,Items_L2,Items_L2_coef,Items_L2_winrate,Items_gold_adjusted_L2,Items_gold_adjusted_L2_coef,Items_gold_adjusted_L2_winrate
Hastened Fatalis,4.870114933140642,0.5495495495495496,Stone Cutting Sword,6.624878569695032,0.6590909090909091,Stone Cutting Sword,0.2548030219113474,2.534965034965035
Qin's Sais,0.01508736112003764,0.5148514851485149,Hastened Fatalis,4.870114933140642,0.5495495495495496,Winged Blade,0.24499850132788506,4.864864864864865
Warrior Tabi,-0.3696382564884372,0.5074626865671642,Winged Blade,4.532472274565874,0.9,Hastened Fatalis,0.22757546416545057,2.5679885492969605
Ninja Tabi,-0.4053599677213417,0.5,Titan's Bane,4.280169927369642,0.6666666666666666,Titan's Bane,0.20878877694486062,3.252032520325203
The Executioner,-0.5317700548641615,0.5098039215686274,Deathbringer,1.5981966501619458,0.6153846153846154,Deathbringer,0.04994364531756081,1.9230769230769231
Stone Cutting Sword,6.624878569695032,0.6590909090909091,Odysseus' Bow,0.756768266837058,0.5833333333333334,Odysseus' Bow,0.030888500687226855,2.380952380952381
