Relics_most_pop,Relics_most_pop_L2,Relics_most_pop_winrate,Relics_most_pop_wr_paired,Relics_L2,Relics_L2_coef,Relics_L2_winrate,Relics_L2_wr_paired
Sanctuary,-17.659346047937113,0.5220588235294118,0.0,Blink,25.039205791079855,0.6176470588235294,0.0
Purification,-46.82396366149752,0.4829059829059829,,Sprint,15.578260041521608,0.5742574257425742,
