,recommendations,win_rate,win_rate_per_cost
Starter Item,Vampiric Shroud,,
Boots,Shoes of the Magi,0.576271186441,3.60169491525
Item2,Pythagorem's Piece,0.601063829787234,2.31481481481
Item3,Bancroft's Talon,0.574468085106383,2.31481481481
Item4,Obsidian Shard,0.5714285714285714,2.71002710027
Item5,Gem of Isolation,0.621848739496,2.30314347961
Item6,Book of Thoth,0.574468085106,2.21383647799
Relic1,Blink,0.758620689655,
Relic2,Sprint,0.650793650794,
