Items_most_pop,Items_most_pop_L2,Items_most_pop_winrate,Items_L2,Items_L2_coef,Items_L2_winrate,Items_gold_adjusted_L2,Items_gold_adjusted_L2_coef,Items_gold_adjusted_L2_winrate
Shoes of the Magi,35.65004076593611,0.43775100401606426,Shoes of Focus,104.16765213405608,0.6021505376344086,Shoes of Focus,6.944510142270405,4.014336917562724
Bancroft's Talon,50.66577579030294,0.5026178010471204,Chronos' Pendant,68.8364696111439,0.5460992907801419,Chronos' Pendant,2.8681862337976627,2.275413711583924
Obsidian Shard,34.956502848326096,0.5,Bancroft's Talon,50.66577579030294,0.5026178010471204,Shoes of the Magi,2.228127547871007,2.7359437751004014
Pythagorem's Piece,7.89084618282472,0.4966442953020134,Gem of Isolation,42.31789881484486,0.5670103092783505,Bancroft's Talon,2.111073991262622,2.094240837696335
Chronos' Pendant,68.8364696111439,0.5460992907801419,Book of Thoth,39.651245146549336,0.527027027027027,Obsidian Shard,1.705195260893956,2.4390243902439024
Rod of Tahuti,29.973077001402764,0.5572519083969466,Shoes of the Magi,35.65004076593611,0.43775100401606426,Gem of Isolation,1.5673295857349947,2.1000381825124093
