,recommendations,win_rate,win_rate_per_cost
Starter Item,Vampiric Shroud,,
Boots,Shoes of the Magi,0.585669781931,3.5063976378
Item2,Pythagorem's Piece,0.5856697819314641,2.3375984252
Item3,Bancroft's Talon,0.5339233038348082,2.3375984252
Item4,Rod of Tahuti,0.55893536121673,1.68983018689
Item5,Gem of Isolation,0.586734693878,2.17309145881
Item6,Spear of Desolation,0.610169491525,1.60570918822
Relic1,Sprint,0.627450980392,
Relic2,Blink,0.63829787234,
