,recommendations,win_rate,win_rate_per_cost
Starter Item,Vampiric Shroud,,
Boots,Shoes of the Magi,0.577661431065,3.61038394415
Item2,Pythagorem's Piece,0.603988603988604,2.40692262944
Item3,Bancroft's Talon,0.568075117370892,2.40692262944
Item4,Rod of Tahuti,0.5751445086705202,1.73994406947
Item5,Soul Reaver,0.568075117371,2.05663660813
Item6,Divine Ruin,0.575144508671,2.98007077668
Relic1,Sprint,0.709923664122,
Relic2,Blink,0.618181818182,
