,recommendations,win_rate,win_rate_per_cost
Starter Item,Vampiric Shroud,,
Boots,Shoes of Focus,0.602150537634,4.01433691756
Item2,Chronos' Pendant,0.5460992907801419,1.82396251673
Item3,Bancroft's Talon,0.5026178010471204,1.82396251673
Item4,Obsidian Shard,0.5,2.1353707513
Item5,Gem of Isolation,0.437751004016,2.10003818251
Item6,Rod of Tahuti,0.5572519083969466,1.67846960361
Relic1,Blink,0.75,
Relic2,Sprint,0.588235294118,
