,recommendations,win_rate,win_rate_per_cost
Starter Item,Vampiric Shroud,,
Boots,Shoes of the Magi,0.5254237288135594,3.70879120879
Item2,Pythagorem's Piece,0.5934065934065934,2.47252747253
Item3,Rod of Tahuti,0.5619047619047619,1.78736925725
Item4,Bancroft's Talon,0.5,2.47252747253
Item5,Warlock's Sash,0.458333333333,2.05831903945
Item6,Spear of Desolation,0.545454545455,1.20614035088
Relic1,Blink,0.65,
Relic2,Sprint,0.575,
