Relics_most_pop,Relics_most_pop_L2,Relics_most_pop_winrate,Relics_most_pop_wr_paired,Relics_L2,Relics_L2_coef,Relics_L2_winrate,Relics_L2_wr_paired
Sanctuary,13.739120311253172,0.5452865064695009,0.636363636364,Sanctuary,13.739120311253172,0.5452865064695009,0.636363636364
Purification,0.372492992412302,0.5093833780160858,,Sprint,6.633542450077558,0.6019417475728155,
