Items_most_pop,Items_most_pop_L2,Items_most_pop_winrate,Items_L2,Items_L2_coef,Items_L2_winrate,Items_gold_adjusted_L2,Items_gold_adjusted_L2_coef,Items_gold_adjusted_L2_winrate
Shoes of the Magi,1.7368984552937223,0.5034602076124568,Gem of Isolation,17.688896892143624,0.556420233463035,Gem of Isolation,0.6551443293386527,2.0608156794927224
Bancroft's Talon,-1.7044503437663192,0.49166666666666664,Pythagorem's Piece,10.589343948314832,0.5259365994236311,Pythagorem's Piece,0.441222664513118,2.191402497598463
Obsidian Shard,-9.07358416480999,0.49445983379501385,Spear of Desolation,9.754214042313796,0.559748427672956,Book of Thoth,0.36153608963563855,1.9966563171721996
Pythagorem's Piece,10.589343948314832,0.5259365994236311,Book of Thoth,9.580706375344421,0.529113924050633,Spear of Desolation,0.25668984321878413,1.4730221780867263
Rod of Tahuti,7.039403761353667,0.5328125,Rod of Tahuti,7.039403761353667,0.5328125,Rod of Tahuti,0.21203023377571287,1.6048569277108433
Warlock's Sash,1.5116085074716734,0.5033670033670034,Divine Ruin,2.8045091190192757,0.54,Divine Ruin,0.15409390763842173,2.967032967032967
