,recommendations,win_rate,win_rate_per_cost
Starter Item,Vampiric Shroud,,
Boots,Shoes of Focus,0.496350364964,3.82352941176
Item2,Bancroft's Talon,0.49635036496350365,1.76630434783
Item3,Obsidian Shard,0.4909090909090909,2.06786850477
Item4,Pythagorem's Piece,0.4956521739130435,1.76630434783
Item5,Gem of Isolation,0.556818181818,2.06228956229
Item6,Warlock's Sash,0.488372093023,1.84291355858
Relic1,Blink,0.846153846154,
Relic2,Sprint,0.553191489362,
