Items_most_pop,Items_most_pop_L2,Items_most_pop_winrate,Items_L2,Items_L2_coef,Items_L2_winrate,Items_gold_adjusted_L2,Items_gold_adjusted_L2_coef,Items_gold_adjusted_L2_winrate
Warrior Tabi,-5159.607011437561,0.4911660777385159,Pestilence,2772.8965212599055,0.4857142857142857,Pestilence,128.97193122139095,2.259136212624585
Jotunn's Wrath,1034.0139357860714,0.5,Heartward Amulet,2065.9008937406534,0.5897435897435898,Heartward Amulet,98.37623303526921,2.808302808302808
Breastplate of Valor,-422.23691834675765,0.4723926380368098,Stone of Gaia,1222.9555437267904,0.5365853658536586,Stone of Gaia,61.147777186339525,2.682926829268293
Hide of the Urchin,677.6842486219557,0.4697986577181208,Jotunn's Wrath,1034.0139357860714,0.5,Titan's Bane,48.12110527293928,2.720450281425891
Bulwark of Hope,814.9382365603925,0.4846153846153846,Runic Shield,1028.642359067676,0.5,Runic Shield,47.84383065431051,2.3255813953488373
Bluestone Pendant,1539.2644092970324,0.5076923076923077,Titan's Bane,986.4826580952553,0.5576923076923077,Jotunn's Wrath,42.37762031910128,2.0491803278688523
