Items_most_pop,Items_most_pop_L2,Items_most_pop_winrate,Items_L2,Items_L2_coef,Items_L2_winrate,Items_gold_adjusted_L2,Items_gold_adjusted_L2_coef,Items_gold_adjusted_L2_winrate
Warrior Tabi,1.6619091135404223,0.5133689839572193,Titan's Bane,6.007718441266208,0.6216216216216216,Titan's Bane,0.29305943615932717,3.032300593276203
Breastplate of Valor,1.2985221569165757,0.5186567164179104,Runic Shield,5.733034673773392,0.7333333333333333,Runic Shield,0.2666527755243438,3.4108527131782944
Jotunn's Wrath,3.8696114634895715,0.5394190871369294,Frostbound Hammer,4.00059939209609,0.5964912280701754,Frostbound Hammer,0.17393910400417784,2.593440122044241
Bulwark of Hope,-5.211091954929166,0.4854368932038835,Jotunn's Wrath,3.8696114634895715,0.5394190871369294,Jotunn's Wrath,0.1585906337495726,2.21073396367594
Hide of the Urchin,0.6413195198467592,0.5177664974619289,Spirit Robe,3.327006544146901,0.6285714285714286,Spirit Robe,0.13524416846125611,2.5551684088269453
Bluestone Pendant,3.4825207596505336,0.5360824742268041,Mystical Mail,2.6015678617882823,0.5645161290322581,Warrior Tabi,0.1072199428090595,3.3120579610143177
