Relics_most_pop,Relics_most_pop_L2,Relics_most_pop_winrate,Relics_most_pop_wr_paired,Relics_L2,Relics_L2_coef,Relics_L2_winrate,Relics_L2_wr_paired
Meditation,5.089803476338985,0.5555555555555556,0.888888888889,Blink,11.033067040546584,0.6417910447761194,0.888888888889
Relic,-20.916854178639905,0.3949579831932773,,Purification,7.386044768041194,0.6571428571428571,
