,recommendations,win_rate,win_rate_per_cost
Starter Item,Bluestone Pendant,,
Boots,Reinforced Greaves,0.574468085106,4.25685425685
Item2,Bluestone Pendant,0.4896551724137931,5.59581320451
Item3,Jotunn's Wrath,0.49014778325123154,1.83469285394
Item4,Hide of the Urchin,0.4786885245901639,1.86527106817
Item5,Heartward Amulet,0.59595959596,2.73556231003
Item6,Titan's Bane,0.540983606557,2.63894442223
Relic1,Meditation,0.504504504505,
Relic2,Blink,0.515306122449,
