,recommendations,win_rate,win_rate_per_cost
Starter Item,Bluestone Pendant,,
Boots,Warrior Tabi,0.5561224489795918,3.895313451
Item2,Hide of the Urchin,0.6,2.51572327044
Item3,Titan's Bane,0.6037735849056604,2.94523699954
Item4,Breastplate of Valor,0.5714285714285714,2.62510254307
Item5,Genji's Guard,0.722222222222,3.28282828283
Item6,Runeforged Hammer,0.65,3.25
Relic1,Meditation,0.626168224299,
Relic2,Blink,0.612903225806,
