Items_most_pop,Items_most_pop_L2,Items_most_pop_winrate,Items_L2,Items_L2_coef,Items_L2_winrate,Items_gold_adjusted_L2,Items_gold_adjusted_L2_coef,Items_gold_adjusted_L2_winrate
Warrior Tabi,11.079411715013162,0.5494505494505495,Bulwark of Hope,14.826835950345258,0.6176470588235294,Warrior Tabi,0.7148007558073008,3.544842254519674
Breastplate of Valor,-13.910799998889562,0.5,Jotunn's Wrath,12.997790440174281,0.5882352941176471,Bulwark of Hope,0.5872014237760498,2.4461269656377405
Jotunn's Wrath,12.997790440174281,0.5882352941176471,Mantle of Discord,11.675175111115262,0.65625,Jotunn's Wrath,0.5326963295153394,2.4108003857280615
Hide of the Urchin,-15.167119370747153,0.46875,Mystical Mail,11.479569944863341,0.7222222222222222,Sovereignty,0.4434523381419972,3.2738095238095237
Bulwark of Hope,14.826835950345258,0.6176470588235294,Warrior Tabi,11.079411715013162,0.5494505494505495,Mystical Mail,0.42516925721716076,2.674897119341564
Bluestone Pendant,-5.313684912314407,0.47058823529411764,Sovereignty,9.312499100981942,0.6875,Mantle of Discord,0.37661855197146005,2.1169354838709675
