,recommendations,win_rate,win_rate_per_cost
Starter Item,Bluestone Pendant,,
Boots,Warrior Tabi,0.630952380952,3.76036866359
Item2,Bluestone Pendant,0.5595238095238095,6.99404761905
Item3,Hide of the Urchin,0.5753012048192772,2.33134920635
Item4,Bulwark of Hope,0.59,2.2159358793
Item5,Brawler's Beat Stick,0.707317073171,2.94715447154
Item6,Heartward Amulet,0.637362637363,3.05810397554
Relic1,Sprint,0.675438596491,
Relic2,Thorns,0.705882352941,
