Items_most_pop,Items_most_pop_L2,Items_most_pop_winrate,Items_L2,Items_L2_coef,Items_L2_winrate,Items_gold_adjusted_L2,Items_gold_adjusted_L2_coef,Items_gold_adjusted_L2_winrate
Shoes of Focus,-0.1318870261720821,0.4245810055865922,Heartward Amulet,0.011426599356603425,0.5102040816326531,Winged Blade,0.0005637148410913261,2.8716216216216215
Breastplate of Valor,-0.0776421207863026,0.44366197183098594,Winged Blade,0.010428724560189532,0.53125,Heartward Amulet,0.0005441237788858773,2.4295432458697763
Sovereignty,-0.018389290889353326,0.48148148148148145,Gem of Isolation,0.0053167939176105095,0.5217391304347826,Gem of Isolation,0.0001969182932448337,1.932367149758454
Hide of the Urchin,-0.028447558621021652,0.47,Ethereal Staff,0.005315912039367576,0.52,Ethereal Staff,0.00019688563108768802,1.9259259259259258
Heartward Amulet,0.011426599356603425,0.5102040816326531,Soul Reaver,0.005218060116056855,0.5263157894736842,Soul Reaver,0.00017748503796111752,1.7901897601145722
Bulwark of Hope,-0.04846042192823541,0.44565217391304346,Void Stone,-0.0039297370637739765,0.49333333333333335,Void Stone,-0.0001786244119897262,2.242424242424242
