Relics_most_pop,Relics_most_pop_L2,Relics_most_pop_winrate,Relics_most_pop_wr_paired,Relics_L2,Relics_L2_coef,Relics_L2_winrate,Relics_L2_wr_paired
Relic,-55.19144294492428,0.3110831234256927,0.56043956044,Curse,14.876446683225996,0.5088495575221239,0.56043956044
Blink,13.08977018359366,0.4458161865569273,,Blink,13.08977018359366,0.4458161865569273,
