Items_most_pop,Items_most_pop_L2,Items_most_pop_winrate,Items_L2,Items_L2_coef,Items_L2_winrate,Items_gold_adjusted_L2,Items_gold_adjusted_L2_coef,Items_gold_adjusted_L2_winrate
Shoes of Focus,12.116616509297401,0.4573170731707317,Breastplate of Valor,52.29882766704468,0.5051546391752577,Breastplate of Valor,2.2738620724802034,2.1963245181532947
Heartward Amulet,6.658257401868409,0.45871559633027525,Mantle of Discord,29.09116689408397,0.59375,Winged Blade,1.5287537770131079,2.9484029484029484
Breastplate of Valor,52.29882766704468,0.5051546391752577,Winged Blade,28.281944874742493,0.5454545454545454,Sovereignty,1.0646564359363213,2.150537634408602
Sovereignty,22.35778515466275,0.45161290322580644,Sovereignty,22.35778515466275,0.45161290322580644,Mantle of Discord,0.9384247385188378,1.9153225806451613
Bulwark of Hope,5.936949033202793,0.5072463768115942,Genji's Guard,18.123561121856156,0.5,Genji's Guard,0.8237982328116435,2.272727272727273
Hide of the Urchin,7.299075393830782,0.47058823529411764,Shoes of Focus,12.116616509297401,0.4573170731707317,Shoes of Focus,0.8077744339531601,3.048780487804878
