Items_most_pop,Items_most_pop_L2,Items_most_pop_winrate,Items_L2,Items_L2_coef,Items_L2_winrate,Items_gold_adjusted_L2,Items_gold_adjusted_L2_coef,Items_gold_adjusted_L2_winrate
Shoes of Focus,21.044889144613492,0.49404761904761907,Gem of Isolation,21.76149521378123,0.6206896551724138,Shoes of Focus,1.4029926096408996,3.2936507936507935
Breastplate of Valor,6.236105464596694,0.46846846846846846,Shoes of Focus,21.044889144613492,0.49404761904761907,Gem of Isolation,0.8059813042141197,2.2988505747126435
Heartward Amulet,-9.220892776779428,0.4583333333333333,Soul Reaver,20.962822321724545,0.7058823529411765,Sovereignty,0.7191015380143059,2.4071166928309786
Sovereignty,15.101132298300424,0.5054945054945055,Sovereignty,15.101132298300424,0.5054945054945055,Soul Reaver,0.7130211674055967,2.4009603841536613
Hide of the Urchin,-8.926233534167093,0.42857142857142855,Pestilence,9.667536541972597,0.5172413793103449,Pestilence,0.4496528624173301,2.405773857257418
Bulwark of Hope,-9.307824232096802,0.4246575342465753,Breastplate of Valor,6.236105464596694,0.46846846846846846,Breastplate of Valor,0.27113502019985625,2.036819428123776
