,recommendations,win_rate,win_rate_per_cost
Starter Item,Mark of the Vanguard,,
Boots,Shoes of the Magi,0.585308056872,3.68723849372
Item2,Heartward Amulet,0.5326797385620915,2.41860465116
Item3,Breastplate of Valor,0.5318559556786704,2.20829120324
Item4,Sovereignty,0.5250463821892394,2.41860465116
Item5,Void Stone,0.589958158996,2.6604911676
Item6,Winged Blade,0.595505617978,3.21894928637
Relic1,Curse,0.62100456621,
Relic2,Meditation,0.54701986755,
