Items_most_pop,Items_most_pop_L2,Items_most_pop_winrate,Items_L2,Items_L2_coef,Items_L2_winrate,Items_gold_adjusted_L2,Items_gold_adjusted_L2_coef,Items_gold_adjusted_L2_winrate
Shoes of Focus,-5.049522511072386,0.48589341692789967,Sovereignty,37.958666015824804,0.5895953757225434,Sovereignty,1.807555524563086,2.8075970272502064
Breastplate of Valor,9.945404690393305,0.5100671140939598,Gem of Isolation,19.82284032900089,0.625,Reinforced Shoes,1.2497049193300234,4.194352159468439
Heartward Amulet,-2.9743512809906885,0.5181347150259067,Reinforced Shoes,17.495868870620328,0.5872093023255814,Winged Blade,0.8818411532793415,3.2432432432432434
Sovereignty,37.958666015824804,0.5895953757225434,Winged Blade,16.314061335667816,0.6,Gem of Isolation,0.7341792714444774,2.314814814814815
Bulwark of Hope,0.5556047211894225,0.5031847133757962,Mantle of Discord,13.116997011834608,0.5602409638554217,Breastplate of Valor,0.43240889958231765,2.217683104756347
Void Stone,0.7998609371744791,0.5164835164835165,Breastplate of Valor,9.945404690393305,0.5100671140939598,Mantle of Discord,0.4231289358656325,1.8072289156626506
