Items_most_pop,Items_most_pop_L2,Items_most_pop_winrate,Items_L2,Items_L2_coef,Items_L2_winrate,Items_gold_adjusted_L2,Items_gold_adjusted_L2_coef,Items_gold_adjusted_L2_winrate
Shoes of Focus,-14.261095403670202,0.46598639455782315,Sovereignty,37.29964368841601,0.5594855305466238,Sovereignty,1.776173508972191,2.66421681212678
Breastplate of Valor,-17.518779053985938,0.4450402144772118,Pestilence,25.297985361666818,0.5481481481481482,Pestilence,1.1766504819379917,2.549526270456503
Heartward Amulet,14.727800229467396,0.533724340175953,Soul Reaver,24.736224729755225,0.64,Reinforced Shoes,0.9763196910568649,3.794642857142857
Sovereignty,37.29964368841601,0.5594855305466238,Heartward Amulet,14.727800229467396,0.533724340175953,Soul Reaver,0.8413681880869123,2.17687074829932
Bulwark of Hope,-1.1209564635840072,0.47686832740213525,Reinforced Shoes,13.66847567479611,0.53125,Heartward Amulet,0.7013238204508284,2.541544477028348
Void Stone,2.449012770143697,0.5037037037037037,Winged Blade,10.087922557607481,0.5591397849462365,Winged Blade,0.5452931112220261,3.022377215925603
