,recommendations,win_rate,win_rate_per_cost
Starter Item,Soul Stone,,
Boots,Shoes of the Magi,0.5886075949367089,3.55902777778
Item2,Warlock's Sash,0.6106870229007634,2.14884696017
Item3,Rod of Tahuti,0.625,1.71519410977
Item4,Obsidian Shard,0.5752212389380531,2.77777777778
Item5,Spear of Desolation,0.610687022901,2.01238390093
Item6,Gem of Isolation,0.64,2.37037037037
Relic1,Sanctuary,0.59880239521,
Relic2,Meditation,0.611111111111,
