,recommendations,win_rate,win_rate_per_cost
Starter Item,Soul Stone,,
Boots,Shoes of the Magi,0.4117647058823529,3.125
Item2,Book of Thoth,0.5,1.88679245283
Item3,Obsidian Shard,0.4909090909090909,2.43902439024
Item4,Rod of Tahuti,0.5106382978723404,1.50602409639
Item5,Polynomicon,0.625,2.71739130435
Item6,Bancroft's Talon,0.478260869565,1.99275362319
Relic1,Sprint,0.533333333333,
Relic2,Sanctuary,0.447058823529,
