,recommendations,win_rate,win_rate_per_cost
Starter Item,Soul Stone,,
Boots,Shoes of the Magi,0.608695652174,3.47546728972
Item2,Obsidian Shard,0.6024844720496895,2.34146341463
Item3,Rod of Tahuti,0.5928571428571429,1.44578313253
Item4,Warlock's Sash,0.558282208588957,1.81132075472
Item5,Hastened Fatalis,0.857142857143,4.00534045394
Item6,Polynomicon,0.631578947368,3.10559006211
Relic1,Purification,0.601307189542,
Relic2,Sprint,0.574074074074,
