Items_most_pop,Items_most_pop_L2,Items_most_pop_winrate,Items_L2,Items_L2_coef,Items_L2_winrate,Items_gold_adjusted_L2,Items_gold_adjusted_L2_coef,Items_gold_adjusted_L2_winrate
Warlock's Sash,0.23072865939444887,0.5923076923076923,Warlock's Sash,0.23072865939444887,0.5923076923076923,Shoes of the Magi,0.013511993729114151,3.694331983805668
Shoes of the Magi,0.21619189966582641,0.5910931174089069,Obsidian Shard,0.22769258074345536,0.6180904522613065,Obsidian Shard,0.011106955158217335,3.0150753768844223
Obsidian Shard,0.22769258074345536,0.6180904522613065,Shoes of the Magi,0.21619189966582641,0.5910931174089069,Warlock's Sash,0.008706741863941466,2.235123367198839
Book of Thoth,0.13371736759144953,0.5777777777777777,Rod of Tahuti,0.1936963853525146,0.6190476190476191,Rod of Tahuti,0.005834228474473332,1.8646012621916237
Rod of Tahuti,0.1936963853525146,0.6190476190476191,Book of Thoth,0.13371736759144953,0.5777777777777777,Book of Thoth,0.0050459383996773405,2.180293501048218
Chronos' Pendant,0.09081294144359943,0.5798319327731093,Soul Reaver,0.0981776235242776,0.7,Chronos' Pendant,0.003783872560149976,2.4159663865546217
