,recommendations,win_rate,win_rate_per_cost
Starter Item,Vampiric Shroud,,
Boots,Shoes of the Magi,0.5651741293532339,3.36415816327
Item2,Obsidian Shard,0.603267211201867,2.62568442011
Item3,Book of Thoth,0.5852534562211982,2.03118983442
Item4,Rod of Tahuti,0.6162464985994398,1.62128104254
Item5,Breastplate of Valor,0.597701149425,2.59870064968
Item6,Soul Reaver,0.592741935484,2.01612903226
Relic1,Blink,0.697530864198,
Relic2,Sanctuary,0.580890336591,
