Relics_most_pop,Relics_most_pop_L2,Relics_most_pop_winrate,Relics_most_pop_wr_paired,Relics_L2,Relics_L2_coef,Relics_L2_winrate,Relics_L2_wr_paired
Sanctuary,3.9266794162221683,0.554635761589404,1.0,Blink,11.289282429235309,0.696078431372549,1.0
Purification,3.27972431485359,0.5526802218114603,,Sprint,7.152152613678857,0.6712328767123288,
