Items_most_pop,Items_most_pop_L2,Items_most_pop_winrate,Items_L2,Items_L2_coef,Items_L2_winrate,Items_gold_adjusted_L2,Items_gold_adjusted_L2_coef,Items_gold_adjusted_L2_winrate
Shoes of the Magi,0.4328055460694256,0.5294117647058824,Bulwark of Hope,1.018307911761484,0.7368421052631579,Bulwark of Hope,0.040329026208375605,2.918186555497655
Warlock's Sash,0.8337526492427814,0.5740740740740741,Pythagorem's Piece,0.906181884884065,0.75,Breastplate of Valor,0.03831112767000317,2.898550724637681
Bancroft's Talon,0.3777001312107815,0.54,Breastplate of Valor,0.8811559364100728,0.6666666666666666,Pythagorem's Piece,0.03775757853683604,3.125
Chronos' Pendant,0.03692266510820547,0.5111111111111111,Warlock's Sash,0.8337526492427814,0.5740740740740741,Shoes of Focus,0.03497455031460146,3.8095238095238093
Obsidian Shard,0.49793284493175655,0.5555555555555556,Void Stone,0.6624728414379831,0.6666666666666666,Reinforced Shoes,0.03194066789767845,4.761904761904762
Rod of Tahuti,0.05649214294421642,0.5142857142857142,Mantle of Discord,0.5627249186570742,0.6923076923076923,Warlock's Sash,0.03146236412236911,2.1663172606568835
