Relics_most_pop,Relics_most_pop_L2,Relics_most_pop_winrate,Relics_most_pop_wr_paired,Relics_L2,Relics_L2_coef,Relics_L2_winrate,Relics_L2_wr_paired
Sanctuary,10.208880777514587,0.5498154981549815,0.669014084507,Sprint,18.567362824310766,0.6395939086294417,0.669014084507
Purification,-4.334991210134371,0.5209125475285171,,Sanctuary,10.208880777514587,0.5498154981549815,
