Relics_most_pop,Relics_most_pop_L2,Relics_most_pop_winrate,Relics_most_pop_wr_paired,Relics_L2,Relics_L2_coef,Relics_L2_winrate,Relics_L2_wr_paired
Sanctuary,-20.280200105690234,0.4790996784565916,1.0,Phantom,74.35752563404398,0.7333333333333333,1.0
Purification,-8.791187712662385,0.47391304347826085,,Purification,-8.791187712662385,0.47391304347826085,
