Relics_most_pop,Relics_most_pop_L2,Relics_most_pop_winrate,Relics_most_pop_wr_paired,Relics_L2,Relics_L2_coef,Relics_L2_winrate,Relics_L2_wr_paired
Sanctuary,7.378789742214921,0.4913494809688581,0.642857142857,Curse,15.602362255215455,0.6666666666666666,0.642857142857
Purification,-14.692714405237625,0.4708994708994709,,Sanctuary,7.378789742214921,0.4913494809688581,
