,recommendations,win_rate,win_rate_per_cost
Starter Item,Vampiric Shroud,,
Boots,Shoes of the Magi,0.65,3.33104395604
Item2,Warlock's Sash,0.5511363636363636,1.95111492281
Item3,Book of Thoth,0.5343511450381679,1.95111492281
Item4,Rod of Tahuti,0.5170454545454546,1.55736582694
Item5,Divine Ruin,0.532967032967,3.57142857143
Item6,Soul Reaver,0.6,1.9436345967
Relic1,Purification,0.532374100719,
Relic2,Curse,0.647058823529,
