,recommendations,win_rate,win_rate_per_cost
Starter Item,Vampiric Shroud,,
Boots,Shoes of the Magi,0.506097560976,3.1631097561
Item2,Book of Thoth,0.5061728395061729,1.68667810177
Item3,Obsidian Shard,0.5304347826086957,2.18033998522
Item4,Warlock's Sash,0.5058823529411764,1.68667810177
Item5,Polynomicon,0.576271186441,2.50552689757
Item6,Gem of Isolation,0.512820512821,1.89933523267
Relic1,Sprint,0.542372881356,
Relic2,Sanctuary,0.495652173913,
