Relics_most_pop,Relics_most_pop_L2,Relics_most_pop_winrate,Relics_most_pop_wr_paired,Relics_L2,Relics_L2_coef,Relics_L2_winrate,Relics_L2_wr_paired
Sanctuary,-7.1669084982371585,0.4358974358974359,0.0,Purification,16.71436408740259,0.5511811023622047,0.0
Purification,16.71436408740259,0.5511811023622047,,Curse,0.06684795517547602,0.45454545454545453,
