Items_most_pop,Items_most_pop_L2,Items_most_pop_winrate,Items_L2,Items_L2_coef,Items_L2_winrate,Items_gold_adjusted_L2,Items_gold_adjusted_L2_coef,Items_gold_adjusted_L2_winrate
Book of Thoth,10.986796773785105,0.5061728395061729,Book of Thoth,10.986796773785105,0.5061728395061729,Obsidian Shard,0.47820630415621607,2.587486744432662
Warlock's Sash,5.970963541771686,0.5058823529411764,Polynomicon,10.802483639197597,0.576271186440678,Polynomicon,0.4696732017042433,2.5055268975681653
Shoes of the Magi,6.262177641079653,0.5060975609756098,Obsidian Shard,9.80322923520243,0.5304347826086957,Book of Thoth,0.4145961046711361,1.9100861868157466
Shoes of Focus,-9.338599352966556,0.44696969696969696,Shoes of the Magi,6.262177641079653,0.5060975609756098,Shoes of the Magi,0.3913861025674783,3.163109756097561
Rod of Tahuti,-0.7490555125565638,0.5039370078740157,Warlock's Sash,5.970963541771686,0.5058823529411764,Warlock's Sash,0.22531937893478063,1.9089900110987792
Obsidian Shard,9.80322923520243,0.5304347826086957,Gem of Isolation,2.951998919092825,0.5128205128205128,Gem of Isolation,0.10933329329973428,1.899335232668566
