Relics_most_pop,Relics_most_pop_L2,Relics_most_pop_winrate,Relics_most_pop_wr_paired,Relics_L2,Relics_L2_coef,Relics_L2_winrate,Relics_L2_wr_paired
Sanctuary,16.922436864344835,0.46634615384615385,0.625,Sprint,42.11390855801104,0.5619047619047619,0.625
Purification,22.657866584112014,0.48518518518518516,,Purification,22.657866584112014,0.48518518518518516,
