Relics_most_pop,Relics_most_pop_L2,Relics_most_pop_winrate,Relics_most_pop_wr_paired,Relics_L2,Relics_L2_coef,Relics_L2_winrate,Relics_L2_wr_paired
Purification,-0.14937741665018994,0.47770700636942676,0.560975609756,Sanctuary,4.077976970846488,0.5072463768115942,0.560975609756
Sanctuary,4.077976970846488,0.5072463768115942,,Purification,-0.14937741665018994,0.47770700636942676,
