,recommendations,win_rate,win_rate_per_cost
Starter Item,Vampiric Shroud,,
Boots,Shoes of the Magi,0.3670886075949367,2.38095238095
Item2,Rod of Tahuti,0.4423076923076923,1.14744693058
Item3,Warlock's Sash,0.3898305084745763,1.43755615454
Item4,Book of Thoth,0.38095238095238093,1.43755615454
Item5,Gem of Isolation,0.571428571429,2.1164021164
Item6,Rod of Asclepius,0.442307692308,1.73510699826
Relic1,Phantom,0.4,
Relic2,Purification,0.380952380952,
