Items_most_pop,Items_most_pop_L2,Items_most_pop_winrate,Items_L2,Items_L2_coef,Items_L2_winrate,Items_gold_adjusted_L2,Items_gold_adjusted_L2_coef,Items_gold_adjusted_L2_winrate
Shoes of Focus,2.585409398555389,0.42201834862385323,Book of Thoth,29.755652931821547,0.5641025641025641,Book of Thoth,1.1228548276159074,2.1286889211417512
Warlock's Sash,5.226871805872045,0.42696629213483145,Rod of Asclepius,18.13659581377522,0.4691358024691358,Rod of Asclepius,0.6818269102923015,1.763668430335097
Rod of Asclepius,18.13659581377522,0.4691358024691358,Lotus Crown,8.911155799010267,0.43478260869565216,Lotus Crown,0.43469052678098863,2.1208907741251326
Chronos' Pendant,-9.456894758894288,0.4084507042253521,Warlock's Sash,5.226871805872045,0.42696629213483145,Warlock's Sash,0.19724044550460545,1.611193555225779
Breastplate of Valor,-31.7328640153515,0.29508196721311475,Mantle of Discord,2.745279055697413,0.5,Shoes of Focus,0.17236062657035928,2.8134556574923546
Book of Thoth,29.755652931821547,0.5641025641025641,Shoes of Focus,2.585409398555389,0.42201834862385323,Mantle of Discord,0.08855738889346493,1.6129032258064515
