Items_most_pop,Items_most_pop_L2,Items_most_pop_winrate,Items_L2,Items_L2_coef,Items_L2_winrate,Items_gold_adjusted_L2,Items_gold_adjusted_L2_coef,Items_gold_adjusted_L2_winrate
Shoes of the Magi,-0.7340367982337329,0.4785992217898833,Rod of Tahuti,2.4716794841404943,0.512987012987013,Rod of Tahuti,0.07444817723314742,1.5451416053825693
Obsidian Shard,0.188005849294101,0.4855769230769231,Spear of Desolation,1.3453030360734268,0.5365853658536586,Spear of the Magus,0.04497428828058653,2.385211687537269
Warlock's Sash,0.8694162864744214,0.4898989898989899,Spear of the Magus,0.9669471980326104,0.5128205128205128,Spear of Desolation,0.035402711475616494,1.4120667522464698
Book of Thoth,-2.110269988973521,0.46551724137931033,Warlock's Sash,0.8694162864744214,0.4898989898989899,Warlock's Sash,0.03280816175375175,1.848675433581094
Chronos' Pendant,-0.8139417508814091,0.4782608695652174,Gem of Isolation,0.5684635861522479,0.5,Gem of Isolation,0.021054206894527697,1.8518518518518519
Rod of Tahuti,2.4716794841404943,0.512987012987013,Obsidian Shard,0.188005849294101,0.4855769230769231,Obsidian Shard,0.009171017038736634,2.368667917448405
