Items_most_pop,Items_most_pop_L2,Items_most_pop_winrate,Items_L2,Items_L2_coef,Items_L2_winrate,Items_gold_adjusted_L2,Items_gold_adjusted_L2_coef,Items_gold_adjusted_L2_winrate
Shoes of the Magi,7.062862230387822,0.5975609756097561,Warlock's Sash,11.016182383953161,0.6164383561643836,Obsidian Shard,0.5034350315476637,3.1118587047939443
Warlock's Sash,11.016182383953161,0.6164383561643836,Chronos' Pendant,10.663813137199131,0.6415094339622641,Chronos' Pendant,0.44432554738329716,2.6729559748427674
Obsidian Shard,10.320418146727105,0.6379310344827587,Obsidian Shard,10.320418146727105,0.6379310344827587,Shoes of the Magi,0.44142888939923886,3.7347560975609757
Chronos' Pendant,10.663813137199131,0.6415094339622641,Shoes of the Magi,7.062862230387822,0.5975609756097561,Warlock's Sash,0.41570499562087404,2.3261824760920136
Rod of Tahuti,-3.309201376062771,0.5625,Book of Thoth,5.7597349733977055,0.6086956521739131,Book of Thoth,0.2173484895621776,2.2969647251845777
Book of Thoth,5.7597349733977055,0.6086956521739131,Soul Reaver,5.68173793200993,0.6923076923076923,Bancroft's Talon,0.21684961545400802,2.8846153846153846
