Items_most_pop,Items_most_pop_L2,Items_most_pop_winrate,Items_L2,Items_L2_coef,Items_L2_winrate,Items_gold_adjusted_L2,Items_gold_adjusted_L2_coef,Items_gold_adjusted_L2_winrate
Shoes of the Magi,-0.08790569509834573,0.4307692307692308,Spear of the Magus,0.010295249827984788,0.5454545454545454,Divine Ruin,0.0005571782194910889,3.2967032967032965
Obsidian Shard,-0.053386650810824714,0.44660194174757284,Divine Ruin,0.010140643594737818,0.6,Spear of the Magus,0.00047884882920859483,2.536997885835095
Warlock's Sash,-0.10833525257002619,0.39,Gem of Isolation,0.005315791362694311,0.5217391304347826,Gem of Isolation,0.00019688116158127078,1.932367149758454
Book of Thoth,-0.05860839235110564,0.43023255813953487,Bancroft's Talon,0.00020400983013608786,0.5,Bancroft's Talon,8.50040958900366e-06,2.0833333333333335
Chronos' Pendant,-0.06865281002272505,0.4166666666666667,Spear of Desolation,-0.009762837596147635,0.4444444444444444,Spear of Desolation,-0.00025691677884599035,1.1695906432748537
Rod of Tahuti,-0.05374477988808721,0.43373493975903615,Soul Reaver,-0.024691536546032216,0.38095238095238093,Soul Reaver,-0.0008398481818378305,1.2957563977972142
