,recommendations,win_rate,win_rate_per_cost
Starter Item,Soul Stone,,
Boots,Shoes of the Magi,0.483240223464,3.02025139665
Item2,Rod of Tahuti,0.5521739130434783,1.66317443688
Item3,Obsidian Shard,0.5314685314685315,2.69353128314
Item4,Book of Thoth,0.5039370078740157,2.08367514356
Item5,Spear of the Magus,0.519480519481,2.4161884627
Item6,Gem of Isolation,0.490196078431,1.81554103123
Relic1,Purification,0.507645259939,
Relic2,Sprint,0.521739130435,
