Items_most_pop,Items_most_pop_L2,Items_most_pop_winrate,Items_L2,Items_L2_coef,Items_L2_winrate,Items_gold_adjusted_L2,Items_gold_adjusted_L2_coef,Items_gold_adjusted_L2_winrate
Shoes of the Magi,4.372173856653946,0.5362776025236593,Gem of Isolation,10.95146201706222,0.6428571428571429,Gem of Isolation,0.40560970433563776,2.380952380952381
Warlock's Sash,10.496654011818816,0.5555555555555556,Rod of Tahuti,10.672234013372705,0.5854922279792746,Warlock's Sash,0.3961001513893892,2.0964360587002098
Obsidian Shard,-1.6639877124085192,0.5393258426966292,Warlock's Sash,10.496654011818816,0.5555555555555556,Divine Ruin,0.3562243163985111,3.33000333000333
Book of Thoth,-1.737149073548784,0.5258215962441315,Soul Reaver,7.743133793256924,0.6166666666666667,Rod of Tahuti,0.3214528317280936,1.7635308071664897
Rod of Tahuti,10.672234013372705,0.5854922279792746,Divine Ruin,6.483282558452902,0.6060606060606061,Shoes of the Magi,0.2732608660408717,3.3517350157728707
Chronos' Pendant,-8.097365363955545,0.5083798882681564,Spear of the Magus,5.350207041094373,0.5897435897435898,Soul Reaver,0.2633718977298274,2.0975056689342404
