Relics_most_pop,Relics_most_pop_L2,Relics_most_pop_winrate,Relics_most_pop_wr_paired,Relics_L2,Relics_L2_coef,Relics_L2_winrate,Relics_L2_wr_paired
Meditation,17.245127947506123,0.5833333333333334,0.636363636364,Sprint,18.555987682519188,0.625,0.636363636364
Relic,-29.95812570247792,0.5,,Meditation,17.245127947506123,0.5833333333333334,
