Items_most_pop,Items_most_pop_L2,Items_most_pop_winrate,Items_L2,Items_L2_coef,Items_L2_winrate,Items_gold_adjusted_L2,Items_gold_adjusted_L2_coef,Items_gold_adjusted_L2_winrate
Shoes of Focus,-22.45966491857692,0.35064935064935066,Spirit Robe,21.94961994589174,0.7142857142857143,Shoes of the Magi,1.0732700430505049,3.298611111111111
Breastplate of Valor,14.305493308152675,0.49122807017543857,Bulwark of Hope,17.351105746542377,0.5238095238095238,Spirit Robe,0.8922609734102334,2.9036004645760745
Heartward Amulet,7.147959330246547,0.44642857142857145,Shoes of the Magi,17.172320688808078,0.5277777777777778,Sovereignty,0.7077715846361864,2.2351797862001943
Void Stone,-1.6494074548683222,0.43636363636363634,Sovereignty,14.863203277359915,0.46938775510204084,Bulwark of Hope,0.6871725048135594,2.0744931636020745
Hide of the Urchin,-16.4194438899047,0.37037037037037035,Breastplate of Valor,14.305493308152675,0.49122807017543857,Breastplate of Valor,0.6219779699196815,2.1357742181540806
Sovereignty,14.863203277359915,0.46938775510204084,Mantle of Discord,7.70623854607401,0.5263157894736842,Heartward Amulet,0.340379015726026,2.1258503401360542
