Relics_most_pop,Relics_most_pop_L2,Relics_most_pop_winrate,Relics_most_pop_wr_paired,Relics_L2,Relics_L2_coef,Relics_L2_winrate,Relics_L2_wr_paired
Meditation,11.085274980066014,0.5925925925925926,0.708333333333,Sprint,14.41178466859015,0.6666666666666666,0.708333333333
Relic,-33.4887116957001,0.4774193548387097,,Meditation,11.085274980066014,0.5925925925925926,
