Items_most_pop,Items_most_pop_L2,Items_most_pop_winrate,Items_L2,Items_L2_coef,Items_L2_winrate,Items_gold_adjusted_L2,Items_gold_adjusted_L2_coef,Items_gold_adjusted_L2_winrate
Shoes of Focus,2.771256761923345,0.5460526315789473,Shoes of the Magi,3.993141192134407,0.6170212765957447,Shoes of the Magi,0.24957132450840042,3.856382978723404
Breastplate of Valor,2.340891317565624,0.5486725663716814,Shoes of Focus,2.771256761923345,0.5460526315789473,Shoes of Focus,0.18475045079488966,3.6403508771929824
Heartward Amulet,1.941441980166205,0.5517241379310345,Breastplate of Valor,2.340891317565624,0.5486725663716814,Sovereignty,0.10505423051693416,2.6592455163883737
Hide of the Urchin,-1.090480086142551,0.5116279069767442,Sovereignty,2.2061388408556177,0.5584415584415584,Breastplate of Valor,0.10177788337241843,2.38553289726818
Bulwark of Hope,-3.884164034006008,0.475,Heartward Amulet,1.941441980166205,0.5517241379310345,Heartward Amulet,0.09244961810315262,2.6272577996715927
Sovereignty,2.2061388408556177,0.5584415584415584,Gem of Isolation,1.3437244587446084,0.6,Gem of Isolation,0.04976757254609661,2.2222222222222223
