,recommendations,win_rate,win_rate_per_cost
Starter Item,Mark of the Vanguard,,
Boots,Reinforced Shoes,0.619047619048,4.44015444015
Item2,Hide of the Urchin,0.6190476190476191,2.43271221532
Item3,Sovereignty,0.5833333333333334,2.7802425318
Item4,Breastplate of Valor,0.5838509316770186,2.53848231164
Item5,Winged Blade,0.709677419355,3.83609415867
Item6,Void Stone,0.609523809524,2.77056277056
Relic1,Sprint,0.666666666667,
Relic2,Meditation,0.592592592593,
