,recommendations,win_rate,win_rate_per_cost
Starter Item,Mark of the Vanguard,,
Boots,Shoes of the Magi,0.679012345679,4.51388888889
Item2,Breastplate of Valor,0.576271186440678,2.17391304348
Item3,Sovereignty,0.5113636363636364,2.38095238095
Item4,Hide of the Urchin,0.5121951219512195,2.08333333333
Item5,Void Stone,0.722222222222,3.08641975309
Item6,Pestilence,0.621621621622,2.89126335638
Relic1,Shell,0.702127659574,
Relic2,Thorns,0.75,
