Items_most_pop,Items_most_pop_L2,Items_most_pop_winrate,Items_L2,Items_L2_coef,Items_L2_winrate,Items_gold_adjusted_L2,Items_gold_adjusted_L2_coef,Items_gold_adjusted_L2_winrate
Warrior Tabi,-326.07675619768867,0.48226950354609927,Hastened Fatalis,412.26510760449224,0.5,Hastened Fatalis,19.264724654415527,2.336448598130841
Transcendence,-166.13518378472594,0.5066666666666667,Wind Demon,305.82270732491503,0.6285714285714286,The Executioner,13.557821588248324,2.5185185185185186
Deathbringer,215.31279493411054,0.49333333333333335,The Executioner,305.0509857355873,0.5666666666666667,Asi,12.842137816137637,2.8663150653519835
Qin's Sais,162.92447457689826,0.47058823529411764,Asi,228.59005312724992,0.5102040816326531,Wind Demon,11.762411820189039,2.4175824175824174
Hastened Fatalis,412.26510760449224,0.5,Deathbringer,215.31279493411054,0.49333333333333335,Soul Eater,7.766130459740858,2.5
The Executioner,305.0509857355873,0.5666666666666667,Qin's Sais,162.92447457689826,0.47058823529411764,Deathbringer,6.728524841690954,1.5416666666666667
