Relics_most_pop,Relics_most_pop_L2,Relics_most_pop_winrate,Relics_most_pop_wr_paired,Relics_L2,Relics_L2_coef,Relics_L2_winrate,Relics_L2_wr_paired
Sanctuary,20.990262076222347,0.6310679611650486,0.0,Sprint,30.37515420623713,0.6984126984126984,0.0
Purification,-10.06726486183692,0.563953488372093,,Blink,25.22746473891616,0.7368421052631579,
