,recommendations,win_rate,win_rate_per_cost
Starter Item,Death's Toll,,
Boots,Warrior Tabi,0.5378486055776892,3.6254638881
Item2,Ichaival,0.584,3.30557001562
Item3,Deathbringer,0.6038461538461538,1.7560840708
Item4,Qin's Sais,0.5619469026548672,2.08128482465
Item5,Asi,0.673076923077,3.44418722828
Item6,Wind Demon,0.613065326633,2.58875739645
Relic1,Purification,0.58938547486,
Relic2,Sprint,0.655172413793,
