Items_most_pop,Items_most_pop_L2,Items_most_pop_winrate,Items_L2,Items_L2_coef,Items_L2_winrate,Items_gold_adjusted_L2,Items_gold_adjusted_L2_coef,Items_gold_adjusted_L2_winrate
Warrior Tabi,-21.62109789880078,0.5899581589958159,Soul Eater,39.29022875069775,0.6229508196721312,Soul Eater,1.9645114375348876,3.1147540983606556
Deathbringer,25.94927430157259,0.6284584980237155,Titan's Bane,34.28848222139946,0.6527777777777778,Titan's Bane,1.6726088888487542,3.1842818428184283
Transcendence,7.942552319680118,0.5819672131147541,Wind Demon,27.399540340632246,0.6792452830188679,Ichaival,1.5987091304296566,3.5400585573595955
Qin's Sais,-1.4937878100788022,0.594017094017094,Ichaival,27.178055217304163,0.6018099547511312,Asi,1.3985725870154324,3.492256301245065
The Executioner,9.58933617519981,0.5608695652173913,Deathbringer,25.94927430157259,0.6284584980237155,Wind Demon,1.0538284746397018,2.6124818577648767
Ichaival,27.178055217304163,0.6018099547511312,Asi,24.8945920488747,0.6216216216216216,Hastened Fatalis,1.0218556943619728,2.926460870386104
