Relics_most_pop,Relics_most_pop_L2,Relics_most_pop_winrate,Relics_most_pop_wr_paired,Relics_L2,Relics_L2_coef,Relics_L2_winrate,Relics_L2_wr_paired
Sanctuary,17.31609329587967,0.5756756756756757,0.690909090909,Sanctuary,17.31609329587967,0.5756756756756757,0.690909090909
Purification,11.543844091252884,0.5649122807017544,,Sprint,14.28527107386548,0.65,
