Items_most_pop,Items_most_pop_L2,Items_most_pop_winrate,Items_L2,Items_L2_coef,Items_L2_winrate,Items_gold_adjusted_L2,Items_gold_adjusted_L2_coef,Items_gold_adjusted_L2_winrate
Warrior Tabi,-1.9858208602777465,0.5378486055776892,Wind Demon,14.94630795208356,0.6730769230769231,Asi,0.6888921843201872,3.4441872282762125
Transcendence,-6.768294178319047,0.5055350553505535,Asi,12.26228088089933,0.6130653266331658,Wind Demon,0.57485799815706,2.588757396449704
Deathbringer,6.865585832289013,0.6038461538461538,Ichaival,8.98080951508419,0.584,Ichaival,0.5282829126520111,3.4352941176470586
Ichaival,8.98080951508419,0.584,Titan's Bane,7.986412169266158,0.6746987951807228,Titan's Bane,0.3895810814276175,3.2912136350279164
The Executioner,-4.379870179324966,0.5254237288135594,Deathbringer,6.865585832289013,0.6038461538461538,Hastened Fatalis,0.23635842507903607,2.7140564523742094
Qin's Sais,0.14484776460057808,0.5619469026548672,Hastened Fatalis,5.058070296691372,0.5808080808080808,Deathbringer,0.21454955725903166,1.8870192307692308
