Items_most_pop,Items_most_pop_L2,Items_most_pop_winrate,Items_L2,Items_L2_coef,Items_L2_winrate,Items_gold_adjusted_L2,Items_gold_adjusted_L2_coef,Items_gold_adjusted_L2_winrate
Warrior Tabi,2.305657907545311,0.6205357142857143,Hastened Fatalis,43.2095290199078,0.7045454545454546,Hastened Fatalis,2.019136870089149,3.292268479184367
Ichaival,32.43672099312872,0.6277372262773723,Ichaival,32.43672099312872,0.6277372262773723,Ichaival,1.908042411360513,3.6925719192786604
Deathbringer,11.571636536225673,0.6290322580645161,Transcendence,31.048794766655064,0.6428571428571429,Transcendence,1.1941844141021178,2.4725274725274726
Transcendence,31.048794766655064,0.6428571428571429,Deathbringer,11.571636536225673,0.6290322580645161,Devourer's Gauntlet,0.36210554924187066,3.027754415475189
Qin's Sais,3.3679516618696987,0.6699029126213593,Devourer's Gauntlet,7.423163759458348,0.6206896551724138,Deathbringer,0.3616136417570523,1.965725806451613
The Executioner,1.5017619538720648,0.6236559139784946,Qin's Sais,3.3679516618696987,0.6699029126213593,Warrior Tabi,0.1487521230674394,4.003456221198157
