Items_most_pop,Items_most_pop_L2,Items_most_pop_winrate,Items_L2,Items_L2_coef,Items_L2_winrate,Items_gold_adjusted_L2,Items_gold_adjusted_L2_coef,Items_gold_adjusted_L2_winrate
Warrior Tabi,12.10746196217489,0.5905511811023622,Soul Eater,31.787945512360384,0.7727272727272727,Soul Eater,1.5893972756180192,3.8636363636363638
Deathbringer,4.637024519411429,0.6212121212121212,Ichaival,23.074435730780404,0.624,Ichaival,1.3573197488694357,3.6705882352941175
Ichaival,23.074435730780404,0.624,Qin's Sais,22.179420727542816,0.6283185840707964,Ninja Tabi,1.2858952349032498,4.079601990049751
Qin's Sais,22.179420727542816,0.6283185840707964,Ninja Tabi,19.288428523548745,0.6119402985074627,Qin's Sais,0.8214600269460302,2.3271058669288758
Transcendence,3.321692576561195,0.6071428571428571,Hastened Fatalis,14.101771210526268,0.6309523809523809,Warrior Tabi,0.7811265782048316,3.81000762001524
The Executioner,8.436984392159715,0.6,Warrior Tabi,12.10746196217489,0.5905511811023622,Hastened Fatalis,0.658961271519919,2.948375611927014
