,recommendations,win_rate,win_rate_per_cost
Starter Item,Death's Toll,,
Boots,Ninja Tabi,0.789473684211,4.7619047619
Item2,Deathbringer,0.6521739130434783,1.65642076503
Item3,Qin's Sais,0.6176470588235294,1.96316535114
Item4,Hastened Fatalis,0.5862068965517241,2.47689086359
Item5,Odysseus' Bow,0.714285714286,3.22234156821
Item6,Asi,0.641509433962,3.60398558406
Relic1,Frenzy,1.0,
Relic2,Sanctuary,0.588571428571,
