Relics_most_pop,Relics_most_pop_L2,Relics_most_pop_winrate,Relics_most_pop_wr_paired,Relics_L2,Relics_L2_coef,Relics_L2_winrate,Relics_L2_wr_paired
Sanctuary,15.507814500742395,0.48226950354609927,0.0,Sprint,28.908173018334793,0.5869565217391305,0.0
Relic,-60.6139373174464,0.28421052631578947,,Blink,17.005570262166096,0.6666666666666666,
