Items_most_pop,Items_most_pop_L2,Items_most_pop_winrate,Items_L2,Items_L2_coef,Items_L2_winrate,Items_gold_adjusted_L2,Items_gold_adjusted_L2_coef,Items_gold_adjusted_L2_winrate
Warrior Tabi,-1.974231026563345,0.45794392523364486,Wind Demon,11.114822289871967,0.6027397260273972,Devourer's Gauntlet,0.45172852808979164,2.7494456762749446
Qin's Sais,2.9508552305653497,0.4864864864864865,Devourer's Gauntlet,9.26043482584073,0.5636363636363636,Wind Demon,0.4274931649950756,2.3182297154899896
Asi,0.52215359442644,0.4623115577889447,Soul Eater,6.971129066103431,0.5098039215686274,Soul Eater,0.34855645330517154,2.549019607843137
Transcendence,-12.805665303097893,0.3930635838150289,Deathbringer,6.804593463137144,0.5436893203883495,Ichaival,0.30166170322941344,2.889576883384933
Ichaival,5.128248954900029,0.49122807017543857,The Executioner,5.254060600232649,0.4967741935483871,The Executioner,0.23351380445478445,2.207885304659498
The Executioner,5.254060600232649,0.4967741935483871,Ichaival,5.128248954900029,0.49122807017543857,Deathbringer,0.2126435457230358,1.6990291262135921
