,recommendations,win_rate,win_rate_per_cost
Starter Item,Death's Toll,,
Boots,Ninja Tabi,0.4375,3.26530612245
Item2,Ichaival,0.44360902255639095,2.34375
Item3,Transcendence,0.4375,1.53245192308
Item4,Asi,0.4696969696969697,2.23841292135
Item5,Wind Demon,0.6,2.30769230769
Item6,Hastened Fatalis,0.492063492063,2.29936211245
Relic1,Purification,0.456221198157,
Relic2,Meditation,0.5,
