Relics_most_pop,Relics_most_pop_L2,Relics_most_pop_winrate,Relics_most_pop_wr_paired,Relics_L2,Relics_L2_coef,Relics_L2_winrate,Relics_L2_wr_paired
Sanctuary,-0.10132017745077401,0.42105263157894735,1.0,Curse,0.01013383212906508,0.6666666666666666,1.0
Purification,-0.1263726660680346,0.4,,Frenzy,-0.014791242553954935,0.3333333333333333,
