,recommendations,win_rate,win_rate_per_cost
Starter Item,Death's Toll,,
Boots,Warrior Tabi,0.615384615385,3.66214742091
Item2,Ichaival,0.6143497757847534,3.41812400636
Item3,The Executioner,0.5706521739130435,2.58258258258
Item4,Qin's Sais,0.581081081081081,2.15215215215
Item5,Soul Eater,0.567632850242,2.79661016949
Item6,Bloodforge,0.559322033898,2.15924426451
Relic1,Purification,0.583098591549,
Relic2,Sprint,0.620689655172,
