Relics_most_pop,Relics_most_pop_L2,Relics_most_pop_winrate,Relics_most_pop_wr_paired,Relics_L2,Relics_L2_coef,Relics_L2_winrate,Relics_L2_wr_paired
Purification,31.414798847398217,0.5830985915492958,0.75,Purification,31.414798847398217,0.5830985915492958,0.75
Sanctuary,4.152800844731455,0.5654952076677316,,Sprint,20.875472131353035,0.6206896551724138,
