Relics_most_pop,Relics_most_pop_L2,Relics_most_pop_winrate,Relics_most_pop_wr_paired,Relics_L2,Relics_L2_coef,Relics_L2_winrate,Relics_L2_wr_paired
Purification,3.61480603462852,0.4512987012987013,0.526041666667,Sanctuary,4.819165741923091,0.4657039711191336,0.526041666667
Sanctuary,4.819165741923091,0.4657039711191336,,Purification,3.61480603462852,0.4512987012987013,
