,recommendations,win_rate,win_rate_per_cost
Starter Item,Death's Toll,,
Boots,Ninja Tabi,0.361111111111,2.42424242424
Item2,The Executioner,0.3783783783783784,1.22383252818
Item3,Ichaival,0.2753623188405797,1.61977834612
Item4,Qin's Sais,0.33,1.01986044015
Item5,Bloodforge,0.448275862069,1.16959064327
Item6,Wind Demon,0.428571428571,1.72413793103
Relic1,Curse,0.666666666667,
Relic2,Meditation,0.428571428571,
