,recommendations,win_rate,win_rate_per_cost
Starter Item,Death's Toll,,
Boots,Ninja Tabi,0.498338870432,3.33333333333
Item2,Ichaival,0.4983388704318937,2.8751650286
Item3,Qin's Sais,0.48877805486284287,1.81028909208
Item4,Asi,0.46153846153846156,2.74594412844
Item5,Bloodforge,0.5,1.90476190476
Item6,Titan's Bane,0.522580645161,2.54917387884
Relic1,Sprint,0.662162162162,
Relic2,Purification,0.475345167653,
