,recommendations,win_rate,win_rate_per_cost
Starter Item,Death's Toll,,
Boots,Ninja Tabi,0.561290322581,3.97435897436
Item2,Qin's Sais,0.5612903225806452,1.84441469582
Item3,Asi,0.5573770491803278,2.79770768467
Item4,Ichaival,0.5433070866141733,2.92936451689
Item5,Hastened Fatalis,0.567164179104,2.65029990236
Item6,Transcendence,0.532894736842,2.0495951417
Relic1,Sanctuary,0.564593301435,
Relic2,Purification,0.535398230088,
