Items_most_pop,Items_most_pop_L2,Items_most_pop_winrate,Items_L2,Items_L2_coef,Items_L2_winrate,Items_gold_adjusted_L2,Items_gold_adjusted_L2_coef,Items_gold_adjusted_L2_winrate
Warrior Tabi,13.794969256729164,0.5818930041152264,Ichaival,39.124814872964414,0.6217105263157895,Ichaival,2.3014596984096714,3.6571207430340555
Transcendence,-13.52274370782697,0.5645756457564576,Hastened Fatalis,26.679575621870775,0.601063829787234,Hastened Fatalis,1.2467091412089149,2.808709484987075
Qin's Sais,10.007594238580802,0.6171516079632465,Asi,18.434325261843664,0.616822429906542,Asi,1.0356362506653745,3.465294550036753
Ichaival,39.124814872964414,0.6217105263157895,Malice,18.004555953971362,0.6493506493506493,Warrior Tabi,0.8899980165631719,3.7541484136466217
The Executioner,-1.4299090104170835,0.5650406504065041,Warrior Tabi,13.794969256729164,0.5818930041152264,Ninja Tabi,0.6828147990129858,3.7261503928170594
Deathbringer,-32.31749577614487,0.5631929046563193,Ninja Tabi,10.242221985194787,0.5589225589225589,Malice,0.6001518651323787,2.1645021645021645
