Relics_most_pop,Relics_most_pop_L2,Relics_most_pop_winrate,Relics_most_pop_wr_paired,Relics_L2,Relics_L2_coef,Relics_L2_winrate,Relics_L2_wr_paired
Sanctuary,6.88542090460142,0.5377616014558689,0.333333333333,Sprint,10.381373973926262,0.5769230769230769,0.333333333333
Purification,4.954169281178719,0.53732912723449,,Curse,7.452431157491792,0.6027397260273972,
