,recommendations,win_rate,win_rate_per_cost
Starter Item,Death's Toll,,
Boots,Warrior Tabi,0.6875,3.67591897974
Item2,Transcendence,0.6068376068376068,2.27732793522
Item3,Ichaival,0.5921052631578947,3.48297213622
Item4,Deathbringer,0.6056338028169014,1.85032894737
Item5,Asi,0.696428571429,3.91252006421
Item6,Bloodforge,0.592105263158,2.24561403509
Relic1,Sprint,0.682926829268,
Relic2,Sanctuary,0.6,
