,recommendations,win_rate,win_rate_per_cost
Starter Item,Death's Toll,,
Boots,Warrior Tabi,0.539184952978,3.47861259986
Item2,Qin's Sais,0.5789473684210527,1.99698130733
Item3,Asi,0.549618320610687,3.02912894931
Item4,Transcendence,0.5175438596491229,2.07378828068
Item5,Titan's Bane,0.549618320611,2.75994865212
Item6,Odysseus' Bow,0.565789473684,2.21088435374
Relic1,Curse,0.666666666667,
Relic2,Purification,0.545454545455,
