Relics_most_pop,Relics_most_pop_L2,Relics_most_pop_winrate,Relics_most_pop_wr_paired,Relics_L2,Relics_L2_coef,Relics_L2_winrate,Relics_L2_wr_paired
Sanctuary,-9.162334131107821,0.5432098765432098,1.0,Sprint,38.95741857135862,0.7115384615384616,1.0
Purification,6.070202369149666,0.5652173913043478,,Curse,23.750479120137165,0.7142857142857143,
