Items_most_pop,Items_most_pop_L2,Items_most_pop_winrate,Items_L2,Items_L2_coef,Items_L2_winrate,Items_gold_adjusted_L2,Items_gold_adjusted_L2_coef,Items_gold_adjusted_L2_winrate
Warrior Tabi,1.780225838472423,0.536813922356091,Asi,24.765424118988342,0.592057761732852,Asi,1.3913159617409179,3.3261672007463594
Transcendence,-13.821821794308848,0.52,Hastened Fatalis,15.466444681850058,0.5843137254901961,Hastened Fatalis,0.7227310598995353,2.7304379695803553
Qin's Sais,12.230707809514136,0.5758293838862559,Qin's Sais,12.230707809514136,0.5758293838862559,Ichaival,0.4638401605777829,3.302057019126669
The Executioner,-9.687419232569715,0.5253731343283582,Rage,10.899049929387289,0.5966386554621849,Rage,0.45412708039113703,2.4859943977591037
Deathbringer,-8.60779150802225,0.5479041916167665,Jotunn's Wrath,9.16180804624897,0.6049382716049383,Qin's Sais,0.45298917813015316,2.132701421800948
Ichaival,7.8852827298223085,0.5613496932515337,Ichaival,7.8852827298223085,0.5613496932515337,Jotunn's Wrath,0.37548393632167915,2.4792552114956488
