,recommendations,win_rate,win_rate_per_cost
Starter Item,Death's Toll,,
Boots,Warrior Tabi,0.522116903633,3.36849615247
Item2,Qin's Sais,0.5879043600562588,1.79778318464
Item3,Ichaival,0.5644067796610169,2.85530270502
Item4,Asi,0.5728952772073922,2.72697449356
Item5,Bloodforge,0.572895277207,2.07336523126
Item6,Transcendence,0.5101553166069295,2.20344337387
Relic1,Sprint,0.576923076923,
Relic2,Curse,0.602739726027,
