Items_most_pop,Items_most_pop_L2,Items_most_pop_winrate,Items_L2,Items_L2_coef,Items_L2_winrate,Items_gold_adjusted_L2,Items_gold_adjusted_L2_coef,Items_gold_adjusted_L2_winrate
Warrior Tabi,32.02318930053371,0.5401069518716578,Jotunn's Wrath,32.40098543162323,0.7142857142857143,Warrior Tabi,2.066012212937659,3.4845609798171466
Transcendence,-24.79068652561863,0.4666666666666667,Warrior Tabi,32.02318930053371,0.5401069518716578,Ichaival,1.713879905187432,3.6511156186612577
Qin's Sais,-20.46452935642538,0.4895833333333333,Ichaival,29.135958388186346,0.6206896551724138,Jotunn's Wrath,1.3279092390009521,2.927400468384075
Ichaival,29.135958388186346,0.6206896551724138,Rage,23.62295865796686,0.6296296296296297,Asi,1.2576542447304846,3.299447119671839
The Executioner,-0.10029486524115708,0.5316455696202531,Asi,22.386245556202624,0.5873015873015873,Rage,0.9842899440819525,2.623456790123457
Deathbringer,-8.303253075520843,0.5072463768115942,Bloodforge,14.314479427955456,0.5882352941176471,Bloodforge,0.5022624360686125,2.063983488132095
