,recommendations,win_rate,win_rate_per_cost
Starter Item,Death's Toll,,
Boots,Ninja Tabi,0.56783919598,3.73702422145
Item2,Qin's Sais,0.5972060535506403,2.0202020202
Item3,Asi,0.5847457627118644,3.06435137896
Item4,Ichaival,0.5623052959501558,3.20855614973
Item5,Wind Demon,0.56230529595,2.47568523431
Item6,Hastened Fatalis,0.563583815029,2.65345418682
Relic1,Sprint,0.64347826087,
Relic2,Purification,0.564831261101,
