Items_most_pop,Items_most_pop_L2,Items_most_pop_winrate,Items_L2,Items_L2_coef,Items_L2_winrate,Items_gold_adjusted_L2,Items_gold_adjusted_L2_coef,Items_gold_adjusted_L2_winrate
Warrior Tabi,12.103864704162762,0.574468085106383,Bloodforge,30.77559573076275,0.6666666666666666,Bloodforge,1.0798454642372894,2.3391812865497075
Transcendence,-2.3296290759894176,0.5671641791044776,Titan's Bane,17.509807214597576,0.6385542168674698,Titan's Bane,0.8541369372974427,3.114898618865707
Qin's Sais,5.171268632801699,0.5909090909090909,Warrior Tabi,12.103864704162762,0.574468085106383,Warrior Tabi,0.7808944970427588,3.706245710363761
Deathbringer,-15.674925982431716,0.5493827160493827,Asi,10.35090711818974,0.5882352941176471,Asi,0.5815116358533562,3.3046926635822866
Ichaival,0.27854232853007205,0.5625,Qin's Sais,5.171268632801699,0.5909090909090909,Ninja Tabi,0.2460424198171818,3.7751004016064256
The Executioner,-5.254352215911359,0.5547945205479452,Ninja Tabi,3.6906362972577273,0.5662650602409639,Qin's Sais,0.19152846788154437,2.1885521885521886
