Relics_most_pop,Relics_most_pop_L2,Relics_most_pop_winrate,Relics_most_pop_wr_paired,Relics_L2,Relics_L2_coef,Relics_L2_winrate,Relics_L2_wr_paired
Sanctuary,6.358665592121798,0.6003344481605352,1.0,Curse,28.825522518644092,0.6666666666666666,1.0
Purification,14.490346113233322,0.617059891107078,,Sprint,27.308858670554194,0.6788990825688074,
