Items_most_pop,Items_most_pop_L2,Items_most_pop_winrate,Items_L2,Items_L2_coef,Items_L2_winrate,Items_gold_adjusted_L2,Items_gold_adjusted_L2_coef,Items_gold_adjusted_L2_winrate
Warrior Tabi,0.9263642884071227,0.5217391304347826,Titan's Bane,1.7724137294865654,0.6046511627906976,Asi,0.09907567344017393,3.1770631538163503
Transcendence,-0.7882373922929015,0.49377593360995853,Asi,1.763546987235096,0.5655172413793104,Ichaival,0.09287585318327325,3.281312525010004
Qin's Sais,1.2095867490293648,0.5388349514563107,The Executioner,1.6513752128150438,0.5681818181818182,Titan's Bane,0.08645920631641782,2.949517867271696
Ichaival,1.5788895041156454,0.5578231292517006,Ichaival,1.5788895041156454,0.5578231292517006,The Executioner,0.07339445390289083,2.525252525252525
Asi,1.763546987235096,0.5655172413793104,Rage,1.297529435035666,0.6666666666666666,Warrior Tabi,0.05976543796174985,3.3660589060308554
The Executioner,1.6513752128150438,0.5681818181818182,Qin's Sais,1.2095867490293648,0.5388349514563107,Rage,0.05406372645981942,2.7777777777777777
