Items_most_pop,Items_most_pop_L2,Items_most_pop_winrate,Items_L2,Items_L2_coef,Items_L2_winrate,Items_gold_adjusted_L2,Items_gold_adjusted_L2_coef,Items_gold_adjusted_L2_winrate
Warrior Tabi,9.427441817984448,0.6162570888468809,Jotunn's Wrath,15.579882687814608,0.7281553398058253,Jotunn's Wrath,0.638519782287484,2.9842431959255133
Transcendence,6.681955101343395,0.6131284916201117,Qin's Sais,15.09062576502308,0.6539050535987749,Warrior Tabi,0.6082220527731902,3.975852186108909
Qin's Sais,15.09062576502308,0.6539050535987749,Wind Demon,10.605087859476532,0.6813186813186813,Ichaival,0.5788899919089792,3.6924868957483983
Ichaival,9.841129862452647,0.6277227722772277,Ichaival,9.841129862452647,0.6277227722772277,Qin's Sais,0.5589120653712252,2.4218705688843514
The Executioner,-10.228634527068396,0.5853658536585366,Warrior Tabi,9.427441817984448,0.6162570888468809,Asi,0.4318195403972518,3.578574726796983
Asi,7.686387819071082,0.636986301369863,Asi,7.686387819071082,0.636986301369863,Wind Demon,0.4078879945952512,2.620456466610313
