Relics_most_pop,Relics_most_pop_L2,Relics_most_pop_winrate,Relics_most_pop_wr_paired,Relics_L2,Relics_L2_coef,Relics_L2_winrate,Relics_L2_wr_paired
Sanctuary,19.703997526276783,0.5465116279069767,0.611764705882,Sprint,23.49492104357841,0.5886075949367089,0.611764705882
Purification,16.630906472325314,0.5352286773794809,,Sanctuary,19.703997526276783,0.5465116279069767,
