Items_most_pop,Items_most_pop_L2,Items_most_pop_winrate,Items_L2,Items_L2_coef,Items_L2_winrate,Items_gold_adjusted_L2,Items_gold_adjusted_L2_coef,Items_gold_adjusted_L2_winrate
Warrior Tabi,12.424732960434962,0.4161849710982659,Titan's Bane,40.34394206542031,0.6285714285714286,Titan's Bane,1.9679971739229418,3.0662020905923346
Transcendence,-14.569310647032626,0.38596491228070173,Bloodforge,39.05613335552604,0.5084745762711864,Bloodforge,1.3703906440535454,1.784121320249777
Ichaival,5.274442288580055,0.4157303370786517,Asi,18.101550651446992,0.45454545454545453,Asi,1.0169410478341008,2.5536261491317673
The Executioner,-0.5543165536807988,0.4155844155844156,Warrior Tabi,12.424732960434962,0.4161849710982659,Warrior Tabi,0.8015956748667717,2.6850643296662318
Hastened Fatalis,10.943721950714389,0.4594594594594595,Hastened Fatalis,10.943721950714389,0.4594594594594595,Hastened Fatalis,0.511388876201607,2.147006819904016
Qin's Sais,8.104847987347483,0.4647887323943662,Soul Eater,9.281930823687542,0.4482758620689655,Soul Eater,0.46409654118437715,2.2413793103448274
