Relics_most_pop,Relics_most_pop_L2,Relics_most_pop_winrate,Relics_most_pop_wr_paired,Relics_L2,Relics_L2_coef,Relics_L2_winrate,Relics_L2_wr_paired
Blink,16.345720257438813,0.5127478753541076,0.638709677419,Meditation,30.121315988481495,0.5748502994011976,0.638709677419
Relic,-44.14672797009687,0.4297994269340974,,Blink,16.345720257438813,0.5127478753541076,
