Items_most_pop,Items_most_pop_L2,Items_most_pop_winrate,Items_L2,Items_L2_coef,Items_L2_winrate,Items_gold_adjusted_L2,Items_gold_adjusted_L2_coef,Items_gold_adjusted_L2_winrate
Shoes of Focus,0.005052276025028257,0.59245960502693,Sovereignty,42.23415522823366,0.6567164179104478,Reinforced Shoes,2.2229769696311457,4.831932773109243
Heartward Amulet,-5.388733368535345,0.615546218487395,Mystical Mail,31.316127874210604,0.6789667896678967,Sovereignty,2.0111502489635074,3.1272210376687988
Sovereignty,42.23415522823366,0.6567164179104478,Reinforced Shoes,31.12167757483604,0.6764705882352942,Shoes of the Magi,1.8327342979710388,4.296875
Breastplate of Valor,1.205734305486706,0.5882352941176471,Shoes of the Magi,29.32374876753662,0.6875,Mystical Mail,1.159856587933726,2.5146918135848026
Void Stone,13.821452942192913,0.6613924050632911,Void Stone,13.821452942192913,0.6613924050632911,Void Stone,0.6282478610087688,3.0063291139240507
Mystical Mail,31.316127874210604,0.6789667896678967,Gem of Isolation,11.287823861439444,0.65625,Gem of Isolation,0.41806755042368315,2.4305555555555554
