Items_most_pop,Items_most_pop_L2,Items_most_pop_winrate,Items_L2,Items_L2_coef,Items_L2_winrate,Items_gold_adjusted_L2,Items_gold_adjusted_L2_coef,Items_gold_adjusted_L2_winrate
Shoes of Focus,-5.383692457938935,0.4485294117647059,Sovereignty,9.051645609065364,0.5027932960893855,Sovereignty,0.4310307432888269,2.3942537909018355
Heartward Amulet,3.5822856830229464,0.4863636363636364,Gem of Isolation,5.235548838413553,0.5454545454545454,Reinforced Shoes,0.3047862381938413,3.832752613240418
Sovereignty,9.051645609065364,0.5027932960893855,Reinforced Shoes,4.267007334713778,0.5365853658536586,Gem of Isolation,0.19390921623753904,2.0202020202020203
Breastplate of Valor,-8.308875642828735,0.4327485380116959,Mystical Mail,3.69733364108794,0.4782608695652174,Shoes of the Magi,0.1776413868382143,3.02734375
Void Stone,-6.738161769641654,0.4492753623188406,Heartward Amulet,3.5822856830229464,0.4863636363636364,Heartward Amulet,0.1705850325249022,2.316017316017316
Mystical Mail,3.69733364108794,0.4782608695652174,Spirit Robe,3.2021029165590007,0.5416666666666666,Mystical Mail,0.13693828300325706,1.7713365539452497
