Relics_most_pop,Relics_most_pop_L2,Relics_most_pop_winrate,Relics_most_pop_wr_paired,Relics_L2,Relics_L2_coef,Relics_L2_winrate,Relics_L2_wr_paired
Blink,56.33661655950469,0.6045977011494252,0.5,Meditation,88.13005473965818,0.6690647482014388,0.5
Relic,-184.27913775432415,0.5413105413105413,,Curse,63.803400267360075,0.6794871794871795,
