Relics_most_pop,Relics_most_pop_L2,Relics_most_pop_winrate,Relics_most_pop_wr_paired,Relics_L2,Relics_L2_coef,Relics_L2_winrate,Relics_L2_wr_paired
Purification,14.396273049672425,0.586046511627907,0.642857142857,Purification,14.396273049672425,0.586046511627907,0.642857142857
Sanctuary,4.154387512222161,0.5698324022346368,,Sprint,6.8384105640346124,0.6896551724137931,
