Items_most_pop,Items_most_pop_L2,Items_most_pop_winrate,Items_L2,Items_L2_coef,Items_L2_winrate,Items_gold_adjusted_L2,Items_gold_adjusted_L2_coef,Items_gold_adjusted_L2_winrate
Hastened Fatalis,2.2031538645275575,0.5204460966542751,Demonic Grip,15.683932326413242,0.5623342175066313,Demonic Grip,0.6878917687023351,2.4663781469589092
Shoes of the Magi,-7.749827337234158,0.4963680387409201,Rod of Tahuti,14.005826963117288,0.6242038216560509,Telkhines Ring,0.6298826362498579,2.585139318885449
Demonic Grip,15.683932326413242,0.5623342175066313,Telkhines Ring,13.38500602030948,0.5493421052631579,Shoes of Focus,0.5756878524595382,3.8425925925925926
Telkhines Ring,13.38500602030948,0.5493421052631579,Shoes of Focus,8.635317786893074,0.5763888888888888,Rod of Tahuti,0.42186225792521953,1.8801319929399125
Rod of Tahuti,14.005826963117288,0.6242038216560509,Pythagorem's Piece,7.115625644560099,0.5793103448275863,Pythagorem's Piece,0.2964844018566708,2.413793103448276
Pythagorem's Piece,7.115625644560099,0.5793103448275863,Bancroft's Talon,2.452498420514104,0.5294117647058824,Hastened Fatalis,0.10295111516483914,2.4319911058610986
