Items_most_pop,Items_most_pop_L2,Items_most_pop_winrate,Items_L2,Items_L2_coef,Items_L2_winrate,Items_gold_adjusted_L2,Items_gold_adjusted_L2_coef,Items_gold_adjusted_L2_winrate
Warrior Tabi,0.029418713281959153,0.5202702702702703,Titan's Bane,0.05952521871500661,0.5666666666666667,Titan's Bane,0.0029036692056100787,2.7642276422764227
Jotunn's Wrath,0.03442394763163859,0.5251798561151079,Hydra's Lament,0.04947700618064733,0.5454545454545454,Hydra's Lament,0.0023012561014254572,2.536997885835095
Transcendence,0.014522693092506436,0.512396694214876,Jotunn's Wrath,0.03442394763163859,0.5251798561151079,Warrior Tabi,0.0018979815020618808,3.3565823888404536
Hydra's Lament,0.04947700618064733,0.5454545454545454,Warrior Tabi,0.029418713281959153,0.5202702702702703,Jotunn's Wrath,0.0014108175258868275,2.1523764594881474
Titan's Bane,0.05952521871500661,0.5666666666666667,Transcendence,0.014522693092506436,0.512396694214876,Transcendence,0.0005585651189425553,1.9707565162110616
Brawler's Beat Stick,-0.005145077401647923,0.48484848484848486,Stone Cutting Sword,0.004942585240329934,0.5333333333333333,Stone Cutting Sword,0.00019009943232038207,2.051282051282051
