,recommendations,win_rate,win_rate_per_cost
Starter Item,Death's Toll,,
Boots,Warrior Tabi,0.4097560975609756,4.15527610716
Item2,Brawler's Beat Stick,0.6440677966101694,2.68361581921
Item3,Jotunn's Wrath,0.4540540540540541,2.63962211725
Item4,Hydra's Lament,0.5142857142857142,2.99566417028
Item5,Titan's Bane,0.55737704918,2.71891243503
Item6,Heartseeker,0.4375,2.43055555556
Relic1,Blink,0.666666666667,
Relic2,Purification,0.490909090909,
