Items_most_pop,Items_most_pop_L2,Items_most_pop_winrate,Items_L2,Items_L2_coef,Items_L2_winrate,Items_gold_adjusted_L2,Items_gold_adjusted_L2_coef,Items_gold_adjusted_L2_winrate
Jotunn's Wrath,2.1913046454714618,0.5371900826446281,Hydra's Lament,4.078285660753885,0.5652173913043478,Hydra's Lament,0.18968770515134345,2.62891809908999
Warrior Tabi,-1.533397216638537,0.5042016806722689,Titan's Bane,3.123984304298225,0.5609756097560976,Titan's Bane,0.15238947825845,2.7364663890541343
Transcendence,1.9006722662149347,0.5376344086021505,Jotunn's Wrath,2.1913046454714618,0.5371900826446281,Ninja Tabi,0.11534607360678657,4.166666666666667
Hydra's Lament,4.078285660753885,0.5652173913043478,Transcendence,1.9006722662149347,0.5376344086021505,Jotunn's Wrath,0.08980756743735499,2.2015986993632297
Titan's Bane,3.123984304298225,0.5609756097560976,Ninja Tabi,1.7301911041017983,0.625,Heartseeker,0.07369473221172912,3.7037037037037037
Deathbringer,0.34628447605972396,0.5277777777777778,Brawler's Beat Stick,1.3408507899546405,0.5666666666666667,Transcendence,0.07310277946980517,2.0678246484698097
