Relics_most_pop,Relics_most_pop_L2,Relics_most_pop_winrate,Relics_most_pop_wr_paired,Relics_L2,Relics_L2_coef,Relics_L2_winrate,Relics_L2_wr_paired
Sanctuary,0.1744302952706388,0.5328185328185329,0.632478632479,Purification,0.2066079141020147,0.5561797752808989,0.632478632479
Purification,0.2066079141020147,0.5561797752808989,,Sanctuary,0.1744302952706388,0.5328185328185329,
