Items_most_pop,Items_most_pop_L2,Items_most_pop_winrate,Items_L2,Items_L2_coef,Items_L2_winrate,Items_gold_adjusted_L2,Items_gold_adjusted_L2_coef,Items_gold_adjusted_L2_winrate
Warrior Tabi,-49.04466643566304,0.4097560975609756,Brawler's Beat Stick,67.24300136556559,0.6440677966101694,Brawler's Beat Stick,2.8017917235652328,2.6836158192090394
Jotunn's Wrath,52.91130242344969,0.4540540540540541,Jotunn's Wrath,52.91130242344969,0.4540540540540541,Jotunn's Wrath,2.1684960009610528,1.8608772707133363
Transcendence,-54.920591928860176,0.40789473684210525,Hydra's Lament,44.02620767173838,0.5142857142857142,Hydra's Lament,2.0477305893831805,2.39202657807309
Hydra's Lament,44.02620767173838,0.5142857142857142,Titan's Bane,35.283694465422826,0.5573770491803278,Titan's Bane,1.7211558275816012,2.7189124350259894
Titan's Bane,35.283694465422826,0.5573770491803278,Heartseeker,16.931142713533006,0.4375,Heartseeker,0.9406190396407226,2.4305555555555554
Brawler's Beat Stick,67.24300136556559,0.6440677966101694,Deathbringer,2.3219283425948585,0.45652173913043476,Deathbringer,0.07256026070608933,1.4266304347826086
