,recommendations,win_rate,win_rate_per_cost
Starter Item,Bluestone Pendant,,
Boots,Warrior Tabi,0.333333333333,2.41181790775
Item2,Titan's Bane,0.4166666666666667,2.0325203252
Item3,Brawler's Beat Stick,0.38461538461538464,1.73611111111
Item4,Hydra's Lament,0.3684210526315789,1.93798449612
Item5,Stone Cutting Sword,0.666666666667,2.5641025641
Item6,Bloodforge,0.421052631579,1.47737765466
Relic1,Sanctuary,0.433734939759,
Relic2,Sprint,0.52380952381,
