Relics_most_pop,Relics_most_pop_L2,Relics_most_pop_winrate,Relics_most_pop_wr_paired,Relics_L2,Relics_L2_coef,Relics_L2_winrate,Relics_L2_wr_paired
Meditation,13.047450851702646,0.6138613861386139,0.6,Meditation,13.047450851702646,0.6138613861386139,0.6
Relic,-9.312722571212461,0.4888888888888889,,Sanctuary,2.919505774405453,0.5909090909090909,
