Relics_most_pop,Relics_most_pop_L2,Relics_most_pop_winrate,Relics_most_pop_wr_paired,Relics_L2,Relics_L2_coef,Relics_L2_winrate,Relics_L2_wr_paired
Meditation,12.741137308677875,0.6397058823529411,1.0,Blink,24.306791312095193,0.7428571428571429,1.0
Relic,-51.60267361715201,0.5526315789473685,,Sprint,20.115526971255722,0.6989247311827957,
