,recommendations,win_rate,win_rate_per_cost
Starter Item,Mark of the Vanguard,,
Boots,Shoes of the Magi,0.712962962963,4.45833333333
Item2,Void Stone,0.6480446927374302,2.76679841897
Item3,Bulwark of Hope,0.6115107913669064,2.41067585019
Item4,Heartward Amulet,0.6074074074074074,2.89855072464
Item5,Sovereignty,0.713333333333,3.3950617284
Item6,Gem of Isolation,0.714285714286,2.6455026455
Relic1,Blink,0.742857142857,
Relic2,Sprint,0.698924731183,
