Relics_most_pop,Relics_most_pop_L2,Relics_most_pop_winrate,Relics_most_pop_wr_paired,Relics_L2,Relics_L2_coef,Relics_L2_winrate,Relics_L2_wr_paired
Meditation,0.26193715796395917,0.6391752577319587,0.60824742268,Meditation,0.26193715796395917,0.6391752577319587,0.60824742268
Relic,0.16770196106800467,0.6,,Relic,0.16770196106800467,0.6,
