Items_most_pop,Items_most_pop_L2,Items_most_pop_winrate,Items_L2,Items_L2_coef,Items_L2_winrate,Items_gold_adjusted_L2,Items_gold_adjusted_L2_coef,Items_gold_adjusted_L2_winrate
Shoes of Focus,-9.232758552912589,0.5238095238095238,Mystical Mail,14.086938817495795,0.6818181818181818,Shoes of the Magi,0.8225737204917013,4.094827586206897
Breastplate of Valor,9.760214600197271,0.5882352941176471,Void Stone,13.976270183417745,0.6176470588235294,Void Stone,0.6352850083371702,2.807486631016043
Bulwark of Hope,8.566167235434573,0.6111111111111112,Shoes of the Magi,13.16117952786722,0.6551724137931034,Mystical Mail,0.5217384747220665,2.525252525252525
Void Stone,13.976270183417745,0.6176470588235294,Hide of the Nemean Lion,10.566149810943436,0.8333333333333334,Hide of the Nemean Lion,0.4802795368610653,3.787878787878788
Hide of the Urchin,4.353328486318069,0.5483870967741935,Breastplate of Valor,9.760214600197271,0.5882352941176471,Winged Blade,0.46473012022249954,3.861003861003861
Sovereignty,-11.163749015943038,0.4666666666666667,Winged Blade,8.59750722411624,0.7142857142857143,Breastplate of Valor,0.42435715653031614,2.557544757033248
