Relics_most_pop,Relics_most_pop_L2,Relics_most_pop_winrate,Relics_most_pop_wr_paired,Relics_L2,Relics_L2_coef,Relics_L2_winrate,Relics_L2_wr_paired
Meditation,-9.56728822618465,0.5797546012269938,0.0,Phantom,68.92509390149391,0.7777777777777778,0.0
Relic,-85.51724184191923,0.5241935483870968,,Sanctuary,62.88758695535896,0.6744186046511628,
