,recommendations,win_rate,win_rate_per_cost
Starter Item,Mark of the Vanguard,,
Boots,Shoes of the Magi,0.603389830508,3.77516778523
Item2,Breastplate of Valor,0.5626072041166381,2.44611827877
Item3,Hide of the Urchin,0.568733153638814,2.34419668382
Item4,Void Stone,0.5783664459161147,2.55730547326
Item5,Sovereignty,0.613707165109,2.92241507195
Item6,Mystical Mail,0.604026845638,2.23477715003
Relic1,Blink,0.710843373494,
Relic2,Sprint,0.624505928854,
