Items_most_pop,Items_most_pop_L2,Items_most_pop_winrate,Items_L2,Items_L2_coef,Items_L2_winrate,Items_gold_adjusted_L2,Items_gold_adjusted_L2_coef,Items_gold_adjusted_L2_winrate
Warrior Tabi,-11.864308239786444,0.37575757575757573,Breastplate of Valor,39.42462474453791,0.44680851063829785,Breastplate of Valor,1.714114119327735,1.942645698427382
Jotunn's Wrath,38.7981899122501,0.41964285714285715,Jotunn's Wrath,38.7981899122501,0.41964285714285715,Jotunn's Wrath,1.5900897505020535,1.719847775175644
Breastplate of Valor,39.42462474453791,0.44680851063829785,Spirit Robe,21.211835298673577,0.5384615384615384,Gauntlet of Thebes,0.8902367862832037,2.1705426356589146
Hide of the Urchin,4.092235901254212,0.3855421686746988,Gauntlet of Thebes,19.14009090508888,0.4666666666666667,Sovereignty,0.8725034715054943,2.2222222222222223
Bulwark of Hope,-23.30414469143662,0.35384615384615387,Sovereignty,18.32257290161538,0.4666666666666667,Spirit Robe,0.8622697275883568,2.188868042526579
Stone of Gaia,-32.390299587966915,0.3125,Hide of the Urchin,4.092235901254212,0.3855421686746988,Hide of the Urchin,0.17050982921892552,1.606425702811245
