,recommendations,win_rate,win_rate_per_cost
Starter Item,Bluestone Pendant,,
Boots,Warrior Tabi,0.4319327731092437,2.90026635099
Item2,Jotunn's Wrath,0.45430809399477806,1.84238231313
Item3,Stone of Gaia,0.45318352059925093,2.24770642202
Item4,Hide of the Urchin,0.45,1.87308868502
Item5,Heartward Amulet,0.5,2.38095238095
Item6,Frostbound Hammer,0.481751824818,2.09457315138
Relic1,Blink,0.552380952381,
Relic2,Curse,0.476470588235,
