Items_most_pop,Items_most_pop_L2,Items_most_pop_winrate,Items_L2,Items_L2_coef,Items_L2_winrate,Items_gold_adjusted_L2,Items_gold_adjusted_L2_coef,Items_gold_adjusted_L2_winrate
Warrior Tabi,-0.13260488034264795,0.4161490683229814,Frostbound Hammer,0.030365517669992636,0.59375,Frostbound Hammer,0.0013202398986953319,2.5815217391304346
Jotunn's Wrath,0.02128011696453084,0.5208333333333334,Jotunn's Wrath,0.02128011696453084,0.5208333333333334,Jotunn's Wrath,0.0008721359411692967,2.134562841530055
Breastplate of Valor,-0.0486860176703751,0.44565217391304346,Titan's Bane,0.015303323082434104,0.56,Titan's Bane,0.0007465035649967855,2.731707317073171
Hide of the Urchin,-0.01879922095872178,0.47674418604651164,Reinforced Greaves,0.01032876573779274,0.5357142857142857,Reinforced Greaves,0.00073776898127091,3.826530612244898
Stone of Gaia,-0.07891437744294212,0.3888888888888889,Mystical Mail,0.005223203257750174,0.5263157894736842,Mystical Mail,0.00019345197250926566,1.949317738791423
Bulwark of Hope,-0.0141687931159539,0.47540983606557374,Gauntlet of Thebes,0.00024225428626125403,0.5,Gauntlet of Thebes,1.1267641221453675e-05,2.3255813953488373
