,recommendations,win_rate,win_rate_per_cost
Starter Item,Bluestone Pendant,,
Boots,Reinforced Greaves,0.594594594595,3.84615384615
Item2,Jotunn's Wrath,0.46153846153846156,1.67169974116
Item3,Breastplate of Valor,0.475,1.77345537757
Item4,Stone of Gaia,0.4507042253521127,2.03947368421
Item5,Mystical Mail,0.666666666667,2.46913580247
Item6,Mantle of Discord,0.538461538462,1.91804707934
Relic1,Shell,0.8125,
Relic2,Sprint,0.558823529412,
