Relics_most_pop,Relics_most_pop_L2,Relics_most_pop_winrate,Relics_most_pop_wr_paired,Relics_L2,Relics_L2_coef,Relics_L2_winrate,Relics_L2_wr_paired
Meditation,10.768778628317458,0.5303030303030303,0.777777777778,Blink,27.355009434972448,0.609375,0.777777777778
Relic,-74.27057819128025,0.413265306122449,,Sprint,18.72102734869836,0.6060606060606061,
