Items_most_pop,Items_most_pop_L2,Items_most_pop_winrate,Items_L2,Items_L2_coef,Items_L2_winrate,Items_gold_adjusted_L2,Items_gold_adjusted_L2_coef,Items_gold_adjusted_L2_winrate
Transcendence,-54.610533953232235,0.4878048780487805,Hastened Fatalis,122.89873166007948,0.7045454545454546,Hastened Fatalis,5.742931385985022,3.292268479184367
Warrior Tabi,10.878577990200295,0.4675324675324675,Wind Demon,92.01562148306685,0.6666666666666666,Wind Demon,3.53906236473334,2.5641025641025643
Hastened Fatalis,122.89873166007948,0.7045454545454546,Rage,49.50398013710201,0.5,Ninja Tabi,2.6696453953133252,3.7777777777777777
Asi,21.33165847853644,0.5,Bloodforge,48.27855238512438,0.6428571428571429,Ichaival,2.3089152464775253,3.0690537084398977
Deathbringer,-18.71138857871352,0.5277777777777778,Ninja Tabi,40.04468092969988,0.5666666666666667,Rage,2.062665839045917,2.0833333333333335
Qin's Sais,-68.80793763535753,0.375,Ichaival,39.25155919011793,0.5217391304347826,Soul Eater,1.7925146456448204,3.2142857142857144
