Relics_most_pop,Relics_most_pop_L2,Relics_most_pop_winrate,Relics_most_pop_wr_paired,Relics_L2,Relics_L2_coef,Relics_L2_winrate,Relics_L2_wr_paired
Sanctuary,1.222609452232682,0.5270935960591133,0.619047619048,Sprint,2.487444435727979,0.6739130434782609,0.619047619048
Purification,1.0962013725926902,0.5290697674418605,,Sanctuary,1.222609452232682,0.5270935960591133,
