Relics_most_pop,Relics_most_pop_L2,Relics_most_pop_winrate,Relics_most_pop_wr_paired,Relics_L2,Relics_L2_coef,Relics_L2_winrate,Relics_L2_wr_paired
Sanctuary,9.586782288092747,0.5255681818181818,0.68,Sprint,18.855568815961774,0.6547619047619048,0.68
Purification,5.371681282829091,0.5084745762711864,,Sanctuary,9.586782288092747,0.5255681818181818,
