Relics_most_pop,Relics_most_pop_L2,Relics_most_pop_winrate,Relics_most_pop_wr_paired,Relics_L2,Relics_L2_coef,Relics_L2_winrate,Relics_L2_wr_paired
Sanctuary,16.650076753093263,0.5859872611464968,0.730769230769,Sprint,17.129281506458405,0.6590909090909091,0.730769230769
Purification,13.949630397564938,0.5686274509803921,,Sanctuary,16.650076753093263,0.5859872611464968,
