Items_most_pop,Items_most_pop_L2,Items_most_pop_winrate,Items_L2,Items_L2_coef,Items_L2_winrate,Items_gold_adjusted_L2,Items_gold_adjusted_L2_coef,Items_gold_adjusted_L2_winrate
Warlock's Sash,10.05288211510593,0.5125628140703518,Rod of Tahuti,12.115020424601704,0.53125,Book of Thoth,0.4305543369415518,1.997780244173141
Shoes of the Magi,-3.85724982244966,0.4824120603015075,Book of Thoth,11.409689928951124,0.5294117647058824,Warlock's Sash,0.3793540420794691,1.934199298378686
Obsidian Shard,-11.50121911450622,0.47643979057591623,Spear of Desolation,10.485830960497031,0.6363636363636364,Rod of Tahuti,0.3649102537530634,1.6001506024096386
Book of Thoth,11.409689928951124,0.5294117647058824,Warlock's Sash,10.05288211510593,0.5125628140703518,Shoes of Focus,0.3455004723715853,3.3766233766233764
Rod of Tahuti,12.115020424601704,0.53125,Shoes of Focus,5.182507085573779,0.5064935064935064,Spear of Desolation,0.27594292001307974,1.674641148325359
Chronos' Pendant,-23.66864567000677,0.40869565217391307,Gem of Isolation,-2.9144072127756346,0.47368421052631576,Gem of Isolation,-0.10794100788057906,1.7543859649122806
