Relics_most_pop,Relics_most_pop_L2,Relics_most_pop_winrate,Relics_most_pop_wr_paired,Relics_L2,Relics_L2_coef,Relics_L2_winrate,Relics_L2_wr_paired
Sanctuary,13.39721992663543,0.52,0.575757575758,Sanctuary,13.39721992663543,0.52,0.575757575758
Purification,3.1558552782994505,0.49171270718232046,,Sprint,4.865851227514412,0.5370370370370371,
