Items_most_pop,Items_most_pop_L2,Items_most_pop_winrate,Items_L2,Items_L2_coef,Items_L2_winrate,Items_gold_adjusted_L2,Items_gold_adjusted_L2_coef,Items_gold_adjusted_L2_winrate
Warlock's Sash,6.680784912537311,0.5229522952295229,Warlock's Sash,6.680784912537311,0.5229522952295229,Obsidian Shard,0.27848776310561696,2.595920696049066
Shoes of the Magi,2.0878749850282157,0.5172101449275363,Rod of Tahuti,5.7256710501699235,0.548306148055207,Warlock's Sash,0.2521050910391438,1.9734048876585772
Obsidian Shard,5.708999143665148,0.5321637426900585,Obsidian Shard,5.708999143665148,0.5321637426900585,Rod of Tahuti,0.17245997139066033,1.651524542334961
Book of Thoth,-5.240559161622183,0.5109321058688148,Shoes of the Magi,2.0878749850282157,0.5172101449275363,Shoes of the Magi,0.13049218656426348,3.2325634057971016
Rod of Tahuti,5.7256710501699235,0.548306148055207,Shoes of Focus,1.9405501425756932,0.5118483412322274,Shoes of Focus,0.1293700095050462,3.4123222748815167
Chronos' Pendant,-8.656044828870408,0.5074626865671642,Spear of Desolation,0.5075654482738874,0.5611510791366906,Spear of Desolation,0.013356985480891773,1.476713366149186
