,recommendations,win_rate,win_rate_per_cost
Starter Item,Vampiric Shroud,,
Boots,Shoes of the Magi,0.518292682927,3.06919642857
Item2,Rod of Tahuti,0.5182926829268293,1.43368232756
Item3,Warlock's Sash,0.4759825327510917,1.79616050095
Item4,Obsidian Shard,0.470873786407767,2.32186601342
Item5,Bancroft's Talon,0.555555555556,2.31481481481
Item6,Breastplate of Valor,0.470588235294,2.04603580563
Relic1,Sprint,0.618181818182,
Relic2,Purification,0.477611940299,
