,recommendations,win_rate,win_rate_per_cost
Starter Item,Soul Stone,,
Boots,Shoes of Focus,0.607142857143,3.66666666667
Item2,Book of Thoth,0.5806451612903226,2.19111381619
Item3,Rod of Tahuti,0.5760869565217391,1.74893120871
Item4,Obsidian Shard,0.5486111111111112,2.83241542093
Item5,Gem of Isolation,0.666666666667,3.3950617284
Item6,Soul Reaver,0.916666666667,2.26757369615
Relic1,Sprint,0.684210526316,
Relic2,Purification,0.559701492537,
