Relics_most_pop,Relics_most_pop_L2,Relics_most_pop_winrate,Relics_most_pop_wr_paired,Relics_L2,Relics_L2_coef,Relics_L2_winrate,Relics_L2_wr_paired
Sanctuary,4.314763548242033,0.5513245033112583,0.8,Meditation,17.812178846171975,0.6142857142857143,0.8
Purification,6.983163559030673,0.5281124497991968,,Sprint,14.945761152211864,0.626984126984127,
