Items_most_pop,Items_most_pop_L2,Items_most_pop_winrate,Items_L2,Items_L2_coef,Items_L2_winrate,Items_gold_adjusted_L2,Items_gold_adjusted_L2_coef,Items_gold_adjusted_L2_winrate
Warlock's Sash,-16.227073480415644,0.5342465753424658,Obsidian Shard,20.293315821184603,0.5826271186440678,Obsidian Shard,0.9899178449358342,2.8420835055808187
Shoes of the Magi,5.500028859404301,0.5603271983640081,Book of Thoth,12.533796306920337,0.5755395683453237,Book of Thoth,0.4729734455441636,2.1718474277182027
Obsidian Shard,20.293315821184603,0.5826271186440678,Shoes of the Magi,5.500028859404301,0.5603271983640081,Shoes of the Magi,0.3437518037127688,3.502044989775051
Book of Thoth,12.533796306920337,0.5755395683453237,Rod of Tahuti,4.621514444551845,0.5741935483870968,Divine Ruin,0.21812884514909164,3.066700741119346
Rod of Tahuti,4.621514444551845,0.5741935483870968,Divine Ruin,3.9699449817134678,0.5581395348837209,Rod of Tahuti,0.13920224230577846,1.729498639720171
Chronos' Pendant,1.336774548599741,0.5560165975103735,Chronos' Pendant,1.336774548599741,0.5560165975103735,Chronos' Pendant,0.055698939524989215,2.3167358229598896
