,recommendations,win_rate,win_rate_per_cost
Starter Item,Soul Stone,,
Boots,Shoes of the Magi,0.623134328358,3.75306372549
Item2,Book of Thoth,0.6238244514106583,2.22154595253
Item3,Warlock's Sash,0.6088082901554405,2.22154595253
Item4,Rod of Tahuti,0.6231343283582089,1.77322191994
Item5,Gem of Isolation,0.622641509434,2.30607966457
Item6,Soul Reaver,0.604166666667,2.05498866213
Relic1,Sanctuary,0.616306954436,
Relic2,Sprint,0.690476190476,
