,recommendations,win_rate,win_rate_per_cost
Starter Item,Bluestone Pendant,,
Boots,Warrior Tabi,0.49019607843137253,3.19914689416
Item2,Jotunn's Wrath,0.5378787878787878,2.03224495326
Item3,Transcendence,0.49538461538461537,1.90718372537
Item4,Deathbringer,0.5,1.54958677686
Item5,Titan's Bane,0.635135135135,3.09822017139
Item6,Asi,0.6,3.10641110377
Relic1,Sprint,0.630136986301,
Relic2,Purification,0.535714285714,
