Relics_most_pop,Relics_most_pop_L2,Relics_most_pop_winrate,Relics_most_pop_wr_paired,Relics_L2,Relics_L2_coef,Relics_L2_winrate,Relics_L2_wr_paired
Sanctuary,3.0676543046830047,0.5588235294117647,0.8,Purification,15.205582966774795,0.5894736842105263,0.8
Purification,15.205582966774795,0.5894736842105263,,Sprint,13.761843373174273,0.6434108527131783,
