Items_most_pop,Items_most_pop_L2,Items_most_pop_winrate,Items_L2,Items_L2_coef,Items_L2_winrate,Items_gold_adjusted_L2,Items_gold_adjusted_L2_coef,Items_gold_adjusted_L2_winrate
Transcendence,8.166607250318203,0.4577181208053691,Asi,23.879194801915162,0.511377245508982,Asi,1.3415277978604025,2.8729058736459665
Warrior Tabi,11.981048675687811,0.4592391304347826,Wind Demon,18.180673889650777,0.5650406504065041,Warrior Tabi,0.7729708823024395,2.9628330995792425
Qin's Sais,5.7665436350846155,0.5045965270684372,Bloodforge,16.277414269867275,0.4923547400611621,Wind Demon,0.6992566880634914,2.1732332707942463
Jotunn's Wrath,10.09291868408378,0.46750524109014674,Warrior Tabi,11.981048675687811,0.4592391304347826,Bloodforge,0.5711373428023606,1.7275604914426739
The Executioner,-7.893649776128736,0.4535840188014101,Jotunn's Wrath,10.09291868408378,0.46750524109014674,Ichaival,0.5589675109783648,2.813299232736573
Asi,23.879194801915162,0.511377245508982,Ichaival,9.502447686632202,0.4782608695652174,Jotunn's Wrath,0.4136442083640894,1.9160050864350278
