Relics_most_pop,Relics_most_pop_L2,Relics_most_pop_winrate,Relics_most_pop_wr_paired,Relics_L2,Relics_L2_coef,Relics_L2_winrate,Relics_L2_wr_paired
Sanctuary,25.139190359816194,0.540948275862069,0.620689655172,Purification,31.919852786389292,0.5573770491803278,0.620689655172
Purification,31.919852786389292,0.5573770491803278,,Sprint,28.259469198662522,0.5538461538461539,
