Relics_most_pop,Relics_most_pop_L2,Relics_most_pop_winrate,Relics_most_pop_wr_paired,Relics_L2,Relics_L2_coef,Relics_L2_winrate,Relics_L2_wr_paired
Sanctuary,5.349750512438606,0.45093457943925236,0.5,Curse,16.37224843024282,0.5666666666666667,0.5
Purification,7.768318003563193,0.45429362880886426,,Sprint,11.684166423667723,0.4927536231884058,
