Items_most_pop,Items_most_pop_L2,Items_most_pop_winrate,Items_L2,Items_L2_coef,Items_L2_winrate,Items_gold_adjusted_L2,Items_gold_adjusted_L2_coef,Items_gold_adjusted_L2_winrate
Transcendence,17.251880971605704,0.4690909090909091,Hastened Fatalis,60.88346821890737,0.5742574257425742,Hastened Fatalis,2.8450218793881947,2.6834459146849263
Warrior Tabi,10.038697563300788,0.46904315196998125,Asi,37.95663326105127,0.5314009661835749,Asi,2.1323951270253523,2.985398686424578
Qin's Sais,28.15609747261695,0.5515873015873016,Bloodforge,32.33000238117853,0.4897959183673469,Ichaival,1.27787820440527,3.076092822450081
Jotunn's Wrath,11.189275484927984,0.5,Qin's Sais,28.15609747261695,0.5515873015873016,Bloodforge,1.1343860484624044,1.7185821697099892
Asi,37.95663326105127,0.5314009661835749,Ichaival,21.723929474889587,0.5229357798165137,Ninja Tabi,1.0662303493908691,2.7106227106227108
Deathbringer,-18.634408355073145,0.4739583333333333,Transcendence,17.251880971605704,0.4690909090909091,Qin's Sais,1.0428184249117387,2.0429159318048207
