Relics_most_pop,Relics_most_pop_L2,Relics_most_pop_winrate,Relics_most_pop_wr_paired,Relics_L2,Relics_L2_coef,Relics_L2_winrate,Relics_L2_wr_paired
Sanctuary,1.7637265465907148,0.5137724550898204,0.552631578947,Sprint,32.98678967487699,0.6030150753768844,0.552631578947
Purification,4.843194732443912,0.508578431372549,,Purification,4.843194732443912,0.508578431372549,
