,recommendations,win_rate,win_rate_per_cost
Starter Item,Bluestone Pendant,,
Boots,Ninja Tabi,0.450027012426,2.91228070175
Item2,Transcendence,0.4522326064382139,1.73935617861
Item3,Deathbringer,0.48637602179836514,1.41322689512
Item4,Jotunn's Wrath,0.47072879330943845,1.85341232147
Item5,Devourer's Gauntlet,0.460317460317,2.24545102594
Item6,Titan's Bane,0.529045643154,2.58071045441
Relic1,Sprint,0.525,
Relic2,Sanctuary,0.472839506173,
