,recommendations,win_rate,win_rate_per_cost
Starter Item,Bluestone Pendant,,
Boots,Warrior Tabi,0.46271929824561403,3.31541218638
Item2,Jotunn's Wrath,0.5270935960591133,2.10610200364
Item3,Deathbringer,0.5138888888888888,1.60590277778
Item4,Transcendence,0.47257383966244726,1.9764957265
Item5,Titan's Bane,0.513888888889,2.5801249748
Item6,Hastened Fatalis,0.528925619835,2.45626647496
Relic1,Sprint,0.535714285714,
Relic2,Curse,0.5625,
