,recommendations,win_rate,win_rate_per_cost
Starter Item,Bluestone Pendant,,
Boots,Warrior Tabi,0.43252595155709345,3.19112036074
Item2,Qin's Sais,0.4946236559139785,1.83193946635
Item3,Transcendence,0.4270833333333333,1.90239867659
Item4,Jotunn's Wrath,0.4214876033057851,2.02714613079
Item5,Asi,0.526315789474,2.95683027794
Item6,Titan's Bane,0.542372881356,2.64572137247
Relic1,Frenzy,0.846153846154,
Relic2,Curse,0.714285714286,
