Items_most_pop,Items_most_pop_L2,Items_most_pop_winrate,Items_L2,Items_L2_coef,Items_L2_winrate,Items_gold_adjusted_L2,Items_gold_adjusted_L2_coef,Items_gold_adjusted_L2_winrate
Shoes of the Magi,-2.9569849706774134,0.5148936170212766,Gem of Isolation,8.294944341232746,0.5803571428571429,Shoes of Focus,0.4267596359864738,4.011799410029498
Gem of Isolation,8.294944341232746,0.5803571428571429,Shoes of Focus,6.401394539797107,0.6017699115044248,Gem of Isolation,0.30722016078639797,2.1494708994708995
Warlock's Sash,4.307886167425811,0.5595238095238095,Warlock's Sash,4.307886167425811,0.5595238095238095,Warlock's Sash,0.16256174216701175,2.11141060197664
Obsidian Shard,3.131554830141587,0.564935064935065,Obsidian Shard,3.131554830141587,0.564935064935065,Obsidian Shard,0.15275877220202863,2.7557808045612924
Chronos' Pendant,-3.1814050458009273,0.5068493150684932,Polynomicon,2.7467574639511083,0.6842105263157895,Polynomicon,0.11942423756309166,2.9748283752860414
Shoes of Focus,6.401394539797107,0.6017699115044248,Spear of the Magus,2.4043429813401502,0.5952380952380952,Spear of the Magus,0.1118299061088442,2.768549280177187
