,recommendations,win_rate,win_rate_per_cost
Starter Item,Soul Stone,,
Boots,Shoes of Focus,0.625,3.88888888889
Item2,Gem of Isolation,0.5833333333333334,2.16049382716
Item3,Warlock's Sash,0.54,2.20125786164
Item4,Book of Thoth,0.5365853658536586,2.20125786164
Item5,Spear of the Magus,0.583333333333,2.90697674419
Item6,Polynomicon,0.54,2.67558528428
Relic1,Purification,0.547945205479,
Relic2,Blink,0.833333333333,
