Items_most_pop,Items_most_pop_L2,Items_most_pop_winrate,Items_L2,Items_L2_coef,Items_L2_winrate,Items_gold_adjusted_L2,Items_gold_adjusted_L2_coef,Items_gold_adjusted_L2_winrate
Shoes of the Magi,-4.4743205111937305,0.43243243243243246,Rod of Tahuti,14.550973704146076,0.6333333333333333,Bancroft's Talon,0.4982271794806787,2.5793650793650795
Warlock's Sash,-5.82012173846706,0.41935483870967744,Bancroft's Talon,11.957452307536288,0.6190476190476191,Rod of Tahuti,0.4382823404863275,1.9076305220883534
Gem of Isolation,7.962155197241532,0.5,Spear of the Magus,9.318097569144564,0.6086956521739131,Spear of the Magus,0.4333998869369564,2.8311425682507583
Chronos' Pendant,-6.955415585937332,0.40476190476190477,Gem of Isolation,7.962155197241532,0.5,Gem of Isolation,0.29489463693487156,1.8518518518518519
Obsidian Shard,-2.0804263149139444,0.43902439024390244,Polynomicon,4.122011629690854,0.6666666666666666,Polynomicon,0.17921789694308057,2.898550724637681
Rod of Tahuti,14.550973704146076,0.6333333333333333,Hastened Fatalis,0.8183791483177978,0.5,Shoes of Focus,0.053929436615560274,3.0952380952380953
