Items_most_pop,Items_most_pop_L2,Items_most_pop_winrate,Items_L2,Items_L2_coef,Items_L2_winrate,Items_gold_adjusted_L2,Items_gold_adjusted_L2_coef,Items_gold_adjusted_L2_winrate
Shoes of the Magi,-5.0380787196722485,0.4499054820415879,Obsidian Shard,12.80576268758037,0.4973958333333333,Obsidian Shard,0.6246713506136765,2.426321138211382
Gem of Isolation,12.490619747656687,0.4816326530612245,Gem of Isolation,12.490619747656687,0.4816326530612245,Gem of Isolation,0.46261554620950696,1.783824640967498
Warlock's Sash,0.23148239044373237,0.45758354755784064,Spear of Desolation,9.040214980753111,0.54,Spear of the Magus,0.40157516332693266,2.38230289279637
Obsidian Shard,12.80576268758037,0.4973958333333333,Spear of the Magus,8.633866011529053,0.5121951219512195,Polynomicon,0.3493977817074404,2.3411371237458196
Chronos' Pendant,-19.892063242477136,0.4339622641509434,Polynomicon,8.036148979271129,0.5384615384615384,Spear of Desolation,0.23790039423034504,1.4210526315789473
Rod of Tahuti,4.748094014332823,0.5203252032520326,Rod of Tahuti,4.748094014332823,0.5203252032520326,Rod of Tahuti,0.14301487994978382,1.5672445881085317
