Items_most_pop,Items_most_pop_L2,Items_most_pop_winrate,Items_L2,Items_L2_coef,Items_L2_winrate,Items_gold_adjusted_L2,Items_gold_adjusted_L2_coef,Items_gold_adjusted_L2_winrate
Gem of Isolation,252.44858454552812,0.5466666666666666,Polynomicon,373.2078369927753,0.6153846153846154,Polynomicon,16.226427695338057,2.6755852842809364
Shoes of the Magi,-85.30972739339619,0.5074626865671642,Gem of Isolation,252.44858454552812,0.5466666666666666,Obsidian Shard,9.852948440277945,2.534672405547585
Warlock's Sash,47.72042578787092,0.4854368932038835,Obsidian Shard,201.9854430256979,0.5196078431372549,Gem of Isolation,9.349947575760302,2.0246913580246915
Obsidian Shard,201.9854430256979,0.5196078431372549,Hastened Fatalis,153.2706396315623,0.6428571428571429,Hastened Fatalis,7.162179422035621,3.0040053404539386
Rod of Tahuti,-43.80011217308938,0.5111111111111111,Book of Thoth,143.78309530134183,0.47692307692307695,Book of Thoth,5.425777181182711,1.7997097242380262
Chronos' Pendant,115.70791935163996,0.4666666666666667,Bancroft's Talon,127.89982333940972,0.5,Bancroft's Talon,5.329159305808738,2.0833333333333335
