,recommendations,win_rate,win_rate_per_cost
Starter Item,Soul Stone,,
Boots,Shoes of the Magi,0.764705882353,3.39673913043
Item2,Obsidian Shard,0.6440677966101694,2.6913372582
Item3,Gem of Isolation,0.5517241379310345,2.04342273308
Item4,Rod of Tahuti,0.5454545454545454,1.66181969256
Item5,Bancroft's Talon,0.551724137931,3.1862745098
Item6,Polynomicon,0.875,3.80434782609
Relic1,Sprint,0.681818181818,
Relic2,Sanctuary,0.541176470588,
