Items_most_pop,Items_most_pop_L2,Items_most_pop_winrate,Items_L2,Items_L2_coef,Items_L2_winrate,Items_gold_adjusted_L2,Items_gold_adjusted_L2_coef,Items_gold_adjusted_L2_winrate
Shoes of the Magi,-0.06019855410533218,0.4945054945054945,Gem of Isolation,0.6300345272235444,0.5833333333333334,Gem of Isolation,0.023334612119390533,2.1604938271604937
Gem of Isolation,0.6300345272235444,0.5833333333333334,Spear of the Magus,0.2727443072065365,0.625,Shoes of Focus,0.017924332379495755,3.888888888888889
Obsidian Shard,-0.012918899658044427,0.5,Shoes of Focus,0.26886498569243633,0.5833333333333334,Spear of the Magus,0.012685781730536581,2.9069767441860463
Rod of Tahuti,0.08048902763251846,0.5178571428571429,Spear of Desolation,0.1847356323064338,0.7,Warlock's Sash,0.006644408762506165,2.0377358490566038
Warlock's Sash,0.17607683220641338,0.54,Warlock's Sash,0.17607683220641338,0.54,Polynomicon,0.005941342357874132,2.6755852842809364
Book of Thoth,0.1312777293184181,0.5365853658536586,Polynomicon,0.13665087423110503,0.6153846153846154,Bancroft's Talon,0.005644334062205692,2.450980392156863
