,recommendations,win_rate,win_rate_per_cost
Starter Item,Soul Stone,,
Boots,Shoes of the Magi,0.606951871658,3.70463709677
Item2,Gem of Isolation,0.6106719367588933,1.9508057676
Item3,Warlock's Sash,0.606951871657754,1.98761342359
Item4,Obsidian Shard,0.6068601583113457,2.56935393781
Item5,Pythagorem's Piece,0.756756756757,3.15315315315
Item6,Hastened Fatalis,0.661016949153,3.08886424838
Relic1,Curse,0.814814814815,
Relic2,Sprint,0.64,
