Items_most_pop,Items_most_pop_L2,Items_most_pop_winrate,Items_L2,Items_L2_coef,Items_L2_winrate,Items_gold_adjusted_L2,Items_gold_adjusted_L2_coef,Items_gold_adjusted_L2_winrate
Shoes of Focus,-2.3339874576598674,0.43820224719101125,Gem of Isolation,2.679617800630474,0.8333333333333334,Obsidian Shard,0.12769485575294967,4.065040650406504
Rod of Asclepius,-1.8043027163583019,0.4393939393939394,Obsidian Shard,2.6177445429354687,0.8333333333333334,Gem of Isolation,0.0992451037270546,3.0864197530864197
Chronos' Pendant,-5.590244413182065,0.37037037037037035,Breastplate of Valor,2.268046399265698,0.5333333333333333,Breastplate of Valor,0.09861071301155208,2.318840579710145
Warlock's Sash,0.534856670953783,0.47619047619047616,Rod of Tahuti,1.2567749283433067,0.5294117647058824,Rod of Tahuti,0.03785466651636466,1.5946137491141035
Breastplate of Valor,2.268046399265698,0.5333333333333333,Warlock's Sash,0.534856670953783,0.47619047619047616,Spear of the Magus,0.021355836907454382,2.3255813953488373
Book of Thoth,-1.9420336700695258,0.4,Spear of the Magus,0.4591504935102692,0.5,Warlock's Sash,0.020183270602029547,1.7969451931716083
