Items_most_pop,Items_most_pop_L2,Items_most_pop_winrate,Items_L2,Items_L2_coef,Items_L2_winrate,Items_gold_adjusted_L2,Items_gold_adjusted_L2_coef,Items_gold_adjusted_L2_winrate
Shoes of Focus,58.86318737647345,0.4943820224719101,Obsidian Shard,99.96976460803614,0.7272727272727273,Obsidian Shard,4.8765738833188355,3.5476718403547673
Rod of Asclepius,14.798736061001305,0.5441176470588235,Breastplate of Valor,76.70831171901942,0.5555555555555556,Shoes of Focus,3.924212491764896,3.295880149812734
Chronos' Pendant,-72.51954129711007,0.46774193548387094,Lotus Crown,65.04771582102819,0.5833333333333334,Breastplate of Valor,3.3351439877834532,2.4154589371980677
Warlock's Sash,-5.279897431231531,0.4,Shoes of Focus,58.86318737647345,0.4943820224719101,Lotus Crown,3.1730593083428387,2.845528455284553
Rod of Tahuti,-10.611371553312383,0.5517241379310345,Rod of Asclepius,14.798736061001305,0.5441176470588235,Rod of Asclepius,0.5563434609398987,2.0455550641309155
Breastplate of Valor,76.70831171901942,0.5555555555555556,Book of Thoth,10.317463113521882,0.45454545454545453,Book of Thoth,0.38933823069893897,1.7152658662092624
