Items_most_pop,Items_most_pop_L2,Items_most_pop_winrate,Items_L2,Items_L2_coef,Items_L2_winrate,Items_gold_adjusted_L2,Items_gold_adjusted_L2_coef,Items_gold_adjusted_L2_winrate
Shoes of Focus,69.48047132797639,0.5533333333333333,Shoes of Focus,69.48047132797639,0.5533333333333333,Shoes of Focus,4.632031421865093,3.688888888888889
Rod of Asclepius,2.5106176382844745,0.5789473684210527,Obsidian Shard,55.29740979079144,0.5416666666666666,Obsidian Shard,2.697434623941046,2.6422764227642275
Chronos' Pendant,-11.425092132707219,0.574468085106383,Gem of Isolation,36.727124582165246,0.75,Gem of Isolation,1.3602638734135275,2.7777777777777777
Warlock's Sash,-35.79755732129883,0.4782608695652174,Rod of Asclepius,2.5106176382844745,0.5789473684210527,Rod of Asclepius,0.09438412174001783,2.176493866244559
Book of Thoth,-122.20656143252862,0.4146341463414634,Chronos' Pendant,-11.425092132707219,0.574468085106383,Chronos' Pendant,-0.47604550552946745,2.393617021276596
Rod of Tahuti,-42.61994560500968,0.4864864864864865,Lotus Crown,-24.154709110423084,0.6129032258064516,Lotus Crown,-1.17827849319137,2.989771833202203
