Items_most_pop,Items_most_pop_L2,Items_most_pop_winrate,Items_L2,Items_L2_coef,Items_L2_winrate,Items_gold_adjusted_L2,Items_gold_adjusted_L2_coef,Items_gold_adjusted_L2_winrate
Shoes of Focus,-21.231226298184378,0.4117647058823529,Chronos' Pendant,44.038060559548256,0.5106382978723404,Chronos' Pendant,1.8349191899811774,2.127659574468085
Rod of Asclepius,24.18671973635699,0.45217391304347826,Rod of Tahuti,31.99511416694331,0.5490196078431373,Gem of Isolation,0.9934873878281284,2.263374485596708
Chronos' Pendant,44.038060559548256,0.5106382978723404,Gem of Isolation,26.824159471359465,0.6111111111111112,Rod of Tahuti,0.9637082580404612,1.653673517599811
Rod of Tahuti,31.99511416694331,0.5490196078431373,Rod of Asclepius,24.18671973635699,0.45217391304347826,Rod of Asclepius,0.9092751780585336,1.6999019287348807
Warlock's Sash,-4.166270943705611,0.3488372093023256,Book of Thoth,7.6072025798921,0.46153846153846156,Book of Thoth,0.2870642482978151,1.741654571843251
Book of Thoth,7.6072025798921,0.46153846153846156,Shoes of the Magi,4.337013369632414,0.4090909090909091,Shoes of the Magi,0.2710633356020259,2.5568181818181817
