Items_most_pop,Items_most_pop_L2,Items_most_pop_winrate,Items_L2,Items_L2_coef,Items_L2_winrate,Items_gold_adjusted_L2,Items_gold_adjusted_L2_coef,Items_gold_adjusted_L2_winrate
Shoes of Focus,-171.38169940057776,0.4583333333333333,Gem of Isolation,407.44361852090674,1.0,Shoes of the Magi,15.285674810389871,5.357142857142857
Rod of Asclepius,110.05307961695074,0.5555555555555556,Shoes of the Magi,244.57079696623794,0.8571428571428571,Gem of Isolation,15.090504389663213,3.7037037037037037
Chronos' Pendant,86.05320564619083,0.578125,Rod of Asclepius,110.05307961695074,0.5555555555555556,Obsidian Shard,4.725416721429514,3.104212860310421
Warlock's Sash,14.882904955508607,0.475,Obsidian Shard,96.87104278930504,0.6363636363636364,Rod of Asclepius,4.137333820186118,2.0885547201336676
Breastplate of Valor,-94.40582702193001,0.4375,Chronos' Pendant,86.05320564619083,0.578125,Chronos' Pendant,3.5855502352579514,2.4088541666666665
Rod of Tahuti,79.36097582551692,0.6296296296296297,Rod of Tahuti,79.36097582551692,0.6296296296296297,Rod of Tahuti,2.390390838117979,1.896474788041053
