Relics_most_pop,Relics_most_pop_L2,Relics_most_pop_winrate,Relics_most_pop_wr_paired,Relics_L2,Relics_L2_coef,Relics_L2_winrate,Relics_L2_wr_paired
Purification,14.584533050692771,0.5617283950617284,0.5,Purification,14.584533050692771,0.5617283950617284,0.5
Sanctuary,7.564823606775317,0.5620437956204379,,Sprint,9.15719914341192,0.5416666666666666,
