,recommendations,win_rate,win_rate_per_cost
Starter Item,Death's Toll,,
Boots,Warrior Tabi,0.4195804195804196,2.9428409734
Item2,Qin's Sais,0.4891304347826087,1.68940870695
Item3,Devourer's Gauntlet,0.5,2.22507488233
Item4,Asi,0.45614035087719296,2.56258624088
Item5,Hastened Fatalis,0.657894736842,3.07427447122
Item6,Deathbringer,0.489130434783,1.796875
Relic1,Sanctuary,0.469387755102,
Relic2,Sprint,0.5,
