Items_most_pop,Items_most_pop_L2,Items_most_pop_winrate,Items_L2,Items_L2_coef,Items_L2_winrate,Items_gold_adjusted_L2,Items_gold_adjusted_L2_coef,Items_gold_adjusted_L2_winrate
Warrior Tabi,6.439714241875967,0.5126582278481012,Soul Eater,97.68391957899635,0.7307692307692307,Soul Eater,4.884195978949818,3.6538461538461537
Qin's Sais,-10.887865689861211,0.5609756097560976,Ninja Tabi,44.78082170409127,0.6078431372549019,Ninja Tabi,2.9853881136060845,4.052287581699346
Ichaival,29.891202026037107,0.5604395604395604,Asi,42.226243251040955,0.5666666666666667,Asi,2.372260856800054,3.183520599250936
Devourer's Gauntlet,2.0455970898774956,0.524390243902439,Wind Demon,40.18404388718809,0.6176470588235294,Ichaival,1.7583060015315943,3.2967032967032965
Hastened Fatalis,11.141538271335472,0.5975609756097561,Ichaival,29.891202026037107,0.5604395604395604,Wind Demon,1.5455401495072343,2.3755656108597285
The Executioner,1.6181027365160021,0.5205479452054794,Hastened Fatalis,11.141538271335472,0.5975609756097561,Hastened Fatalis,0.5206326295016576,2.7923410075222246
