Items_most_pop,Items_most_pop_L2,Items_most_pop_winrate,Items_L2,Items_L2_coef,Items_L2_winrate,Items_gold_adjusted_L2,Items_gold_adjusted_L2_coef,Items_gold_adjusted_L2_winrate
Warrior Tabi,-14.88115339784998,0.36792452830188677,Soul Eater,86.62111631434016,0.47619047619047616,Soul Eater,4.331055815717008,2.380952380952381
Qin's Sais,30.550542147419225,0.4166666666666667,Asi,72.44746432399836,0.4827586206896552,Asi,4.070082265393166,2.7121270825261528
Ichaival,61.57588758934908,0.4126984126984127,Ichaival,61.57588758934908,0.4126984126984127,Ichaival,3.6221110346675927,2.4276377217553686
The Executioner,-78.12294978109901,0.29310344827586204,Transcendence,60.56642659665192,0.4634146341463415,Transcendence,2.329477946025074,1.7823639774859288
Devourer's Gauntlet,-1.0752135935756908,0.3,Qin's Sais,30.550542147419225,0.4166666666666667,Ninja Tabi,1.2229904222088128,2.5925925925925926
Hastened Fatalis,5.810766326368594,0.4,Ninja Tabi,18.344856333132192,0.3888888888888889,Qin's Sais,1.1315015610155268,1.5432098765432098
