,recommendations,win_rate,win_rate_per_cost
Starter Item,Death's Toll,,
Boots,Warrior Tabi,0.58,3.41935483871
Item2,Qin's Sais,0.5735294117647058,2.12418300654
Item3,Ichaival,0.58,3.37370242215
Item4,Devourer's Gauntlet,0.5641025641025641,2.79770444763
Item5,Titan's Bane,0.611111111111,2.9810298103
Item6,Asi,0.583333333333,2.96504369538
Relic1,Purification,0.611764705882,
Relic2,Sprint,0.615384615385,
