Items_most_pop,Items_most_pop_L2,Items_most_pop_winrate,Items_L2,Items_L2_coef,Items_L2_winrate,Items_gold_adjusted_L2,Items_gold_adjusted_L2_coef,Items_gold_adjusted_L2_winrate
Shoes of the Magi,-4.412935767610084,0.49356223175965663,Book of Thoth,8.738253639847384,0.5394736842105263,Divine Ruin,0.4023765532093354,3.470213996529786
Obsidian Shard,2.0912324391431714,0.5163043478260869,Divine Ruin,7.323253268409904,0.631578947368421,Book of Thoth,0.32974542037159943,2.035749751737835
Warlock's Sash,3.838107274453242,0.5138121546961326,Pythagorem's Piece,5.9071561331991,0.5909090909090909,Pythagorem's Piece,0.24613150554996246,2.462121212121212
Book of Thoth,8.738253639847384,0.5394736842105263,Rod of Tahuti,3.9666668961886606,0.5378151260504201,Warlock's Sash,0.14483423677182045,1.9389137913061607
Chronos' Pendant,-0.48726568954649996,0.4930555555555556,Warlock's Sash,3.838107274453242,0.5138121546961326,Rod of Tahuti,0.11947791855989942,1.619925078465121
Rod of Tahuti,3.9666668961886606,0.5378151260504201,Gem of Isolation,2.377288103666786,0.5151515151515151,Obsidian Shard,0.10201133849478884,2.518557794273595
