Items_most_pop,Items_most_pop_L2,Items_most_pop_winrate,Items_L2,Items_L2_coef,Items_L2_winrate,Items_gold_adjusted_L2,Items_gold_adjusted_L2_coef,Items_gold_adjusted_L2_winrate
Shoes of the Magi,9.078492070827572,0.449438202247191,Warlock's Sash,39.77017255742988,0.4928571428571429,Warlock's Sash,1.5007612285822596,1.8598382749326146
Obsidian Shard,8.700952408707707,0.5035460992907801,Bancroft's Talon,34.06685706753326,0.5333333333333333,Bancroft's Talon,1.4194523778138861,2.2222222222222223
Warlock's Sash,39.77017255742988,0.4928571428571429,Spear of the Magus,28.071341626688838,0.5217391304347826,Spear of the Magus,1.3056437965901786,2.4266936299292214
Chronos' Pendant,22.050187030121805,0.5,Chronos' Pendant,22.050187030121805,0.5,Divine Ruin,1.0697488794001964,2.93040293040293
Book of Thoth,-5.628358281226533,0.4444444444444444,Divine Ruin,19.469429605083572,0.5333333333333333,Chronos' Pendant,0.9187577929217419,2.0833333333333335
Rod of Tahuti,-12.644522099868336,0.4845360824742268,Shoes of Focus,12.01098557584158,0.4647887323943662,Shoes of Focus,0.800732371722772,3.0985915492957745
