,recommendations,win_rate,win_rate_per_cost
Starter Item,Mark of the Vanguard,,
Boots,Shoes of the Magi,0.571428571429,3.57142857143
Item2,Sovereignty,0.5625,2.67857142857
Item3,Heartward Amulet,0.5411764705882353,2.67857142857
Item4,Bulwark of Hope,0.5208333333333334,2.22772277228
Item5,Mystical Mail,0.5625,2.27420402859
Item6,Winged Blade,0.541176470588,3.37837837838
Relic1,Sprint,0.611111111111,
Relic2,Curse,0.611111111111,
