,recommendations,win_rate,win_rate_per_cost
Starter Item,Watcher's Gift,,
Boots,Shoes of Focus,0.5240963855421686,3.0303030303
Item2,Sovereignty,0.6625,2.1645021645
Item3,Breastplate of Valor,0.5833333333333334,1.97628458498
Item4,Heartward Amulet,0.5822784810126582,2.1645021645
Item5,Pestilence,0.622222222222,2.89405684755
Item6,Gem of Isolation,0.736842105263,2.72904483431
Relic1,Meditation,0.578571428571,
Relic2,Sprint,0.625,
