Items_most_pop,Items_most_pop_L2,Items_most_pop_winrate,Items_L2,Items_L2_coef,Items_L2_winrate,Items_gold_adjusted_L2,Items_gold_adjusted_L2_coef,Items_gold_adjusted_L2_winrate
Shoes of Focus,6.463668177816471,0.4513888888888889,Sovereignty,32.51202353419247,0.5364238410596026,Sovereignty,1.5481915968663085,2.554399243140965
Breastplate of Valor,1.6016270040879799,0.43902439024390244,Heartward Amulet,26.010098247242787,0.512396694214876,Heartward Amulet,1.2385761070115613,2.4399842581660764
Heartward Amulet,26.010098247242787,0.512396694214876,Spirit Robe,7.8252569289742056,0.5256410256410257,Shoes of Focus,0.43091121185443143,3.009259259259259
Sovereignty,32.51202353419247,0.5364238410596026,Shoes of Focus,6.463668177816471,0.4513888888888889,Spirit Robe,0.3180998751615531,2.1367521367521367
Hide of the Urchin,-36.013756831261205,0.3829787234042553,Reinforced Shoes,4.401383425419107,0.4276729559748428,Reinforced Shoes,0.3143845303870791,3.054806828391734
Bulwark of Hope,-5.4612446387428,0.43223443223443225,Void Stone,2.4388393909277264,0.4972972972972973,Void Stone,0.11085633595126029,2.2604422604422605
