Relics_most_pop,Relics_most_pop_L2,Relics_most_pop_winrate,Relics_most_pop_wr_paired,Relics_L2,Relics_L2_coef,Relics_L2_winrate,Relics_L2_wr_paired
Meditation,0.11290065693951047,0.44554455445544555,1.0,Blink,5.09598078520397,0.75,1.0
Relic,-17.633002876633967,0.3333333333333333,,Sprint,4.957288631564736,0.5714285714285714,
