,recommendations,win_rate,win_rate_per_cost
Starter Item,Mark of the Vanguard,,
Boots,Shoes of Focus,0.525641025641,3.00925925926
Item2,Sovereignty,0.5364238410596026,2.43998425817
Item3,Heartward Amulet,0.512396694214876,2.43998425817
Item4,Breastplate of Valor,0.43902439024390244,2.22781171398
Item5,Spirit Robe,0.451388888889,2.13675213675
Item6,Void Stone,0.497297297297,2.26044226044
Relic1,Blink,0.714285714286,
Relic2,Sprint,0.535294117647,
