Items_most_pop,Items_most_pop_L2,Items_most_pop_winrate,Items_L2,Items_L2_coef,Items_L2_winrate,Items_gold_adjusted_L2,Items_gold_adjusted_L2_coef,Items_gold_adjusted_L2_winrate
Shoes of Focus,-0.0048787334550680185,0.47368421052631576,Breastplate of Valor,28.107742322943867,0.5393258426966292,Breastplate of Valor,1.2220757531714725,2.344894968246214
Breastplate of Valor,28.107742322943867,0.5393258426966292,Void Stone,26.39872622661268,0.627906976744186,Void Stone,1.1999421012096674,2.854122621564482
Heartward Amulet,3.3767900857392417,0.5,Pestilence,11.861584632994665,0.5384615384615384,Pestilence,0.5517016108369612,2.5044722719141324
Bulwark of Hope,-24.31879149409276,0.4166666666666667,Sovereignty,11.58026953171305,0.5084745762711864,Sovereignty,0.55144140627205,2.4213075060532687
Sovereignty,11.58026953171305,0.5084745762711864,Shoes of the Magi,7.9184292743058755,0.6153846153846154,Shoes of the Magi,0.4949018296441172,3.8461538461538463
Hide of the Urchin,-5.680046093152463,0.46153846153846156,Witchblade,5.427917285085472,0.5555555555555556,Witchblade,0.2647764529309986,2.710027100271003
