Relics_most_pop,Relics_most_pop_L2,Relics_most_pop_winrate,Relics_most_pop_wr_paired,Relics_L2,Relics_L2_coef,Relics_L2_winrate,Relics_L2_wr_paired
Meditation,23.845806018628508,0.4957983193277311,0.75,Blink,36.60568612033768,0.625,0.75
Relic,-76.37261087509988,0.37168141592920356,,Meditation,23.845806018628508,0.4957983193277311,
