Relics_most_pop,Relics_most_pop_L2,Relics_most_pop_winrate,Relics_most_pop_wr_paired,Relics_L2,Relics_L2_coef,Relics_L2_winrate,Relics_L2_wr_paired
Purification,-12.127317308930367,0.47840531561461797,0.809523809524,Sprint,46.40125599141226,0.6190476190476191,0.809523809524
Sanctuary,39.01493636069627,0.51985559566787,,Sanctuary,39.01493636069627,0.51985559566787,
