,recommendations,win_rate,win_rate_per_cost
Starter Item,Soul Stone,,
Boots,Shoes of Focus,0.477777777778,3.18518518519
Item2,Warlock's Sash,0.47249190938511326,1.9967026928
Item3,Demonic Grip,0.5461538461538461,2.32072900698
Item4,Book of Thoth,0.4975845410628019,1.9967026928
Item5,Telkhines Ring,0.546153846154,2.48512888301
Item6,Obsidian Shard,0.497584541063,2.58110348094
Relic1,Sprint,0.619047619048,
Relic2,Sanctuary,0.519855595668,
