Relics_most_pop,Relics_most_pop_L2,Relics_most_pop_winrate,Relics_most_pop_wr_paired,Relics_L2,Relics_L2_coef,Relics_L2_winrate,Relics_L2_wr_paired
Purification,-11.197439622092457,0.541871921182266,0.583333333333,Sanctuary,12.226347627035612,0.5827814569536424,0.583333333333
Sanctuary,12.226347627035612,0.5827814569536424,,Sprint,7.092450797541243,0.65625,
