Relics_most_pop,Relics_most_pop_L2,Relics_most_pop_winrate,Relics_most_pop_wr_paired,Relics_L2,Relics_L2_coef,Relics_L2_winrate,Relics_L2_wr_paired
Sanctuary,12.54238633996428,0.5649717514124294,0.65,Sanctuary,12.54238633996428,0.5649717514124294,0.65
Purification,-2.4034992792030434,0.5621301775147929,,Sprint,5.872470561872709,0.6388888888888888,
