Relics_most_pop,Relics_most_pop_L2,Relics_most_pop_winrate,Relics_most_pop_wr_paired,Relics_L2,Relics_L2_coef,Relics_L2_winrate,Relics_L2_wr_paired
Sanctuary,-6.39360500770237,0.6564102564102564,0.862068965517,Sprint,30.574612971745157,0.7542372881355932,0.862068965517
Purification,20.136875470300495,0.7014084507042253,,Purification,20.136875470300495,0.7014084507042253,
