,recommendations,win_rate,win_rate_per_cost
Starter Item,Vampiric Shroud,,
Boots,Shoes of Focus,0.5384615384615384,3.69565217391
Item2,Obsidian Shard,0.5585585585585585,2.70413573701
Item3,Rod of Tahuti,0.5543478260869565,1.66972236773
Item4,Chronos' Pendant,0.51875,2.3097826087
Item5,Divine Ruin,0.636363636364,3.4965034965
Item6,Gem of Isolation,0.652173913043,2.4154589372
Relic1,Meditation,0.671641791045,
Relic2,Phantom,0.272727272727,
