Relics_most_pop,Relics_most_pop_L2,Relics_most_pop_winrate,Relics_most_pop_wr_paired,Relics_L2,Relics_L2_coef,Relics_L2_winrate,Relics_L2_wr_paired
Sanctuary,3.512223652983937,0.5885286783042394,0.681818181818,Sprint,11.299273332911447,0.6511627906976745,0.681818181818
Purification,0.04005040817083386,0.5778443113772455,,Meditation,5.867813425388197,0.6062176165803109,
