Items_most_pop,Items_most_pop_L2,Items_most_pop_winrate,Items_L2,Items_L2_coef,Items_L2_winrate,Items_gold_adjusted_L2,Items_gold_adjusted_L2_coef,Items_gold_adjusted_L2_winrate
Shoes of Focus,0.8337297971588075,0.5581395348837209,Book of Thoth,18.684523539391048,0.6097560975609756,Book of Thoth,0.7050763599770207,2.300966405890474
Warlock's Sash,0.6265659222998878,0.5608465608465608,Divine Ruin,8.448481644656722,0.6818181818181818,Divine Ruin,0.4642022881679518,3.746253746253746
Chronos' Pendant,-4.485833230284729,0.5409836065573771,Obsidian Shard,5.695302409411163,0.5772357723577236,Shoes of the Magi,0.3430723188812349,3.5714285714285716
Book of Thoth,18.684523539391048,0.6097560975609756,Shoes of the Magi,5.4891571020997585,0.5714285714285714,Obsidian Shard,0.2778196297273738,2.8157842554035297
Obsidian Shard,5.695302409411163,0.5772357723577236,Rod of Asclepius,3.992934799197217,0.5698924731182796,Rod of Asclepius,0.15011033079688785,2.1424529064596975
Shoes of the Magi,5.4891571020997585,0.5714285714285714,Shoes of Focus,0.8337297971588075,0.5581395348837209,Shoes of Focus,0.055581986477253834,3.7209302325581395
