Items_most_pop,Items_most_pop_L2,Items_most_pop_winrate,Items_L2,Items_L2_coef,Items_L2_winrate,Items_gold_adjusted_L2,Items_gold_adjusted_L2_coef,Items_gold_adjusted_L2_winrate
Warrior Tabi,-5.748037881961684,0.31666666666666665,Titan's Bane,23.10351990660356,0.5,Titan's Bane,1.1270009710538322,2.4390243902439024
Jotunn's Wrath,-6.77872374022291,0.31868131868131866,Heartward Amulet,13.912895418947318,0.6,Heartward Amulet,0.6625188294736819,2.857142857142857
Breastplate of Valor,12.115232848972484,0.37142857142857144,Breastplate of Valor,12.115232848972484,0.37142857142857144,Breastplate of Valor,0.5267492543031514,1.6149068322981366
Hide of the Urchin,1.319790556623458,0.32727272727272727,Hide of the Nemean Lion,2.095898875019455,0.42857142857142855,Hide of the Nemean Lion,0.0952681306827025,1.948051948051948
Bulwark of Hope,-7.727040043295777,0.3076923076923077,Brawler's Beat Stick,2.0539997502679785,0.42857142857142855,Brawler's Beat Stick,0.08558332292783244,1.7857142857142858
Titan's Bane,23.10351990660356,0.5,Hide of the Urchin,1.319790556623458,0.32727272727272727,Hide of the Urchin,0.05499127319264409,1.3636363636363635
