,recommendations,win_rate,win_rate_per_cost
Starter Item,Bluestone Pendant,,
Boots,Warrior Tabi,0.4883720930232558,3.39558573854
Item2,Breastplate of Valor,0.5555555555555556,2.28832951945
Item3,Bulwark of Hope,0.5476190476190477,2.08441896821
Item4,Titan's Bane,0.5263157894736842,2.56739409499
Item5,Pestilence,0.571428571429,2.65780730897
Item6,Genji's Guard,0.625,2.84090909091
Relic1,Thorns,1.0,
Relic2,Blink,0.513888888889,
