Items_most_pop,Items_most_pop_L2,Items_most_pop_winrate,Items_L2,Items_L2_coef,Items_L2_winrate,Items_gold_adjusted_L2,Items_gold_adjusted_L2_coef,Items_gold_adjusted_L2_winrate
Warrior Tabi,-3.806490311096481,0.37623762376237624,Brawler's Beat Stick,31.262120967144412,0.6666666666666666,Reinforced Greaves,1.4324082309283028,3.7815126050420167
Jotunn's Wrath,7.900534057755329,0.4262295081967213,Frostbound Hammer,28.597836973914326,0.5,Brawler's Beat Stick,1.3025883736310173,2.7777777777777777
Breastplate of Valor,-1.744992271795243,0.4067796610169492,Hide of the Urchin,23.091758675799024,0.46153846153846156,Frostbound Hammer,1.2433842162571447,2.1739130434782608
Bulwark of Hope,-26.823874073873995,0.325,Reinforced Greaves,20.05371523299624,0.5294117647058824,Hide of the Urchin,0.962156611491626,1.9230769230769231
Hide of the Urchin,23.091758675799024,0.46153846153846156,Void Shield,13.870913153797272,0.5,Void Shield,0.5137375242147137,1.8518518518518519
Titan's Bane,-40.85774162346667,0.2692307692307692,Jotunn's Wrath,7.900534057755329,0.4262295081967213,Jotunn's Wrath,0.32379237941620204,1.7468422467078741
