Items_most_pop,Items_most_pop_L2,Items_most_pop_winrate,Items_L2,Items_L2_coef,Items_L2_winrate,Items_gold_adjusted_L2,Items_gold_adjusted_L2_coef,Items_gold_adjusted_L2_winrate
Warrior Tabi,-20.484321780650475,0.5734265734265734,Bloodforge,52.93719640321205,0.7407407407407407,Bloodforge,1.8574454878320017,2.599090318388564
Transcendence,46.31605325264355,0.6341463414634146,Transcendence,46.31605325264355,0.6341463414634146,Transcendence,1.7813866635632134,2.4390243902439024
Qin's Sais,3.8996147935687966,0.625,The Executioner,29.168007534901314,0.6349206349206349,Ichaival,1.5915528156325758,3.3986928104575163
Hastened Fatalis,7.659567020238224,0.6153846153846154,Ichaival,27.05639786575379,0.5777777777777777,Asi,1.4345809936544036,3.5990168539325844
Asi,25.535541687048386,0.640625,Asi,25.535541687048386,0.640625,The Executioner,1.2963558904400583,2.821869488536155
The Executioner,29.168007534901314,0.6349206349206349,Soul Eater,23.487094771245275,0.6666666666666666,Soul Eater,1.1743547385622637,3.3333333333333335
