Relics_most_pop,Relics_most_pop_L2,Relics_most_pop_winrate,Relics_most_pop_wr_paired,Relics_L2,Relics_L2_coef,Relics_L2_winrate,Relics_L2_wr_paired
Sanctuary,278.9591965560757,0.5564516129032258,0.666666666667,Curse,941.6984811382351,0.7142857142857143,0.666666666667
Purification,109.33044288311369,0.5188679245283019,,Sprint,341.117285138872,0.48717948717948717,
