,recommendations,win_rate,win_rate_per_cost
Starter Item,Death's Toll,,
Boots,Warrior Tabi,0.45569620253164556,2.53456221198
Item2,Deathbringer,0.5714285714285714,1.22767857143
Item3,Transcendence,0.4864864864864865,1.51098901099
Item4,Hastened Fatalis,0.42857142857142855,1.83578104139
Item5,Soul Eater,0.571428571429,3.125
Item6,Wind Demon,0.714285714286,2.74725274725
Relic1,Sanctuary,0.5,
Relic2,Sprint,0.535714285714,
