Items_most_pop,Items_most_pop_L2,Items_most_pop_winrate,Items_L2,Items_L2_coef,Items_L2_winrate,Items_gold_adjusted_L2,Items_gold_adjusted_L2_coef,Items_gold_adjusted_L2_winrate
Warrior Tabi,0.18310823471676455,0.5088757396449705,Breastplate of Valor,1.669373245582933,0.5689655172413793,Breastplate of Valor,0.07258144546012753,2.47376311844078
Jotunn's Wrath,1.5743337718182944,0.5344827586206896,Jotunn's Wrath,1.5743337718182944,0.5344827586206896,Jotunn's Wrath,0.0645218758941924,2.1905031091011873
Mystical Mail,-1.3135005933953594,0.47058823529411764,Frostbound Hammer,0.9567456018418191,0.6666666666666666,Frostbound Hammer,0.04159763486268779,2.898550724637681
Bulwark of Hope,-2.2890994167565464,0.43283582089552236,Transcendence,0.9546891764334358,0.7,Stone of Gaia,0.037049043160937226,3.1818181818181817
Breastplate of Valor,1.669373245582933,0.5689655172413793,Stone of Gaia,0.7409808632187445,0.6363636363636364,Transcendence,0.036718814478209065,2.6923076923076925
Bluestone Pendant,3.0901464772237452,0.6296296296296297,Titan's Bane,0.6753098657534671,0.5652173913043478,Titan's Bane,0.03294194467090083,2.757158006362672
