,recommendations,win_rate,win_rate_per_cost
Starter Item,Bluestone Pendant,,
Boots,Reinforced Greaves,0.545454545455,3.8961038961
Item2,Jotunn's Wrath,0.5724137931034483,2.23546944858
Item3,Breastplate of Valor,0.5507246376811594,2.37154150198
Item4,Bulwark of Hope,0.5454545454545454,2.1602160216
Item5,Void Shield,0.705882352941,2.61437908497
Item6,Mystical Mail,0.5294117647058824,1.88434048083
Relic1,Sprint,0.727272727273,
Relic2,Blink,0.75,
