Relics_most_pop,Relics_most_pop_L2,Relics_most_pop_winrate,Relics_most_pop_wr_paired,Relics_L2,Relics_L2_coef,Relics_L2_winrate,Relics_L2_wr_paired
Meditation,4.344952482637362,0.45733788395904434,0.727272727273,Shell,10.488173973890078,0.5882352941176471,0.727272727273
Relic,-39.661403951770595,0.2903225806451613,,Curse,8.020421605820015,0.5072463768115942,
