Items_most_pop,Items_most_pop_L2,Items_most_pop_winrate,Items_L2,Items_L2_coef,Items_L2_winrate,Items_gold_adjusted_L2,Items_gold_adjusted_L2_coef,Items_gold_adjusted_L2_winrate
Warrior Tabi,27.824318579076618,0.5284210526315789,Transcendence,48.22926239932072,0.68,Transcendence,1.8549716307431043,2.6153846153846154
Jotunn's Wrath,10.509370467406164,0.5304878048780488,Hide of the Urchin,30.92715790764903,0.5971223021582733,Warrior Tabi,1.7951173276823624,3.409168081494058
Mystical Mail,-7.028797139388357,0.509090909090909,Warrior Tabi,27.824318579076618,0.5284210526315789,Hide of the Urchin,1.2886315794853762,2.488009592326139
Breastplate of Valor,-53.34695531383677,0.45977011494252873,Runeforged Hammer,13.38314603991353,0.5161290322580645,Reinforced Greaves,0.9226724646282436,3.3527696793002915
Bulwark of Hope,11.690333606785703,0.5287356321839081,Reinforced Greaves,12.91741450479541,0.46938775510204084,Runeforged Hammer,0.6691573019956765,2.5806451612903225
Bluestone Pendant,50.23980970543549,0.5902777777777778,Frostbound Hammer,12.388613054752863,0.5348837209302325,Frostbound Hammer,0.5386353502066462,2.3255813953488373
