,recommendations,win_rate,win_rate_per_cost
Starter Item,Mark of the Vanguard,,
Boots,Shoes of the Magi,0.56,3.90625
Item2,Sovereignty,0.6785714285714286,2.74066461117
Item3,Heartward Amulet,0.5755395683453237,2.74066461117
Item4,Breastplate of Valor,0.5093167701863354,2.50234594933
Item5,Gem of Isolation,0.684210526316,2.53411306043
Item6,Mystical Mail,0.527918781726,2.07407407407
Relic1,Curse,0.65306122449,
Relic2,Meditation,0.521472392638,
