Relics_most_pop,Relics_most_pop_L2,Relics_most_pop_winrate,Relics_most_pop_wr_paired,Relics_L2,Relics_L2_coef,Relics_L2_winrate,Relics_L2_wr_paired
Relic,-0.7543732170289075,0.36363636363636365,0.769230769231,Meditation,0.20059933930914411,0.5375,0.769230769231
Meditation,0.20059933930914411,0.5375,,Sprint,0.12999126402973193,0.6,
