Relics_most_pop,Relics_most_pop_L2,Relics_most_pop_winrate,Relics_most_pop_wr_paired,Relics_L2,Relics_L2_coef,Relics_L2_winrate,Relics_L2_wr_paired
Meditation,14.413713372234799,0.41379310344827586,0.8,Curse,26.457715615000772,0.5333333333333333,0.8
Relic,-39.50336242230689,0.2727272727272727,,Meditation,14.413713372234799,0.41379310344827586,
