,recommendations,win_rate,win_rate_per_cost
Starter Item,Mark of the Vanguard,,
Boots,Reinforced Shoes,0.632653061224,4.87012987013
Item2,Bulwark of Hope,0.6326530612244898,2.14184683774
Item3,Heartward Amulet,0.5753424657534246,2.57531584062
Item4,Sovereignty,0.5918367346938775,2.57531584062
Item5,Breastplate of Valor,0.681818181818,2.47491638796
Item6,Hide of the Urchin,0.5581395348837209,2.32558139535
Relic1,Blink,0.636363636364,
Relic2,Curse,0.65,
