Items_most_pop,Items_most_pop_L2,Items_most_pop_winrate,Items_L2,Items_L2_coef,Items_L2_winrate,Items_gold_adjusted_L2,Items_gold_adjusted_L2_coef,Items_gold_adjusted_L2_winrate
Shoes of Focus,-61.817043853867695,0.43243243243243246,Magi's Blessing,132.47664668702532,0.75,Magi's Blessing,6.161704497070946,3.488372093023256
Breastplate of Valor,14.191374046498694,0.46296296296296297,Sovereignty,93.95718002284931,0.5384615384615384,Sovereignty,4.474151429659491,2.5641025641025643
Heartward Amulet,34.028674427000425,0.5,Hide of the Urchin,81.86265114146266,0.5185185185185185,Hide of the Urchin,3.4109437975609445,2.1604938271604937
Sovereignty,93.95718002284931,0.5384615384615384,Winged Blade,53.37706574674773,0.46153846153846156,Winged Blade,2.885246797121499,2.494802494802495
Bulwark of Hope,32.961940806745446,0.5428571428571428,Void Stone,52.2616120509552,0.6,Void Stone,2.3755278204979637,2.727272727272727
Hide of the Urchin,81.86265114146266,0.5185185185185185,Stone of Gaia,37.04801523697252,0.5,Stone of Gaia,1.852400761848626,2.5
