Relics_most_pop,Relics_most_pop_L2,Relics_most_pop_winrate,Relics_most_pop_wr_paired,Relics_L2,Relics_L2_coef,Relics_L2_winrate,Relics_L2_wr_paired
Relic,-128.39079123412287,0.3492063492063492,0.0,Sanctuary,131.46794218979647,0.7777777777777778,0.0
Meditation,-2.37778545785877,0.4489795918367347,,Shell,89.4087615830116,0.5384615384615384,
