Items_most_pop,Items_most_pop_L2,Items_most_pop_winrate,Items_L2,Items_L2_coef,Items_L2_winrate,Items_gold_adjusted_L2,Items_gold_adjusted_L2_coef,Items_gold_adjusted_L2_winrate
Shoes of the Magi,-37.821831031891016,0.46194225721784776,Chronos' Pendant,15.695401743812603,0.5139664804469274,Chronos' Pendant,0.6539750726588585,2.1415270018621975
Warlock's Sash,-35.83052360484148,0.49206349206349204,Obsidian Shard,3.3423323122106883,0.5187713310580204,Obsidian Shard,0.16304060059564335,2.530591858819612
Obsidian Shard,3.3423323122106883,0.5187713310580204,Book of Thoth,-1.609142535689903,0.48518518518518516,Book of Thoth,-0.060722359837354835,1.8308874912648498
Book of Thoth,-1.609142535689903,0.48518518518518516,Spear of Desolation,-15.106940045288264,0.4727272727272727,Spear of Desolation,-0.39755105382337536,1.244019138755981
Rod of Tahuti,-33.567378315421465,0.4915254237288136,Shoes of Focus,-19.782774170940083,0.5,Soul Reaver,-0.6811478281615183,1.5424774560987184
Chronos' Pendant,15.695401743812603,0.5139664804469274,Soul Reaver,-20.025746147948638,0.45348837209302323,Polynomicon,-0.8717273949776467,2.2946859903381642
