Relics_most_pop,Relics_most_pop_L2,Relics_most_pop_winrate,Relics_most_pop_wr_paired,Relics_L2,Relics_L2_coef,Relics_L2_winrate,Relics_L2_wr_paired
Sanctuary,-0.2067638175944517,0.42142857142857143,1.0,Curse,-0.019501251314535645,0.3333333333333333,1.0
Purification,-0.18324236859445728,0.41975308641975306,,Sprint,-0.023464417722978758,0.43243243243243246,
