,recommendations,win_rate,win_rate_per_cost
Starter Item,Soul Stone,,
Boots,Shoes of Focus,0.526315789474,3.1693989071
Item2,Book of Thoth,0.48123620309050774,1.76466996397
Item3,Rod of Tahuti,0.5103626943005182,1.40854680859
Item4,Warlock's Sash,0.4739776951672863,1.76466996397
Item5,Bancroft's Talon,0.475409836066,2.19298245614
Item6,Spear of Desolation,0.481236203091,1.39318885449
Relic1,Purification,0.496336996337,
Relic2,Sprint,0.513513513514,
