Items_most_pop,Items_most_pop_L2,Items_most_pop_winrate,Items_L2,Items_L2_coef,Items_L2_winrate,Items_gold_adjusted_L2,Items_gold_adjusted_L2_coef,Items_gold_adjusted_L2_winrate
Shoes of the Magi,6.977970042840749,0.5758683729433273,Warlock's Sash,10.64669616736283,0.584,Shoes of the Magi,0.4361231276775468,3.5991773308957953
Warlock's Sash,10.64669616736283,0.584,Rod of Tahuti,9.590236149887506,0.6005434782608695,Warlock's Sash,0.4017621195231256,2.2037735849056603
Obsidian Shard,5.470086564864249,0.5821205821205822,Shoes of the Magi,6.977970042840749,0.5758683729433273,Rod of Tahuti,0.2888625346351658,1.8088658983761132
Book of Thoth,2.6169137410924184,0.5727923627684964,Obsidian Shard,5.470086564864249,0.5821205821205822,Obsidian Shard,0.2668334909689878,2.8396125957101566
Rod of Tahuti,9.590236149887506,0.6005434782608695,Polynomicon,4.613239772070851,0.6164383561643836,Polynomicon,0.20057564226395003,2.6801667659321025
Chronos' Pendant,-4.671647699307991,0.547244094488189,Book of Thoth,2.6169137410924184,0.5727923627684964,Book of Thoth,0.09875146192801579,2.161480614220741
