Items_most_pop,Items_most_pop_L2,Items_most_pop_winrate,Items_L2,Items_L2_coef,Items_L2_winrate,Items_gold_adjusted_L2,Items_gold_adjusted_L2_coef,Items_gold_adjusted_L2_winrate
Shoes of the Magi,6.687852577738405,0.4976905311778291,Rod of Tahuti,14.974889539802932,0.5567010309278351,Rod of Tahuti,0.45105088975310037,1.6768103341199851
Warlock's Sash,11.918482418716055,0.5026385224274407,Warlock's Sash,11.918482418716055,0.5026385224274407,Warlock's Sash,0.4497540535364549,1.896749141235625
Obsidian Shard,5.213994888916976,0.5201149425287356,Spear of Desolation,8.493427421881035,0.5915492957746479,Shoes of the Magi,0.4179907861086503,3.110565819861432
Book of Thoth,4.451072879254637,0.49921507064364207,Polynomicon,7.408695783313951,0.5625,Polynomicon,0.3221172079701718,2.4456521739130435
Rod of Tahuti,14.974889539802932,0.5567010309278351,Shoes of the Magi,6.687852577738405,0.4976905311778291,Obsidian Shard,0.254341214093511,2.5371460611157834
Chronos' Pendant,-0.15444485248036696,0.5,Obsidian Shard,5.213994888916976,0.5201149425287356,Spear of Desolation,0.22351124794423774,1.5567086730911786
