Relics_most_pop,Relics_most_pop_L2,Relics_most_pop_winrate,Relics_most_pop_wr_paired,Relics_L2,Relics_L2_coef,Relics_L2_winrate,Relics_L2_wr_paired
Sanctuary,24.086822857651153,0.5148514851485149,0.833333333333,Sanctuary,24.086822857651153,0.5148514851485149,0.833333333333
Purification,-14.482917746521665,0.42,,Sprint,19.067845864656512,0.7777777777777778,
