Items_most_pop,Items_most_pop_L2,Items_most_pop_winrate,Items_L2,Items_L2_coef,Items_L2_winrate,Items_gold_adjusted_L2,Items_gold_adjusted_L2_coef,Items_gold_adjusted_L2_winrate
Shoes of the Magi,-1.3355597412800344,0.4244604316546763,Warlock's Sash,8.231118269783702,0.4636363636363636,Warlock's Sash,0.3106082365956114,1.7495711835334478
Obsidian Shard,-8.584033711846487,0.3963963963963964,Chronos' Pendant,2.476203528222633,0.4576271186440678,Chronos' Pendant,0.10317514700927638,1.9067796610169492
Warlock's Sash,8.231118269783702,0.4636363636363636,Rod of Tahuti,1.4225342658861957,0.44086021505376344,Rod of Tahuti,0.04284741764717457,1.3278922140173597
Book of Thoth,-14.439862623243863,0.3541666666666667,Polynomicon,-0.06816567983955094,0.43478260869565216,Polynomicon,-0.0029637252104152585,1.890359168241966
Rod of Tahuti,1.4225342658861957,0.44086021505376344,Soul Reaver,-0.821074903840532,0.425,Soul Reaver,-0.027927717817705172,1.445578231292517
Chronos' Pendant,2.476203528222633,0.4576271186440678,Shoes of the Magi,-1.3355597412800344,0.4244604316546763,Bancroft's Talon,-0.07935416212809354,1.5151515151515151
