,recommendations,win_rate,win_rate_per_cost
Starter Item,Soul Stone,,
Boots,Shoes of the Magi,0.458413001912,2.86508126195
Item2,Warlock's Sash,0.4649507119386637,1.75453098845
Item3,Book of Thoth,0.46523716699155293,1.75453098845
Item4,Rod of Tahuti,0.493993993993994,1.40045395162
Item5,Polynomicon,0.552287581699,2.40125035521
Item6,Spear of Desolation,0.438177874187,1.39768508408
Relic1,Purification,0.478567552903,
Relic2,Sprint,0.52,
