Items_most_pop,Items_most_pop_L2,Items_most_pop_winrate,Items_L2,Items_L2_coef,Items_L2_winrate,Items_gold_adjusted_L2,Items_gold_adjusted_L2_coef,Items_gold_adjusted_L2_winrate
Shoes of the Magi,6.075463814180292,0.5110132158590308,Obsidian Shard,10.880876551391074,0.5407608695652174,Obsidian Shard,0.5307744659215158,2.6378579003181337
Warlock's Sash,6.855925535705685,0.5107398568019093,Warlock's Sash,6.855925535705685,0.5107398568019093,Shoes of the Magi,0.37971648838626826,3.193832599118943
Obsidian Shard,10.880876551391074,0.5407608695652174,Shoes of the Magi,6.075463814180292,0.5110132158590308,Warlock's Sash,0.25871417115870515,1.9273202143468275
Book of Thoth,1.5878961861583638,0.5058823529411764,Polynomicon,4.354728065037569,0.5714285714285714,Polynomicon,0.18933600282772042,2.484472049689441
Rod of Tahuti,-0.6491218618373085,0.5202952029520295,Book of Thoth,1.5878961861583638,0.5058823529411764,Book of Thoth,0.05992061079842883,1.9089900110987792
Chronos' Pendant,-3.116949955297054,0.4816753926701571,Rod of Tahuti,-0.6491218618373085,0.5202952029520295,Rod of Tahuti,-0.019551863308352662,1.567154225759125
