Relics_most_pop,Relics_most_pop_L2,Relics_most_pop_winrate,Relics_most_pop_wr_paired,Relics_L2,Relics_L2_coef,Relics_L2_winrate,Relics_L2_wr_paired
Purification,12.32833468134974,0.5090673575129534,0.736842105263,Purification,12.32833468134974,0.5090673575129534,0.736842105263
Sanctuary,-2.811819961738894,0.5170603674540682,,Sprint,12.113840450137308,0.6056338028169014,
