Relics_most_pop,Relics_most_pop_L2,Relics_most_pop_winrate,Relics_most_pop_wr_paired,Relics_L2,Relics_L2_coef,Relics_L2_winrate,Relics_L2_wr_paired
Sanctuary,-7.6664976558854345,0.4034334763948498,1.0,Meditation,22.420593314319696,0.6363636363636364,1.0
Purification,11.291351349373926,0.41304347826086957,,Purification,11.291351349373926,0.41304347826086957,
