Relics_most_pop,Relics_most_pop_L2,Relics_most_pop_winrate,Relics_most_pop_wr_paired,Relics_L2,Relics_L2_coef,Relics_L2_winrate,Relics_L2_wr_paired
Sanctuary,2.979080657469806,0.5150166852057843,0.6875,Sprint,21.29794083138459,0.6506024096385542,0.6875
Purification,5.436808290043755,0.5039281705948373,,Purification,5.436808290043755,0.5039281705948373,
