Relics_most_pop,Relics_most_pop_L2,Relics_most_pop_winrate,Relics_most_pop_wr_paired,Relics_L2,Relics_L2_coef,Relics_L2_winrate,Relics_L2_wr_paired
Sanctuary,6.473102408295564,0.5194508009153318,0.583038869258,Purification,7.636373376776473,0.5239294710327456,0.583038869258
Purification,7.636373376776473,0.5239294710327456,,Sanctuary,6.473102408295564,0.5194508009153318,
