Items_most_pop,Items_most_pop_L2,Items_most_pop_winrate,Items_L2,Items_L2_coef,Items_L2_winrate,Items_gold_adjusted_L2,Items_gold_adjusted_L2_coef,Items_gold_adjusted_L2_winrate
Transcendence,-18.35265007853809,0.40865384615384615,Qin's Sais,16.93887049684385,0.48044692737430167,Ninja Tabi,0.7585723410483386,3.4108527131782944
Warrior Tabi,-12.926115383892231,0.4068627450980392,The Executioner,15.484940342448814,0.4948453608247423,Hastened Fatalis,0.6953970224001654,2.4426508071367885
Asi,10.141802730474573,0.45454545454545453,Hastened Fatalis,14.88149627936354,0.5227272727272727,The Executioner,0.6882195707755028,2.1993127147766325
Titan's Bane,1.975738924769446,0.455026455026455,Jotunn's Wrath,14.287049963242268,0.44936708860759494,Qin's Sais,0.6273655739571797,1.7794330643492655
Qin's Sais,16.93887049684385,0.48044692737430167,Brawler's Beat Stick,11.966471554541734,0.4838709677419355,Jotunn's Wrath,0.5855348345591094,1.8416683959327662
Jotunn's Wrath,14.287049963242268,0.44936708860759494,Ninja Tabi,11.378585115725079,0.5116279069767442,Asi,0.5697641983412682,2.5536261491317673
