Items_most_pop,Items_most_pop_L2,Items_most_pop_winrate,Items_L2,Items_L2_coef,Items_L2_winrate,Items_gold_adjusted_L2,Items_gold_adjusted_L2_coef,Items_gold_adjusted_L2_winrate
Warrior Tabi,6.904958645712518,0.5603217158176944,Asi,26.924144547803824,0.5935828877005348,Asi,1.5125923903260576,3.3347353241603077
Transcendence,12.248949962178658,0.5597826086956522,Bloodforge,19.602563805473437,0.6190476190476191,Soul Eater,0.9123243200034314,3.0172413793103448
Asi,26.924144547803824,0.5935828877005348,Soul Eater,18.24648640006863,0.603448275862069,Jotunn's Wrath,0.6887936569396014,2.540983606557377
Titan's Bane,-3.384405189223593,0.6037735849056604,Jotunn's Wrath,16.806565229326274,0.62,Bloodforge,0.6878092563324014,2.172096908939014
Jotunn's Wrath,16.806565229326274,0.62,Hastened Fatalis,12.461189771137597,0.5833333333333334,Hastened Fatalis,0.5822985874363363,2.7258566978193146
Qin's Sais,-11.150771498680658,0.5323741007194245,Transcendence,12.248949962178658,0.5597826086956522,Transcendence,0.47111346008379457,2.153010033444816
