Items_most_pop,Items_most_pop_L2,Items_most_pop_winrate,Items_L2,Items_L2_coef,Items_L2_winrate,Items_gold_adjusted_L2,Items_gold_adjusted_L2_coef,Items_gold_adjusted_L2_winrate
Shoes of Focus,-17.368946962411915,0.45759368836291914,Sovereignty,30.051579834290216,0.5317919075144508,Sovereignty,1.4310276111566769,2.53234241673548
Breastplate of Valor,-4.955513500461912,0.46682279469164717,Void Stone,20.479861580241312,0.5423728813559322,Void Stone,0.9309027991018779,2.4653312788906008
Heartward Amulet,4.5977380710704265,0.5086767895878525,Shoes of the Magi,11.168927889797239,0.5212464589235127,Shoes of the Magi,0.6980579931123273,3.2577903682719547
Sovereignty,30.051579834290216,0.5317919075144508,Genji's Guard,10.586152336333408,0.47928994082840237,Genji's Guard,0.4811887425606094,2.1785906401291015
Bulwark of Hope,-14.245693462245775,0.4571092831962397,Reinforced Shoes,5.368996598883582,0.49658314350797267,Reinforced Shoes,0.383499757063113,3.5470224536283763
Hide of the Urchin,-11.490956326530133,0.46808510638297873,Soul Reaver,5.162649645001495,0.5405405405405406,Heartward Amulet,0.21893990814621078,2.4222704266088213
