,recommendations,win_rate,win_rate_per_cost
Starter Item,Mark of the Vanguard,,
Boots,Shoes of Focus,0.5269461077844312,3.18518518519
Item2,Heartward Amulet,0.5917874396135265,2.27513227513
Item3,Sovereignty,0.5935162094763092,2.27513227513
Item4,Hide of the Urchin,0.5054945054945055,1.99074074074
Item5,Winged Blade,0.6,3.6036036036
Item6,Mantle of Discord,0.666666666667,1.93548387097
Relic1,Blink,0.5953307393,
Relic2,Sprint,0.610778443114,
