Items_most_pop,Items_most_pop_L2,Items_most_pop_winrate,Items_L2,Items_L2_coef,Items_L2_winrate,Items_gold_adjusted_L2,Items_gold_adjusted_L2_coef,Items_gold_adjusted_L2_winrate
Shoes of Focus,10.611285090198907,0.5191387559808612,Gem of Isolation,23.520093716126087,0.6808510638297872,Witchblade,1.0619448609868254,3.252032520325203
Breastplate of Valor,5.536364591647267,0.5137362637362637,Witchblade,21.76986965022992,0.6666666666666666,Winged Blade,1.0578789252189986,3.519798868636078
Heartward Amulet,5.383193933822788,0.5330396475770925,Winged Blade,19.570760116551476,0.6511627906976745,Gem of Isolation,0.8711145820787438,2.52167060677699
Hide of the Urchin,-6.12383489884831,0.49760765550239233,Shoes of the Magi,11.30871461315268,0.5454545454545454,Shoes of Focus,0.7074190060132604,3.4609250398724085
Bulwark of Hope,3.589948908773273,0.529126213592233,Shoes of Focus,10.611285090198907,0.5191387559808612,Shoes of the Magi,0.7067946633220425,3.409090909090909
Sovereignty,7.594308369354411,0.533678756476684,Mystical Mail,10.393604293153578,0.5897435897435898,Mystical Mail,0.3849483071538362,2.184235517568851
