Items_most_pop,Items_most_pop_L2,Items_most_pop_winrate,Items_L2,Items_L2_coef,Items_L2_winrate,Items_gold_adjusted_L2,Items_gold_adjusted_L2_coef,Items_gold_adjusted_L2_winrate
Shoes of Focus,-7.085452105642609,0.42196531791907516,Void Stone,29.65308883267941,0.5348837209302325,Void Stone,1.3478676742127005,2.431289640591966
Breastplate of Valor,-13.491347115833413,0.3995381062355658,Sovereignty,22.4232499350324,0.5,Sovereignty,1.0677738064301143,2.380952380952381
Heartward Amulet,-5.544731530622739,0.4395973154362416,Soul Reaver,16.28411752499913,0.5942028985507246,Soul Reaver,0.5538815484693581,2.02109829439022
Bulwark of Hope,-13.661576778574833,0.4197080291970803,Mantle of Discord,9.797377290088784,0.5060240963855421,Winged Blade,0.45573043591904805,2.7958993476234855
Sovereignty,22.4232499350324,0.5,Mystical Mail,8.910734125243987,0.5189873417721519,Mystical Mail,0.3300271898238514,1.9221753398968588
Hide of the Urchin,-16.725842632164838,0.40336134453781514,Winged Blade,8.43101306450239,0.5172413793103449,Mantle of Discord,0.3160444287125414,1.6323357947920716
