,recommendations,win_rate,win_rate_per_cost
Starter Item,Mark of the Vanguard,,
Boots,Shoes of the Magi,0.521246458924,3.25779036827
Item2,Sovereignty,0.5317919075144508,2.42227042661
Item3,Heartward Amulet,0.5086767895878525,2.42227042661
Item4,Breastplate of Valor,0.46682279469164717,2.2116382156
Item5,Void Stone,0.542372881356,2.46533127889
Item6,Genji's Guard,0.479289940828,2.17859064013
Relic1,Blink,0.537918871252,
Relic2,Curse,0.542918454936,
