Relics_most_pop,Relics_most_pop_L2,Relics_most_pop_winrate,Relics_most_pop_wr_paired,Relics_L2,Relics_L2_coef,Relics_L2_winrate,Relics_L2_wr_paired
Meditation,2.9825272644022047,0.5350877192982456,1.0,Sprint,29.42371840750414,0.6923076923076923,1.0
Relic,-33.11597072723107,0.4017857142857143,,Curse,22.49418170269862,0.5428571428571428,
