,recommendations,win_rate,win_rate_per_cost
Starter Item,Soul Stone,,
Boots,Shoes of the Magi,0.4805194805194805,3.17887931034
Item2,Warlock's Sash,0.5,1.91932335719
Item3,Rod of Tahuti,0.5086206896551724,1.53199002908
Item4,Book of Thoth,0.47101449275362317,1.91932335719
Item5,Bancroft's Talon,0.5,2.08333333333
Item6,Polynomicon,0.508620689655,2.34113712375
Relic1,Purification,0.50641025641,
Relic2,Sanctuary,0.479768786127,
