Items_most_pop,Items_most_pop_L2,Items_most_pop_winrate,Items_L2,Items_L2_coef,Items_L2_winrate,Items_gold_adjusted_L2,Items_gold_adjusted_L2_coef,Items_gold_adjusted_L2_winrate
Shoes of the Magi,-0.06411390894787798,0.41333333333333333,Warlock's Sash,0.010527025619286853,0.52,Warlock's Sash,0.0003972462497844096,1.9622641509433962
Obsidian Shard,-0.07917494728230721,0.38235294117647056,Bancroft's Talon,-0.009887041902080906,0.4,Bancroft's Talon,-0.0004119600792533711,1.6666666666666667
Book of Thoth,-0.06422431040059254,0.4,Spear of the Magus,-0.009930537142566233,0.3333333333333333,Spear of the Magus,-0.00046188544849145273,1.550387596899225
Chronos' Pendant,-0.06428394688164749,0.39344262295081966,Rod of Tahuti,-0.01947503868027786,0.4583333333333333,Spear of Desolation,-0.0005222837156758648,0.9398496240601504
Warlock's Sash,0.010527025619286853,0.52,Spear of Desolation,-0.019846781195682863,0.35714285714285715,Rod of Tahuti,-0.000586597550610779,1.3805220883534137
Rod of Tahuti,-0.01947503868027786,0.4583333333333333,Soul Reaver,-0.02471051988835686,0.4,Soul Reaver,-0.0008404938737536346,1.3605442176870748
