,recommendations,win_rate,win_rate_per_cost
Starter Item,Vampiric Shroud,,
Boots,Shoes of Focus,0.5625,2.66666666667
Item2,Obsidian Shard,0.46,2.2412656559
Item3,Warlock's Sash,0.45121951219512196,1.73380928098
Item4,Rod of Tahuti,0.4594594594594595,1.38391403452
Item5,Gem of Isolation,0.483870967742,2.31481481481
Item6,Soul Reaver,0.625,1.64581961817
Relic1,Sanctuary,0.467289719626,
Relic2,Purification,0.414141414141,
