,recommendations,win_rate,win_rate_per_cost
Starter Item,Vampiric Shroud,,
Boots,Shoes of Focus,0.414634146341,2.58064516129
Item2,Rod of Tahuti,0.5116279069767442,1.16793705434
Item3,Obsidian Shard,0.4727272727272727,1.89148830264
Item4,Warlock's Sash,0.4146341463414634,1.46322680015
Item5,Dynasty Plate Helm,0.5,2.94117647059
Item6,Chronos' Pendant,0.387755102041,1.6156462585
Relic1,Sprint,0.538461538462,
Relic2,Sanctuary,0.421875,
