,recommendations,win_rate,win_rate_per_cost
Starter Item,Vampiric Shroud,,
Boots,Shoes of the Magi,0.333333333333,2.08333333333
Item2,Book of Thoth,0.359375,1.34443510809
Item3,Warlock's Sash,0.33653846153846156,1.34443510809
Item4,Rod of Tahuti,0.3562753036437247,1.07311838447
Item5,Spear of Desolation,0.359375,1.22566690699
Item6,Soul Reaver,0.360655737705,1.22672019628
Relic1,Sprint,0.511111111111,
Relic2,Meditation,0.435897435897,
