Items_most_pop,Items_most_pop_L2,Items_most_pop_winrate,Items_L2,Items_L2_coef,Items_L2_winrate,Items_gold_adjusted_L2,Items_gold_adjusted_L2_coef,Items_gold_adjusted_L2_winrate
Shoes of the Magi,4.064932558625729,0.3813953488372093,Rod of Tahuti,20.420732448732686,0.4482758620689655,Warlock's Sash,0.6582783892853504,1.5581253804017041
Obsidian Shard,2.9881216392648824,0.3879781420765027,Warlock's Sash,17.44437731606179,0.4129032258064516,Rod of Tahuti,0.6150823026726712,1.3502285002077274
Book of Thoth,-3.8975452014965946,0.36257309941520466,Soul Reaver,16.359561338519025,0.48484848484848486,Soul Reaver,0.5564476645754771,1.6491445062873635
Warlock's Sash,17.44437731606179,0.4129032258064516,Shoes of the Magi,4.064932558625729,0.3813953488372093,Shoes of the Magi,0.2540582849141081,2.383720930232558
Chronos' Pendant,-13.346084314591042,0.3355263157894737,Obsidian Shard,2.9881216392648824,0.3879781420765027,Obsidian Shard,0.1457620311836528,1.8925763028122085
Rod of Tahuti,20.420732448732686,0.4482758620689655,Bancroft's Talon,0.9383757000465551,0.36363636363636365,Bancroft's Talon,0.03909898750193979,1.5151515151515151
