,recommendations,win_rate,win_rate_per_cost
Starter Item,Death's Toll,,
Boots,Warrior Tabi,0.581395348837,3.59703020993
Item2,Ichaival,0.6040462427745664,3.55321319279
Item3,Qin's Sais,0.5859375,2.23720830657
Item4,Asi,0.5756457564575646,3.39351821783
Item5,Titan's Bane,0.55753968254,3.0487804878
Item6,Bloodforge,0.625,2.03998368013
Relic1,Sprint,0.671052631579,
Relic2,Sanctuary,0.602469135802,
