Relics_most_pop,Relics_most_pop_L2,Relics_most_pop_winrate,Relics_most_pop_wr_paired,Relics_L2,Relics_L2_coef,Relics_L2_winrate,Relics_L2_wr_paired
Purification,6.3467889560719835,0.5021097046413502,0.75,Sprint,16.729983702277487,0.6329113924050633,0.75
Sanctuary,6.303332059447646,0.5288683602771362,,Purification,6.3467889560719835,0.5021097046413502,
