,recommendations,win_rate,win_rate_per_cost
Starter Item,Mark of the Vanguard,,
Boots,Shoes of the Magi,0.581395348837,3.46715328467
Item2,Heartward Amulet,0.6363636363636364,2.57936507937
Item3,Mark of the Vanguard,0.5416666666666666,6.77083333333
Item4,Breastplate of Valor,0.5508474576271186,2.35507246377
Item5,Soul Reaver,0.686274509804,2.33426704015
Item6,Winged Blade,0.59375,4.05405405405
Relic1,Meditation,0.574074074074,
Relic2,Blink,0.573170731707,
