Items_most_pop,Items_most_pop_L2,Items_most_pop_winrate,Items_L2,Items_L2_coef,Items_L2_winrate,Items_gold_adjusted_L2,Items_gold_adjusted_L2_coef,Items_gold_adjusted_L2_winrate
Shoes of Focus,-10.817217935618192,0.4322033898305085,Void Stone,9.01137455302499,0.5824175824175825,Shoes of the Magi,0.5522255977072899,3.767123287671233
Void Stone,9.01137455302499,0.5824175824175825,Shoes of the Magi,8.835609563316638,0.6027397260273972,Void Stone,0.4096079342284086,2.647352647352647
Breastplate of Valor,4.917847174508149,0.5512820512820513,Mystical Mail,8.074447717785898,0.6071428571428571,Mystical Mail,0.2990536191772554,2.248677248677249
Bulwark of Hope,1.146135533947292,0.5135135135135135,Breastplate of Valor,4.917847174508149,0.5512820512820513,Reinforced Shoes,0.28143562408514183,4.3478260869565215
Shoes of the Magi,8.835609563316638,0.6027397260273972,Reinforced Shoes,3.9400987371919856,0.6086956521739131,Breastplate of Valor,0.21381944236991954,2.3968784838350055
Mark of the Vanguard,0.4686537579382537,0.5079365079365079,Stone of Gaia,3.057545557229409,0.6153846153846154,Stone of Gaia,0.15287727786147046,3.076923076923077
