Relics_most_pop,Relics_most_pop_L2,Relics_most_pop_winrate,Relics_most_pop_wr_paired,Relics_L2,Relics_L2_coef,Relics_L2_winrate,Relics_L2_wr_paired
Relic,-16.937490242739795,0.55,0.5,Blink,16.44863860855828,0.6938775510204082,0.5
Meditation,5.960341179417648,0.6306306306306306,,Curse,13.96042646992032,0.7105263157894737,
