,recommendations,win_rate,win_rate_per_cost
Starter Item,Mark of the Vanguard,,
Boots,Shoes of Focus,0.545454545455,2.94820717131
Item2,Rod of Asclepius,0.543859649122807,1.5445590721
Item3,Heartward Amulet,0.49193548387096775,1.95644149133
Item4,Breastplate of Valor,0.4108527131782946,1.78631614425
Item5,Gem of Isolation,0.442231075697,2.0202020202
Item6,Sovereignty,0.494252873563,2.35358511221
Relic1,Curse,0.619047619048,
Relic2,Meditation,0.480392156863,
