,recommendations,win_rate,win_rate_per_cost
Starter Item,Soul Stone,,
Boots,Shoes of Focus,0.54347826087,3.6231884058
Item2,Rod of Tahuti,0.5445544554455446,1.39101861993
Item3,Chronos' Pendant,0.5130111524163569,1.92424242424
Item4,Book of Thoth,0.5270935960591133,1.74271012007
Item5,Divine Ruin,0.458333333333,2.51831501832
Item6,Spear of Desolation,0.581395348837,1.5299877601
Relic1,Meditation,0.368421052632,
Relic2,Purification,0.486486486486,
