Relics_most_pop,Relics_most_pop_L2,Relics_most_pop_winrate,Relics_most_pop_wr_paired,Relics_L2,Relics_L2_coef,Relics_L2_winrate,Relics_L2_wr_paired
Sanctuary,-16.150001044600057,0.49851632047477745,0.527093596059,Purification,7.317042097457215,0.5103448275862069,0.527093596059
Purification,7.317042097457215,0.5103448275862069,,Sanctuary,-16.150001044600057,0.49851632047477745,
