Relics_most_pop,Relics_most_pop_L2,Relics_most_pop_winrate,Relics_most_pop_wr_paired,Relics_L2,Relics_L2_coef,Relics_L2_winrate,Relics_L2_wr_paired
Sanctuary,8.418125596192588,0.49122807017543857,0.666666666667,Sprint,23.85762168023588,0.6571428571428571,0.666666666667
Purification,-0.6072622515707999,0.44966442953020136,,Sanctuary,8.418125596192588,0.49122807017543857,
