Items_most_pop,Items_most_pop_L2,Items_most_pop_winrate,Items_L2,Items_L2_coef,Items_L2_winrate,Items_gold_adjusted_L2,Items_gold_adjusted_L2_coef,Items_gold_adjusted_L2_winrate
Shoes of the Magi,363.06200516105133,0.4618181818181818,Shoes of Focus,392.45841045016977,0.5434782608695652,Shoes of Focus,26.163894030011317,3.6231884057971016
Chronos' Pendant,-18.237262200870124,0.5130111524163569,Shoes of the Magi,363.06200516105133,0.4618181818181818,Shoes of the Magi,22.691375322565708,2.8863636363636362
Obsidian Shard,-123.935024267444,0.4728682170542636,Divine Ruin,129.5090681889679,0.4583333333333333,Divine Ruin,7.115882867525709,2.5183150183150182
Warlock's Sash,-73.66634642260311,0.4708333333333333,Rod of Tahuti,48.63142462414063,0.5445544554455446,Rod of Tahuti,1.4648019465102597,1.6402242633901944
Book of Thoth,-48.496294510235074,0.5270935960591133,Spear of Desolation,24.090944339422546,0.5813953488372093,Spear of Desolation,0.633972219458488,1.5299877600979193
Rod of Tahuti,48.63142462414063,0.5445544554455446,Chronos' Pendant,-18.237262200870124,0.5130111524163569,Chronos' Pendant,-0.7598859250362552,2.137546468401487
