Relics_most_pop,Relics_most_pop_L2,Relics_most_pop_winrate,Relics_most_pop_wr_paired,Relics_L2,Relics_L2_coef,Relics_L2_winrate,Relics_L2_wr_paired
Purification,-0.10936704654182304,0.6030927835051546,1.0,Blink,20.90795983220603,0.8245614035087719,1.0
Sanctuary,1.0058773832428005,0.6024844720496895,,Curse,1.4757191373909202,0.6428571428571429,
