Items_most_pop,Items_most_pop_L2,Items_most_pop_winrate,Items_L2,Items_L2_coef,Items_L2_winrate,Items_gold_adjusted_L2,Items_gold_adjusted_L2_coef,Items_gold_adjusted_L2_winrate
Warrior Tabi,-2.1519907682588397,0.3902439024390244,Ichaival,17.55468031495167,0.5357142857142857,Ichaival,1.0326282538206866,3.1512605042016806
Transcendence,-21.427293915523375,0.3233082706766917,Soul Eater,13.642953549141017,0.6086956521739131,Soul Eater,0.682147677457051,3.0434782608695654
Qin's Sais,1.5804692540077596,0.4019607843137255,Titan's Bane,12.756223180012222,0.5,Titan's Bane,0.6222547892688888,2.4390243902439024
Asi,-11.33761238665928,0.3333333333333333,Bloodforge,6.739608401364623,0.475,Bloodforge,0.23647748776717978,1.6666666666666667
The Executioner,-10.082744508230343,0.3424657534246575,Qin's Sais,1.5804692540077596,0.4019607843137255,Qin's Sais,0.05853589829658369,1.4887436456063907
Ichaival,17.55468031495167,0.5357142857142857,Deathbringer,-0.2156396545119684,0.4107142857142857,Deathbringer,-0.0067387392034990124,1.2834821428571428
