,recommendations,win_rate,win_rate_per_cost
Starter Item,Death's Toll,,
Boots,Warrior Tabi,0.463235294118,2.98861480076
Item2,Asi,0.51875,2.62172284644
Item3,Qin's Sais,0.5123456790123457,1.72839506173
Item4,Ichaival,0.4666666666666667,2.74509803922
Item5,Hastened Fatalis,0.558823529412,2.61132490379
Item6,Titan's Bane,0.586666666667,2.86178861789
Relic1,Sprint,0.610169491525,
Relic2,Purification,0.478448275862,
