,recommendations,win_rate,win_rate_per_cost
Starter Item,Death's Toll,,
Boots,Warrior Tabi,0.4125874125874126,3.16494217894
Item2,Qin's Sais,0.48936170212765956,1.81691125087
Item3,Titan's Bane,0.49056603773584906,2.39300506213
Item4,The Executioner,0.4426229508196721,2.18029350105
Item5,Hastened Fatalis,0.553191489362,2.50740825165
Item6,Deathbringer,0.536585365854,1.72872340426
Relic1,Sprint,0.642857142857,
Relic2,Meditation,0.526315789474,
