Relics_most_pop,Relics_most_pop_L2,Relics_most_pop_winrate,Relics_most_pop_wr_paired,Relics_L2,Relics_L2_coef,Relics_L2_winrate,Relics_L2_wr_paired
Purification,21.469826897635727,0.6079470198675496,0.67032967033,Sanctuary,22.97080605389982,0.622478386167147,0.67032967033
Sanctuary,22.97080605389982,0.622478386167147,,Purification,21.469826897635727,0.6079470198675496,
