Items_most_pop,Items_most_pop_L2,Items_most_pop_winrate,Items_L2,Items_L2_coef,Items_L2_winrate,Items_gold_adjusted_L2,Items_gold_adjusted_L2_coef,Items_gold_adjusted_L2_winrate
Warrior Tabi,-17.777407699678427,0.4115983026874116,Asi,20.276474481819104,0.46436781609195404,Ichaival,1.178365457582677,2.700846875715267
Transcendence,0.11857062607579744,0.4190031152647975,Ichaival,20.032212778905507,0.4591439688715953,Asi,1.1391277798774777,2.6088079555727752
Qin's Sais,-12.296326793126502,0.44761904761904764,Hastened Fatalis,17.55495914810183,0.506578947368421,Hastened Fatalis,0.8203251938365342,2.367191342843089
Asi,20.276474481819104,0.46436781609195404,Titan's Bane,14.327991335179233,0.5097276264591439,Titan's Bane,0.698926406594109,2.4864762266299705
The Executioner,2.063954634986943,0.4517133956386293,Wind Demon,5.213413017273091,0.5190839694656488,Wind Demon,0.20051588527973427,1.996476805637111
Titan's Bane,14.327991335179233,0.5097276264591439,The Executioner,2.063954634986943,0.4517133956386293,The Executioner,0.0917313171105308,2.0076150917272413
