Items_most_pop,Items_most_pop_L2,Items_most_pop_winrate,Items_L2,Items_L2_coef,Items_L2_winrate,Items_gold_adjusted_L2,Items_gold_adjusted_L2_coef,Items_gold_adjusted_L2_winrate
Warrior Tabi,-2.580146104024815,0.42105263157894735,Reinforced Greaves,1.837504879133917,0.75,Reinforced Greaves,0.1312503485095655,5.357142857142857
Frostbound Hammer,-1.4286823145019163,0.43137254901960786,Titan's Bane,1.6048284029764068,0.6666666666666666,Titan's Bane,0.07828431234031252,3.252032520325203
Jotunn's Wrath,0.22838008043801894,0.48936170212765956,Winged Blade,1.2363154478156968,0.8333333333333334,Winged Blade,0.06682786204409172,4.504504504504505
Hide of the Urchin,0.5805668926105625,0.5185185185185185,Qin's Sais,1.0341787911437648,0.6,Qin's Sais,0.03830291819050981,2.2222222222222223
Breastplate of Valor,-2.0036237703700372,0.34615384615384615,Brawler's Beat Stick,0.6863999349185769,0.6,Brawler's Beat Stick,0.02859999728827404,2.5
Stone of Gaia,-0.6093099330355489,0.43478260869565216,Hide of the Urchin,0.5805668926105625,0.5185185185185185,Hide of the Urchin,0.024190287192106773,2.1604938271604937
