Items_most_pop,Items_most_pop_L2,Items_most_pop_winrate,Items_L2,Items_L2_coef,Items_L2_winrate,Items_gold_adjusted_L2,Items_gold_adjusted_L2_coef,Items_gold_adjusted_L2_winrate
Warrior Tabi,32.71128884614832,0.5056179775280899,Frostbound Hammer,63.24754114523561,0.6271186440677966,Frostbound Hammer,2.7498930932711136,2.726602800294768
Jotunn's Wrath,-2.1127707930009567,0.484375,Warrior Tabi,32.71128884614832,0.5056179775280899,Warrior Tabi,2.110405732009569,3.2620514679231607
Frostbound Hammer,63.24754114523561,0.6271186440677966,Winged Blade,23.412374143156057,0.6666666666666666,Winged Blade,1.265533737467895,3.6036036036036037
Breastplate of Valor,-41.28592472608146,0.375,Hastened Fatalis,17.562719626902837,0.625,Hastened Fatalis,0.8206878330328429,2.9205607476635516
Bulwark of Hope,5.240405747980006,0.5151515151515151,Mantle of Discord,16.30491838150425,0.5714285714285714,Hide of the Nemean Lion,0.5928775270244675,2.272727272727273
Hide of the Urchin,-20.708972528418347,0.3939393939393939,Hide of the Nemean Lion,13.043305594538285,0.5,Mantle of Discord,0.5259651090807823,1.8433179723502304
