Relics_most_pop,Relics_most_pop_L2,Relics_most_pop_winrate,Relics_most_pop_wr_paired,Relics_L2,Relics_L2_coef,Relics_L2_winrate,Relics_L2_wr_paired
Relic,-29.305344989057808,0.3333333333333333,1.0,Purification,14.600019928006628,0.5555555555555556,1.0
Meditation,-11.563164422181888,0.39849624060150374,,Sprint,7.578440453258213,0.5588235294117647,
