Relics_most_pop,Relics_most_pop_L2,Relics_most_pop_winrate,Relics_most_pop_wr_paired,Relics_L2,Relics_L2_coef,Relics_L2_winrate,Relics_L2_wr_paired
Relic,-0.12401644979041997,0.33766233766233766,0.5,Thorns,0.020033082032588405,0.8333333333333334,0.5
Meditation,-0.02942272056591004,0.4482758620689655,,Sprint,0.00018048882054138963,0.5,
