Items_most_pop,Items_most_pop_L2,Items_most_pop_winrate,Items_L2,Items_L2_coef,Items_L2_winrate,Items_gold_adjusted_L2,Items_gold_adjusted_L2_coef,Items_gold_adjusted_L2_winrate
Warrior Tabi,-2.5102293686932566,0.4166666666666667,Jotunn's Wrath,9.994849701248254,0.5,Ichaival,0.5568546950962338,3.361344537815126
Frostbound Hammer,-4.409645835051085,0.40476190476190477,Ichaival,9.466529816635974,0.5714285714285714,Jotunn's Wrath,0.409624987756076,2.0491803278688523
Jotunn's Wrath,9.994849701248254,0.5,The Executioner,8.671288561843795,0.7142857142857143,The Executioner,0.3853906027486131,3.1746031746031744
Hide of the Urchin,7.163994104091148,0.48484848484848486,Breastplate of Valor,8.306533198578755,0.5,Breastplate of Valor,0.3611536173295111,2.1739130434782608
Stone of Gaia,-1.1036881377468353,0.42857142857142855,Hide of the Urchin,7.163994104091148,0.48484848484848486,Hide of the Urchin,0.29849975433713116,2.0202020202020203
Qin's Sais,0.03389843944323729,0.45,Titan's Bane,5.0259549696525605,0.5,Titan's Bane,0.24516853510500297,2.4390243902439024
