,recommendations,win_rate,win_rate_per_cost
Starter Item,Death's Toll,,
Boots,Ninja Tabi,0.625,3.82978723404
Item2,Transcendence,0.6301369863013698,2.00668896321
Item3,Bloodforge,0.6304347826086957,1.83066361556
Item4,Hastened Fatalis,0.6,2.43803331979
Item5,Malice,0.807692307692,2.69230769231
Item6,Brawler's Beat Stick,0.857142857143,3.57142857143
Relic1,Sprint,0.823529411765,
Relic2,Sanctuary,0.588785046729,
