Relics_most_pop,Relics_most_pop_L2,Relics_most_pop_winrate,Relics_most_pop_wr_paired,Relics_L2,Relics_L2_coef,Relics_L2_winrate,Relics_L2_wr_paired
Sanctuary,13.108127942561337,0.5454545454545454,0.666666666667,Purification,19.432357038859095,0.5317460317460317,0.666666666667
Purification,19.432357038859095,0.5317460317460317,,Sprint,13.334091731602918,0.6071428571428571,
