,recommendations,win_rate,win_rate_per_cost
Starter Item,Death's Toll,,
Boots,Warrior Tabi,0.5267857142857143,3.81830151415
Item2,The Executioner,0.5576923076923077,2.63038548753
Item3,Hastened Fatalis,0.5671641791044776,2.7655922182
Item4,Transcendence,0.5238095238095238,2.27629513344
Item5,Rage,0.714285714286,2.97619047619
Item6,Ichaival,0.487179487179,2.86576168929
Relic1,Curse,0.833333333333,
Relic2,Sanctuary,0.551020408163,
