,recommendations,win_rate,win_rate_per_cost
Starter Item,Death's Toll,,
Boots,Ninja Tabi,0.600985221675,4.01515151515
Item2,Hastened Fatalis,0.6184971098265896,2.8901734104
Item3,Qin's Sais,0.6167883211678832,2.29073003639
Item4,Transcendence,0.5842490842490843,2.37883503779
Item5,Ichaival,0.618497109827,3.53520718632
Item6,Asi,0.659340659341,3.3924985073
Relic1,Sprint,0.701986754967,
Relic2,Purification,0.616091954023,
