Items_most_pop,Items_most_pop_L2,Items_most_pop_winrate,Items_L2,Items_L2_coef,Items_L2_winrate,Items_gold_adjusted_L2,Items_gold_adjusted_L2_coef,Items_gold_adjusted_L2_winrate
Warrior Tabi,1.2299566700179558,0.5647058823529412,Wind Demon,24.602633599145754,0.9047619047619048,Asi,0.9927554856907598,3.6960378474275575
Transcendence,13.97490063027029,0.5986842105263158,Asi,17.671047645295523,0.6578947368421053,Wind Demon,0.9462551384286828,3.47985347985348
Qin's Sais,-10.320184442483164,0.5445544554455446,Transcendence,13.97490063027029,0.5986842105263158,Ninja Tabi,0.7757818497634921,4.252873563218391
Hastened Fatalis,9.70332685109547,0.6153846153846154,Ninja Tabi,11.636727746452381,0.6379310344827587,Ichaival,0.591562710093304,3.5679845708775315
Asi,17.671047645295523,0.6578947368421053,Ichaival,10.056566071586166,0.6065573770491803,Transcendence,0.5374961780873189,2.3026315789473686
Deathbringer,6.056228218891476,0.6176470588235294,Hastened Fatalis,9.70332685109547,0.6153846153846154,Hastened Fatalis,0.4534264883689472,2.8756290438533427
