,recommendations,win_rate,win_rate_per_cost
Starter Item,Death's Toll,,
Boots,Warrior Tabi,0.518587360595,3.34572490706
Item2,Hastened Fatalis,0.5640138408304498,2.388835338
Item3,Transcendence,0.5302013422818792,1.96619523974
Item4,Qin's Sais,0.54296875,1.89337319382
Item5,Asi,0.596153846154,3.34917891098
Item6,Titan's Bane,0.54296875,2.84106137765
Relic1,Purification,0.574572127139,
Relic2,Sprint,0.596330275229,
