Relics_most_pop,Relics_most_pop_L2,Relics_most_pop_winrate,Relics_most_pop_wr_paired,Relics_L2,Relics_L2_coef,Relics_L2_winrate,Relics_L2_wr_paired
Sanctuary,0.36639380023151624,0.5167652859960552,0.741935483871,Purification,5.205492866302254,0.5745721271393643,0.741935483871
Purification,5.205492866302254,0.5745721271393643,,Sprint,1.9924708508961553,0.5963302752293578,
