Items_most_pop,Items_most_pop_L2,Items_most_pop_winrate,Items_L2,Items_L2_coef,Items_L2_winrate,Items_gold_adjusted_L2,Items_gold_adjusted_L2_coef,Items_gold_adjusted_L2_winrate
Warrior Tabi,8.072681591243306,0.5064102564102564,Hastened Fatalis,21.105649497107727,0.5783132530120482,Devourer's Gauntlet,1.0189663507941065,3.027754415475189
Transcendence,1.8654873840914528,0.4961832061068702,Devourer's Gauntlet,20.88881019127918,0.6206896551724138,Hastened Fatalis,0.9862453036031649,2.702398378560973
Hastened Fatalis,21.105649497107727,0.5783132530120482,Bloodforge,19.1802181152167,0.5581395348837209,Jotunn's Wrath,0.7398836940237936,3.0737704918032787
Deathbringer,11.665294571203612,0.5757575757575758,Jotunn's Wrath,18.053162134180564,0.75,Bloodforge,0.6729901093058491,1.9583843329253365
Qin's Sais,2.283759828211468,0.546875,Malice,12.281277950539833,0.7333333333333333,Warrior Tabi,0.5208181671769875,3.2671629445822994
Asi,-37.1170956549222,0.38095238095238093,Deathbringer,11.665294571203612,0.5757575757575758,Malice,0.40937593168466113,2.4444444444444446
