Relics_most_pop,Relics_most_pop_L2,Relics_most_pop_winrate,Relics_most_pop_wr_paired,Relics_L2,Relics_L2_coef,Relics_L2_winrate,Relics_L2_wr_paired
Purification,18.119450977449077,0.5605095541401274,0.857142857143,Sprint,59.95821803175403,0.78125,0.857142857143
Sanctuary,57.04972564317157,0.5915492957746479,,Sanctuary,57.04972564317157,0.5915492957746479,
