,recommendations,win_rate,win_rate_per_cost
Starter Item,Vampiric Shroud,,
Boots,Shoes of the Magi,0.44776119403,2.79850746269
Item2,Book of Thoth,0.4659090909090909,1.75814751286
Item3,Rod of Tahuti,0.43243243243243246,1.40334063527
Item4,Warlock's Sash,0.4326923076923077,1.75814751286
Item5,Spear of the Magus,0.485714285714,2.25913621262
Item6,Divine Ruin,0.465909090909,2.74725274725
Relic1,Sanctuary,0.468468468468,
Relic2,Curse,0.5,
