,recommendations,win_rate,win_rate_per_cost
Starter Item,Soul Stone,,
Boots,Shoes of Focus,0.555555555556,3.7037037037
Item2,Obsidian Shard,0.5714285714285714,2.75862068966
Item3,Book of Thoth,0.5462184873949579,2.13402732596
Item4,Gem of Isolation,0.5970149253731343,2.0945083014
Item5,Divine Ruin,0.546218487395,2.5641025641
Item6,Spear of the Magus,0.571428571429,2.65780730897
Relic1,Purification,0.592307692308,
Relic2,Sanctuary,0.540880503145,
