Relics_most_pop,Relics_most_pop_L2,Relics_most_pop_winrate,Relics_most_pop_wr_paired,Relics_L2,Relics_L2_coef,Relics_L2_winrate,Relics_L2_wr_paired
Meditation,-5.0343839425817025,0.4961832061068702,0.4,Phantom,13.198036578751005,0.48936170212765956,0.4
Relic,-120.60383001048083,0.41082164328657317,,Sprint,8.056325858578978,0.5409090909090909,
