Relics_most_pop,Relics_most_pop_L2,Relics_most_pop_winrate,Relics_most_pop_wr_paired,Relics_L2,Relics_L2_coef,Relics_L2_winrate,Relics_L2_wr_paired
Meditation,11.14051825687445,0.5793871866295265,0.681818181818,Meditation,11.14051825687445,0.5793871866295265,0.681818181818
Relic,-8.219786404657768,0.4708029197080292,,Curse,4.84981814534435,0.6129032258064516,
