,recommendations,win_rate,win_rate_per_cost
Starter Item,Mark of the Vanguard,,
Boots,Reinforced Shoes,0.480769230769,3.38983050847
Item2,Bulwark of Hope,0.4807692307692308,1.9040365575
Item3,Sovereignty,0.47058823529411764,2.28937728938
Item4,Breastplate of Valor,0.44029850746268656,2.09030100334
Item5,Spirit Robe,0.535714285714,2.17770034843
Item6,Hide of the Nemean Lion,0.483870967742,2.15311004785
Relic1,Purification,0.5,
Relic2,Phantom,0.5,
