Relics_most_pop,Relics_most_pop_L2,Relics_most_pop_winrate,Relics_most_pop_wr_paired,Relics_L2,Relics_L2_coef,Relics_L2_winrate,Relics_L2_wr_paired
Meditation,-21.20670202650538,0.49504950495049505,0.8125,Sprint,128.18891326806795,0.7058823529411765,0.8125
Relic,-315.18370103213147,0.4722222222222222,,Meditation,-21.20670202650538,0.49504950495049505,
