Items_most_pop,Items_most_pop_L2,Items_most_pop_winrate,Items_L2,Items_L2_coef,Items_L2_winrate,Items_gold_adjusted_L2,Items_gold_adjusted_L2_coef,Items_gold_adjusted_L2_winrate
Shoes of Focus,-3.6543090094226898,0.5449101796407185,Shoes of the Magi,24.996035961364548,0.7931034482758621,Shoes of the Magi,1.5622522475852845,4.956896551724138
Breastplate of Valor,-1.176296054950141,0.5454545454545454,Mystical Mail,17.877669541350155,0.6666666666666666,Mystical Mail,0.6621359089388946,2.4691358024691357
Heartward Amulet,2.193721580006201,0.574468085106383,Mantle of Discord,11.044618068202617,0.6285714285714286,Winged Blade,0.49075567254249286,3.6036036036036037
Sovereignty,0.8025357914819965,0.5681818181818182,Void Stone,9.99475610061316,0.6428571428571429,Void Stone,0.45430709548241627,2.9220779220779223
Hide of the Urchin,-1.5046976699731542,0.5428571428571428,Winged Blade,9.078979942036119,0.6666666666666666,Mantle of Discord,0.35627800220008443,2.0276497695852536
Void Stone,9.99475610061316,0.6428571428571429,Spirit Robe,8.421262238521535,0.6666666666666666,Spirit Robe,0.3423277332732332,2.710027100271003
