Items_most_pop,Items_most_pop_L2,Items_most_pop_winrate,Items_L2,Items_L2_coef,Items_L2_winrate,Items_gold_adjusted_L2,Items_gold_adjusted_L2_coef,Items_gold_adjusted_L2_winrate
Shoes of Focus,-0.09369981119472626,0.40404040404040403,Sovereignty,0.015361379332754424,0.5454545454545454,Sovereignty,0.0007314942539406868,2.5974025974025974
Breastplate of Valor,-0.054151931341336806,0.417910447761194,Reinforced Shoes,0.010185944338335074,0.55,Reinforced Shoes,0.0007275674527382197,3.9285714285714284
Void Stone,-0.05941204802951093,0.3695652173913043,Winged Blade,0.005085083285850897,0.5714285714285714,Winged Blade,0.0002748693668027512,3.088803088803089
Hide of the Urchin,-0.049408039902834405,0.391304347826087,Magi's Blessing,8.468169022902176e-05,0.5,Magi's Blessing,3.938683266466128e-06,2.3255813953488373
Bulwark of Hope,-0.009477428789506623,0.47619047619047616,Witchblade,-0.004919294582924726,0.42857142857142855,Witchblade,-0.00023996558941096223,2.0905923344947737
Heartward Amulet,-0.039512626446002924,0.4,Bulwark of Hope,-0.009477428789506623,0.47619047619047616,Gem of Isolation,-0.00036446066977794094,1.5873015873015872
