,recommendations,win_rate,win_rate_per_cost
Starter Item,Mark of the Vanguard,,
Boots,Shoes of Focus,0.476744186047,3.17829457364
Item2,Sovereignty,0.6170212765957447,2.93819655522
Item3,Hide of the Urchin,0.5217391304347826,2.57092198582
Item4,Heartward Amulet,0.5319148936170213,2.93819655522
Item5,Hide of the Nemean Lion,0.454545454545,2.06611570248
Item6,Celestial Legion Helm,0.777777777778,3.38164251208
Relic1,Sprint,0.647058823529,
Relic2,Blink,0.5,
