Relics_most_pop,Relics_most_pop_L2,Relics_most_pop_winrate,Relics_most_pop_wr_paired,Relics_L2,Relics_L2_coef,Relics_L2_winrate,Relics_L2_wr_paired
Relic,-7.23251883969151,0.5069444444444444,0.722222222222,Curse,7.2503688985148225,0.6428571428571429,0.722222222222
Meditation,5.092007163386387,0.576,,Meditation,5.092007163386387,0.576,
