Items_most_pop,Items_most_pop_L2,Items_most_pop_winrate,Items_L2,Items_L2_coef,Items_L2_winrate,Items_gold_adjusted_L2,Items_gold_adjusted_L2_coef,Items_gold_adjusted_L2_winrate
Shoes of the Magi,-267.24714405408946,0.4611872146118721,Shoes of Focus,157.58001859577809,0.5142857142857142,Shoes of Focus,10.505334573051872,3.4285714285714284
Warlock's Sash,93.38412706842952,0.4892086330935252,Warlock's Sash,93.38412706842952,0.4892086330935252,Warlock's Sash,3.523929323336963,1.8460703135604724
Obsidian Shard,-163.65212549923848,0.4883720930232558,Rod of Tahuti,32.93649310177191,0.5348837209302325,Rod of Tahuti,0.9920630452340936,1.61109554497058
Polynomicon,-114.59217022210417,0.48031496062992124,Telkhines Ring,-35.60684284966526,0.6341463414634146,Telkhines Ring,-1.6756161341018945,2.9842180774748925
Demonic Grip,-284.5240616283996,0.43119266055045874,Soul Reaver,-53.21581668969807,0.35294117647058826,Soul Reaver,-1.810061792166601,1.2004801920768307
Book of Thoth,-107.67179981959502,0.5145631067961165,Hastened Fatalis,-68.86013353820067,0.2857142857142857,Hastened Fatalis,-3.2177632494486295,1.335113484646195
