Items_most_pop,Items_most_pop_L2,Items_most_pop_winrate,Items_L2,Items_L2_coef,Items_L2_winrate,Items_gold_adjusted_L2,Items_gold_adjusted_L2_coef,Items_gold_adjusted_L2_winrate
Shoes of the Magi,-7.661682938269321,0.4528301886792453,Telkhines Ring,39.94037394838262,0.5974025974025974,Telkhines Ring,1.879547009335653,2.8113063407181054
Polynomicon,19.09747920097788,0.4803921568627451,Obsidian Shard,19.166002470395675,0.5114942528735632,Obsidian Shard,0.9349269497753987,2.495093916456406
Warlock's Sash,2.140130867806813,0.4375,Polynomicon,19.09747920097788,0.4803921568627451,Polynomicon,0.8303251826512121,2.0886615515771525
Obsidian Shard,19.166002470395675,0.5114942528735632,Bancroft's Talon,13.791870840530537,0.5652173913043478,Bancroft's Talon,0.5746612850221057,2.3550724637681157
Book of Thoth,7.92501903361719,0.46875,Book of Thoth,7.92501903361719,0.46875,Book of Thoth,0.29905732202329016,1.7688679245283019
Rod of Tahuti,-16.39123404711619,0.4740740740740741,Warlock's Sash,2.140130867806813,0.4375,Warlock's Sash,0.08075965538893635,1.650943396226415
