,recommendations,win_rate,win_rate_per_cost
Starter Item,Bluestone Pendant,,
Boots,Warrior Tabi,0.619047619048,3.37377922462
Item2,Qin's Sais,0.639344262295082,2.0964360587
Item3,Asi,0.5660377358490566,3.17998728005
Item4,Transcendence,0.5188679245283019,2.1770682148
Item5,Jotunn's Wrath,0.639344262295,2.95992714026
Item6,Brawler's Beat Stick,0.75,3.125
Relic1,Sprint,0.772727272727,
Relic2,Sanctuary,0.597701149425,
