Items_most_pop,Items_most_pop_L2,Items_most_pop_winrate,Items_L2,Items_L2_coef,Items_L2_winrate,Items_gold_adjusted_L2,Items_gold_adjusted_L2_coef,Items_gold_adjusted_L2_winrate
Warrior Tabi,-9.876711317433346,0.5082872928176796,Asi,27.55337752301764,0.6413043478260869,Asi,1.5479425574729013,3.6028334147532974
Transcendence,8.698663602936415,0.536144578313253,Qin's Sais,27.259129810492954,0.6403508771929824,Qin's Sais,1.0095974003886279,2.371669915529565
Qin's Sais,27.259129810492954,0.6403508771929824,Wind Demon,20.604535581510763,0.7419354838709677,Wind Demon,0.792482137750414,2.8535980148883375
Asi,27.55337752301764,0.6413043478260869,The Executioner,14.414125078488949,0.5974025974025974,The Executioner,0.6406277812661755,2.655122655122655
The Executioner,14.414125078488949,0.5974025974025974,Transcendence,8.698663602936415,0.536144578313253,Ninja Tabi,0.4060096713011509,3.8383838383838382
Deathbringer,-3.8770792812344452,0.5409836065573771,Ninja Tabi,6.0901450695172645,0.5757575757575758,Transcendence,0.3345639847283237,2.0620945319740502
