Items_most_pop,Items_most_pop_L2,Items_most_pop_winrate,Items_L2,Items_L2_coef,Items_L2_winrate,Items_gold_adjusted_L2,Items_gold_adjusted_L2_coef,Items_gold_adjusted_L2_winrate
Transcendence,-0.005110145620939317,0.5340909090909091,Jotunn's Wrath,8.148184420633182,0.6185567010309279,Jotunn's Wrath,0.3339419844521796,2.535068446848065
Warrior Tabi,4.354679505641795,0.5531914893617021,Bloodforge,7.950883542782459,0.6292134831460674,Hastened Fatalis,0.329490713104496,2.9341447511410563
Qin's Sais,-1.2998168015570823,0.525,Hastened Fatalis,7.051101260436214,0.627906976744186,Warrior Tabi,0.28094706488011584,3.568977350720659
Asi,2.0886599703185316,0.5454545454545454,Titan's Bane,4.762986962404271,0.6,Bloodforge,0.27897836992219155,2.2077666075300613
Ninja Tabi,-0.04496997582253122,0.5221238938053098,Warrior Tabi,4.354679505641795,0.5531914893617021,Titan's Bane,0.23234082743435466,2.926829268292683
Jotunn's Wrath,8.148184420633182,0.6185567010309279,Ichaival,3.1693633839000923,0.5735294117647058,Ichaival,0.18643314022941718,3.3737024221453287
