Items_most_pop,Items_most_pop_L2,Items_most_pop_winrate,Items_L2,Items_L2_coef,Items_L2_winrate,Items_gold_adjusted_L2,Items_gold_adjusted_L2_coef,Items_gold_adjusted_L2_winrate
Transcendence,11.720130414340463,0.65,Warrior Tabi,17.759417863287993,0.6666666666666666,Warrior Tabi,1.145768894405677,4.301075268817204
Warrior Tabi,17.759417863287993,0.6666666666666666,Hastened Fatalis,13.070913857634864,0.7073170731707317,Ichaival,0.6244526732901783,4.033613445378151
Qin's Sais,2.6688335244641546,0.647887323943662,Titan's Bane,12.595074651498916,0.7391304347826086,Titan's Bane,0.6143938854389716,3.605514316012725
Asi,7.194273305187597,0.6601941747572816,Transcendence,11.720130414340463,0.65,Hastened Fatalis,0.6107903671791992,3.305219968087531
Hastened Fatalis,13.070913857634864,0.7073170731707317,Ichaival,10.615695445933031,0.6857142857142857,Transcendence,0.4507742467054024,2.5
Jotunn's Wrath,2.738209030168207,0.6419753086419753,Asi,7.194273305187597,0.6601941747572816,Asi,0.40417265759480886,3.7089560379622557
