Relics_most_pop,Relics_most_pop_L2,Relics_most_pop_winrate,Relics_most_pop_wr_paired,Relics_L2,Relics_L2_coef,Relics_L2_winrate,Relics_L2_wr_paired
Sanctuary,-99.51763476922835,0.5083333333333333,0.0,Curse,242.15937894204055,0.5714285714285714,0.0
Purification,-104.5244960365072,0.5217391304347826,,Meditation,6.9251462825629675,0.5142857142857142,
