,recommendations,win_rate,win_rate_per_cost
Starter Item,Bluestone Pendant,,
Boots,Warrior Tabi,0.3944954128440367,2.71646859083
Item2,Frostbound Hammer,0.4383561643835616,1.83066361556
Item3,Bulwark of Hope,0.4423076923076923,1.66753517457
Item4,Hide of the Urchin,0.42105263157894735,1.75438596491
Item5,Ichaival,0.727272727273,4.41176470588
Item6,Transcendence,0.75,2.7972027972
Relic1,Curse,0.5,
Relic2,Meditation,0.448275862069,
