Relics_most_pop,Relics_most_pop_L2,Relics_most_pop_winrate,Relics_most_pop_wr_paired,Relics_L2,Relics_L2_coef,Relics_L2_winrate,Relics_L2_wr_paired
Sanctuary,0.15212718987537943,0.5069444444444444,1.0,Purification,6.5823247582157975,0.5365853658536586,1.0
Purification,6.5823247582157975,0.5365853658536586,,Curse,4.604180920009335,0.7777777777777778,
