Relics_most_pop,Relics_most_pop_L2,Relics_most_pop_winrate,Relics_most_pop_wr_paired,Relics_L2,Relics_L2_coef,Relics_L2_winrate,Relics_L2_wr_paired
Sanctuary,2.068343121328174,0.5064599483204134,0.561264822134,Purification,5.110294782696191,0.5194444444444445,0.561264822134
Purification,5.110294782696191,0.5194444444444445,,Sanctuary,2.068343121328174,0.5064599483204134,
