,recommendations,win_rate,win_rate_per_cost
Starter Item,Soul Stone,,
Boots,Shoes of the Magi,0.438888888889,2.74305555556
Item2,Warlock's Sash,0.4329268292682927,1.65618448637
Item3,Obsidian Shard,0.45864661654135336,2.14092140921
Item4,Rod of Tahuti,0.4606741573033708,1.32195448461
Item5,Pythagorem's Piece,0.588235294118,2.45098039216
Item6,Spear of Desolation,0.545454545455,1.43540669856
Relic1,Sprint,0.588235294118,
Relic2,Sanctuary,0.459627329193,
