,recommendations,win_rate,win_rate_per_cost
Starter Item,Death's Toll,,
Boots,Warrior Tabi,0.566371681416,3.55497037525
Item2,Ichaival,0.5982142857142857,3.23529411765
Item3,Wind Demon,0.5977011494252874,2.11538461538
Item4,Qin's Sais,0.5663716814159292,2.03703703704
Item5,Rage,0.598214285714,2.57936507937
Item6,Bloodforge,0.625,2.19298245614
Relic1,Sprint,0.740740740741,
Relic2,Meditation,0.666666666667,
