Items_most_pop,Items_most_pop_L2,Items_most_pop_winrate,Items_L2,Items_L2_coef,Items_L2_winrate,Items_gold_adjusted_L2,Items_gold_adjusted_L2_coef,Items_gold_adjusted_L2_winrate
Warrior Tabi,10.66510989758612,0.6410256410256411,Ichaival,26.957245621696558,0.6875,Ichaival,1.5857203306880328,4.044117647058823
Qin's Sais,19.485596922000457,0.6763285024154589,Wind Demon,23.68907947256475,0.6808510638297872,Asi,1.0825705059455875,3.847929813760197
Ichaival,26.957245621696558,0.6875,Qin's Sais,19.485596922000457,0.6763285024154589,Wind Demon,0.9111184412524903,2.618657937806874
Deathbringer,0.7443691817000994,0.618421052631579,Asi,19.269755005831456,0.684931506849315,Qin's Sais,0.7216887748889059,2.5049203793165145
Asi,19.269755005831456,0.684931506849315,Warrior Tabi,10.66510989758612,0.6410256410256411,Warrior Tabi,0.6880716062958788,4.1356492969396195
Wind Demon,23.68907947256475,0.6808510638297872,Malice,8.139438064241242,0.6666666666666666,Malice,0.27131460214137476,2.2222222222222223
