Items_most_pop,Items_most_pop_L2,Items_most_pop_winrate,Items_L2,Items_L2_coef,Items_L2_winrate,Items_gold_adjusted_L2,Items_gold_adjusted_L2_coef,Items_gold_adjusted_L2_winrate
Warrior Tabi,8.256455805439208,0.5757575757575758,Wind Demon,16.882546585227985,0.6536312849162011,Wind Demon,0.6493287148164609,2.5139664804469275
Qin's Sais,12.135359689335248,0.6111111111111112,Bloodforge,16.435869361846205,0.6833333333333333,Bloodforge,0.5766971705910948,2.3976608187134505
Ichaival,7.668441456921495,0.5799086757990868,Deathbringer,12.297053490206228,0.6321243523316062,Warrior Tabi,0.5326745680928521,3.7145650048875853
Deathbringer,12.297053490206228,0.6321243523316062,Qin's Sais,12.135359689335248,0.6111111111111112,Hastened Fatalis,0.5185561047932077,3.174043378592841
Wind Demon,16.882546585227985,0.6536312849162011,Hastened Fatalis,11.097100642574645,0.6792452830188679,Ichaival,0.45108479158361736,3.4112275047005105
Asi,2.0397188606709786,0.5847953216374269,Warrior Tabi,8.256455805439208,0.5757575757575758,Qin's Sais,0.4494577662716758,2.263374485596708
