,recommendations,win_rate,win_rate_per_cost
Starter Item,Death's Toll,,
Boots,Warrior Tabi,0.5433070866141733,4.09764603313
Item2,Ichaival,0.5833333333333334,3.73608903021
Item3,Deathbringer,0.6351351351351351,1.9847972973
Item4,Qin's Sais,0.574468085106383,2.35235235235
Item5,Titan's Bane,0.635135135135,3.51219512195
Item6,Devourer's Gauntlet,0.574468085106,2.94951786727
Relic1,Sprint,0.689655172414,
Relic2,Sanctuary,0.592,
