Relics_most_pop,Relics_most_pop_L2,Relics_most_pop_winrate,Relics_most_pop_wr_paired,Relics_L2,Relics_L2_coef,Relics_L2_winrate,Relics_L2_wr_paired
Sanctuary,31.611807057107587,0.6296296296296297,1.0,Sanctuary,31.611807057107587,0.6296296296296297,1.0
Purification,-1.71061185192949,0.5867768595041323,,Meditation,9.651022129006744,0.8333333333333334,
