Relics_most_pop,Relics_most_pop_L2,Relics_most_pop_winrate,Relics_most_pop_wr_paired,Relics_L2,Relics_L2_coef,Relics_L2_winrate,Relics_L2_wr_paired
Purification,1.4455041361018555,0.521079258010118,0.658536585366,Sanctuary,4.683040357043825,0.5576208178438662,0.658536585366
Sanctuary,4.683040357043825,0.5576208178438662,,Sprint,1.912580074689005,0.6162790697674418,
