,recommendations,win_rate,win_rate_per_cost
Starter Item,Mark of the Vanguard,,
Boots,Reinforced Shoes,0.75,4.08163265306
Item2,Void Stone,0.6296296296296297,1.94805194805
Item3,Breastplate of Valor,0.5357142857142857,1.86335403727
Item4,Bulwark of Hope,0.42857142857142855,1.6973125884
Item5,Sovereignty,0.681818181818,3.24675324675
Item6,Heartward Amulet,0.722222222222,3.43915343915
Relic1,Shell,0.620689655172,
Relic2,Meditation,0.553571428571,
