Items_most_pop,Items_most_pop_L2,Items_most_pop_winrate,Items_L2,Items_L2_coef,Items_L2_winrate,Items_gold_adjusted_L2,Items_gold_adjusted_L2_coef,Items_gold_adjusted_L2_winrate
Shoes of Focus,-1.9633378498250582,0.5576470588235294,Shoes of the Magi,18.24099221089307,0.6358974358974359,Shoes of the Magi,1.1400620131808166,3.9743589743589745
Breastplate of Valor,-3.1930465060902358,0.5816831683168316,Mystical Mail,14.929368356038994,0.6290322580645161,Mystical Mail,0.552939568742185,2.3297491039426523
Void Stone,5.772786092866265,0.6038961038961039,Pestilence,11.300304228204585,0.6222222222222222,Pestilence,0.5255955454978877,2.8940568475452197
Bulwark of Hope,-9.518202051297898,0.5592592592592592,Gem of Isolation,10.534585661156703,0.6666666666666666,Hide of the Nemean Lion,0.3972661277255334,2.9220779220779223
Hide of the Urchin,-2.0256121311118114,0.5752895752895753,Soul Reaver,9.794878941878538,0.64,Gem of Isolation,0.3901698393021001,2.4691358024691357
Heartward Amulet,-13.931772909955479,0.555,Hide of the Nemean Lion,8.739854809961734,0.6428571428571429,Reinforced Shoes,0.3887537320460903,4.137931034482759
