Items_most_pop,Items_most_pop_L2,Items_most_pop_winrate,Items_L2,Items_L2_coef,Items_L2_winrate,Items_gold_adjusted_L2,Items_gold_adjusted_L2_coef,Items_gold_adjusted_L2_winrate
Breastplate of Valor,-7.402582879317218,0.4383116883116883,Sovereignty,11.30052827759831,0.556390977443609,Sovereignty,0.5381203941713482,2.649480844969567
Shoes of Focus,-10.825338657936408,0.4136690647482014,Mantle of Discord,10.521022440186703,0.5726495726495726,Shoes of the Magi,0.3438673596875996,3.1091370558375635
Void Stone,2.510088926675382,0.48148148148148145,Mystical Mail,6.905717248626432,0.5227272727272727,Mantle of Discord,0.33938782065118395,1.8472566859663633
Bulwark of Hope,-14.713219268174626,0.3981042654028436,Gem of Isolation,6.816671526134681,0.625,Mystical Mail,0.2557673055046827,1.936026936026936
Shoes of the Magi,5.501877755001594,0.49746192893401014,Soul Reaver,5.773996699431866,0.6206896551724138,Gem of Isolation,0.25246931578276594,2.314814814814815
Hide of the Urchin,-2.8810558219133124,0.45408163265306123,Shoes of the Magi,5.501877755001594,0.49746192893401014,Reinforced Shoes,0.20430644708022075,3.6490683229813663
