,recommendations,win_rate,win_rate_per_cost
Starter Item,Mark of the Vanguard,,
Boots,Shoes of Focus,0.823529411765,3.96396396396
Item2,Void Stone,0.6612903225806451,2.72727272727
Item3,Breastplate of Valor,0.6,2.60869565217
Item4,Mystical Mail,0.6530612244897959,2.22222222222
Item5,Celestial Legion Helm,0.777777777778,3.58056265985
Item6,Gem of Isolation,0.6,2.88065843621
Relic1,Meditation,0.591397849462,
Relic2,Shell,0.736842105263,
