,recommendations,win_rate,win_rate_per_cost
Starter Item,Mark of the Vanguard,,
Boots,Shoes of the Magi,0.716049382716,4.47530864198
Item2,Heartward Amulet,0.6385542168674698,2.63235729074
Item3,Hide of the Urchin,0.6039603960396039,2.3033126294
Item4,Void Stone,0.5806451612903226,2.51270468662
Item5,Pestilence,0.66,3.06976744186
Item6,Dynasty Plate Helm,0.657142857143,4.01069518717
Relic1,Curse,0.649350649351,
Relic2,Frenzy,0.785714285714,
