Relics_most_pop,Relics_most_pop_L2,Relics_most_pop_winrate,Relics_most_pop_wr_paired,Relics_L2,Relics_L2_coef,Relics_L2_winrate,Relics_L2_wr_paired
Meditation,13.988641390074266,0.6187290969899666,0.736842105263,Shell,22.381498176704127,0.7,0.736842105263
Relic,-23.727992326861997,0.5345622119815668,,Meditation,13.988641390074266,0.6187290969899666,
