,recommendations,win_rate,win_rate_per_cost
Starter Item,Mark of the Vanguard,,
Boots,Ninja Tabi,0.652173913043,4.36781609195
Item2,Frostbound Hammer,0.7843137254901961,3.41005967604
Item3,Qin's Sais,0.6521739130434783,2.90486564996
Item4,Hide of the Urchin,0.6190476190476191,3.26797385621
Item5,The Executioner,0.882352941176,3.92156862745
Item6,Ichaival,0.678571428571,3.78151260504
Relic1,Shell,0.8,
Relic2,Meditation,0.666666666667,
