,recommendations,win_rate,win_rate_per_cost
Starter Item,Mark of the Vanguard,,
Boots,Reinforced Shoes,0.584415584416,4.25531914894
Item2,Lotus Crown,0.5777777777777777,2.81842818428
Item3,Heartward Amulet,0.5844155844155844,2.75132275132
Item4,Bulwark of Hope,0.5125,2.28822882288
Item5,Sovereignty,0.595744680851,2.85714285714
Item6,Pestilence,0.545454545455,2.52491694352
Relic1,Sprint,0.652173913043,
Relic2,Meditation,0.546762589928,
