Items_most_pop,Items_most_pop_L2,Items_most_pop_winrate,Items_L2,Items_L2_coef,Items_L2_winrate,Items_gold_adjusted_L2,Items_gold_adjusted_L2_coef,Items_gold_adjusted_L2_winrate
Shoes of Focus,68.38963216730589,0.5549132947976878,Genji's Guard,251.55928214346835,0.5294117647058824,Reinforced Shoes,14.492630884670037,3.7142857142857144
Lotus Crown,-50.64800032843425,0.5698924731182796,Rod of Asclepius,233.00938418836506,0.6,Genji's Guard,11.434512824703107,2.406417112299465
Breastplate of Valor,145.5800806552497,0.5882352941176471,Reinforced Shoes,202.8968323853805,0.52,Sovereignty,9.572112878199658,2.55863539445629
Heartward Amulet,1.8197202269442283,0.5555555555555556,Sovereignty,201.0143704421928,0.5373134328358209,Rod of Asclepius,8.75975128527688,2.255639097744361
Bulwark of Hope,31.84059036699576,0.5205479452054794,Breastplate of Valor,145.5800806552497,0.5882352941176471,Breastplate of Valor,6.329568724141291,2.557544757033248
Rod of Asclepius,233.00938418836506,0.6,Ethereal Staff,76.88186019261282,0.5882352941176471,Shoes of Focus,4.559308811153726,3.699421965317919
