Items_most_pop,Items_most_pop_L2,Items_most_pop_winrate,Items_L2,Items_L2_coef,Items_L2_winrate,Items_gold_adjusted_L2,Items_gold_adjusted_L2_coef,Items_gold_adjusted_L2_winrate
Shoes of Focus,40.71526018133676,0.43373493975903615,Rod of Asclepius,562.9138312574246,0.7,Reinforced Shoes,24.028184791018845,4.642857142857143
Heartward Amulet,-335.12754115608027,0.47619047619047616,Witchblade,363.92343980797455,0.6666666666666666,Rod of Asclepius,21.16217410742198,2.6315789473684212
Sovereignty,-50.14782386757039,0.5121951219512195,Reinforced Shoes,336.3945870742639,0.65,Witchblade,17.75236291746217,3.252032520325203
Bulwark of Hope,-49.3830351601223,0.5,Pestilence,118.28105125131631,0.6,Pestilence,5.501444244247271,2.7906976744186047
Breastplate of Valor,8.614617050511447,0.4,Hide of the Urchin,85.89500384930678,0.5172413793103449,Hide of the Urchin,3.5789584937211156,2.1551724137931036
Rod of Asclepius,562.9138312574246,0.7,Lotus Crown,53.19610919167058,0.5652173913043478,Shoes of Focus,2.714350678755784,2.891566265060241
