Relics_most_pop,Relics_most_pop_L2,Relics_most_pop_winrate,Relics_most_pop_wr_paired,Relics_L2,Relics_L2_coef,Relics_L2_winrate,Relics_L2_wr_paired
Relic,-55.8624602764248,0.47115384615384615,1.0,Shell,64.93607049944862,0.7441860465116279,1.0
Meditation,7.531481820004567,0.5714285714285714,,Phantom,28.02003508394955,0.6666666666666666,
