Relics_most_pop,Relics_most_pop_L2,Relics_most_pop_winrate,Relics_most_pop_wr_paired,Relics_L2,Relics_L2_coef,Relics_L2_winrate,Relics_L2_wr_paired
Meditation,40.0425027994904,0.5888888888888889,0.666666666667,Meditation,40.0425027994904,0.5888888888888889,0.666666666667
Relic,-25.596249133952835,0.49333333333333335,,Curse,28.807030714147082,0.6428571428571429,
