,recommendations,win_rate,win_rate_per_cost
Starter Item,Watcher's Gift,,
Boots,Shoes of Focus,0.5050505050505051,4.44444444444
Item2,Heartward Amulet,0.6595744680851063,3.1746031746
Item3,Sovereignty,0.6666666666666666,3.1746031746
Item4,Breastplate of Valor,0.4528301886792453,2.89855072464
Item5,Gem of Isolation,0.75,2.77777777778
Item6,Void Stone,0.666666666667,3.0303030303
Relic1,Meditation,0.588888888889,
Relic2,Curse,0.642857142857,
