Relics_most_pop,Relics_most_pop_L2,Relics_most_pop_winrate,Relics_most_pop_wr_paired,Relics_L2,Relics_L2_coef,Relics_L2_winrate,Relics_L2_wr_paired
Meditation,22.42044159327163,0.4792332268370607,0.603773584906,Meditation,22.42044159327163,0.4792332268370607,0.603773584906
Relic,-57.95368426868068,0.3707865168539326,,Sprint,19.796039448174348,0.49557522123893805,
