Items_most_pop,Items_most_pop_L2,Items_most_pop_winrate,Items_L2,Items_L2_coef,Items_L2_winrate,Items_gold_adjusted_L2,Items_gold_adjusted_L2_coef,Items_gold_adjusted_L2_winrate
Shoes of Focus,1.2762302553282134,0.550561797752809,Breastplate of Valor,2.1494491576980748,0.6,Breastplate of Valor,0.09345431120426413,2.608695652173913
Breastplate of Valor,2.1494491576980748,0.6,Genji's Guard,1.831796707066105,0.7083333333333334,Shoes of Focus,0.0850820170218809,3.6704119850187267
Lotus Crown,-1.115435461658167,0.46296296296296297,Gem of Isolation,1.5350996463453714,0.8333333333333334,Genji's Guard,0.08326348668482296,3.2196969696969697
Heartward Amulet,0.12093399446185644,0.52,Shoes of Focus,1.2762302553282134,0.550561797752809,Gem of Isolation,0.05685554245723598,3.0864197530864197
Hide of the Urchin,0.5117440943899624,0.5454545454545454,Rod of Asclepius,1.1591807578298694,0.5853658536585366,Rod of Asclepius,0.04357822397856652,2.2006235099944984
Rod of Asclepius,1.1591807578298694,0.5853658536585366,Sovereignty,0.8583850989747464,0.5806451612903226,Sovereignty,0.04087548090355935,2.7649769585253456
