Items_most_pop,Items_most_pop_L2,Items_most_pop_winrate,Items_L2,Items_L2_coef,Items_L2_winrate,Items_gold_adjusted_L2,Items_gold_adjusted_L2_coef,Items_gold_adjusted_L2_winrate
Shoes of Focus,-13.307162539349473,0.5042735042735043,Witchblade,62.8268725369688,0.9090909090909091,Witchblade,3.0647254896082345,4.434589800443459
Heartward Amulet,29.041830781691175,0.5857142857142857,Rod of Asclepius,46.56198760586273,0.64,Rod of Asclepius,1.7504506618745388,2.406015037593985
Lotus Crown,-2.727716127459573,0.5362318840579711,Gem of Isolation,32.40548799079643,0.6666666666666666,Heartward Amulet,1.382944322937675,2.7891156462585034
Breastplate of Valor,28.534655408827973,0.5625,Heartward Amulet,29.041830781691175,0.5857142857142857,Breastplate of Valor,1.2406371916881729,2.4456521739130435
Bulwark of Hope,-5.8071064032460065,0.5098039215686274,Breastplate of Valor,28.534655408827973,0.5625,Gem of Isolation,1.2002032589183864,2.4691358024691357
Rod of Asclepius,46.56198760586273,0.64,Spirit Robe,20.745837177532515,0.7272727272727273,Shoes of the Magi,1.052238932879674,3.6458333333333335
