,recommendations,win_rate,win_rate_per_cost
Starter Item,Mark of the Vanguard,,
Boots,Shoes of Focus,0.590909090909,3.49206349206
Item2,Heartward Amulet,0.5909090909090909,2.49433106576
Item3,Bulwark of Hope,0.5373134328358209,2.0744931636
Item4,Sovereignty,0.5131578947368421,2.49433106576
Item5,Winged Blade,0.714285714286,3.861003861
Item6,Void Stone,0.537313432836,2.87081339713
Relic1,Curse,0.571428571429,
Relic2,Shell,0.584905660377,
