,recommendations,win_rate,win_rate_per_cost
Starter Item,Mark of the Vanguard,,
Boots,Shoes of Focus,0.553571428571,3.10249307479
Item2,Heartward Amulet,0.5384615384615384,2.21606648199
Item3,Sovereignty,0.47586206896551725,2.21606648199
Item4,Lotus Crown,0.43575418994413406,2.27011688399
Item5,Spirit Robe,0.465373961219,2.25029036005
Item6,Genji's Guard,0.518518518519,2.3569023569
Relic1,Meditation,0.479233226837,
Relic2,Sprint,0.495575221239,
