Items_most_pop,Items_most_pop_L2,Items_most_pop_winrate,Items_L2,Items_L2_coef,Items_L2_winrate,Items_gold_adjusted_L2,Items_gold_adjusted_L2_coef,Items_gold_adjusted_L2_winrate
Warrior Tabi,7.538347160571066,0.48044692737430167,Ichaival,21.36884843499194,0.5384615384615384,Ichaival,1.2569910844112904,3.167420814479638
Asi,7.639613828473286,0.49504950495049505,Devourer's Gauntlet,19.91490816594927,0.5625,Devourer's Gauntlet,0.9714589349243546,2.7439024390243905
Qin's Sais,17.039084209402986,0.5612244897959183,Qin's Sais,17.039084209402986,0.5612244897959183,Qin's Sais,0.6310771929408514,2.0786092214663645
Transcendence,-13.83696434350805,0.38144329896907214,Wind Demon,10.218369831323464,0.5660377358490566,Warrior Tabi,0.48634497810135907,3.0996575959632366
Ichaival,21.36884843499194,0.5384615384615384,Malice,8.742323966592428,0.5476190476190477,Asi,0.4291917881164768,2.781176994103905
Deathbringer,-13.397521489403145,0.4657534246575342,Asi,7.639613828473286,0.49504950495049505,Wind Demon,0.3930142242816717,2.1770682148040637
