,recommendations,win_rate,win_rate_per_cost
Starter Item,Death's Toll,,
Boots,Warrior Tabi,0.4935897435897436,2.73373428103
Item2,Qin's Sais,0.5233644859813084,1.56936597615
Item3,Transcendence,0.5051546391752577,1.629726206
Item4,Wind Demon,0.5423728813559322,1.629726206
Item5,Bloodforge,0.604166666667,2.11988304094
Item6,Ichaival,0.586206896552,2.83975659229
Relic1,Sprint,0.625,
Relic2,Purification,0.518248175182,
