Relics_most_pop,Relics_most_pop_L2,Relics_most_pop_winrate,Relics_most_pop_wr_paired,Relics_L2,Relics_L2_coef,Relics_L2_winrate,Relics_L2_wr_paired
Sanctuary,19.525771561929652,0.4792626728110599,0.904761904762,Sprint,49.06653125798519,0.78125,0.904761904762
Purification,-0.06779470123221003,0.43661971830985913,,Sanctuary,19.525771561929652,0.4792626728110599,
