Relics_most_pop,Relics_most_pop_L2,Relics_most_pop_winrate,Relics_most_pop_wr_paired,Relics_L2,Relics_L2_coef,Relics_L2_winrate,Relics_L2_wr_paired
Sanctuary,0.005080268381618739,0.5054945054945055,0.571428571429,Sprint,0.034989390147293395,0.64,0.571428571429
Purification,0.020044393366482796,0.5285714285714286,,Purification,0.020044393366482796,0.5285714285714286,
