Items_most_pop,Items_most_pop_L2,Items_most_pop_winrate,Items_L2,Items_L2_coef,Items_L2_winrate,Items_gold_adjusted_L2,Items_gold_adjusted_L2_coef,Items_gold_adjusted_L2_winrate
Warrior Tabi,2.5489603779273673,0.4157303370786517,Devourer's Gauntlet,38.639026987577786,0.4819277108433735,Devourer's Gauntlet,1.884830584759892,2.3508668821627974
Transcendence,-32.20370172606487,0.3413173652694611,Soul Eater,27.344881359073998,0.48717948717948717,Soul Eater,1.3672440679537,2.4358974358974357
Qin's Sais,14.273544105496615,0.4329268292682927,Wind Demon,18.68156601042283,0.5053763440860215,Hastened Fatalis,0.799027031565593,2.2051874409324794
Asi,-22.950679978609468,0.33098591549295775,Hastened Fatalis,17.099178475503688,0.47191011235955055,Ichaival,0.7939894849060655,2.4426719840478563
Deathbringer,10.354872999803186,0.47761194029850745,Qin's Sais,14.273544105496615,0.4329268292682927,Wind Demon,0.7185217696316474,1.943755169561621
Ichaival,13.497821243403113,0.4152542372881356,Ichaival,13.497821243403113,0.4152542372881356,Qin's Sais,0.5286497816850598,1.6034327009936766
