,recommendations,win_rate,win_rate_per_cost
Starter Item,Death's Toll,,
Boots,Warrior Tabi,0.411764705882,3.04516129032
Item2,Qin's Sais,0.5641025641025641,1.99882422105
Item3,Asi,0.5396825396825397,3.03192438024
Item4,The Executioner,0.47368421052631576,2.39858906526
Item5,Ichaival,0.564102564103,3.31825037707
Item6,Hastened Fatalis,0.511111111111,2.38836967809
Relic1,Frenzy,0.666666666667,
Relic2,Curse,0.545454545455,
