Items_most_pop,Items_most_pop_L2,Items_most_pop_winrate,Items_L2,Items_L2_coef,Items_L2_winrate,Items_gold_adjusted_L2,Items_gold_adjusted_L2_coef,Items_gold_adjusted_L2_winrate
Warrior Tabi,-5.068604433460727,0.37662337662337664,Asi,15.086045074376178,0.55,Asi,0.847530622155965,3.0898876404494384
Transcendence,-12.977727346548198,0.3076923076923077,Wind Demon,10.2183577212814,0.5833333333333334,Wind Demon,0.39301375851082304,2.2435897435897436
Asi,15.086045074376178,0.55,Qin's Sais,8.786174116393893,0.5135135135135135,Qin's Sais,0.32541385616273677,1.901901901901902
Qin's Sais,8.786174116393893,0.5135135135135135,Malice,8.768057969275777,0.5789473684210527,Malice,0.2922685989758592,1.9298245614035088
Ninja Tabi,-3.7836297898814637,0.37142857142857144,Deathbringer,8.1901362106232,0.5625,Deathbringer,0.255941756581975,1.7578125
Devourer's Gauntlet,-9.278237068431574,0.30303030303030304,Titan's Bane,5.044359219845907,0.5263157894736842,Ichaival,0.25488465809111627,2.549019607843137
