Items_most_pop,Items_most_pop_L2,Items_most_pop_winrate,Items_L2,Items_L2_coef,Items_L2_winrate,Items_gold_adjusted_L2,Items_gold_adjusted_L2_coef,Items_gold_adjusted_L2_winrate
Warrior Tabi,11.787967057813718,0.472,Ichaival,87.7868329269887,0.5641025641025641,Ichaival,5.163931348646393,3.3182503770739067
Qin's Sais,72.51278194417021,0.5641025641025641,Hastened Fatalis,86.75451824477246,0.5111111111111111,Hastened Fatalis,4.053949450690301,2.3883696780893042
Transcendence,-134.22996185037763,0.40540540540540543,Qin's Sais,72.51278194417021,0.5641025641025641,Qin's Sais,2.6856585905248225,2.0892687559354224
Asi,-1.264984611754123,0.5396825396825397,Soul Eater,14.461109300260116,0.4117647058823529,Warrior Tabi,0.7605140037299174,3.0451612903225804
Deathbringer,-79.7003173532652,0.46551724137931033,Warrior Tabi,11.787967057813718,0.472,Soul Eater,0.7230554650130058,2.0588235294117645
The Executioner,-26.473672033777472,0.47368421052631576,Asi,-1.264984611754123,0.5396825396825397,Asi,-0.07106655122214174,3.031924380238987
