,recommendations,win_rate,win_rate_per_cost
Starter Item,Bumba's Mask,,
Boots,Warrior Tabi,0.5611814345991561,3.36854125036
Item2,Stone Cutting Sword,0.7115384615384616,2.00816882233
Item3,Qin's Sais,0.6026490066225165,1.93379219928
Item4,The Executioner,0.625,2.32055063913
Item5,Winged Blade,0.602649006623,4.3659043659
Item6,Bloodforge,0.807692307692,2.84043441938
Relic1,Blink,0.620689655172,
Relic2,Sprint,0.6,
