Relics_most_pop,Relics_most_pop_L2,Relics_most_pop_winrate,Relics_most_pop_wr_paired,Relics_L2,Relics_L2_coef,Relics_L2_winrate,Relics_L2_wr_paired
Purification,6.259955571814739,0.5766497461928934,0.571428571429,Curse,7.885288210911858,0.6037735849056604,0.571428571429
Blink,2.431874768439426,0.5909090909090909,,Purification,6.259955571814739,0.5766497461928934,
