Items_most_pop,Items_most_pop_L2,Items_most_pop_winrate,Items_L2,Items_L2_coef,Items_L2_winrate,Items_gold_adjusted_L2,Items_gold_adjusted_L2_coef,Items_gold_adjusted_L2_winrate
Hastened Fatalis,0.009045345764504461,0.4981481481481482,Stone Cutting Sword,1.3428823876734715,0.6007905138339921,Stone Cutting Sword,0.051649322602825835,2.310732745515354
Qin's Sais,0.23982663502333793,0.5066666666666667,Titan's Bane,0.9144997594172458,0.6073619631901841,Titan's Bane,0.04460974436181687,2.962741283854556
Warrior Tabi,-0.25611219609431807,0.4852216748768473,Ichaival,0.4677796856467188,0.5648854961832062,Ichaival,0.027516452096865807,3.3228558599012126
Stone Cutting Sword,1.3428823876734715,0.6007905138339921,The Executioner,0.4512022957286574,0.5388127853881278,The Executioner,0.020053435365718107,2.3947234906139014
The Executioner,0.4512022957286574,0.5388127853881278,Odysseus' Bow,0.2638260566332999,0.6136363636363636,Odysseus' Bow,0.010768410474828566,2.504638218923933
Bumba's Mask,-1.624571895808288,0.3474178403755869,Qin's Sais,0.23982663502333793,0.5066666666666667,Heartseeker,0.01046340626300229,3.3333333333333335
