,recommendations,win_rate,win_rate_per_cost
Starter Item,Bumba's Mask,,
Boots,Ninja Tabi,0.546875,3.64583333333
Item2,Stone Cutting Sword,0.67,2.10336538462
Item3,Qin's Sais,0.5712025316455697,2.02546296296
Item4,Hastened Fatalis,0.5650842266462481,2.55549065421
Item5,Odysseus' Bow,0.75,3.0612244898
Item6,Titan's Bane,0.659090909091,3.21507760532
Relic1,Blink,0.600600600601,
Relic2,Relic,0.442857142857,
