Items_most_pop,Items_most_pop_L2,Items_most_pop_winrate,Items_L2,Items_L2_coef,Items_L2_winrate,Items_gold_adjusted_L2,Items_gold_adjusted_L2_coef,Items_gold_adjusted_L2_winrate
Qin's Sais,6.990274598491104,0.5550351288056206,The Executioner,8.816245561236407,0.6243093922651933,The Executioner,0.3918331360549514,2.774708410067526
Hastened Fatalis,1.4472667330292392,0.5305164319248826,Qin's Sais,6.990274598491104,0.5550351288056206,Qin's Sais,0.25889905920337425,2.0556856622430395
Warrior Tabi,-1.1734189543507605,0.5117647058823529,Deathbringer,4.637484621594378,0.8,Deathbringer,0.14492139442482435,2.5
Stone Cutting Sword,3.5881515796039203,0.5686274509803921,Stone Cutting Sword,3.5881515796039203,0.5686274509803921,Stone Cutting Sword,0.13800582998476615,2.1870286576168927
The Executioner,8.816245561236407,0.6243093922651933,Odysseus' Bow,3.21612312753231,0.6595744680851063,Odysseus' Bow,0.13127033173601266,2.692140686061659
Bumba's Mask,-13.446165033074067,0.3291139240506329,Titan's Bane,2.654400436216244,0.569620253164557,Titan's Bane,0.12948294810810945,2.778635381290522
