Items_most_pop,Items_most_pop_L2,Items_most_pop_winrate,Items_L2,Items_L2_coef,Items_L2_winrate,Items_gold_adjusted_L2,Items_gold_adjusted_L2_coef,Items_gold_adjusted_L2_winrate
Hastened Fatalis,7.733905467518014,0.4630071599045346,Stone Cutting Sword,15.57653149737354,0.5392670157068062,Stone Cutting Sword,0.5990973652835978,2.0741039065646394
Qin's Sais,10.608779393675459,0.47,Qin's Sais,10.608779393675459,0.47,Qin's Sais,0.3929177553213133,1.7407407407407407
Warrior Tabi,-9.489619232321546,0.4163934426229508,Deathbringer,9.801815611701906,0.6176470588235294,Hastened Fatalis,0.3613974517531782,2.163584859366984
Stone Cutting Sword,15.57653149737354,0.5392670157068062,Bloodforge,9.786701033218907,0.64,Bloodforge,0.34339301870943534,2.245614035087719
Bumba's Mask,-19.182857722475443,0.3160919540229885,Hastened Fatalis,7.733905467518014,0.4630071599045346,Deathbringer,0.3063067378656846,1.9301470588235294
Ninja Tabi,1.3757270781063826,0.47093023255813954,Odysseus' Bow,7.487030015938376,0.5853658536585366,Odysseus' Bow,0.30559306187503577,2.389248382279741
