Items_most_pop,Items_most_pop_L2,Items_most_pop_winrate,Items_L2,Items_L2_coef,Items_L2_winrate,Items_gold_adjusted_L2,Items_gold_adjusted_L2_coef,Items_gold_adjusted_L2_winrate
Hastened Fatalis,1.4265842617964055,0.4513888888888889,Stone Cutting Sword,12.7112201451228,0.5528455284552846,Stone Cutting Sword,0.4888930825047231,2.1263289555972484
Qin's Sais,-0.9206140243508848,0.44565217391304346,Odysseus' Bow,7.68872256010744,0.7272727272727273,Winged Blade,0.33666801923967005,3.5343035343035343
Warrior Tabi,-3.1288142527955483,0.43103448275862066,Winged Blade,6.228358355933896,0.6538461538461539,Odysseus' Bow,0.3138254106166302,2.968460111317254
Stone Cutting Sword,12.7112201451228,0.5528455284552846,Asi,5.58104020700241,0.6666666666666666,Asi,0.31354158466305676,3.745318352059925
Bumba's Mask,-12.176054463424,0.3135593220338983,Titan's Bane,3.357294828304034,0.5053763440860215,Titan's Bane,0.16377047942946507,2.4652504589562025
The Executioner,0.3292565921261804,0.4594594594594595,Deathbringer,1.6357833323402498,0.5,Hastened Fatalis,0.06666281597179466,2.109293873312565
