Items_most_pop,Items_most_pop_L2,Items_most_pop_winrate,Items_L2,Items_L2_coef,Items_L2_winrate,Items_gold_adjusted_L2,Items_gold_adjusted_L2_coef,Items_gold_adjusted_L2_winrate
Hastened Fatalis,9.860361879527344,0.5496688741721855,Stone Cutting Sword,18.903341827304303,0.6295731707317073,Stone Cutting Sword,0.7270516087424732,2.421435272045028
Qin's Sais,16.141539065591292,0.5581395348837209,Qin's Sais,16.141539065591292,0.5581395348837209,Qin's Sais,0.5978347802070849,2.0671834625322996
Warrior Tabi,2.8958670482304267,0.5335249042145593,Hastened Fatalis,9.860361879527344,0.5496688741721855,Hastened Fatalis,0.46076457380968905,2.5685461409915207
Stone Cutting Sword,18.903341827304303,0.6295731707317073,The Executioner,6.975046854322856,0.5879120879120879,Winged Blade,0.3414857204435419,3.519798868636078
The Executioner,6.975046854322856,0.5879120879120879,Titan's Bane,6.900883601547003,0.6153846153846154,Titan's Bane,0.3366284683681465,3.0018761726078798
Bumba's Mask,-15.435682537104507,0.3883495145631068,Winged Blade,6.317485828205525,0.6511627906976745,The Executioner,0.3100020824143491,2.612942612942613
