,recommendations,win_rate,win_rate_per_cost
Starter Item,Bumba's Mask,,
Boots,Warrior Tabi,0.622950819672,3.43119487737
Item2,Stone Cutting Sword,0.6193353474320241,1.60910518053
Item3,Qin's Sais,0.541907514450867,1.54950869237
Item4,Hastened Fatalis,0.5366528354080221,1.95498760252
Item5,The Executioner,0.570397111913,2.53509827517
Item6,Titan's Bane,0.580086580087,2.82969063457
Relic1,Blink,0.582633053221,
Relic2,Wrath,0.550488599349,
