Items_most_pop,Items_most_pop_L2,Items_most_pop_winrate,Items_L2,Items_L2_coef,Items_L2_winrate,Items_gold_adjusted_L2,Items_gold_adjusted_L2_coef,Items_gold_adjusted_L2_winrate
Shoes of the Magi,2.5969402229798386,0.5195195195195195,Rod of Tahuti,22.90750922735056,0.6326530612244898,Spear of the Magus,0.8066211649433949,2.959830866807611
Bancroft's Talon,2.7966661138491884,0.5201793721973094,Spear of the Magus,17.34235504628299,0.6363636363636364,Rod of Tahuti,0.689985217691282,1.9055815097123188
Pythagorem's Piece,4.533224173143074,0.5358851674641149,Gem of Isolation,15.552514942023537,0.6153846153846154,Gem of Isolation,0.5760190719267977,2.2792022792022792
Obsidian Shard,0.9178683607392407,0.5294117647058824,Book of Thoth,9.425199921335908,0.5609756097560976,Book of Thoth,0.35566792155984556,2.116889093419236
Rod of Tahuti,22.90750922735056,0.6326530612244898,Pythagorem's Piece,4.533224173143074,0.5358851674641149,Pythagorem's Piece,0.18888434054762807,2.2328548644338118
Book of Thoth,9.425199921335908,0.5609756097560976,Warlock's Sash,3.0084163693867483,0.5213675213675214,Shoes of the Magi,0.1623087639362399,3.246996996996997
