Items_most_pop,Items_most_pop_L2,Items_most_pop_winrate,Items_L2,Items_L2_coef,Items_L2_winrate,Items_gold_adjusted_L2,Items_gold_adjusted_L2_coef,Items_gold_adjusted_L2_winrate
Shoes of the Magi,2.4704073508015174,0.5378486055776892,Rod of Tahuti,20.158681202992,0.6238532110091743,Warlock's Sash,0.7040443475331634,2.3469857340082836
Bancroft's Talon,-10.269934820276951,0.4934210526315789,Warlock's Sash,18.65717520962883,0.6219512195121951,Rod of Tahuti,0.6071891928612048,1.8790759367746215
Pythagorem's Piece,12.852115252290814,0.5886524822695035,Pythagorem's Piece,12.852115252290814,0.5886524822695035,Pythagorem's Piece,0.5355048021787839,2.4527186761229314
Obsidian Shard,2.7513544329083284,0.56,Chronos' Pendant,11.921643031945665,0.6025641025641025,Chronos' Pendant,0.4967351263310694,2.5106837606837606
Rod of Tahuti,20.158681202992,0.6238532110091743,Spear of Desolation,6.9337747290099045,0.64,Shoes of Focus,0.3462939265020713,3.902439024390244
Warlock's Sash,18.65717520962883,0.6219512195121951,Shoes of Focus,5.194408897531069,0.5853658536585366,Spear of Desolation,0.18246775602657644,1.6842105263157894
