Relics_most_pop,Relics_most_pop_L2,Relics_most_pop_winrate,Relics_most_pop_wr_paired,Relics_L2,Relics_L2_coef,Relics_L2_winrate,Relics_L2_wr_paired
Sanctuary,0.7474818714087904,0.544,0.617647058824,Purification,7.748452198662835,0.5953488372093023,0.617647058824
Purification,7.748452198662835,0.5953488372093023,,Blink,3.322358548829124,0.6086956521739131,
