Items_most_pop,Items_most_pop_L2,Items_most_pop_winrate,Items_L2,Items_L2_coef,Items_L2_winrate,Items_gold_adjusted_L2,Items_gold_adjusted_L2_coef,Items_gold_adjusted_L2_winrate
Shoes of the Magi,2.3900334840335624,0.554140127388535,Pythagorem's Piece,16.23405175644833,0.6134751773049646,Pythagorem's Piece,0.6764188231853472,2.556146572104019
Bancroft's Talon,6.581614617324451,0.5680272108843537,Rod of Tahuti,15.05706723352156,0.6324786324786325,Gem of Isolation,0.49226913033870906,2.4592592592592593
Pythagorem's Piece,16.23405175644833,0.6134751773049646,Gem of Isolation,13.291266519145145,0.664,Rod of Tahuti,0.4535261214916132,1.9050561219235917
Obsidian Shard,2.2004863377801285,0.5741444866920152,Bancroft's Talon,6.581614617324451,0.5680272108843537,Bancroft's Talon,0.2742339423885188,2.366780045351474
Rod of Tahuti,15.05706723352156,0.6324786324786325,Book of Thoth,3.0987923923007843,0.5751633986928104,Shoes of Focus,0.19032768234622208,3.8827838827838828
Warlock's Sash,1.0975430708153318,0.559322033898305,Shoes of Focus,2.854915235193331,0.5824175824175825,Shoes of the Magi,0.14937709275209765,3.463375796178344
