,recommendations,win_rate,win_rate_per_cost
Starter Item,Vampiric Shroud,,
Boots,Shoes of the Magi,0.639344262295,3.78937007874
Item2,Rod of Tahuti,0.639344262295082,1.82620244759
Item3,Pythagorem's Piece,0.631578947368421,2.52624671916
Item4,Warlock's Sash,0.6521739130434783,2.28792155698
Item5,Gem of Isolation,0.65,2.40740740741
Item6,Divine Ruin,0.609756097561,3.663003663
Relic1,Sanctuary,0.621621621622,
Relic2,Purification,0.627906976744,
