,recommendations,win_rate,win_rate_per_cost
Starter Item,Vampiric Shroud,,
Boots,Shoes of the Magi,0.512820512821,3.20512820513
Item2,Obsidian Shard,0.5777777777777777,2.81842818428
Item3,Gem of Isolation,0.59375,2.13991769547
Item4,Rod of Tahuti,0.575,1.74029451138
Item5,Spear of the Magus,0.516666666667,2.58397932817
Item6,Bancroft's Talon,0.541666666667,2.15277777778
Relic1,Purification,0.551724137931,
Relic2,Sprint,0.727272727273,
