Items_most_pop,Items_most_pop_L2,Items_most_pop_winrate,Items_L2,Items_L2_coef,Items_L2_winrate,Items_gold_adjusted_L2,Items_gold_adjusted_L2_coef,Items_gold_adjusted_L2_winrate
Shoes of the Magi,2.857112460718798,0.6041666666666666,Shoes of the Magi,2.857112460718798,0.6041666666666666,Shoes of the Magi,0.17856952879492488,3.7760416666666665
Bancroft's Talon,1.6269640948953668,0.5882352941176471,Obsidian Shard,2.4274484373733647,0.6333333333333333,Obsidian Shard,0.1184121188962617,3.089430894308943
Pythagorem's Piece,1.8610920296426903,0.6,Rod of Tahuti,1.9492063872588754,0.6181818181818182,Pythagorem's Piece,0.0775455012351121,2.5
Obsidian Shard,2.4274484373733647,0.6333333333333333,Pythagorem's Piece,1.8610920296426903,0.6,Bancroft's Talon,0.06779017062064029,2.450980392156863
Rod of Tahuti,1.9492063872588754,0.6181818181818182,Gem of Isolation,1.7803622975153601,0.7272727272727273,Gem of Isolation,0.06593934435242074,2.6936026936026938
Book of Thoth,1.5649035424526572,0.631578947368421,Bancroft's Talon,1.6269640948953668,0.5882352941176471,Book of Thoth,0.059052963866138015,2.3833167825223436
