,recommendations,win_rate,win_rate_per_cost
Starter Item,Vampiric Shroud,,
Boots,Shoes of the Magi,0.631884057971,3.94927536232
Item2,Pythagorem's Piece,0.6570048309178744,2.63285024155
Item3,Warlock's Sash,0.6386554621848739,2.38446814329
Item4,Bancroft's Talon,0.5905172413793104,2.63285024155
Item5,Spear of the Magus,0.638655462185,3.1007751938
Item6,Book of Thoth,0.644859813084,2.43343325692
Relic1,Meditation,0.7,
Relic2,Blink,0.633333333333,
