Items_most_pop,Items_most_pop_L2,Items_most_pop_winrate,Items_L2,Items_L2_coef,Items_L2_winrate,Items_gold_adjusted_L2,Items_gold_adjusted_L2_coef,Items_gold_adjusted_L2_winrate
Shoes of the Magi,6.131061724817039,0.6170212765957447,Warlock's Sash,20.19365200450315,0.7021276595744681,Warlock's Sash,0.7620246039435151,2.649538338016861
Bancroft's Talon,15.122257713566922,0.6355140186915887,Book of Thoth,18.404093010403635,0.7111111111111111,Book of Thoth,0.6944940758642881,2.6834381551362685
Pythagorem's Piece,8.819609629364173,0.6483516483516484,Bancroft's Talon,15.122257713566922,0.6355140186915887,Bancroft's Talon,0.6300940713986217,2.64797507788162
Obsidian Shard,4.310578846738874,0.6428571428571429,Gem of Isolation,14.773106491312904,0.6923076923076923,Gem of Isolation,0.5471520922708483,2.5641025641025643
Rod of Tahuti,8.62739039125954,0.6666666666666666,Pythagorem's Piece,8.819609629364173,0.6483516483516484,Shoes of Focus,0.4296767664072247,4.227642276422764
Gem of Isolation,14.773106491312904,0.6923076923076923,Spear of Desolation,8.69720363441681,0.7222222222222222,Shoes of the Magi,0.38319135780106495,3.856382978723404
