Relics_most_pop,Relics_most_pop_L2,Relics_most_pop_winrate,Relics_most_pop_wr_paired,Relics_L2,Relics_L2_coef,Relics_L2_winrate,Relics_L2_wr_paired
Sanctuary,-11.473647299804579,0.5119047619047619,0.682926829268,Blink,14.600353208938005,0.6363636363636364,0.682926829268
Purification,12.64529660329008,0.5671140939597316,,Purification,12.64529660329008,0.5671140939597316,
