,recommendations,win_rate,win_rate_per_cost
Starter Item,Bluestone Pendant,,
Boots,Warrior Tabi,0.760563380282,3.98134156757
Item2,Jotunn's Wrath,0.648936170212766,2.54161901131
Item3,Breastplate of Valor,0.6201550387596899,2.69632625548
Item4,Bluestone Pendant,0.5634517766497462,7.7519379845
Item5,Titan's Bane,0.764150943396,3.72756557754
Item6,Mantle of Discord,0.648936170213,2.45343025897
Relic1,Blink,0.657142857143,
Relic2,Purification,0.679245283019,
