,recommendations,win_rate,win_rate_per_cost
Starter Item,Bluestone Pendant,,
Boots,Warrior Tabi,0.5094339622641509,3.46574246868
Item2,Jotunn's Wrath,0.5728155339805825,2.20159869936
Item3,Breastplate of Valor,0.5391304347826087,2.33560905498
Item4,Hide of the Urchin,0.5524861878453039,2.23829201102
Item5,Brawler's Beat Stick,0.735294117647,3.0637254902
Item6,Titan's Bane,0.6,2.85714285714
Relic1,Blink,0.607407407407,
Relic2,Sprint,0.6,
