Relics_most_pop,Relics_most_pop_L2,Relics_most_pop_winrate,Relics_most_pop_wr_paired,Relics_L2,Relics_L2_coef,Relics_L2_winrate,Relics_L2_wr_paired
Meditation,14.065506876559983,0.5855106888361045,0.638497652582,Blink,19.614787208502456,0.6102819237147595,0.638497652582
Teleport,7.465404818394101,0.5735056542810986,,Meditation,14.065506876559983,0.5855106888361045,
