Relics_most_pop,Relics_most_pop_L2,Relics_most_pop_winrate,Relics_most_pop_wr_paired,Relics_L2,Relics_L2_coef,Relics_L2_winrate,Relics_L2_wr_paired
Teleport,5.516253098745913,0.5806451612903226,0.7,Teleport,5.516253098745913,0.5806451612903226,0.7
Meditation,3.4989655435756606,0.5764705882352941,,Sprint,3.856072037339385,0.6666666666666666,
