Items_most_pop,Items_most_pop_L2,Items_most_pop_winrate,Items_L2,Items_L2_coef,Items_L2_winrate,Items_gold_adjusted_L2,Items_gold_adjusted_L2_coef,Items_gold_adjusted_L2_winrate
Warrior Tabi,-4.088469427321474,0.5470804839558128,Mantle of Discord,20.236244979158087,0.6511627906976745,Titan's Bane,0.8675704118335016,3.1430726678400807
Breastplate of Valor,12.050305685354257,0.5665760869565217,Titan's Bane,17.785193442586785,0.6443298969072165,Mantle of Discord,0.6527820961018739,2.100525131282821
Jotunn's Wrath,2.026663294453304,0.5657894736842105,Void Shield,14.938614675981428,0.6262135922330098,Witchblade,0.6290354839960673,3.061396131202691
Hide of the Urchin,8.677022797524579,0.5803183791606368,Brawler's Beat Stick,14.459553199229747,0.6326530612244898,Brawler's Beat Stick,0.6024813833012395,2.6360544217687076
Bluestone Pendant,5.533064202282141,0.5091743119266054,Witchblade,12.895227421919381,0.6275862068965518,Winged Blade,0.5675053814953964,3.3513513513513513
Bulwark of Hope,-0.0744604461981281,0.5896946564885496,Breastplate of Valor,12.050305685354257,0.5665760869565217,Void Shield,0.5532820250363493,2.319309600862999
