Items_most_pop,Items_most_pop_L2,Items_most_pop_winrate,Items_L2,Items_L2_coef,Items_L2_winrate,Items_gold_adjusted_L2,Items_gold_adjusted_L2_coef,Items_gold_adjusted_L2_winrate
Warrior Tabi,5.658588356424961,0.5347222222222222,Hide of the Urchin,15.739579765989134,0.6015625,Hide of the Urchin,0.6558158235828806,2.5065104166666665
Breastplate of Valor,-3.002841604246385,0.5313432835820896,Mantle of Discord,12.335265582988086,0.6363636363636364,Titan's Bane,0.5500113928714494,3.022269353128314
Jotunn's Wrath,2.021598097812671,0.5350553505535055,Titan's Bane,11.275233553864712,0.6195652173913043,Winged Blade,0.4733361350405327,3.3633633633633635
Bluestone Pendant,1.0359191284417193,0.5027624309392266,Winged Blade,8.756718498249855,0.6222222222222222,Mantle of Discord,0.39791179299961565,2.0527859237536656
Hide of the Urchin,15.739579765989134,0.6015625,Shifter's Shield,6.295811679716695,0.6206896551724138,Warrior Tabi,0.3650702165435458,3.449820788530466
Bulwark of Hope,5.334034150485077,0.5765765765765766,Transcendence,6.057435271101578,0.6,Shifter's Shield,0.26232548665486227,2.586206896551724
