,recommendations,win_rate,win_rate_per_cost
Starter Item,Bluestone Pendant,,
Boots,Warrior Tabi,0.557692307692,3.20683111954
Item2,Bulwark of Hope,0.5576923076923077,1.9801980198
Item3,Hide of the Urchin,0.5205479452054794,2.08333333333
Item4,Breastplate of Valor,0.49429657794676807,2.17391304348
Item5,Winged Blade,0.74358974359,4.0194040194
Item6,Mantle of Discord,0.621621621622,2.00523103749
Relic1,Meditation,0.520325203252,
Relic2,Relic,0.538461538462,
