Relics_most_pop,Relics_most_pop_L2,Relics_most_pop_winrate,Relics_most_pop_wr_paired,Relics_L2,Relics_L2_coef,Relics_L2_winrate,Relics_L2_wr_paired
Teleport,-5.120172816943966,0.4699792960662526,0.545454545455,Blink,8.672428017737396,0.5141700404858299,0.545454545455
Blink,8.672428017737396,0.5141700404858299,,Wrath,7.363786057538459,0.5873015873015873,
