Items_most_pop,Items_most_pop_L2,Items_most_pop_winrate,Items_L2,Items_L2_coef,Items_L2_winrate,Items_gold_adjusted_L2,Items_gold_adjusted_L2_coef,Items_gold_adjusted_L2_winrate
Warrior Tabi,3.521787469433001,0.5621621621621622,Breastplate of Valor,14.218266639892546,0.5822368421052632,Winged Blade,0.688543252118897,3.6955322669608384
Breastplate of Valor,14.218266639892546,0.5822368421052632,Winged Blade,12.738050164199594,0.6836734693877551,Breastplate of Valor,0.6181855060822846,2.5314645308924484
Jotunn's Wrath,5.180808968022702,0.5845697329376854,Void Shield,9.752038933863084,0.6825396825396826,Titan's Bane,0.4081857552691303,3.130081300813008
Bluestone Pendant,-0.9373702068555247,0.5273311897106109,Titan's Bane,8.36780798301717,0.6416666666666667,Void Shield,0.3611866271801142,2.527924750146972
Hide of the Urchin,7.604968079401364,0.5857605177993528,Hide of the Urchin,7.604968079401364,0.5857605177993528,Hide of the Urchin,0.31687366997505684,2.4406688241639696
Bulwark of Hope,1.7614196841924037,0.59,Brawler's Beat Stick,6.030336460039322,0.6551724137931034,Heartward Amulet,0.27027693543966547,3.0395136778115504
