,recommendations,win_rate,win_rate_per_cost
Starter Item,Watcher's Gift,,
Boots,Warrior Tabi,0.5369127516778524,3.22580645161
Item2,Hide of the Urchin,0.5925925925925926,2.08333333333
Item3,Jotunn's Wrath,0.5735294117647058,2.04918032787
Item4,Breastplate of Valor,0.5233644859813084,2.17391304348
Item5,Witchblade,0.592592592593,4.12757973734
Item6,Heartward Amulet,0.617647058824,2.95566502463
Relic1,Shell,0.657142857143,
Relic2,Wrath,0.625,
