,recommendations,win_rate,win_rate_per_cost
Starter Item,Bluestone Pendant,,
Boots,Warrior Tabi,0.5621621621621622,3.8064516129
Item2,Breastplate of Valor,0.5822368421052632,2.5652173913
Item3,Hide of the Urchin,0.5857605177993528,2.45833333333
Item4,Jotunn's Wrath,0.5845697329376854,2.41803278689
Item5,Winged Blade,0.582236842105,3.69553226696
Item6,Titan's Bane,0.68253968254,3.13008130081
Relic1,Meditation,0.601449275362,
Relic2,Blink,0.586715867159,
