Items_most_pop,Items_most_pop_L2,Items_most_pop_winrate,Items_L2,Items_L2_coef,Items_L2_winrate,Items_gold_adjusted_L2,Items_gold_adjusted_L2_coef,Items_gold_adjusted_L2_winrate
Warrior Tabi,0.20456396502336344,0.5096262740656852,Winged Blade,0.534543881649265,0.656934306569343,Winged Blade,0.028894263872933246,3.5509962517261786
Breastplate of Valor,0.05099694207925888,0.5036284470246735,Mantle of Discord,0.4845582966292804,0.6326530612244898,Titan's Bane,0.021118392058326125,2.944147784673113
Jotunn's Wrath,0.2389175367496381,0.520746887966805,Titan's Bane,0.43292703719568554,0.6035502958579881,Mantle of Discord,0.015630912794492916,2.0408163265306123
Bluestone Pendant,-0.6064645606128817,0.4217252396166134,Void Shield,0.32351847330104694,0.63,Warrior Tabi,0.01319767516279764,3.2879114455850655
Hide of the Urchin,0.06860871838344677,0.5096153846153846,Pestilence,0.28276772685915347,0.5664739884393064,Pestilence,0.01315198729577458,2.6347627369270064
Bulwark of Hope,0.08002969160888805,0.5151515151515151,Jotunn's Wrath,0.2389175367496381,0.520746887966805,Void Shield,0.011982165677816554,2.3333333333333335
