Relics_most_pop,Relics_most_pop_L2,Relics_most_pop_winrate,Relics_most_pop_wr_paired,Relics_L2,Relics_L2_coef,Relics_L2_winrate,Relics_L2_wr_paired
Meditation,1.7753276592543035,0.5274725274725275,0.686274509804,Blink,6.3352343746901445,0.6186440677966102,0.686274509804
Blink,6.3352343746901445,0.6186440677966102,,Meditation,1.7753276592543035,0.5274725274725275,
