,recommendations,win_rate,win_rate_per_cost
Starter Item,Bluestone Pendant,,
Boots,Warrior Tabi,0.534816247582205,3.81231671554
Item2,Jotunn's Wrath,0.6020761245674741,2.4217585693
Item3,Breastplate of Valor,0.5476772616136919,2.56916996047
Item4,Bulwark of Hope,0.5909090909090909,2.3402340234
Item5,Titan's Bane,0.627615062762,3.06153689152
Item6,Winged Blade,0.547677261614,3.31910858227
Relic1,Blink,0.591036414566,
Relic2,Wrath,0.645161290323,
