Items_most_pop,Items_most_pop_L2,Items_most_pop_winrate,Items_L2,Items_L2_coef,Items_L2_winrate,Items_gold_adjusted_L2,Items_gold_adjusted_L2_coef,Items_gold_adjusted_L2_winrate
Warrior Tabi,2.100567486440962,0.5261416280608868,Mantle of Discord,26.48537829581525,0.6700680272108843,Mantle of Discord,0.8543670418004919,2.161509765196401
Breastplate of Valor,4.622570902628665,0.5410742496050553,Titan's Bane,16.440707836661772,0.6423357664233577,Titan's Bane,0.8019857481298426,3.1333452020651595
Jotunn's Wrath,10.148410135636567,0.5622377622377622,Spirit Robe,11.644959879702736,0.6170212765957447,Winged Blade,0.5292545401787896,3.4177675433280816
Hide of the Urchin,6.349370184904475,0.5571428571428572,Brawler's Beat Stick,11.414881337165278,0.6636363636363637,Brawler's Beat Stick,0.47562005571521987,2.765151515151515
Bluestone Pendant,-14.438397800552671,0.43288590604026844,Jotunn's Wrath,10.148410135636567,0.5622377622377622,Spirit Robe,0.47337235283344453,2.5082165715274174
Bulwark of Hope,8.967187941792321,0.5889145496535797,Winged Blade,9.791208993307608,0.6322869955156951,Jotunn's Wrath,0.4159184481818265,2.304253123925255
