,recommendations,win_rate,win_rate_per_cost
Starter Item,Bluestone Pendant,,
Boots,Warrior Tabi,0.586849852797,3.78612808256
Item2,Jotunn's Wrath,0.6123711340206186,2.37969328398
Item3,Bulwark of Hope,0.6145833333333334,2.29958479719
Item4,Hide of the Urchin,0.606280193236715,2.41935483871
Item5,Titan's Bane,0.723404255319,3.52880124546
Item6,Winged Blade,0.612371134021,3.54452813469
Relic1,Shell,0.660869565217,
Relic2,Wrath,0.733333333333,
