Items_most_pop,Items_most_pop_L2,Items_most_pop_winrate,Items_L2,Items_L2_coef,Items_L2_winrate,Items_gold_adjusted_L2,Items_gold_adjusted_L2_coef,Items_gold_adjusted_L2_winrate
Warrior Tabi,385.413545419154,0.5706214689265536,Frostbound Hammer,775.6649820586357,0.6363636363636364,Frostbound Hammer,33.72456443733199,2.766798418972332
Breastplate of Valor,-260.2354933645053,0.5693430656934306,Jotunn's Wrath,545.9260318963687,0.6421052631578947,Warrior Tabi,24.865390027042192,3.6814288317842174
Jotunn's Wrath,545.9260318963687,0.6421052631578947,Bulwark of Hope,508.2408808043739,0.7358490566037735,Jotunn's Wrath,22.37401770067085,2.6315789473684212
Hide of the Urchin,-334.13223792864704,0.53125,Mantle of Discord,508.03702802533843,0.7037037037037037,Bulwark of Hope,20.12835171502471,2.9142536895198954
Bluestone Pendant,-164.4211356695942,0.4918032786885246,Shifter's Shield,422.5707192297517,0.625,Shifter's Shield,17.607113301239654,2.6041666666666665
Bulwark of Hope,508.2408808043739,0.7358490566037735,Warrior Tabi,385.413545419154,0.5706214689265536,Mantle of Discord,16.38829122662382,2.270011947431302
