Relics_most_pop,Relics_most_pop_L2,Relics_most_pop_winrate,Relics_most_pop_wr_paired,Relics_L2,Relics_L2_coef,Relics_L2_winrate,Relics_L2_wr_paired
Meditation,12.511715362275794,0.5833333333333334,0.75,Meditation,12.511715362275794,0.5833333333333334,0.75
Blink,6.194173247988466,0.5614035087719298,,Relic,11.929860272025119,0.7352941176470589,
