Relics_most_pop,Relics_most_pop_L2,Relics_most_pop_winrate,Relics_most_pop_wr_paired,Relics_L2,Relics_L2_coef,Relics_L2_winrate,Relics_L2_wr_paired
Meditation,3.172988954866745,0.5269784172661871,0.545454545455,Curse,10.784851331970339,0.6036585365853658,0.545454545455
Blink,3.988326524196665,0.542649727767695,,Teleport,5.18840477917195,0.5826771653543307,
