Relics_most_pop,Relics_most_pop_L2,Relics_most_pop_winrate,Relics_most_pop_wr_paired,Relics_L2,Relics_L2_coef,Relics_L2_winrate,Relics_L2_wr_paired
Meditation,13.812069476735008,0.5471014492753623,0.6,Shell,15.217350943264526,0.6307692307692307,0.6
Blink,-6.558559553520213,0.51953125,,Sprint,14.759381968906753,0.6086956521739131,
