,recommendations,win_rate,win_rate_per_cost
Starter Item,Watcher's Gift,,
Boots,Shoes of Focus,0.4982078853046595,3.4375
Item2,Sovereignty,0.5567010309278351,2.45535714286
Item3,Breastplate of Valor,0.5416666666666666,2.24184782609
Item4,Hide of the Urchin,0.5167464114832536,2.1484375
Item5,Winged Blade,0.601265822785,3.25008552857
Item6,Bulwark of Hope,0.661971830986,2.48424842484
Relic1,Meditation,0.525568181818,
Relic2,Sprint,0.532110091743,
