,recommendations,win_rate,win_rate_per_cost
Starter Item,Mark of the Vanguard,,
Boots,Shoes of Focus,0.5106382978723404,3.33333333333
Item2,Winged Blade,0.6037735849056604,2.7027027027
Item3,Breastplate of Valor,0.5454545454545454,2.17391304348
Item4,Void Stone,0.5517241379310345,2.27272727273
Item5,Bulwark of Hope,0.551724137931,2.57425742574
Item6,Spirit Robe,0.619047619048,2.51645373597
Relic1,Teleport,0.529411764706,
Relic2,Curse,0.571428571429,
