Items_most_pop,Items_most_pop_L2,Items_most_pop_winrate,Items_L2,Items_L2_coef,Items_L2_winrate,Items_gold_adjusted_L2,Items_gold_adjusted_L2_coef,Items_gold_adjusted_L2_winrate
Breastplate of Valor,-3.556806382979109,0.5227272727272727,Mantle of Discord,12.43831585933888,0.6260869565217392,Shoes of the Magi,0.5552752690339782,3.4698996655518393
Shoes of Focus,-3.512936373529606,0.5017462165308498,Shoes of the Magi,8.88440430454365,0.5551839464882943,Winged Blade,0.41460183427933306,3.090385467434648
Watcher's Gift,2.4156054426558953,0.4973544973544973,Void Stone,8.413059978016793,0.5822784810126582,Mantle of Discord,0.4012359954625445,2.0196353436185133
Hide of the Urchin,1.1529431114306918,0.534375,Winged Blade,7.670133934167661,0.5717213114754098,Void Stone,0.3824118171825815,2.6467203682393556
Sovereignty,3.598921409372028,0.5411954765751211,Heartward Amulet,7.588459063640151,0.5599173553719008,Heartward Amulet,0.3613551935066739,2.6662731208185755
Shoes of the Magi,8.88440430454365,0.5551839464882943,Spirit Robe,6.615391918024481,0.5798319327731093,Spirit Robe,0.2689183706514017,2.3570403771264603
