,recommendations,win_rate,win_rate_per_cost
Starter Item,Watcher's Gift,,
Boots,Reinforced Shoes,0.611111111111,4.22077922078
Item2,Sovereignty,0.6131386861313869,2.9197080292
Item3,Hide of the Urchin,0.6050955414012739,2.55474452555
Item4,Watcher's Gift,0.525,7.66423357664
Item5,Void Stone,0.724137931034,2.90909090909
Item6,Spirit Robe,0.716981132075,2.91455744746
Relic1,Shell,0.630769230769,
Relic2,Sprint,0.608695652174,
