Items_most_pop,Items_most_pop_L2,Items_most_pop_winrate,Items_L2,Items_L2_coef,Items_L2_winrate,Items_gold_adjusted_L2,Items_gold_adjusted_L2_coef,Items_gold_adjusted_L2_winrate
Breastplate of Valor,0.8203385461365273,0.47619047619047616,Heartward Amulet,12.64178659149488,0.5178571428571429,Shoes of the Magi,0.6270504933252934,3.1029411764705883
Shoes of Focus,-0.16147014813766247,0.45590994371482174,Hide of the Urchin,12.06181597537731,0.5080091533180778,Winged Blade,0.6097014965552391,2.913092733452015
Watcher's Gift,-15.63179509012455,0.3983739837398374,Winged Blade,11.279477686271925,0.5389221556886228,Heartward Amulet,0.6019898376902324,2.4659863945578233
Hide of the Urchin,12.06181597537731,0.5080091533180778,Shoes of the Magi,10.032807893204694,0.4964705882352941,Hide of the Urchin,0.5025756656407213,2.116704805491991
Shoes of the Magi,10.032807893204694,0.4964705882352941,Travelers Shoes,6.7946728022501635,0.5148514851485149,Travelers Shoes,0.48533377158929736,3.6775106082036775
Sovereignty,1.1311700054009892,0.4801980198019802,Mantle of Discord,6.6247067696122794,0.5425531914893617,Pestilence,0.26872862755196614,2.4709302325581395
