Items_most_pop,Items_most_pop_L2,Items_most_pop_winrate,Items_L2,Items_L2_coef,Items_L2_winrate,Items_gold_adjusted_L2,Items_gold_adjusted_L2_coef,Items_gold_adjusted_L2_winrate
Shoes of Focus,-1.0279059499273482,0.4444444444444444,Void Stone,6.30846922048027,0.5735294117647058,Shoes of the Magi,0.30350850122718287,3.2738095238095237
Watcher's Gift,-6.8531409582006635,0.3905325443786982,Shoes of the Magi,4.856136019634925,0.5238095238095238,Void Stone,0.28674860093092136,2.606951871657754
Sovereignty,1.9274421241079895,0.46875,Breastplate of Valor,4.075842816425005,0.48366013071895425,Breastplate of Valor,0.17721055723586976,2.1028701335606708
Breastplate of Valor,4.075842816425005,0.48366013071895425,Winged Blade,2.5516855804189476,0.4953271028037383,Winged Blade,0.13792895029291607,2.677443798939126
Hide of the Urchin,-4.205432107772396,0.4225352112676056,Heartward Amulet,2.142763355428997,0.47863247863247865,Heartward Amulet,0.10203635025852366,2.2792022792022792
Heartward Amulet,2.142763355428997,0.47863247863247865,Sovereignty,1.9274421241079895,0.46875,Sovereignty,0.09178295829085664,2.232142857142857
