Relics_most_pop,Relics_most_pop_L2,Relics_most_pop_winrate,Relics_most_pop_wr_paired,Relics_L2,Relics_L2_coef,Relics_L2_winrate,Relics_L2_wr_paired
Meditation,22.45845532345685,0.40965732087227413,0.472222222222,Meditation,22.45845532345685,0.40965732087227413,0.472222222222
Blink,8.92296330360559,0.43471337579617836,,Teleport,12.537066297993324,0.4589041095890411,
