Relics_most_pop,Relics_most_pop_L2,Relics_most_pop_winrate,Relics_most_pop_wr_paired,Relics_L2,Relics_L2_coef,Relics_L2_winrate,Relics_L2_wr_paired
Meditation,3.6418573689118645,0.4681818181818182,0.510638297872,Meditation,3.6418573689118645,0.4681818181818182,0.510638297872
Blink,0.9023516305069544,0.46296296296296297,,Blink,0.9023516305069544,0.46296296296296297,
