,recommendations,win_rate,win_rate_per_cost
Starter Item,Watcher's Gift,,
Boots,Reinforced Shoes,0.642857142857,3.86904761905
Item2,Hide of the Urchin,0.5,1.32275132275
Item3,Winged Blade,0.4716981132075472,1.716001716
Item4,Breastplate of Valor,0.44954128440366975,1.38026224983
Item5,Heartward Amulet,0.65,3.09523809524
Item6,Pestilence,0.722222222222,3.35917312661
Relic1,Blink,0.512820512821,
Relic2,Curse,0.548387096774,
