,recommendations,win_rate,win_rate_per_cost
Starter Item,Watcher's Gift,,
Boots,Shoes of the Magi,1.0,3.77906976744
Item2,Breastplate of Valor,0.6333333333333333,1.77462289264
Item3,Hide of the Urchin,0.5588235294117647,1.70068027211
Item4,Sovereignty,0.5,1.9436345967
Item5,Winged Blade,0.869565217391,4.70035252644
Item6,Mystical Mail,0.764705882353,3.7037037037
Relic1,Meditation,0.602739726027,
Relic2,Blink,0.583333333333,
