Items_most_pop,Items_most_pop_L2,Items_most_pop_winrate,Items_L2,Items_L2_coef,Items_L2_winrate,Items_gold_adjusted_L2,Items_gold_adjusted_L2_coef,Items_gold_adjusted_L2_winrate
Breastplate of Valor,-4.634962796065611,0.43042671614100186,Hide of the Urchin,14.677209636542383,0.49502487562189057,Hide of the Urchin,0.6115504015225992,2.062603648424544
Shoes of Focus,-0.4226980789388321,0.4277673545966229,Mantle of Discord,13.826876362153516,0.5602836879432624,Mantle of Discord,0.44602826974688764,1.8073667353008465
Watcher's Gift,-2.839089568794396,0.4,Spirit Robe,9.191973925980587,0.5362318840579711,Spirit Robe,0.37365747666587756,2.1798044067397195
Hide of the Urchin,14.677209636542383,0.49502487562189057,Mystical Mail,8.84830526611083,0.5316455696202531,Heartward Amulet,0.3552205651217607,2.3316912972085384
Shoes of the Magi,-3.9550363879461847,0.42896174863387976,Heartward Amulet,7.459631867556975,0.4896551724137931,Travelers Shoes,0.33698031360362884,3.619047619047619
Sovereignty,-0.4104173948165516,0.45892351274787535,Winged Blade,5.226242328790877,0.4892086330935252,Mystical Mail,0.32771500985595664,1.969057665260197
