Items_most_pop,Items_most_pop_L2,Items_most_pop_winrate,Items_L2,Items_L2_coef,Items_L2_winrate,Items_gold_adjusted_L2,Items_gold_adjusted_L2_coef,Items_gold_adjusted_L2_winrate
Breastplate of Valor,9.291447936328852,0.5170827858081471,Winged Blade,19.885146596367633,0.576307363927428,Winged Blade,1.074872788992845,3.1151749401482594
Shoes of Focus,-8.51970557217216,0.4659400544959128,Heartward Amulet,18.390922765640582,0.5715948777648429,Heartward Amulet,0.8757582269352658,2.7218803703087753
Watcher's Gift,-7.4877578476322215,0.4401268834258525,Sovereignty,15.868532803610789,0.5506268081002893,Sovereignty,0.7556444192195613,2.622032419525187
Hide of the Urchin,7.6175913378708815,0.5224386113463166,Void Stone,13.353296132164228,0.5714285714285714,Void Stone,0.6069680060074649,2.5974025974025974
Shoes of the Magi,4.334859534932021,0.5178416013925152,Breastplate of Valor,9.291447936328852,0.5170827858081471,Breastplate of Valor,0.4039759972316893,2.2481860252528136
Sovereignty,15.868532803610789,0.5506268081002893,Mantle of Discord,8.835294293345958,0.591324200913242,Travelers Shoes,0.3942160411158862,3.8517796196977083
