,recommendations,win_rate,win_rate_per_cost
Starter Item,Watcher's Gift,,
Boots,Shoes of Focus,0.684210526316,3.4188034188
Item2,Hide of the Urchin,0.5913978494623656,2.46415770609
Item3,Heartward Amulet,0.5875,2.81618023554
Item4,Breastplate of Valor,0.5112781954887218,2.57129499766
Item5,Bulwark of Hope,0.6,2.37623762376
Item6,Gem of Isolation,0.512820512821,2.53411306043
Relic1,Blink,0.546762589928,
Relic2,Sprint,0.545454545455,
