Relics_most_pop,Relics_most_pop_L2,Relics_most_pop_winrate,Relics_most_pop_wr_paired,Relics_L2,Relics_L2_coef,Relics_L2_winrate,Relics_L2_wr_paired
Meditation,9.526803361239681,0.5080213903743316,0.52380952381,Blink,39.94061137722762,0.5868263473053892,0.52380952381
Blink,39.94061137722762,0.5868263473053892,,Sprint,22.219817050932154,0.5714285714285714,
