Relics_most_pop,Relics_most_pop_L2,Relics_most_pop_winrate,Relics_most_pop_wr_paired,Relics_L2,Relics_L2_coef,Relics_L2_winrate,Relics_L2_wr_paired
Meditation,7.6646765726252495,0.48824188129899215,0.75,Wrath,13.410213288233727,0.66,0.75
Blink,4.160415494940023,0.5029171528588098,,Meditation,7.6646765726252495,0.48824188129899215,
