,recommendations,win_rate,win_rate_per_cost
Starter Item,Watcher's Gift,,
Boots,Shoes of the Magi,0.649253731343,3.75
Item2,Sovereignty,0.5990990990990991,2.65136525524
Item3,Breastplate of Valor,0.556786703601108,2.42081175479
Item4,Watcher's Gift,0.5218978102189781,6.95983379501
Item5,Void Stone,0.6,2.95115332429
Item6,Gem of Isolation,0.556786703601,2.12765957447
Relic1,Teleport,0.616279069767,
Relic2,Sprint,0.602739726027,
