,recommendations,win_rate,win_rate_per_cost
Starter Item,Soul Stone,,
Boots,Shoes of the Magi,0.4752688172043011,2.60093167702
Item2,Rod of Tahuti,0.5727699530516432,1.25346104917
Item3,Obsidian Shard,0.5240963855421686,2.02999545523
Item4,Book of Thoth,0.5178571428571429,1.57037384273
Item5,Winged Blade,0.675,3.1746031746
Item6,Breastplate of Valor,0.587301587302,2.7950310559
Relic1,Purification,0.485507246377,
Relic2,Sanctuary,0.485523385301,
