,recommendations,win_rate,win_rate_per_cost
Starter Item,Soul Stone,,
Boots,Shoes of the Magi,0.4819277108433735,2.8891509434
Item2,Rod of Tahuti,0.554140127388535,1.39236190043
Item3,Warlock's Sash,0.5032679738562091,1.74439302243
Item4,Book of Thoth,0.5104895104895105,1.74439302243
Item5,Gem of Isolation,0.554140127389,2.32558139535
Item6,Spear of the Magus,0.633333333333,2.86225402504
Relic1,Sanctuary,0.493865030675,
Relic2,Sprint,0.520547945205,
