Relics_most_pop,Relics_most_pop_L2,Relics_most_pop_winrate,Relics_most_pop_wr_paired,Relics_L2,Relics_L2_coef,Relics_L2_winrate,Relics_L2_wr_paired
Sanctuary,-1.1299415699472712,0.46629213483146065,1.0,Purification,1.0068442406155054,0.5225806451612903,1.0
Purification,1.0068442406155054,0.5225806451612903,,Meditation,-0.09769913847689263,0.4444444444444444,
