,recommendations,win_rate,win_rate_per_cost
Starter Item,Soul Stone,,
Boots,Shoes of Focus,0.704545454545,5.18518518519
Item2,Book of Thoth,0.6923076923076923,2.30920867361
Item3,Rod of Tahuti,0.7045454545454546,1.8431936702
Item4,Soul Stone,0.5606060606060606,7.64925373134
Item5,Dynasty Plate Helm,0.777777777778,3.52941176471
Item6,Spear of the Magus,0.75,3.48837209302
Relic1,Sanctuary,0.622222222222,
Relic2,Purification,0.6,
