,recommendations,win_rate,win_rate_per_cost
Starter Item,Soul Stone,,
Boots,Shoes of the Magi,0.49700598802395207,2.33050847458
Item2,Rod of Tahuti,0.5882352941176471,1.12313661425
Item3,Warlock's Sash,0.5394736842105263,1.40709945635
Item4,Obsidian Shard,0.5039370078740157,1.81893344357
Item5,Soul Reaver,0.692307692308,2.35478806907
Item6,Spear of Desolation,0.539473684211,2.01238390093
Relic1,Purification,0.522580645161,
Relic2,Meditation,0.444444444444,
