,recommendations,win_rate,win_rate_per_cost
Starter Item,Soul Stone,,
Boots,Shoes of the Magi,0.652173913043,3.61990950226
Item2,Book of Thoth,0.6181818181818182,2.16239135043
Item3,Soul Stone,0.5764705882352941,7.16292134831
Item4,Rod of Tahuti,0.5730337078651685,1.72600514417
Item5,Celestial Legion Helm,0.866666666667,3.76811594203
Item6,Bancroft's Talon,0.666666666667,2.77777777778
Relic1,Purification,0.627551020408,
Relic2,Relic,0.473684210526,
