,recommendations,win_rate,win_rate_per_cost
Starter Item,Soul Stone,,
Boots,Shoes of the Magi,0.603703703704,3.77314814815
Item2,Book of Thoth,0.6335877862595419,2.27812718379
Item3,Rod of Tahuti,0.6356589147286822,1.81838464971
Item4,Warlock's Sash,0.6,2.27812718379
Item5,Winged Blade,0.63358778626,3.72372372372
Item6,Celestial Legion Helm,0.635658914729,3.06905370844
Relic1,Sanctuary,0.59925093633,
Relic2,Sprint,0.65625,
