,recommendations,win_rate,win_rate_per_cost
Starter Item,Bumba's Mask,,
Boots,Warrior Tabi,0.45426829268292684,2.03984819734
Item2,Titan's Bane,0.5287356321839081,1.54232424677
Item3,Jotunn's Wrath,0.4763636363636364,1.29580520733
Item4,Deathbringer,0.5277777777777778,0.988051470588
Item5,Brawler's Beat Stick,0.62,2.58333333333
Item6,Mantle of Discord,0.581395348837,1.87546886722
Relic1,Blink,0.502923976608,
Relic2,Sanctuary,0.448717948718,
