Relics_most_pop,Relics_most_pop_L2,Relics_most_pop_winrate,Relics_most_pop_wr_paired,Relics_L2,Relics_L2_coef,Relics_L2_winrate,Relics_L2_wr_paired
Purification,-3.9356773680452393,0.4527972027972028,1.0,Blink,16.032768741456955,0.4856396866840731,1.0
Blink,16.032768741456955,0.4856396866840731,,Sprint,3.215319198753836,0.4375,
