Relics_most_pop,Relics_most_pop_L2,Relics_most_pop_winrate,Relics_most_pop_wr_paired,Relics_L2,Relics_L2_coef,Relics_L2_winrate,Relics_L2_wr_paired
Purification,-13.798229843419202,0.5592705167173252,0.6875,Blink,30.760407490493936,0.6284403669724771,0.6875
Blink,30.760407490493936,0.6284403669724771,,Wrath,10.234360287796093,0.5740740740740741,
