,recommendations,win_rate,win_rate_per_cost
Starter Item,Bumba's Mask,,
Boots,Warrior Tabi,0.49573690621193667,3.44086021505
Item2,Titan's Bane,0.5756756756756757,2.60162601626
Item3,Hydra's Lament,0.5352112676056338,2.48062015504
Item4,Jotunn's Wrath,0.508695652173913,2.18579234973
Item5,Winged Blade,0.576923076923,3.36336336336
Item6,Void Shield,0.5390625,1.99652777778
Relic1,Blink,0.552356020942,
Relic2,Teleport,0.5,
