Items_most_pop,Items_most_pop_L2,Items_most_pop_winrate,Items_L2,Items_L2_coef,Items_L2_winrate,Items_gold_adjusted_L2,Items_gold_adjusted_L2_coef,Items_gold_adjusted_L2_winrate
Warrior Tabi,-2.068719973972424,0.5052873563218391,Deathbringer,19.098268028250594,0.5985832349468713,Titan's Bane,0.7991133728126362,2.87216547379149
Jotunn's Wrath,5.812495366678005,0.5213398163155051,Titan's Bane,16.381824142659042,0.5887939221272555,Deathbringer,0.5968208758828311,1.870572609208973
Hydra's Lament,7.082087500571658,0.535064935064935,Brawler's Beat Stick,12.940759781453881,0.6171428571428571,Brawler's Beat Stick,0.539198324227245,2.5714285714285716
Titan's Bane,16.381824142659042,0.5887939221272555,Mantle of Discord,8.204760435555372,0.6061643835616438,Hydra's Lament,0.32939941863123995,2.4886741165810933
Bumba's Mask,-13.073945577767148,0.4085106382978723,Hydra's Lament,7.082087500571658,0.535064935064935,Mantle of Discord,0.2646696914695281,1.955368979231109
Deathbringer,19.098268028250594,0.5985832349468713,Malice,6.135783862260376,0.6330935251798561,Jotunn's Wrath,0.2382170232245084,2.1366385914569883
