Relics_most_pop,Relics_most_pop_L2,Relics_most_pop_winrate,Relics_most_pop_wr_paired,Relics_L2,Relics_L2_coef,Relics_L2_winrate,Relics_L2_wr_paired
Purification,-6.403895699773909,0.4406779661016949,0.4,Wrath,7.633558711457421,0.5194805194805194,0.4
Blink,-2.3000278858526073,0.4491525423728814,,Sprint,0.6674043672320057,0.46153846153846156,
