,recommendations,win_rate,win_rate_per_cost
Starter Item,Bumba's Mask,,
Boots,Warrior Tabi,0.4692857142857143,3.53497054191
Item2,Hydra's Lament,0.5286284953395473,2.54846713487
Item3,Deathbringer,0.5479204339963833,1.71225135624
Item4,Titan's Bane,0.513235294117647,2.67278260486
Item5,Brawler's Beat Stick,0.587234042553,2.44680851064
Item6,Mantle of Discord,0.551401869159,1.77871570696
Relic1,Sprint,0.527272727273,
Relic2,Purification,0.488646684832,
