Items_most_pop,Items_most_pop_L2,Items_most_pop_winrate,Items_L2,Items_L2_coef,Items_L2_winrate,Items_gold_adjusted_L2,Items_gold_adjusted_L2_coef,Items_gold_adjusted_L2_winrate
Warrior Tabi,9.606696852150902,0.4322033898305085,Malice,35.96248352187304,0.6204379562043796,Malice,1.1987494507291014,2.068126520681265
Jotunn's Wrath,0.6493653804316271,0.4405107370864771,Brawler's Beat Stick,23.127205963063528,0.5294117647058824,Brawler's Beat Stick,0.9636335817943136,2.2058823529411766
Hydra's Lament,-4.5313808578008885,0.441534144059869,Deathbringer,21.845805125062764,0.5120192307692307,Deathbringer,0.6826814101582115,1.6000600961538463
Titan's Bane,12.821125266610622,0.5057471264367817,Mantle of Discord,19.936840830854496,0.5443548387096774,Mantle of Discord,0.6431238977694999,1.7559833506763787
Bumba's Mask,-13.951682689109251,0.3325842696629214,Titan's Bane,12.821125266610622,0.5057471264367817,Titan's Bane,0.6254207447127133,2.4670591533501542
Deathbringer,21.845805125062764,0.5120192307692307,Warrior Tabi,9.606696852150902,0.4322033898305085,Warrior Tabi,0.619786893687155,2.7884089666484417
