Relics_most_pop,Relics_most_pop_L2,Relics_most_pop_winrate,Relics_most_pop_wr_paired,Relics_L2,Relics_L2_coef,Relics_L2_winrate,Relics_L2_wr_paired
Purification,5.626996440145861,0.5661861074705111,0.672413793103,Wrath,10.12521737059884,0.5878962536023055,0.672413793103
Blink,5.792903282497734,0.5823045267489712,,Blink,5.792903282497734,0.5823045267489712,
