,recommendations,win_rate,win_rate_per_cost
Starter Item,Bumba's Mask,,
Boots,Warrior Tabi,0.551724137931,3.39755077658
Item2,Hydra's Lament,0.5874439461883408,2.81033319016
Item3,Deathbringer,0.604221635883905,1.88819261214
Item4,Titan's Bane,0.5856481481481481,2.94742261407
Item5,Malice,0.63768115942,2.12560386473
Item6,Void Shield,0.586956521739,2.04342273308
Relic1,Blink,0.570707070707,
Relic2,Purification,0.538461538462,
