Items_most_pop,Items_most_pop_L2,Items_most_pop_winrate,Items_L2,Items_L2_coef,Items_L2_winrate,Items_gold_adjusted_L2,Items_gold_adjusted_L2_coef,Items_gold_adjusted_L2_winrate
Warrior Tabi,-6.481736923731603,0.4274193548387097,Deathbringer,19.603014967647248,0.5957446808510638,Deathbringer,0.6125942177389765,1.8617021276595744
Jotunn's Wrath,-7.348700519019559,0.4205607476635514,Hydra's Lament,6.888737174346063,0.4918032786885246,Hydra's Lament,0.32040638020214246,2.2874571101791843
Hydra's Lament,6.888737174346063,0.4918032786885246,Mantle of Discord,5.569313775926568,0.5833333333333334,Titan's Bane,0.23256310781338105,2.389248382279741
Bumba's Mask,-6.6177891997271034,0.38181818181818183,Titan's Bane,4.767543710174311,0.4897959183673469,Mantle of Discord,0.1796552830944054,1.881720430107527
Titan's Bane,4.767543710174311,0.4897959183673469,Malice,4.691574834636316,0.6,Malice,0.15638582782121052,2.0
Deathbringer,19.603014967647248,0.5957446808510638,Brawler's Beat Stick,2.101324699131751,0.4782608695652174,Brawler's Beat Stick,0.08755519579715629,1.9927536231884058
