Relics_most_pop,Relics_most_pop_L2,Relics_most_pop_winrate,Relics_most_pop_wr_paired,Relics_L2,Relics_L2_coef,Relics_L2_winrate,Relics_L2_wr_paired
Purification,1.5347820858151793,0.5388316151202749,0.641025641026,Wrath,10.68669443503302,0.5417298937784522,0.641025641026
Blink,7.7263061124816765,0.5582627118644068,,Blink,7.7263061124816765,0.5582627118644068,
