Items_most_pop,Items_most_pop_L2,Items_most_pop_winrate,Items_L2,Items_L2_coef,Items_L2_winrate,Items_gold_adjusted_L2,Items_gold_adjusted_L2_coef,Items_gold_adjusted_L2_winrate
Warrior Tabi,-1.346908876907614,0.5286103542234333,Deathbringer,29.982568789413488,0.6357615894039735,Deathbringer,0.9369552746691716,1.9867549668874172
Jotunn's Wrath,0.2791928199171118,0.5331196581196581,Brawler's Beat Stick,21.149090628845542,0.6559633027522935,Brawler's Beat Stick,0.881212109535231,2.7331804281345566
Hydra's Lament,11.350733179268882,0.5602716468590832,Hydra's Lament,11.350733179268882,0.5602716468590832,Hydra's Lament,0.5279410781055294,2.6059146365538752
Titan's Bane,8.466721318589444,0.5797373358348968,Mantle of Discord,10.748289639371167,0.625,Titan's Bane,0.4130107960287534,2.8279870040726673
Bumba's Mask,-12.658572144534913,0.44608879492600423,Titan's Bane,8.466721318589444,0.5797373358348968,Mantle of Discord,0.34671902062487636,2.0161290322580645
Deathbringer,29.982568789413488,0.6357615894039735,Malice,6.985262479732994,0.625,Malice,0.23284208265776646,2.0833333333333335
