Items_most_pop,Items_most_pop_L2,Items_most_pop_winrate,Items_L2,Items_L2_coef,Items_L2_winrate,Items_gold_adjusted_L2,Items_gold_adjusted_L2_coef,Items_gold_adjusted_L2_winrate
Warrior Tabi,11.234038186821566,0.5256588072122053,Deathbringer,26.242004546689678,0.5953177257525084,Deathbringer,0.8200626420840524,1.8603678929765886
Jotunn's Wrath,17.898268785502307,0.5420711974110033,Mantle of Discord,21.2780656548473,0.6404494382022472,Jotunn's Wrath,0.7335356059632092,2.221603268077882
Hydra's Lament,9.21761563267377,0.5588235294117647,Bulwark of Hope,18.04595746622911,0.6216216216216216,Warrior Tabi,0.7247766572142946,3.39134714330455
Titan's Bane,8.974448233996512,0.5821325648414986,Jotunn's Wrath,17.898268785502307,0.5420711974110033,Bulwark of Hope,0.7146913848011527,2.4618678084024617
Bumba's Mask,4.675162958020757,0.4430379746835443,Shifter's Shield,15.561390507215842,0.627906976744186,Mantle of Discord,0.6863892146724936,2.065965929684668
Deathbringer,26.242004546689678,0.5953177257525084,Hide of the Urchin,14.807982341505403,0.6444444444444445,Shifter's Shield,0.6483912711339934,2.616279069767442
