,recommendations,win_rate,win_rate_per_cost
Starter Item,Bumba's Mask,,
Boots,Warrior Tabi,0.505800464037123,3.94470046083
Item2,Deathbringer,0.6114285714285714,1.91071428571
Item3,Hydra's Lament,0.5462962962962963,2.8438538206
Item4,Titan's Bane,0.5743589743589743,2.98257839721
Item5,Brawler's Beat Stick,0.835616438356,3.48173515982
Item6,Spirit Robe,0.705882352941,2.86944045911
Relic1,Blink,0.571428571429,
Relic2,Teleport,0.666666666667,
