Items_most_pop,Items_most_pop_L2,Items_most_pop_winrate,Items_L2,Items_L2_coef,Items_L2_winrate,Items_gold_adjusted_L2,Items_gold_adjusted_L2_coef,Items_gold_adjusted_L2_winrate
Shoes of the Magi,1.361194887301103,0.5752212389380531,Book of Thoth,13.14964926333175,0.6458333333333334,Obsidian Shard,0.5168820173939711,3.025955393243772
Obsidian Shard,10.596081356576407,0.6203208556149733,Obsidian Shard,10.596081356576407,0.6203208556149733,Book of Thoth,0.4962131797483679,2.4371069182389937
Warlock's Sash,3.67646109859886,0.5833333333333334,Rod of Tahuti,9.169220435568773,0.6475409836065574,Dynasty Plate Helm,0.2972613680983247,4.072398190045249
Book of Thoth,13.14964926333175,0.6458333333333334,Dynasty Plate Helm,5.05344325767152,0.6923076923076923,Rod of Tahuti,0.27618133842074616,1.9504246494173414
Rod of Tahuti,9.169220435568773,0.6475409836065574,Bancroft's Talon,4.951429307058909,0.6785714285714286,Bancroft's Talon,0.2063095544607879,2.8273809523809526
Soul Reaver,4.058623658019882,0.6458333333333334,Soul Reaver,4.058623658019882,0.6458333333333334,Shoes of Focus,0.18639871496387045,4.086021505376344
