Items_most_pop,Items_most_pop_L2,Items_most_pop_winrate,Items_L2,Items_L2_coef,Items_L2_winrate,Items_gold_adjusted_L2,Items_gold_adjusted_L2_coef,Items_gold_adjusted_L2_winrate
Shoes of the Magi,-9.51897616285642,0.44836272040302266,Dynasty Plate Helm,29.884328624942935,0.5740740740740741,Dynasty Plate Helm,1.7579016838201726,3.3769063180827885
Obsidian Shard,6.369541141326067,0.49244712990936557,Rod of Tahuti,27.484127351100042,0.5530973451327433,Rod of Tahuti,0.827835161177712,1.6659558588335643
Warlock's Sash,5.888017586341886,0.45936395759717313,Soul Reaver,18.208832470211846,0.5733333333333334,Breastplate of Valor,0.685993443477265,2.2712524334847504
Book of Thoth,8.667246313972933,0.47619047619047616,Breastplate of Valor,15.777849199977096,0.5223880597014925,Soul Reaver,0.6193480432044844,1.9501133786848073
Rod of Tahuti,27.484127351100042,0.5530973451327433,Chronos' Pendant,12.310690529860647,0.49382716049382713,Chronos' Pendant,0.5129454387441936,2.05761316872428
Shoes of Focus,6.640707131533347,0.4725274725274725,Book of Thoth,8.667246313972933,0.47619047619047616,Shoes of Focus,0.44271380876888977,3.15018315018315
