,recommendations,win_rate,win_rate_per_cost
Starter Item,Soul Stone,,
Boots,Shoes of the Magi,0.666666666667,3.56359649123
Item2,Rod of Tahuti,0.7022900763358778,1.63617432694
Item3,Warlock's Sash,0.6083916083916084,2.04984859073
Item4,Soul Reaver,0.6666666666666666,1.8476526413
Item5,Obsidian Shard,0.592783505155,2.89162685441
Item6,Book of Thoth,0.5432098765432098,2.51572327044
Relic1,Blink,0.666666666667,
Relic2,Purification,0.558441558442,
