,recommendations,win_rate,win_rate_per_cost
Starter Item,Soul Stone,,
Boots,Shoes of the Magi,0.5,3.125
Item2,Rod of Tahuti,0.5869565217391305,1.76794133054
Item3,Warlock's Sash,0.5543478260869565,2.21493027071
Item4,Soul Stone,0.5106382978723404,7.33695652174
Item5,Soul Reaver,0.594594594595,2.02243059386
Item6,Dynasty Plate Helm,0.521739130435,3.06905370844
Relic1,Blink,0.571428571429,
Relic2,Teleport,0.636363636364,
