,recommendations,win_rate,win_rate_per_cost
Starter Item,Soul Stone,,
Boots,Shoes of Focus,0.5,3.33333333333
Item2,Rod of Tahuti,0.6031746031746031,1.81679097342
Item3,Soul Stone,0.5454545454545454,7.53968253968
Item4,Obsidian Shard,0.5473684210526316,2.94231513744
Item5,Chronos' Pendant,0.571428571429,2.38095238095
Item6,Bancroft's Talon,0.6,2.5
Relic1,Purification,0.522522522523,
Relic2,Blink,0.5625,
