,recommendations,win_rate,win_rate_per_cost
Starter Item,Soul Stone,,
Boots,Shoes of Focus,0.5,3.33333333333
Item2,Rod of Tahuti,0.5576923076923077,1.67979610751
Item3,Warlock's Sash,0.5227272727272727,2.10449927431
Item4,Obsidian Shard,0.47368421052631576,2.72045028143
Item5,Doom Orb,0.555555555556,2.71002710027
Item6,Dynasty Plate Helm,0.5,2.94117647059
Relic1,Teleport,0.8,
Relic2,Purification,0.446808510638,
