Items_most_pop,Items_most_pop_L2,Items_most_pop_winrate,Items_L2,Items_L2_coef,Items_L2_winrate,Items_gold_adjusted_L2,Items_gold_adjusted_L2_coef,Items_gold_adjusted_L2_winrate
Shoes of the Magi,2.6752212449470556,0.4798387096774194,Rod of Tahuti,17.79714468462711,0.6014492753623188,Rod of Tahuti,0.536058574838166,1.8115942028985508
Obsidian Shard,0.6116209427773367,0.48792270531400966,Book of Thoth,8.024762618701466,0.5144508670520231,Book of Thoth,0.30282123089439494,1.941324026611408
Book of Thoth,8.024762618701466,0.5144508670520231,Spear of Desolation,2.7522161771619187,0.5833333333333334,Shoes of the Magi,0.16720132780919097,2.998991935483871
Warlock's Sash,-6.956524560909223,0.4304635761589404,Shoes of the Magi,2.6752212449470556,0.4798387096774194,Spear of Desolation,0.07242674150426102,1.5350877192982457
Rod of Tahuti,17.79714468462711,0.6014492753623188,Obsidian Shard,0.6116209427773367,0.48792270531400966,Obsidian Shard,0.029835167940357888,2.3801107576293155
Chronos' Pendant,-0.36671241279427147,0.4727272727272727,Bancroft's Talon,0.4665910378468354,0.5,Bancroft's Talon,0.019441293243618145,2.0833333333333335
