Relics_most_pop,Relics_most_pop_L2,Relics_most_pop_winrate,Relics_most_pop_wr_paired,Relics_L2,Relics_L2_coef,Relics_L2_winrate,Relics_L2_wr_paired
Purification,4.724579379768504,0.5629139072847682,0.651162790698,Blink,13.756065486924077,0.660377358490566,0.651162790698
Sanctuary,-1.3068279598449426,0.5320197044334976,,Purification,4.724579379768504,0.5629139072847682,
