,recommendations,win_rate,win_rate_per_cost
Starter Item,Soul Stone,,
Boots,Shoes of the Magi,0.65,3.70535714286
Item2,Book of Thoth,0.6966292134831461,2.385599653
Item3,Warlock's Sash,0.632183908045977,2.385599653
Item4,Rod of Tahuti,0.65,1.90416839773
Item5,Doom Orb,0.632183908046,3.73027259684
Item6,Breastplate of Valor,0.705882352941,3.06905370844
Relic1,Sprint,0.733333333333,
Relic2,Sanctuary,0.604395604396,
