Relics_most_pop,Relics_most_pop_L2,Relics_most_pop_winrate,Relics_most_pop_wr_paired,Relics_L2,Relics_L2_coef,Relics_L2_winrate,Relics_L2_wr_paired
Purification,0.029556957486102105,0.5127118644067796,0.561643835616,Blink,0.03973172340247798,0.5408163265306123,0.561643835616
Sanctuary,-0.02518610671981646,0.4838709677419355,,Purification,0.029556957486102105,0.5127118644067796,
