Relics_most_pop,Relics_most_pop_L2,Relics_most_pop_winrate,Relics_most_pop_wr_paired,Relics_L2,Relics_L2_coef,Relics_L2_winrate,Relics_L2_wr_paired
Purification,3.116298523356696,0.5281837160751566,0.0,Blink,14.18453952918168,0.6026490066225165,0.0
Sanctuary,-5.862491431254455,0.4925373134328358,,Relic,8.217572295637007,0.40425531914893614,
