Items_most_pop,Items_most_pop_L2,Items_most_pop_winrate,Items_L2,Items_L2_coef,Items_L2_winrate,Items_gold_adjusted_L2,Items_gold_adjusted_L2_coef,Items_gold_adjusted_L2_winrate
Shoes of the Magi,8.813384338786216,0.5627118644067797,Rod of Tahuti,20.17978231751684,0.668918918918919,Rod of Tahuti,0.6078247685999049,2.0148160208401173
Obsidian Shard,5.6759163337725935,0.5752212389380531,Shoes of the Magi,8.813384338786216,0.5627118644067797,Shoes of the Magi,0.5508365211741385,3.516949152542373
Warlock's Sash,-8.26334346839814,0.5054945054945055,Bancroft's Talon,8.371875046199595,0.7073170731707317,Bancroft's Talon,0.34882812692498316,2.9471544715447155
Book of Thoth,-3.5815092920527634,0.5269461077844312,Obsidian Shard,5.6759163337725935,0.5752212389380531,Obsidian Shard,0.27687396750110216,2.8059572631124543
Rod of Tahuti,20.17978231751684,0.668918918918919,Soul Reaver,4.247820131673171,0.6346153846153846,Dynasty Plate Helm,0.1650011381463477,3.5294117647058822
Soul Stone,0.7857038213826819,0.515625,Celestial Legion Helm,3.361409597280734,0.64,Celestial Legion Helm,0.1461482433600319,2.782608695652174
