Relics_most_pop,Relics_most_pop_L2,Relics_most_pop_winrate,Relics_most_pop_wr_paired,Relics_L2,Relics_L2_coef,Relics_L2_winrate,Relics_L2_wr_paired
Teleport,3.7086654239546464,0.5363984674329502,1.0,Sprint,9.779296838622548,0.6666666666666666,1.0
Purification,5.72650619710982,0.5578947368421052,,Purification,5.72650619710982,0.5578947368421052,
