,recommendations,win_rate,win_rate_per_cost
Starter Item,Vampiric Shroud,,
Boots,Shoes of the Magi,0.4606741573033708,3.83064516129
Item2,Rod of Tahuti,0.6129032258064516,1.84609405363
Item3,Obsidian Shard,0.5555555555555556,2.9897718332
Item4,Warlock's Sash,0.4880952380952381,2.31284236153
Item5,Spear of the Magus,0.612903225806,3.72093023256
Item6,Void Stone,0.8,2.81385281385
Relic1,Purification,0.609756097561,
Relic2,Sanctuary,0.571428571429,
