Items_most_pop,Items_most_pop_L2,Items_most_pop_winrate,Items_L2,Items_L2_coef,Items_L2_winrate,Items_gold_adjusted_L2,Items_gold_adjusted_L2_coef,Items_gold_adjusted_L2_winrate
Shoes of the Magi,-6.22066606270708,0.5031847133757962,Rod of Tahuti,52.30647252575357,0.6862745098039216,Rod of Tahuti,1.575496160414264,2.067091896999764
Warlock's Sash,-24.02016603756482,0.48951048951048953,Book of Thoth,41.747614691516695,0.6153846153846154,Book of Thoth,1.575381686472328,2.3222060957910013
Book of Thoth,41.747614691516695,0.6153846153846154,Spear of Desolation,24.529228090845535,0.6923076923076923,Void Stone,0.8447769985869436,2.525252525252525
Breastplate of Valor,5.8237259081350485,0.53125,Void Stone,18.58509396891276,0.5555555555555556,Spear of Desolation,0.645506002390672,1.8218623481781377
Obsidian Shard,11.49305573596164,0.5483870967741935,Ethereal Staff,16.03468799163986,0.6153846153846154,Ethereal Staff,0.5938773330236985,2.2792022792022792
Rod of Tahuti,52.30647252575357,0.6862745098039216,Obsidian Shard,11.49305573596164,0.5483870967741935,Obsidian Shard,0.5606368651688605,2.675059008654603
