Relics_most_pop,Relics_most_pop_L2,Relics_most_pop_winrate,Relics_most_pop_wr_paired,Relics_L2,Relics_L2_coef,Relics_L2_winrate,Relics_L2_wr_paired
Teleport,-6.263165045097378,0.41346153846153844,1.0,Sanctuary,22.18255454761742,0.5789473684210527,1.0
Purification,-6.8507731314117635,0.40816326530612246,,Sprint,10.419583078132476,0.5384615384615384,
