,recommendations,win_rate,win_rate_per_cost
Starter Item,Vampiric Shroud,,
Boots,Shoes of the Magi,0.49707602339181284,3.69565217391
Item2,Bancroft's Talon,0.591304347826087,2.46376811594
Item3,Obsidian Shard,0.5472972972972973,2.88441145281
Item4,Warlock's Sash,0.5080385852090032,2.23133716161
Item5,Void Stone,0.649350649351,2.95159386068
Item6,Rod of Tahuti,0.591304347826,1.96133370692
Relic1,Purification,0.541401273885,
Relic2,Thorns,0.6,
