,recommendations,win_rate,win_rate_per_cost
Starter Item,Vampiric Shroud,,
Boots,Shoes of the Magi,0.5031847133757962,4.28921568627
Item2,Rod of Tahuti,0.6862745098039216,2.067091897
Item3,Book of Thoth,0.6153846153846154,2.58971513134
Item4,Obsidian Shard,0.5483870967741935,3.34768053563
Item5,Void Stone,0.692307692308,2.52525252525
Item6,Spear of Desolation,0.555555555556,1.82186234818
Relic1,Teleport,0.56204379562,
Relic2,Sprint,0.666666666667,
