Relics_most_pop,Relics_most_pop_L2,Relics_most_pop_winrate,Relics_most_pop_wr_paired,Relics_L2,Relics_L2_coef,Relics_L2_winrate,Relics_L2_wr_paired
Teleport,0.06944443943105091,0.5486111111111112,0.714285714286,Teleport,0.06944443943105091,0.5486111111111112,0.714285714286
Purification,0.024753227844644354,0.5454545454545454,,Thorns,0.05488293547048098,0.7391304347826086,
