Items_most_pop,Items_most_pop_L2,Items_most_pop_winrate,Items_L2,Items_L2_coef,Items_L2_winrate,Items_gold_adjusted_L2,Items_gold_adjusted_L2_coef,Items_gold_adjusted_L2_winrate
Shoes of the Magi,2.181392909622234,0.5454545454545454,Warlock's Sash,5.066561280877298,0.5774647887323944,Void Stone,0.2202696783506774,3.409090909090909
Warlock's Sash,5.066561280877298,0.5774647887323944,Void Stone,4.845932923714903,0.75,Warlock's Sash,0.1911909917312188,2.179112410310922
Obsidian Shard,3.129408975236429,0.5942028985507246,Book of Thoth,4.040935639636598,0.6363636363636364,Obsidian Shard,0.15265409635299657,2.898550724637681
Breastplate of Valor,-0.7526707692892304,0.5081967213114754,Obsidian Shard,3.129408975236429,0.5942028985507246,Book of Thoth,0.1524881373447773,2.4013722126929675
Book of Thoth,4.040935639636598,0.6363636363636364,Hide of the Urchin,2.489543896450714,0.75,Shoes of the Magi,0.13633705685138964,3.409090909090909
Bancroft's Talon,0.16870430568078512,0.5272727272727272,Shoes of the Magi,2.181392909622234,0.5454545454545454,Hide of the Urchin,0.10373099568544641,3.125
