Items_most_pop,Items_most_pop_L2,Items_most_pop_winrate,Items_L2,Items_L2_coef,Items_L2_winrate,Items_gold_adjusted_L2,Items_gold_adjusted_L2_coef,Items_gold_adjusted_L2_winrate
Book of Thoth,0.6712016559941646,0.5546666666666666,Spear of Desolation,36.96150446483715,0.8461538461538461,Spear of Desolation,0.9726711701272934,2.2267206477732793
Shoes of the Magi,4.913805126601966,0.5559440559440559,Spear of the Magus,18.399799487846543,0.6438356164383562,Spear of the Magus,0.8558046273416997,2.9945842625039822
Obsidian Shard,11.811388220669434,0.5781990521327014,Rod of Tahuti,12.070146264267366,0.6030927835051546,Obsidian Shard,0.5761652790570455,2.820483181135129
Rod of Tahuti,12.070146264267366,0.6030927835051546,Obsidian Shard,11.811388220669434,0.5781990521327014,Rod of Tahuti,0.36355862241769177,1.816544528629984
Shoes of Focus,-0.27306415585679966,0.543046357615894,Gem of Isolation,9.010686384792905,0.5966386554621849,Gem of Isolation,0.33372912536270016,2.209772798008092
Warlock's Sash,-3.391473512672505,0.5241379310344828,Polynomicon,6.23682906135799,0.5729166666666666,Shoes of the Magi,0.3071128204126229,3.4746503496503496
