,recommendations,win_rate,win_rate_per_cost
Starter Item,Soul Stone,,
Boots,Shoes of Focus,0.5128205128205128,3.3908045977
Item2,Rod of Tahuti,0.6137931034482759,1.53199002908
Item3,Book of Thoth,0.5167785234899329,1.91932335719
Item4,Obsidian Shard,0.5521472392638037,2.4810765349
Item5,Polynomicon,0.670588235294,2.91560102302
Item6,Spear of the Magus,0.51677852349,2.86225402504
Relic1,Purification,0.516891891892,
Relic2,Relic,0.454545454545,
