Items_most_pop,Items_most_pop_L2,Items_most_pop_winrate,Items_L2,Items_L2_coef,Items_L2_winrate,Items_gold_adjusted_L2,Items_gold_adjusted_L2_coef,Items_gold_adjusted_L2_winrate
Book of Thoth,4.050527691864245,0.5628019323671497,Gem of Isolation,16.622136410890747,0.6466165413533834,Obsidian Shard,0.7152594326655519,3.0158890800526263
Shoes of the Magi,7.019456693536795,0.5671140939597316,Warlock's Sash,15.06108143889408,0.6132596685082873,Gem of Isolation,0.6156346818848425,2.3948760790866053
Obsidian Shard,14.662818369643816,0.6182572614107884,Obsidian Shard,14.662818369643816,0.6182572614107884,Warlock's Sash,0.5683426958073238,2.3141874283331596
Rod of Tahuti,13.110934474936029,0.6324324324324324,Rod of Tahuti,13.110934474936029,0.6324324324324324,Polynomicon,0.4664270898948087,2.7036901717208623
Warlock's Sash,15.06108143889408,0.6132596685082873,Polynomicon,10.7278230675806,0.6218487394957983,Shoes of the Magi,0.4387160433460497,3.5444630872483223
Shoes of Focus,0.273152020635133,0.55,Spear of Desolation,8.582911451460935,0.7419354838709677,Rod of Tahuti,0.3949076649077117,1.904916965157929
