Items_most_pop,Items_most_pop_L2,Items_most_pop_winrate,Items_L2,Items_L2_coef,Items_L2_winrate,Items_gold_adjusted_L2,Items_gold_adjusted_L2_coef,Items_gold_adjusted_L2_winrate
Book of Thoth,21.089941776558945,0.5458452722063037,Book of Thoth,21.089941776558945,0.5458452722063037,Book of Thoth,0.7958468594927903,2.059793480023788
Shoes of the Magi,8.60090991938225,0.5401869158878505,Rod of Tahuti,19.628418737427715,0.6005747126436781,Polynomicon,0.5984771219994546,2.575726354832063
Obsidian Shard,10.073883543984277,0.5683453237410072,Polynomicon,13.764973805987458,0.5924170616113744,Rod of Tahuti,0.5912174318502325,1.8089599778424041
Rod of Tahuti,19.628418737427715,0.6005747126436781,Obsidian Shard,10.073883543984277,0.5683453237410072,Shoes of the Magi,0.5375568699613907,3.3761682242990654
Shoes of Focus,-7.6878715148659325,0.483974358974359,Shoes of the Magi,8.60090991938225,0.5401869158878505,Obsidian Shard,0.4914089533650867,2.7724162133707666
Warlock's Sash,4.99493417703913,0.5305466237942122,Chronos' Pendant,7.5754710402157395,0.559748427672956,Chronos' Pendant,0.3156446266756558,2.3322851153039834
