,recommendations,win_rate,win_rate_per_cost
Starter Item,Soul Stone,,
Boots,Shoes of the Magi,0.547420965058,3.41494845361
Item2,Rod of Tahuti,0.6373626373626373,1.64080446299
Item3,Book of Thoth,0.5474209650582362,2.05564936495
Item4,Warlock's Sash,0.5447470817120622,2.05564936495
Item5,Spear of the Magus,0.75,2.89279636982
Item6,Gem of Isolation,0.605882352941,2.2440087146
Relic1,Sanctuary,0.555732484076,
Relic2,Teleport,0.47619047619,
