,recommendations,win_rate,win_rate_per_cost
Starter Item,Soul Stone,,
Boots,Shoes of the Magi,0.5562015503875969,3.50961538462
Item2,Obsidian Shard,0.5994897959183674,2.7392120075
Item3,Rod of Tahuti,0.6109324758842444,1.69138090825
Item4,Book of Thoth,0.5636896046852123,2.11901306241
Item5,Gem of Isolation,0.610932475884,2.30573710966
Item6,Dynasty Plate Helm,0.622549019608,4.16068866571
Relic1,Purification,0.567441860465,
Relic2,Sanctuary,0.557746478873,
