Relics_most_pop,Relics_most_pop_L2,Relics_most_pop_winrate,Relics_most_pop_wr_paired,Relics_L2,Relics_L2_coef,Relics_L2_winrate,Relics_L2_wr_paired
Sanctuary,8.440197019230883,0.563953488372093,0.758620689655,Sanctuary,8.440197019230883,0.563953488372093,0.758620689655
Purification,-0.5411847932191632,0.5549019607843138,,Sprint,6.868215222386655,0.6,
