,recommendations,win_rate,win_rate_per_cost
Starter Item,Soul Stone,,
Boots,Shoes of the Magi,0.570680628272,3.66847826087
Item2,Rod of Tahuti,0.6923076923076923,2.08526413346
Item3,Warlock's Sash,0.6206896551724138,2.61248185776
Item4,Book of Thoth,0.5706806282722513,2.61248185776
Item5,Spear of the Magus,0.650793650794,3.1976744186
Item6,Gem of Isolation,0.6875,2.41034685479
Relic1,Purification,0.575268817204,
Relic2,Sanctuary,0.555555555556,
