Items_most_pop,Items_most_pop_L2,Items_most_pop_winrate,Items_L2,Items_L2_coef,Items_L2_winrate,Items_gold_adjusted_L2,Items_gold_adjusted_L2_coef,Items_gold_adjusted_L2_winrate
Book of Thoth,12.80042134148403,0.5813953488372093,Rod of Tahuti,20.808557956215132,0.6857142857142857,Obsidian Shard,0.7678509369404914,3.094676108051403
Shoes of the Magi,7.003540943791939,0.5748031496062992,Obsidian Shard,15.740944207280075,0.6344086021505376,Rod of Tahuti,0.6267637938619015,2.0654044750430294
Obsidian Shard,15.740944207280075,0.6344086021505376,Spear of Desolation,13.220845928620358,0.9230769230769231,Book of Thoth,0.48303476760317093,2.1939447125932428
Rod of Tahuti,20.808557956215132,0.6857142857142857,Book of Thoth,12.80042134148403,0.5813953488372093,Warlock's Sash,0.4655145920733704,2.358490566037736
Shoes of Focus,-4.848934515037362,0.5142857142857142,Warlock's Sash,12.336136689944317,0.625,Shoes of the Magi,0.4377213089869961,3.59251968503937
Warlock's Sash,12.336136689944317,0.625,Polynomicon,7.72854636150226,0.5918367346938775,Spear of Desolation,0.3479169981215884,2.42914979757085
