Relics_most_pop,Relics_most_pop_L2,Relics_most_pop_winrate,Relics_most_pop_wr_paired,Relics_L2,Relics_L2_coef,Relics_L2_winrate,Relics_L2_wr_paired
Sanctuary,4.229258314642724,0.5544041450777202,0.5625,Purification,11.680130124739987,0.5567567567567567,0.5625
Purification,11.680130124739987,0.5567567567567567,,Sanctuary,4.229258314642724,0.5544041450777202,
