Relics_most_pop,Relics_most_pop_L2,Relics_most_pop_winrate,Relics_most_pop_wr_paired,Relics_L2,Relics_L2_coef,Relics_L2_winrate,Relics_L2_wr_paired
Purification,0.11285562695823138,0.5815602836879432,0.598360655738,Purification,0.11285562695823138,0.5815602836879432,0.598360655738
Sanctuary,0.09284397554985929,0.5673758865248227,,Sanctuary,0.09284397554985929,0.5673758865248227,
