Relics_most_pop,Relics_most_pop_L2,Relics_most_pop_winrate,Relics_most_pop_wr_paired,Relics_L2,Relics_L2_coef,Relics_L2_winrate,Relics_L2_wr_paired
Sanctuary,-0.9839400118820372,0.5221238938053098,0.542857142857,Purification,6.184153806420043,0.5375,0.542857142857
Purification,6.184153806420043,0.5375,,Sanctuary,-0.9839400118820372,0.5221238938053098,
