Relics_most_pop,Relics_most_pop_L2,Relics_most_pop_winrate,Relics_most_pop_wr_paired,Relics_L2,Relics_L2_coef,Relics_L2_winrate,Relics_L2_wr_paired
Purification,10.139906204790297,0.632183908045977,0.631578947368,Purification,10.139906204790297,0.632183908045977,0.631578947368
Wrath,2.42551069390454,0.5692307692307692,,Teleport,2.9202643190820594,0.6333333333333333,
