Relics_most_pop,Relics_most_pop_L2,Relics_most_pop_winrate,Relics_most_pop_wr_paired,Relics_L2,Relics_L2_coef,Relics_L2_winrate,Relics_L2_wr_paired
Purification,2.3773758110525343,0.580441640378549,0.666666666667,Teleport,25.14621714904551,0.6646341463414634,0.666666666667
Wrath,-6.254673278647642,0.543778801843318,,Sprint,8.038560704313337,0.625,
