Items_most_pop,Items_most_pop_L2,Items_most_pop_winrate,Items_L2,Items_L2_coef,Items_L2_winrate,Items_gold_adjusted_L2,Items_gold_adjusted_L2_coef,Items_gold_adjusted_L2_winrate
Warrior Tabi,-4.389334003055743,0.49731182795698925,Titan's Bane,16.04044791912927,0.5708333333333333,Titan's Bane,0.7824608741038669,2.7845528455284554
Jotunn's Wrath,12.493439495103878,0.5277777777777778,The Crusher,15.391207574743623,0.5935483870967742,The Crusher,0.6691829380323314,2.5806451612903225
Titan's Bane,16.04044791912927,0.5708333333333333,Void Shield,14.16056169084324,0.6551724137931034,Void Shield,0.5244652478090088,2.426564495530013
Transcendence,12.149485953043028,0.5370370370370371,Mantle of Discord,12.534059877508378,0.6486486486486487,Jotunn's Wrath,0.5120262088157327,2.163023679417122
The Crusher,15.391207574743623,0.5935483870967742,Jotunn's Wrath,12.493439495103878,0.5277777777777778,Transcendence,0.46728792127088575,2.0655270655270654
Brawler's Beat Stick,8.684923272200928,0.5867768595041323,Transcendence,12.149485953043028,0.5370370370370371,Hydra's Lament,0.4363537416311554,2.5458996328029375
