Items_most_pop,Items_most_pop_L2,Items_most_pop_winrate,Items_L2,Items_L2_coef,Items_L2_winrate,Items_gold_adjusted_L2,Items_gold_adjusted_L2_coef,Items_gold_adjusted_L2_winrate
Warrior Tabi,1.9639771884642805,0.5578703703703703,Brawler's Beat Stick,21.8871535981787,0.6456456456456456,Brawler's Beat Stick,0.9119647332574458,2.69019019019019
Jotunn's Wrath,-5.783543968832268,0.5614702154626109,Titan's Bane,18.389045169130377,0.6136363636363636,Titan's Bane,0.8970265936161159,2.9933481152993346
Titan's Bane,18.389045169130377,0.6136363636363636,Magi's Blessing,11.910643863528604,0.7291666666666666,Magi's Blessing,0.5539834355129583,3.391472868217054
The Crusher,2.2441406253645795,0.6005830903790087,Mantle of Discord,8.846331119951186,0.6666666666666666,Hydra's Lament,0.29256784620677484,2.777150598329194
Brawler's Beat Stick,21.8871535981787,0.6456456456456456,Hydra's Lament,6.290208693445659,0.5970873786407767,Mantle of Discord,0.2853655199984253,2.150537634408602
Transcendence,5.075317974152369,0.5652173913043478,Transcendence,5.075317974152369,0.5652173913043478,Transcendence,0.1952045374673988,2.1739130434782608
