,recommendations,win_rate,win_rate_per_cost
Starter Item,Bumba's Mask,,
Boots,Warrior Tabi,0.5215311004784688,4.03225806452
Item2,Titan's Bane,0.6220472440944882,3.0487804878
Item3,Brawler's Beat Stick,0.625,2.60416666667
Item4,Jotunn's Wrath,0.5543478260869565,2.56147540984
Item5,Hydra's Lament,0.554347826087,2.84765068818
Item6,The Crusher,0.584415584416,2.58799171843
Relic1,Teleport,0.577464788732,
Relic2,Wrath,0.549019607843,
