Relics_most_pop,Relics_most_pop_L2,Relics_most_pop_winrate,Relics_most_pop_wr_paired,Relics_L2,Relics_L2_coef,Relics_L2_winrate,Relics_L2_wr_paired
Purification,10.033833200315213,0.5833333333333334,0.65,Purification,10.033833200315213,0.5833333333333334,0.65
Wrath,2.3725271522854348,0.532608695652174,,Teleport,3.849195059402692,0.5714285714285714,
