Items_most_pop,Items_most_pop_L2,Items_most_pop_winrate,Items_L2,Items_L2_coef,Items_L2_winrate,Items_gold_adjusted_L2,Items_gold_adjusted_L2_coef,Items_gold_adjusted_L2_winrate
Warrior Tabi,-3.3749600584966415,0.5085106382978724,Titan's Bane,23.032134818125048,0.5824561403508772,Titan's Bane,1.123518771615856,2.8412494651262303
Jotunn's Wrath,5.656866561497132,0.5269320843091335,Hydra's Lament,15.8673677390849,0.5816326530612245,Hydra's Lament,0.7380171041434838,2.705268153773137
Titan's Bane,23.032134818125048,0.5824561403508772,Transcendence,11.698274323637698,0.5428571428571428,The Crusher,0.4944404732297292,2.498198414604852
Transcendence,11.698274323637698,0.5428571428571428,The Crusher,11.37213088428377,0.574585635359116,Transcendence,0.44993362783221913,2.087912087912088
The Crusher,11.37213088428377,0.574585635359116,Jotunn's Wrath,5.656866561497132,0.5269320843091335,Jotunn's Wrath,0.23183879350398084,2.159557722578416
Bumba's Mask,-7.52950593330574,0.4198895027624309,Void Shield,4.570659540510082,0.5510204081632653,Void Shield,0.1692836866855586,2.0408163265306123
