Relics_most_pop,Relics_most_pop_L2,Relics_most_pop_winrate,Relics_most_pop_wr_paired,Relics_L2,Relics_L2_coef,Relics_L2_winrate,Relics_L2_wr_paired
Teleport,4.397354752372052,0.5901639344262295,0.58024691358,Teleport,4.397354752372052,0.5901639344262295,0.58024691358
Purification,3.27810851673152,0.5855855855855856,,Purification,3.27810851673152,0.5855855855855856,
