Relics_most_pop,Relics_most_pop_L2,Relics_most_pop_winrate,Relics_most_pop_wr_paired,Relics_L2,Relics_L2_coef,Relics_L2_winrate,Relics_L2_wr_paired
Purification,-10.8268250905787,0.5714285714285714,1.0,Teleport,13.874209313842636,0.7352941176470589,1.0
Wrath,-0.8122440376207515,0.5932203389830508,,Sprint,6.857382798250423,0.7142857142857143,
