Items_most_pop,Items_most_pop_L2,Items_most_pop_winrate,Items_L2,Items_L2_coef,Items_L2_winrate,Items_gold_adjusted_L2,Items_gold_adjusted_L2_coef,Items_gold_adjusted_L2_winrate
Warrior Tabi,2.305267057938087,0.54673721340388,The Crusher,10.045801007497065,0.6355140186915887,The Crusher,0.4367739568476985,2.7631044290938642
Jotunn's Wrath,8.297212772616696,0.568359375,Jotunn's Wrath,8.297212772616696,0.568359375,Titan's Bane,0.34803570966176517,2.876458112407211
Titan's Bane,7.134732048066186,0.5896739130434783,Brawler's Beat Stick,7.95762293501367,0.6231155778894473,Jotunn's Wrath,0.3400497037957662,2.329341700819672
Transcendence,0.17590071281984176,0.5470085470085471,Titan's Bane,7.134732048066186,0.5896739130434783,Brawler's Beat Stick,0.3315676222922362,2.596314907872697
The Crusher,10.045801007497065,0.6355140186915887,Mantle of Discord,5.743749898978322,0.6981132075471698,Hydra's Lament,0.20000933992139625,2.7906976744186047
Bumba's Mask,-9.837126702306394,0.43283582089552236,Hydra's Lament,4.300200808310019,0.6,Mantle of Discord,0.18528225480575236,2.251978088861838
