,recommendations,win_rate,win_rate_per_cost
Starter Item,Bluestone Pendant,,
Boots,Warrior Tabi,0.579545454545,3.60531309298
Item2,Jotunn's Wrath,0.5795454545454546,2.29026036644
Item3,The Crusher,0.6304347826086957,2.42966751918
Item4,Titan's Bane,0.546875,2.72596843615
Item5,Hydra's Lament,0.68,3.16279069767
Item6,Transcendence,0.539682539683,2.0757020757
Relic1,Purification,0.578125,
Relic2,Teleport,0.536585365854,
