Items_most_pop,Items_most_pop_L2,Items_most_pop_winrate,Items_L2,Items_L2_coef,Items_L2_winrate,Items_gold_adjusted_L2,Items_gold_adjusted_L2_coef,Items_gold_adjusted_L2_winrate
Warrior Tabi,1.842475739573444,0.5255681818181818,Titan's Bane,11.402788945467146,0.6,Titan's Bane,0.5562336070959584,2.926829268292683
Jotunn's Wrath,3.833050226630249,0.5394321766561514,The Crusher,7.444089803607517,0.6131386861313869,The Crusher,0.32365607841771815,2.6658203744842908
Titan's Bane,11.402788945467146,0.6,Hydra's Lament,5.634188446903758,0.5913978494623656,Hydra's Lament,0.2620552766001748,2.7506876719179796
Bumba's Mask,-12.313960127944053,0.40131578947368424,Brawler's Beat Stick,4.721802722418551,0.583941605839416,Brawler's Beat Stick,0.19674178010077295,2.4330900243309004
The Crusher,7.444089803607517,0.6131386861313869,Transcendence,4.404216676680537,0.5663716814159292,Magi's Blessing,0.18612789756230735,3.427172582619339
Brawler's Beat Stick,4.721802722418551,0.583941605839416,Magi's Blessing,4.001749797589609,0.7368421052631579,Transcendence,0.1693929491030976,2.178352620830497
