Items_most_pop,Items_most_pop_L2,Items_most_pop_winrate,Items_L2,Items_L2_coef,Items_L2_winrate,Items_gold_adjusted_L2,Items_gold_adjusted_L2_coef,Items_gold_adjusted_L2_winrate
Warrior Tabi,6.6127430089237995,0.5752212389380531,The Crusher,9.138014849114196,0.6363636363636364,Warrior Tabi,0.4266285812208903,3.711104767342278
Jotunn's Wrath,3.216196847229582,0.5714285714285714,Titan's Bane,7.624937376163296,0.6081081081081081,The Crusher,0.3973049934397476,2.766798418972332
Transcendence,1.045064053194804,0.5542168674698795,Brawler's Beat Stick,6.6678874147370335,0.6470588235294118,Titan's Bane,0.3719481646908925,2.966381015161503
Titan's Bane,7.624937376163296,0.6081081081081081,Warrior Tabi,6.6127430089237995,0.5752212389380531,Brawler's Beat Stick,0.27782864228070975,2.696078431372549
The Crusher,9.138014849114196,0.6363636363636364,Hydra's Lament,3.5468755152018305,0.6363636363636364,Hydra's Lament,0.16497095419543398,2.959830866807611
Brawler's Beat Stick,6.6678874147370335,0.6470588235294118,Jotunn's Wrath,3.216196847229582,0.5714285714285714,Jotunn's Wrath,0.1318113461979337,2.34192037470726
