Items_most_pop,Items_most_pop_L2,Items_most_pop_winrate,Items_L2,Items_L2_coef,Items_L2_winrate,Items_gold_adjusted_L2,Items_gold_adjusted_L2_coef,Items_gold_adjusted_L2_winrate
Warrior Tabi,2.758155865006999,0.5124481327800829,Brawler's Beat Stick,16.523809829684243,0.608433734939759,Brawler's Beat Stick,0.6884920762368435,2.535140562248996
Jotunn's Wrath,13.750776683611088,0.5373493975903615,Jotunn's Wrath,13.750776683611088,0.5373493975903615,Jotunn's Wrath,0.5635564214594708,2.2022516294686945
Titan's Bane,4.5519208637025335,0.5514950166112956,Stone Cutting Sword,13.352788680972589,0.7692307692307693,Stone Cutting Sword,0.5135687954220226,2.9585798816568047
Bumba's Mask,-16.119832265493898,0.40860215053763443,The Crusher,9.291111608023888,0.5847953216374269,The Crusher,0.4039613742619082,2.5425883549453343
Transcendence,-3.8907463833127673,0.5,Hydra's Lament,6.712794336599886,0.5488721804511278,Hydra's Lament,0.31222299239999474,2.5528938625633852
The Crusher,9.291111608023888,0.5847953216374269,Titan's Bane,4.5519208637025335,0.5514950166112956,Titan's Bane,0.22204492018061137,2.6902195932258324
