Items_most_pop,Items_most_pop_L2,Items_most_pop_winrate,Items_L2,Items_L2_coef,Items_L2_winrate,Items_gold_adjusted_L2,Items_gold_adjusted_L2_coef,Items_gold_adjusted_L2_winrate
Warrior Tabi,1.3109453320680169,0.5103645461043602,Titan's Bane,13.05134576765014,0.5682074408117249,Titan's Bane,0.6366510130561045,2.7717436137157314
Jotunn's Wrath,5.267274877732048,0.5272136474411048,Brawler's Beat Stick,12.436077035126264,0.5891181988742964,Brawler's Beat Stick,0.5181698764635944,2.454659161976235
Titan's Bane,13.05134576765014,0.5682074408117249,Mantle of Discord,10.647049242116893,0.6837606837606838,The Crusher,0.4400171139068853,2.5279829437295365
The Crusher,10.120393619858362,0.5814360770577933,The Crusher,10.120393619858362,0.5814360770577933,Transcendence,0.3463069940699072,2.099236641221374
Brawler's Beat Stick,12.436077035126264,0.5891181988742964,Transcendence,9.003981845817588,0.5458015267175572,Mantle of Discord,0.3434532013586094,2.2056796250344637
Transcendence,9.003981845817588,0.5458015267175572,Jotunn's Wrath,5.267274877732048,0.5272136474411048,Jotunn's Wrath,0.21587192121852658,2.1607116698405933
