Relics_most_pop,Relics_most_pop_L2,Relics_most_pop_winrate,Relics_most_pop_wr_paired,Relics_L2,Relics_L2_coef,Relics_L2_winrate,Relics_L2_wr_paired
Purification,7.572304693073165,0.5862068965517241,0.636363636364,Wrath,8.750955688636662,0.5757575757575758,0.636363636364
Wrath,8.750955688636662,0.5757575757575758,,Sprint,8.6324506883833,0.6,
