,recommendations,win_rate,win_rate_per_cost
Starter Item,Bumba's Mask,,
Boots,Warrior Tabi,0.538135593220339,3.73900293255
Item2,Jotunn's Wrath,0.5789473684210527,2.37518628912
Item3,Titan's Bane,0.5958904109589042,2.82705099778
Item4,Transcendence,0.5795454545454546,2.22902097902
Item5,Brawler's Beat Stick,0.791666666667,2.53831417625
Item6,Void Shield,0.609195402299,2.93209876543
Relic1,Wrath,0.587628865979,
Relic2,Teleport,0.56043956044,
