,recommendations,win_rate,win_rate_per_cost
Starter Item,Soul Stone,,
Boots,Shoes of the Magi,0.56,3.37301587302
Item2,Warlock's Sash,0.5542168674698795,1.9665160776
Item3,Chronos' Pendant,0.5661157024793388,2.17136150235
Item4,Obsidian Shard,0.5575757575757576,2.54208175885
Item5,Dynasty Plate Helm,0.60396039604,3.552708212
Item6,Rod of Tahuti,0.539682539683,1.68674698795
Relic1,Purification,0.539956803456,
Relic2,Sanctuary,0.537735849057,
