,recommendations,win_rate,win_rate_per_cost
Starter Item,Soul Stone,,
Boots,Shoes of the Magi,0.4955567171981181,3.25363196126
Item2,Book of Thoth,0.5205811138014528,1.96445703321
Item3,Obsidian Shard,0.525987525987526,2.53942006732
Item4,Chronos' Pendant,0.5070729053318824,2.16908797417
Item5,Rod of Asclepius,0.603238866397,2.26781528721
Item6,Rod of Tahuti,0.60498687664,1.82224962843
Relic1,Teleport,0.532710280374,
Relic2,Sprint,0.509316770186,
