Relics_most_pop,Relics_most_pop_L2,Relics_most_pop_winrate,Relics_most_pop_wr_paired,Relics_L2,Relics_L2_coef,Relics_L2_winrate,Relics_L2_wr_paired
Purification,1.4453991349022184,0.5265151515151515,0.647058823529,Purification,1.4453991349022184,0.5265151515151515,0.647058823529
Sanctuary,0.3842820715994928,0.5220883534136547,,Teleport,0.6136828200198523,0.5789473684210527,
