Items_most_pop,Items_most_pop_L2,Items_most_pop_winrate,Items_L2,Items_L2_coef,Items_L2_winrate,Items_gold_adjusted_L2,Items_gold_adjusted_L2_coef,Items_gold_adjusted_L2_winrate
Shoes of the Magi,-1.2653438792673963,0.5789821546596167,Rod of Tahuti,18.287205278804507,0.6815068493150684,Rod of Tahuti,0.5508194361085694,2.0527314738405678
Obsidian Shard,7.6290392213402365,0.6137992831541219,Rod of Asclepius,13.21083776244433,0.6458684654300169,Rod of Asclepius,0.49664803618211767,2.4280769377068303
Chronos' Pendant,-0.36410997342496854,0.5857519788918206,Book of Thoth,12.197388116201871,0.632279534109817,Book of Thoth,0.4602787968378065,2.385960506074781
Warlock's Sash,4.522479881156387,0.591339648173207,Obsidian Shard,7.6290392213402365,0.6137992831541219,Obsidian Shard,0.37214825469952373,2.994142844654253
Soul Stone,-3.7263818833452573,0.5455801104972375,Dynasty Plate Helm,4.89531334339713,0.6069114470842333,Shoes of Focus,0.3061525411729099,4.110275689223058
Book of Thoth,12.197388116201871,0.632279534109817,Shoes of Focus,4.5922881175936485,0.6165413533834586,Dynasty Plate Helm,0.2879596084351253,3.5700673357896076
