Items_most_pop,Items_most_pop_L2,Items_most_pop_winrate,Items_L2,Items_L2_coef,Items_L2_winrate,Items_gold_adjusted_L2,Items_gold_adjusted_L2_coef,Items_gold_adjusted_L2_winrate
Shoes of the Magi,-2.1091440255036478,0.5032509752925878,Rod of Tahuti,12.039477181322788,0.597972972972973,Rod of Asclepius,0.4018060458411787,2.235318024791709
Obsidian Shard,-1.7801812341499006,0.5136054421768708,Rod of Asclepius,10.688040819375352,0.5945945945945946,Dynasty Plate Helm,0.3724055602912713,3.3707865168539324
Warlock's Sash,-0.25713568394852776,0.5042735042735043,Dynasty Plate Helm,6.330894524951612,0.5730337078651685,Rod of Tahuti,0.3626348548591201,1.8011234125691957
Chronos' Pendant,0.10910354246096324,0.5108433734939759,Shoes of Focus,2.968746380775267,0.5319148936170213,Shoes of Focus,0.1979164253850178,3.5460992907801416
Soul Stone,5.2426842095908155,0.5241935483870968,Doom Orb,2.480387190738529,0.5737704918032787,Doom Orb,0.12099449710919653,2.7988804478208715
Book of Thoth,1.2540569415627116,0.5135869565217391,Book of Thoth,1.2540569415627116,0.5135869565217391,Book of Thoth,0.04732290345519667,1.9380639868744873
