Items_most_pop,Items_most_pop_L2,Items_most_pop_winrate,Items_L2,Items_L2_coef,Items_L2_winrate,Items_gold_adjusted_L2,Items_gold_adjusted_L2_coef,Items_gold_adjusted_L2_winrate
Shoes of the Magi,-2.476065379373635,0.5681818181818182,Rod of Tahuti,20.462304369287008,0.6593406593406593,Shoes of Focus,0.985483438980802,4.484848484848484
Obsidian Shard,7.349105205797262,0.6024096385542169,Rod of Asclepius,19.54383250715309,0.6666666666666666,Rod of Asclepius,0.7347305453816952,2.506265664160401
Warlock's Sash,-2.98131623346686,0.5579710144927537,Shoes of Focus,14.78225158471203,0.6727272727272727,Rod of Tahuti,0.6163344689544279,1.985965841387528
Chronos' Pendant,-2.6668618286144823,0.5740740740740741,Doom Orb,12.331463682016597,0.7857142857142857,Doom Orb,0.6015348137569072,3.832752613240418
Book of Thoth,7.122037843443345,0.6185567010309279,Obsidian Shard,7.349105205797262,0.6024096385542169,Obsidian Shard,0.3584929368681591,2.938583602703497
Soul Stone,0.3042349648951508,0.5520833333333334,Book of Thoth,7.122037843443345,0.6185567010309279,Book of Thoth,0.2687561450355979,2.334176230305388
