Items_most_pop,Items_most_pop_L2,Items_most_pop_winrate,Items_L2,Items_L2_coef,Items_L2_winrate,Items_gold_adjusted_L2,Items_gold_adjusted_L2_coef,Items_gold_adjusted_L2_winrate
Shoes of the Magi,-6.960965126795162,0.48379888268156424,Rod of Asclepius,42.28695453648437,0.5701219512195121,Rod of Asclepius,1.5897351329505403,2.143315606088392
Obsidian Shard,-0.18506008688348563,0.494949494949495,Book of Thoth,29.64486444283584,0.5333333333333333,Book of Thoth,1.1186741299183336,2.0125786163522013
Chronos' Pendant,-12.571122667699111,0.4702127659574468,Rod of Tahuti,19.969709663381373,0.5521126760563381,Rod of Tahuti,0.6014972790175112,1.6629899881215
Warlock's Sash,-3.415856240270892,0.4702127659574468,Doom Orb,10.573206814948794,0.5180722891566265,Doom Orb,0.5157661860950631,2.5271818983250074
Soul Stone,1.5077677081355954,0.4701298701298701,Celestial Legion Helm,10.459535316001995,0.5344827586206896,Celestial Legion Helm,0.454762405043565,2.3238380809595203
Book of Thoth,29.64486444283584,0.5333333333333333,Shoes of Focus,4.803703119772641,0.5082872928176796,Shoes of Focus,0.3202468746515094,3.3885819521178635
