,recommendations,win_rate,win_rate_per_cost
Starter Item,Soul Stone,,
Boots,Shoes of the Magi,0.4424778761061947,2.55681818182
Item2,Book of Thoth,0.5094339622641509,1.54373927959
Item3,Chronos' Pendant,0.47368421052631576,1.70454545455
Item4,Obsidian Shard,0.4666666666666667,1.9955654102
Item5,Rod of Asclepius,0.542857142857,2.04081632653
Item6,Breastplate of Valor,0.533333333333,2.31884057971
Relic1,Sprint,0.571428571429,
Relic2,Teleport,0.5,
