Items_most_pop,Items_most_pop_L2,Items_most_pop_winrate,Items_L2,Items_L2_coef,Items_L2_winrate,Items_gold_adjusted_L2,Items_gold_adjusted_L2_coef,Items_gold_adjusted_L2_winrate
Warlock's Sash,0.4531358935319452,0.5255813953488372,Rod of Tahuti,1.0222906700667704,0.6236559139784946,Rod of Asclepius,0.03358167018019913,2.2796352583586628
Shoes of the Magi,0.09951334083697727,0.5071090047393365,Rod of Asclepius,0.8932724267932969,0.6063829787234043,Rod of Tahuti,0.030791887652613568,1.8784816686099235
Obsidian Shard,0.49946728820410263,0.5379746835443038,Gem of Isolation,0.687528668827195,0.8,Gem of Isolation,0.025464024771377592,2.962962962962963
Book of Thoth,0.06742938667605415,0.509090909090909,Obsidian Shard,0.49946728820410263,0.5379746835443038,Obsidian Shard,0.02436425796117574,2.624266748996604
Shoes of Focus,0.06832580890593318,0.5098039215686274,Warlock's Sash,0.4531358935319452,0.5255813953488372,Warlock's Sash,0.017099467680450762,1.9833260201842913
Chronos' Pendant,0.06799291387906081,0.5104166666666666,Lotus Crown,0.2277841222089903,0.631578947368421,Lotus Crown,0.011111420595560502,3.0808729139922977
