Items_most_pop,Items_most_pop_L2,Items_most_pop_winrate,Items_L2,Items_L2_coef,Items_L2_winrate,Items_gold_adjusted_L2,Items_gold_adjusted_L2_coef,Items_gold_adjusted_L2_winrate
Shoes of the Magi,2.6178916073038327,0.5704809286898839,Rod of Asclepius,13.737483973529729,0.6543778801843319,Rod of Asclepius,0.5164467659221703,2.4600672187380894
Obsidian Shard,-1.548435603770125,0.5678160919540229,Book of Thoth,12.250848702135757,0.6254295532646048,Book of Thoth,0.46229617743908513,2.360111521753226
Warlock's Sash,-8.71285808979972,0.5156695156695157,Rod of Tahuti,10.29535027686076,0.6220472440944882,Dynasty Plate Helm,0.3216560927402193,3.625601183869774
Chronos' Pendant,-0.6185361482811339,0.5612244897959183,Dynasty Plate Helm,5.468153576583728,0.6163522012578616,Rod of Tahuti,0.3101009119536373,1.8736362773930366
Book of Thoth,12.250848702135757,0.6254295532646048,Soul Reaver,4.778315249154927,0.7,Doom Orb,0.20145081831294384,3.1293143120110445
Soul Stone,7.927375952135997,0.5970695970695971,Doom Orb,4.129741775415349,0.6415094339622641,Shoes of the Magi,0.16361822545648955,3.5655058043117744
