,recommendations,win_rate,win_rate_per_cost
Starter Item,Soul Stone,,
Boots,Shoes of the Magi,0.5629213483146067,4.11821705426
Item2,Rod of Tahuti,0.6589147286821705,1.98468291772
Item3,Warlock's Sash,0.5935114503816794,2.48647067427
Item4,Book of Thoth,0.5903614457831325,2.48647067427
Item5,Rod of Asclepius,0.634560906516,2.38556731773
Item6,Lotus Crown,0.593511450382,3.32855093257
Relic1,Sanctuary,0.585714285714,
Relic2,Sprint,0.624113475177,
