,recommendations,win_rate,win_rate_per_cost
Starter Item,Soul Stone,,
Boots,Shoes of the Magi,0.598214285714,3.54462875197
Item2,Soul Stone,0.5645438898450946,7.05679862306
Item3,Book of Thoth,0.5498084291187739,2.1303543013
Item4,Warlock's Sash,0.5389221556886228,2.1303543013
Item5,Doom Orb,0.623188405797,3.26581231914
Item6,Rod of Asclepius,0.669491525424,2.34281355563
Relic1,Sprint,0.578947368421,
Relic2,Purification,0.560727272727,
