,recommendations,win_rate,win_rate_per_cost
Starter Item,Soul Stone,,
Boots,Shoes of the Magi,0.553003533569,3.33090075063
Item2,Book of Thoth,0.5530035335689046,1.9091213576
Item3,Obsidian Shard,0.5415318230852212,2.46788858421
Item4,Chronos' Pendant,0.5329249617151608,2.10798816568
Item5,Rod of Tahuti,0.625490196078,1.88400661469
Item6,Rod of Asclepius,0.607305936073,2.28310502283
Relic1,Purification,0.530596436871,
Relic2,Sprint,0.542056074766,
