Relics_most_pop,Relics_most_pop_L2,Relics_most_pop_winrate,Relics_most_pop_wr_paired,Relics_L2,Relics_L2_coef,Relics_L2_winrate,Relics_L2_wr_paired
Purification,10.242561916016815,0.5928705440900562,0.639784946237,Purification,10.242561916016815,0.5928705440900562,0.639784946237
Wrath,8.043571066170427,0.5756880733944955,,Wrath,8.043571066170427,0.5756880733944955,
