Relics_most_pop,Relics_most_pop_L2,Relics_most_pop_winrate,Relics_most_pop_wr_paired,Relics_L2,Relics_L2_coef,Relics_L2_winrate,Relics_L2_wr_paired
Purification,26.190736157788088,0.6923076923076923,0.6875,Purification,26.190736157788088,0.6923076923076923,0.6875
Wrath,3.1504470142086833,0.6121495327102804,,Blink,9.799721677358095,0.7692307692307693,
