,recommendations,win_rate,win_rate_per_cost
Starter Item,Bumba's Mask,,
Boots,Warrior Tabi,0.4780023781212842,3.10892940626
Item2,Stone Cutting Sword,0.5795148247978437,1.85340022297
Item3,Qin's Sais,0.5497382198952879,1.78475577026
Item4,Ichaival,0.48188405797101447,2.83461210571
Item5,Heartseeker,0.549738219895,2.83224400871
Item6,Hydra's Lament,0.526315789474,2.44798041616
Relic1,Sprint,0.557575757576,
Relic2,Wrath,0.511247443763,
