Relics_most_pop,Relics_most_pop_L2,Relics_most_pop_winrate,Relics_most_pop_wr_paired,Relics_L2,Relics_L2_coef,Relics_L2_winrate,Relics_L2_wr_paired
Purification,14.449678430720056,0.6428571428571429,0.5,Wrath,54.7084649543621,0.6605504587155964,0.5
Wrath,54.7084649543621,0.6605504587155964,,Blink,29.38503192793395,0.8571428571428571,
