,recommendations,win_rate,win_rate_per_cost
Starter Item,Bumba's Mask,,
Boots,Warrior Tabi,0.5311475409836065,3.26049254249
Item2,Stone Cutting Sword,0.6129032258064516,1.94375516956
Item3,Qin's Sais,0.582089552238806,1.87176423736
Item4,Jotunn's Wrath,0.5167785234899329,2.07121452494
Item5,Asi,0.612903225806,3.93258426966
Item6,Breastplate of Valor,0.7,3.26086956522
Relic1,Wrath,0.586021505376,
Relic2,Sanctuary,0.554744525547,
