,recommendations,win_rate,win_rate_per_cost
Starter Item,Bumba's Mask,,
Boots,Warrior Tabi,0.67032967033,3.7621067798
Item2,Stone Cutting Sword,0.6948051948051948,2.06659012629
Item3,Qin's Sais,0.603448275862069,1.99004975124
Item4,Ichaival,0.5958904109589042,3.16066725198
Item5,Heartseeker,0.694805194805,3.77777777778
Item6,Titan's Bane,0.738095238095,3.26990083088
Relic1,Blink,0.777777777778,
Relic2,Wrath,0.58407079646,
