Items_most_pop,Items_most_pop_L2,Items_most_pop_winrate,Items_L2,Items_L2_coef,Items_L2_winrate,Items_gold_adjusted_L2,Items_gold_adjusted_L2_coef,Items_gold_adjusted_L2_winrate
Warrior Tabi,1.8898289668396413,0.5783132530120482,Qin's Sais,25.26738037033122,0.6580882352941176,Qin's Sais,0.9358289026048601,2.437363834422658
Qin's Sais,25.26738037033122,0.6580882352941176,Stone Cutting Sword,23.37903397736221,0.6785714285714286,Winged Blade,0.928811720230974,3.97456279809221
Jotunn's Wrath,-10.546895912478352,0.539906103286385,Winged Blade,17.18301682427302,0.7352941176470589,Stone Cutting Sword,0.8991936145139312,2.60989010989011
Bumba's Mask,9.316269839252794,0.5652173913043478,Titan's Bane,16.97859784363703,0.7108433734939759,Titan's Bane,0.8282242850554647,3.4675286511901264
Stone Cutting Sword,23.37903397736221,0.6785714285714286,Mantle of Discord,8.101833302312327,0.6862745098039216,Asi,0.44940391981888633,3.9533915938410322
Ichaival,0.34720839693539807,0.5789473684210527,Asi,7.999389772776178,0.7037037037037037,Mantle of Discord,0.26134946136491377,2.213788741302973
