Items_most_pop,Items_most_pop_L2,Items_most_pop_winrate,Items_L2,Items_L2_coef,Items_L2_winrate,Items_gold_adjusted_L2,Items_gold_adjusted_L2_coef,Items_gold_adjusted_L2_winrate
Warrior Tabi,10.650640044717662,0.5946969696969697,Mantle of Discord,21.77922959251129,0.8157894736842105,Asi,0.8573354438318029,3.947767992711813
Qin's Sais,9.339764273520517,0.6242774566473989,Stone Cutting Sword,20.94065946541629,0.6618705035971223,Stone Cutting Sword,0.805409979439088,2.545655783065855
Stone Cutting Sword,20.94065946541629,0.6618705035971223,Asi,15.26057090020609,0.7027027027027027,Mantle of Discord,0.7025557933068158,2.6315789473684212
Jotunn's Wrath,-17.740108688554834,0.5182481751824818,Winged Blade,11.627160213947933,0.6976744186046512,Warrior Tabi,0.6871380674011395,3.8367546432062563
Bumba's Mask,-8.553739975141651,0.5284552845528455,Heartseeker,10.98614349559019,0.6410256410256411,Winged Blade,0.6284951466998884,3.771213073538655
Ichaival,1.7316227176361747,0.5949367088607594,Warrior Tabi,10.650640044717662,0.5946969696969697,Heartseeker,0.610341305310566,3.561253561253561
