,recommendations,win_rate,win_rate_per_cost
Starter Item,Bumba's Mask,,
Boots,Ninja Tabi,0.625,4.16666666667
Item2,Qin's Sais,0.6111111111111112,1.79894179894
Item3,Stone Cutting Sword,0.6290322580645161,1.86813186813
Item4,The Executioner,0.5869565217391305,2.15873015873
Item5,Titan's Bane,0.727272727273,3.54767184035
Item6,Asi,0.652173913043,3.84387936132
Relic1,Blink,0.9,
Relic2,Meditation,1.0,
