,recommendations,win_rate,win_rate_per_cost
Starter Item,Bumba's Mask,,
Boots,Warrior Tabi,0.619047619048,3.55134655223
Item2,Qin's Sais,0.6168831168831169,1.89933523267
Item3,Stone Cutting Sword,0.6352941176470588,1.97238658777
Item4,The Executioner,0.5454545454545454,2.2792022792
Item5,Titan's Bane,0.550458715596,3.01974448316
Item6,Ichaival,0.581818181818,3.42245989305
Relic1,Wrath,0.609375,
Relic2,Sprint,0.642857142857,
