,recommendations,win_rate,win_rate_per_cost
Starter Item,Bumba's Mask,,
Boots,Ninja Tabi,0.705882352941,4.14814814815
Item2,Stone Cutting Sword,0.7041420118343196,2.70823850706
Item3,Heartseeker,0.6517857142857143,3.91190006575
Item4,Qin's Sais,0.5992217898832685,2.60793337716
Item5,Titan's Bane,0.671428571429,3.27526132404
Item6,Mantle of Discord,0.724137931034,2.2770398482
Relic1,Wrath,0.612334801762,
Relic2,Blink,0.733333333333,
