Relics_most_pop,Relics_most_pop_L2,Relics_most_pop_winrate,Relics_most_pop_wr_paired,Relics_L2,Relics_L2_coef,Relics_L2_winrate,Relics_L2_wr_paired
Purification,5.904040993603888,0.6113207547169811,0.660550458716,Wrath,6.651735745944418,0.59765625,0.660550458716
Wrath,6.651735745944418,0.59765625,,Purification,5.904040993603888,0.6113207547169811,
