,recommendations,win_rate,win_rate_per_cost
Starter Item,Bluestone Pendant,,
Boots,Warrior Tabi,0.5621890547263682,3.90097524381
Item2,Breastplate of Valor,0.6060606060606061,2.62891809909
Item3,Frostbound Hammer,0.6134453781512605,2.62891809909
Item4,Pestilence,0.6046511627906976,2.81233098972
Item5,Witchblade,0.731707317073,3.70058873003
Item6,Hide of the Urchin,0.758620689655,3.0487804878
Relic1,Meditation,0.645833333333,
Relic2,Sprint,0.627906976744,
