Items_most_pop,Items_most_pop_L2,Items_most_pop_winrate,Items_L2,Items_L2_coef,Items_L2_winrate,Items_gold_adjusted_L2,Items_gold_adjusted_L2_coef,Items_gold_adjusted_L2_winrate
Warrior Tabi,-0.8815549680879747,0.4713375796178344,Hastened Fatalis,1.5879422259859222,0.7391304347826086,Hastened Fatalis,0.07420290775635151,3.4538805363673304
Breastplate of Valor,0.5649955044549941,0.5080645161290323,Qin's Sais,1.0105226901389375,0.6666666666666666,Qin's Sais,0.03742676630144213,2.4691358024691357
Frostbound Hammer,0.7469449462804855,0.5196078431372549,Frostbound Hammer,0.7469449462804855,0.5196078431372549,Frostbound Hammer,0.03247586722958632,2.259164535379369
Bluestone Pendant,-1.5444793715376908,0.410958904109589,Breastplate of Valor,0.5649955044549941,0.5080645161290323,Breastplate of Valor,0.02456502193282583,2.208976157082749
Bulwark of Hope,0.08084866506757526,0.5,Winged Blade,0.4532616113731419,0.5483870967741935,Winged Blade,0.024500627641791454,2.964254577157803
Hide of the Urchin,-0.054665137771829686,0.4857142857142857,Hide of the Nemean Lion,0.30028383331445263,0.5833333333333334,Hide of the Nemean Lion,0.013649265150656937,2.6515151515151514
