Items_most_pop,Items_most_pop_L2,Items_most_pop_winrate,Items_L2,Items_L2_coef,Items_L2_winrate,Items_gold_adjusted_L2,Items_gold_adjusted_L2_coef,Items_gold_adjusted_L2_winrate
Warrior Tabi,2.311377205632358,0.5231884057971015,Bulwark of Hope,12.364511073213514,0.593607305936073,Hide of the Urchin,0.5085896606908674,2.510351966873706
Breastplate of Valor,9.054801214096408,0.5415162454873647,Hide of the Urchin,12.206151856580819,0.6024844720496895,Bulwark of Hope,0.48968360685994117,2.3509200235092003
Frostbound Hammer,3.50678686913186,0.5478036175710594,Mantle of Discord,9.258766965977058,0.6276595744680851,Winged Blade,0.477966513954301,3.251689189189189
Bluestone Pendant,-7.4285053230189195,0.45514950166112955,Breastplate of Valor,9.054801214096408,0.5415162454873647,Titan's Bane,0.43006130764806366,3.4146341463414633
Bulwark of Hope,12.364511073213514,0.593607305936073,Winged Blade,8.842380508154568,0.6015625,Breastplate of Valor,0.39368700930853945,2.3544184586407155
Hide of the Urchin,12.206151856580819,0.6024844720496895,Titan's Bane,8.816256806785304,0.7,Mantle of Discord,0.2986699021282922,2.0247083047357584
