Relics_most_pop,Relics_most_pop_L2,Relics_most_pop_winrate,Relics_most_pop_wr_paired,Relics_L2,Relics_L2_coef,Relics_L2_winrate,Relics_L2_wr_paired
Teleport,-17.63142922108228,0.4318181818181818,0.0,Shell,300.23198661365393,0.6666666666666666,0.0
Meditation,33.411879496615626,0.4811320754716981,,Meditation,33.411879496615626,0.4811320754716981,
