Relics_most_pop,Relics_most_pop_L2,Relics_most_pop_winrate,Relics_most_pop_wr_paired,Relics_L2,Relics_L2_coef,Relics_L2_winrate,Relics_L2_wr_paired
Teleport,-6.688895199339509,0.4654939106901218,0.5,Meditation,7.707341208497036,0.5196078431372549,0.5
Curse,5.616152292436915,0.49514563106796117,,Curse,5.616152292436915,0.49514563106796117,
