Items_most_pop,Items_most_pop_L2,Items_most_pop_winrate,Items_L2,Items_L2_coef,Items_L2_winrate,Items_gold_adjusted_L2,Items_gold_adjusted_L2_coef,Items_gold_adjusted_L2_winrate
Warrior Tabi,-2.434282182347367,0.5091743119266054,Frostbound Hammer,38.279858484465414,0.6023166023166023,Frostbound Hammer,1.6643416732376268,2.6187678361591407
Breastplate of Valor,-15.627308350994612,0.5029411764705882,Qin's Sais,23.549798553045388,0.6909090909090909,Qin's Sais,0.8722147612239033,2.558922558922559
Frostbound Hammer,38.279858484465414,0.6023166023166023,Mantle of Discord,15.650970281352475,0.6375,Winged Blade,0.6756137149628838,3.3204633204633205
Bluestone Pendant,-10.40017049442037,0.40476190476190477,Winged Blade,12.498853726813348,0.6142857142857143,Mantle of Discord,0.5048700090758863,2.056451612903226
Bulwark of Hope,11.619702955589776,0.5547445255474452,Bulwark of Hope,11.619702955589776,0.5547445255474452,Bulwark of Hope,0.4601862556669218,2.1970080219700803
Pestilence,5.170498054672263,0.5851063829787234,Pestilence,5.170498054672263,0.5851063829787234,Pestilence,0.24048828161266345,2.7214250371103414
