,recommendations,win_rate,win_rate_per_cost
Starter Item,Bluestone Pendant,,
Boots,Warrior Tabi,0.5615212527964206,3.75822110868
Item2,Frostbound Hammer,0.631578947368421,2.53271422541
Item3,Pestilence,0.5825242718446602,2.70941521788
Item4,Bulwark of Hope,0.5594405594405595,2.30702681919
Item5,Winged Blade,0.688311688312,3.7206037206
Item6,Witchblade,0.710144927536,3.19783197832
Relic1,Sprint,0.619047619048,
Relic2,Teleport,0.566371681416,
