,recommendations,win_rate,win_rate_per_cost
Starter Item,Bluestone Pendant,,
Boots,Warrior Tabi,0.5391061452513967,3.65467089316
Item2,Bluestone Pendant,0.49829351535836175,7.08092485549
Item3,Frostbound Hammer,0.5895691609977324,2.46293038452
Item4,Breastplate of Valor,0.5580204778156996,2.46293038452
Item5,Winged Blade,0.617886178862,3.25054784514
Item6,Hide of the Urchin,0.601351351351,2.57452574526
Relic1,Shell,0.636363636364,
Relic2,Teleport,0.546218487395,
