Items_most_pop,Items_most_pop_L2,Items_most_pop_winrate,Items_L2,Items_L2_coef,Items_L2_winrate,Items_gold_adjusted_L2,Items_gold_adjusted_L2_coef,Items_gold_adjusted_L2_winrate
Warrior Tabi,-0.9686029616038332,0.48257839721254353,Frostbound Hammer,2.9849615269717833,0.5420289855072464,Frostbound Hammer,0.12978093595529494,2.3566477630749842
Breastplate of Valor,0.08889397097391918,0.492600422832981,Mantle of Discord,2.8161614237438526,0.6470588235294118,Mantle of Discord,0.09084391689496299,2.0872865275142316
Frostbound Hammer,2.9849615269717833,0.5420289855072464,Winged Blade,1.264211373939295,0.5537190082644629,Winged Blade,0.0683357499426646,2.9930757203484477
Bluestone Pendant,-3.18704338692399,0.4100418410041841,Hide of the Urchin,1.177970445205819,0.5478260869565217,Hide of the Urchin,0.049082101883575785,2.282608695652174
Bulwark of Hope,0.9938341739936342,0.5308641975308642,Bulwark of Hope,0.9938341739936342,0.5308641975308642,Hastened Fatalis,0.04017481674100151,2.535295287333466
Pestilence,0.09020688822665388,0.496,Qin's Sais,0.904671266505411,0.5569620253164557,Bulwark of Hope,0.039359769267074615,2.102432465468769
