Items_most_pop,Items_most_pop_L2,Items_most_pop_winrate,Items_L2,Items_L2_coef,Items_L2_winrate,Items_gold_adjusted_L2,Items_gold_adjusted_L2_coef,Items_gold_adjusted_L2_winrate
Warrior Tabi,3.5619398940577383,0.5086206896551724,Hastened Fatalis,28.809551056889582,0.6477272727272727,Hastened Fatalis,1.346240703592971,3.026762956669499
Breastplate of Valor,28.383188249633566,0.5322997416020672,Breastplate of Valor,28.383188249633566,0.5322997416020672,Breastplate of Valor,1.2340516630275464,2.3143467026176836
Frostbound Hammer,11.41679461926313,0.5467625899280576,Jotunn's Wrath,13.433548717106314,0.5862068965517241,Jotunn's Wrath,0.5505552752912424,2.402487280949689
Bluestone Pendant,-17.334290771499575,0.4218009478672986,Qin's Sais,12.700458337423234,0.5972222222222222,Frostbound Hammer,0.4963823747505709,2.37722865186112
Bulwark of Hope,9.863156748902679,0.5763888888888888,Frostbound Hammer,11.41679461926313,0.5467625899280576,Qin's Sais,0.47038734583049013,2.211934156378601
Hastened Fatalis,28.809551056889582,0.6477272727272727,Bulwark of Hope,9.863156748902679,0.5763888888888888,Bulwark of Hope,0.3906200692634724,2.2827282728272826
