Items_most_pop,Items_most_pop_L2,Items_most_pop_winrate,Items_L2,Items_L2_coef,Items_L2_winrate,Items_gold_adjusted_L2,Items_gold_adjusted_L2_coef,Items_gold_adjusted_L2_winrate
Shoes of the Magi,619.2649212663671,0.5197368421052632,Doom Orb,931.5015336706895,0.8,Doom Orb,45.439099203448265,3.902439024390244
Obsidian Shard,-1051.1644293755912,0.4716981132075472,Shoes of the Magi,619.2649212663671,0.5197368421052632,Shoes of the Magi,38.70405757914794,3.2483552631578947
Book of Thoth,406.406171131131,0.5612244897959183,Pythagorem's Piece,549.6867602085686,0.6363636363636364,Pythagorem's Piece,22.903615008690355,2.6515151515151514
Chronos' Pendant,215.68875085310805,0.56,Book of Thoth,406.406171131131,0.5612244897959183,Book of Thoth,15.336081929476642,2.117828263380824
Rod of Tahuti,-230.4558314599852,0.5833333333333334,Shoes of Focus,226.1882138663152,0.391304347826087,Shoes of Focus,15.079214257754346,2.608695652173913
Soul Stone,-432.6594861032455,0.43548387096774194,Bancroft's Talon,218.39971018445712,0.48,Bancroft's Talon,9.09998792435238,2.0
