Items_most_pop,Items_most_pop_L2,Items_most_pop_winrate,Items_L2,Items_L2_coef,Items_L2_winrate,Items_gold_adjusted_L2,Items_gold_adjusted_L2_coef,Items_gold_adjusted_L2_winrate
Shoes of the Magi,6.0946570424203985,0.5392809587217043,Rod of Tahuti,22.207294980164992,0.6456043956043956,Rod of Tahuti,0.6688944271134034,1.944591553025288
Obsidian Shard,3.200514956578511,0.5522935779816514,Warlock's Sash,6.626806558212937,0.55859375,Shoes of the Magi,0.38091606515127485,3.3705059920106524
Book of Thoth,3.30744373393842,0.5403846153846154,Shoes of the Magi,6.0946570424203985,0.5392809587217043,Spear of the Magus,0.2618635295668275,2.8448859787762473
Rod of Tahuti,22.207294980164992,0.6456043956043956,Bancroft's Talon,5.678316963731316,0.5954198473282443,Warlock's Sash,0.2500681720080354,2.1079009433962264
Chronos' Pendant,-6.640206819695687,0.5115606936416185,Spear of the Magus,5.6300658856867924,0.6116504854368932,Bancroft's Talon,0.23659654015547146,2.480916030534351
Soul Stone,-4.637961500942993,0.4807692307692308,Soul Reaver,4.676263578338286,0.6140350877192983,Soul Reaver,0.15905658429722064,2.0885547201336676
