Items_most_pop,Items_most_pop_L2,Items_most_pop_winrate,Items_L2,Items_L2_coef,Items_L2_winrate,Items_gold_adjusted_L2,Items_gold_adjusted_L2_coef,Items_gold_adjusted_L2_winrate
Shoes of the Magi,0.031570239312292595,0.4940828402366864,Rod of Tahuti,5.569092559650645,0.6081871345029239,Rod of Tahuti,0.16774375179670623,1.8318889593461565
Book of Thoth,0.12298406238129445,0.497907949790795,Obsidian Shard,3.1897392006062764,0.5466666666666666,Obsidian Shard,0.15559703417591594,2.6666666666666665
Obsidian Shard,3.1897392006062764,0.5466666666666666,Chronos' Pendant,2.9027313819477896,0.559748427672956,Chronos' Pendant,0.12094714091449123,2.3322851153039834
Rod of Tahuti,5.569092559650645,0.6081871345029239,Soul Reaver,2.6451014961850037,0.6491228070175439,Soul Reaver,0.08996943864574841,2.2079007041413057
Chronos' Pendant,2.9027313819477896,0.559748427672956,Spear of Desolation,1.570059587352613,0.6666666666666666,Warlock's Sash,0.058595808221484455,2.0485175202156336
Soul Stone,-3.9507418973603095,0.3821138211382114,Warlock's Sash,1.5527889178693381,0.5428571428571428,Spear of Desolation,0.04131735756191087,1.7543859649122806
