Relics_most_pop,Relics_most_pop_L2,Relics_most_pop_winrate,Relics_most_pop_wr_paired,Relics_L2,Relics_L2_coef,Relics_L2_winrate,Relics_L2_wr_paired
Sanctuary,-4.639984952138378,0.5714285714285714,0.555555555556,Purification,1.770256407523223,0.5810276679841897,0.555555555556
Purification,1.770256407523223,0.5810276679841897,,Relic,0.021179369040043163,0.5,
