,recommendations,win_rate,win_rate_per_cost
Starter Item,Soul Stone,,
Boots,Shoes of the Magi,0.4940828402366864,2.38821138211
Item2,Rod of Tahuti,0.6081871345029239,1.15094524439
Item3,Obsidian Shard,0.5466666666666666,1.86396985921
Item4,Chronos' Pendant,0.559748427672956,1.59214092141
Item5,Soul Reaver,0.649122807018,2.20790070414
Item6,Warlock's Sash,0.666666666667,2.04851752022
Relic1,Sprint,0.542857142857,
Relic2,Purification,0.498567335244,
