Relics_most_pop,Relics_most_pop_L2,Relics_most_pop_winrate,Relics_most_pop_wr_paired,Relics_L2,Relics_L2_coef,Relics_L2_winrate,Relics_L2_wr_paired
Purification,21.917027803909495,0.5153526970954356,0.533333333333,Purification,21.917027803909495,0.5153526970954356,0.533333333333
Sanctuary,-17.716611751962503,0.5059322033898305,,Relic,21.151758299248236,0.47191011235955055,
