Items_most_pop,Items_most_pop_L2,Items_most_pop_winrate,Items_L2,Items_L2_coef,Items_L2_winrate,Items_gold_adjusted_L2,Items_gold_adjusted_L2_coef,Items_gold_adjusted_L2_winrate
Shoes of the Magi,-2.097772868808242,0.4816,Rod of Tahuti,43.83176974204465,0.6202090592334495,Doom Orb,2.109600908525075,2.6781444285031086
Obsidian Shard,-10.050133020475114,0.5212264150943396,Doom Orb,43.24681862476403,0.5490196078431373,Celestial Legion Helm,1.3562143754222553,2.536231884057971
Book of Thoth,22.76181994167785,0.5037974683544304,Soul Reaver,38.456930564640786,0.6444444444444445,Rod of Tahuti,1.3202340283748386,1.868099576004366
Rod of Tahuti,43.83176974204465,0.6202090592334495,Warlock's Sash,34.63713646692078,0.5448717948717948,Soul Reaver,1.3080588627428837,2.1919879062736207
Soul Stone,-9.817576673314491,0.39925373134328357,Celestial Legion Helm,31.192930634711868,0.5833333333333334,Warlock's Sash,1.3070617534687086,2.0561199806482824
Chronos' Pendant,1.8175809701239247,0.5137254901960784,Pythagorem's Piece,28.117920282390546,0.6410256410256411,Pythagorem's Piece,1.1715800117662727,2.6709401709401708
