Items_most_pop,Items_most_pop_L2,Items_most_pop_winrate,Items_L2,Items_L2_coef,Items_L2_winrate,Items_gold_adjusted_L2,Items_gold_adjusted_L2_coef,Items_gold_adjusted_L2_winrate
Shoes of the Magi,2.736146871826867,0.5187165775401069,Rod of Tahuti,18.78808983583363,0.6120218579234973,Rod of Tahuti,0.5659063203564346,1.8434393310948713
Obsidian Shard,0.40430408114306376,0.5313653136531366,Soul Reaver,8.839752064235498,0.6290322580645161,Soul Reaver,0.3006718389195747,2.139565503620803
Book of Thoth,7.674779437627017,0.5402061855670103,Book of Thoth,7.674779437627017,0.5402061855670103,Book of Thoth,0.28961431840101953,2.0385139078000387
Rod of Tahuti,18.78808983583363,0.6120218579234973,Warlock's Sash,7.212744184543932,0.5603448275862069,Warlock's Sash,0.2721790258318465,2.114508783344177
Soul Stone,-4.097161706831233,0.46932515337423314,Spear of Desolation,4.597615890462717,0.6470588235294118,Dynasty Plate Helm,0.2642363439296597,3.3088235294117645
Chronos' Pendant,0.8108716877485829,0.5339805825242718,Dynasty Plate Helm,4.492017846804215,0.5625,Spear of the Magus,0.17356032184496134,2.6719445818901533
