,recommendations,win_rate,win_rate_per_cost
Starter Item,Soul Stone,,
Boots,Shoes of the Magi,0.4737261146496815,2.587890625
Item2,Rod of Tahuti,0.5709624796084829,1.24717620482
Item3,Book of Thoth,0.48659003831417624,1.5625
Item4,Chronos' Pendant,0.49005424954792043,1.72526041667
Item5,Dynasty Plate Helm,0.486590038314,2.86652732159
Item6,Divine Ruin,0.487603305785,2.93542074364
Relic1,Sprint,0.475409836066,
Relic2,Relic,0.37037037037,
