,recommendations,win_rate,win_rate_per_cost
Starter Item,Watcher's Gift,,
Boots,Travelers Shoes,0.573529411765,3.85044642857
Item2,Heartward Amulet,0.579088471849866,2.75756415167
Item3,Sovereignty,0.5595744680851064,2.75756415167
Item4,Hide of the Urchin,0.5264900662251656,2.41286863271
Item5,Mantle of Discord,0.559574468085,2.00609853956
Item6,Void Stone,0.545454545455,2.47933884298
Relic1,Curse,0.561827956989,
Relic2,Relic,0.45625,
