Relics_most_pop,Relics_most_pop_L2,Relics_most_pop_winrate,Relics_most_pop_wr_paired,Relics_L2,Relics_L2_coef,Relics_L2_winrate,Relics_L2_wr_paired
Meditation,18.514006171536472,0.4883116883116883,1.0,Wrath,25.734513988607592,0.5555555555555556,1.0
Shell,0.7887735243389852,0.4767932489451477,,Meditation,18.514006171536472,0.4883116883116883,
