,recommendations,win_rate,win_rate_per_cost
Starter Item,Watcher's Gift,,
Boots,Reinforced Shoes,0.559139784946,3.69064897367
Item2,Sovereignty,0.5335255948089401,2.393645958
Item3,Hide of the Urchin,0.5175438596491229,2.09444021325
Item4,Breastplate of Valor,0.5154241645244216,2.18550283122
Item5,Winged Blade,0.617543859649,3.09718645062
Item6,Mantle of Discord,0.572979493366,1.99207696661
Relic1,Meditation,0.507601351351,
Relic2,Blink,0.555555555556,
