Relics_most_pop,Relics_most_pop_L2,Relics_most_pop_winrate,Relics_most_pop_wr_paired,Relics_L2,Relics_L2_coef,Relics_L2_winrate,Relics_L2_wr_paired
Meditation,-1.0801714781164307,0.4583333333333333,0.619047619048,Sprint,0.9327458590765281,0.5510204081632653,0.619047619048
Sprint,0.9327458590765281,0.5510204081632653,,Shell,0.5211210840057734,0.5268817204301075,
