Relics_most_pop,Relics_most_pop_L2,Relics_most_pop_winrate,Relics_most_pop_wr_paired,Relics_L2,Relics_L2_coef,Relics_L2_winrate,Relics_L2_wr_paired
Meditation,-12.282553543956459,0.4263565891472868,0.8,Shell,10.78872381472847,0.4980392156862745,0.8
Shell,10.78872381472847,0.4980392156862745,,Teleport,6.422038750925463,0.5063291139240507,
