Relics_most_pop,Relics_most_pop_L2,Relics_most_pop_winrate,Relics_most_pop_wr_paired,Relics_L2,Relics_L2_coef,Relics_L2_winrate,Relics_L2_wr_paired
Meditation,1.0544568713355824,0.5136186770428015,0.576271186441,Sprint,2.0332918278628545,0.5446808510638298,0.576271186441
Shell,0.4115013098645563,0.5185185185185185,,Meditation,1.0544568713355824,0.5136186770428015,
