Items_most_pop,Items_most_pop_L2,Items_most_pop_winrate,Items_L2,Items_L2_coef,Items_L2_winrate,Items_gold_adjusted_L2,Items_gold_adjusted_L2_coef,Items_gold_adjusted_L2_winrate
Breastplate of Valor,-1.6042856402340946,0.46794871794871795,Hide of the Urchin,7.571398865481391,0.5671641791044776,Hide of the Urchin,0.31547495272839127,2.36318407960199
Shoes of the Magi,-8.628311986469184,0.41284403669724773,Mantle of Discord,6.797449948654374,0.6538461538461539,Witchblade,0.3121657676391536,3.252032520325203
Void Stone,5.74721898686515,0.5196078431372549,Witchblade,6.399398236602649,0.6666666666666666,Void Stone,0.26123722667568866,2.3618538324420677
Shoes of Focus,1.3308114571960166,0.5,Void Stone,5.74721898686515,0.5196078431372549,Mantle of Discord,0.21927257898885077,2.109181141439206
Mark of the Vanguard,-4.316387658434778,0.4268292682926829,Pestilence,4.464378968785242,0.5526315789473685,Pestilence,0.20764553343187173,2.570379436964504
Hide of the Urchin,7.571398865481391,0.5671641791044776,Genji's Guard,2.1300875201058287,0.5833333333333334,Genji's Guard,0.09682216000481038,2.6515151515151514
