Items_most_pop,Items_most_pop_L2,Items_most_pop_winrate,Items_L2,Items_L2_coef,Items_L2_winrate,Items_gold_adjusted_L2,Items_gold_adjusted_L2_coef,Items_gold_adjusted_L2_winrate
Hide of the Urchin,6.764594514871951,0.5574614065180102,Sovereignty,9.976398500366164,0.591182364729459,Sovereignty,0.47506659525553163,2.8151541177593282
Watcher's Gift,-7.265059523359685,0.4648648648648649,Hide of the Urchin,6.764594514871951,0.5574614065180102,Heartward Amulet,0.2854983388829112,2.749832327297116
Sovereignty,9.976398500366164,0.591182364729459,Heartward Amulet,5.995465116541135,0.5774647887323944,Hide of the Urchin,0.2818581047863313,2.3227558604917093
Breastplate of Valor,1.189706677868242,0.5246252676659529,Mantle of Discord,5.426323253942118,0.6170212765957447,Shoes of the Magi,0.21714923514305273,3.499034749034749
Shoes of Focus,-0.7662484398222636,0.5067873303167421,Winged Blade,3.493343443745664,0.5714285714285714,Winged Blade,0.18882937533760347,3.088803088803089
Heartward Amulet,5.995465116541135,0.5774647887323944,Shoes of the Magi,3.4743877622888433,0.5598455598455598,Mantle of Discord,0.17504268561103606,1.990391214824983
