Items_most_pop,Items_most_pop_L2,Items_most_pop_winrate,Items_L2,Items_L2_coef,Items_L2_winrate,Items_gold_adjusted_L2,Items_gold_adjusted_L2_coef,Items_gold_adjusted_L2_winrate
Hide of the Urchin,10.64173156794849,0.4608294930875576,Bulwark of Hope,32.701008197954415,0.5234899328859061,Reinforced Shoes,1.5854495676523008,3.15243415802075
Watcher's Gift,-32.208613975701596,0.375,Reinforced Shoes,22.196293947132215,0.441340782122905,Travelers Shoes,1.3397878812547601,3.2544378698224854
Breastplate of Valor,-14.719106161600068,0.44472361809045224,Winged Blade,19.729424100394482,0.5133928571428571,Bulwark of Hope,1.295089433582353,2.073227456973885
Sovereignty,11.12057009863088,0.4474393530997305,Travelers Shoes,18.75703033756664,0.4556213017751479,Winged Blade,1.0664553567780801,2.775096525096525
Shoes of Focus,12.741888247068859,0.4447592067988669,Shoes of Focus,12.741888247068859,0.4447592067988669,Shoes of Focus,0.8494592164712571,2.9650613786591125
Heartward Amulet,-39.31989306597434,0.4206896551724138,Sovereignty,11.12057009863088,0.4474393530997305,Sovereignty,0.529550957077661,2.1306635861891925
