Relics_most_pop,Relics_most_pop_L2,Relics_most_pop_winrate,Relics_most_pop_wr_paired,Relics_L2,Relics_L2_coef,Relics_L2_winrate,Relics_L2_wr_paired
Meditation,6.860121734996796,0.5507246376811594,0.598540145985,Meditation,6.860121734996796,0.5507246376811594,0.598540145985
Shell,-3.7498386596405697,0.5264900662251656,,Sprint,6.331715576633432,0.5772058823529411,
