Relics_most_pop,Relics_most_pop_L2,Relics_most_pop_winrate,Relics_most_pop_wr_paired,Relics_L2,Relics_L2_coef,Relics_L2_winrate,Relics_L2_wr_paired
Meditation,-4.910633603558454,0.42496050552922593,0.0,Relic,75.53015906045954,0.4461538461538462,0.0
Shell,-1.1386850031984679,0.42333333333333334,,Teleport,45.65183755930808,0.5370370370370371,
