Items_most_pop,Items_most_pop_L2,Items_most_pop_winrate,Items_L2,Items_L2_coef,Items_L2_winrate,Items_gold_adjusted_L2,Items_gold_adjusted_L2_coef,Items_gold_adjusted_L2_winrate
Watcher's Gift,-0.5084635133223708,0.4619289340101523,Mantle of Discord,0.730474930602954,0.6266666666666667,Travelers Shoes,0.04494988762499379,4.220779220779221
Hide of the Urchin,-0.03483809498384459,0.4947916666666667,Sovereignty,0.6739235282885778,0.5480225988700564,Sovereignty,0.03209159658517037,2.6096314231907454
Sovereignty,0.6739235282885778,0.5480225988700564,Travelers Shoes,0.629298426749913,0.5909090909090909,Mantle of Discord,0.02356370743880497,2.021505376344086
Shoes of Focus,0.10732745548399385,0.5066666666666667,Witchblade,0.4265225679118145,0.6896551724137931,Witchblade,0.020805978922527533,3.36417157275021
Breastplate of Valor,0.10612286033512984,0.5068493150684932,Void Stone,0.3498108623461535,0.6216216216216216,Void Stone,0.015900493743006977,2.8255528255528257
Heartward Amulet,0.2040536205129984,0.518796992481203,Heartward Amulet,0.2040536205129984,0.518796992481203,Heartward Amulet,0.009716839072047543,2.4704618689581097
