,recommendations,win_rate,win_rate_per_cost
Starter Item,Watcher's Gift,,
Boots,Shoes of Focus,0.634703196347,3.80801687764
Item2,Sovereignty,0.6069986541049798,2.71727525091
Item3,Hide of the Urchin,0.570627802690583,2.37761584454
Item4,Breastplate of Valor,0.5720053835800808,2.48099044648
Item5,Void Stone,0.604026845638,2.88501452885
Item6,Winged Blade,0.570627802691,3.26500997642
Relic1,Meditation,0.566993464052,
Relic2,Sprint,0.581597222222,
