Relics_most_pop,Relics_most_pop_L2,Relics_most_pop_winrate,Relics_most_pop_wr_paired,Relics_L2,Relics_L2_coef,Relics_L2_winrate,Relics_L2_wr_paired
Meditation,46.04670583505861,0.5017064846416383,0.25,Curse,135.86874974183294,0.5983606557377049,0.25
Shell,36.64396057070443,0.5179856115107914,,Wrath,92.12148454883538,0.46875,
