Items_most_pop,Items_most_pop_L2,Items_most_pop_winrate,Items_L2,Items_L2_coef,Items_L2_winrate,Items_gold_adjusted_L2,Items_gold_adjusted_L2_coef,Items_gold_adjusted_L2_winrate
Watcher's Gift,-1.9534926672224138,0.46464646464646464,Sovereignty,5.7324878381219735,0.5555555555555556,Winged Blade,0.28408400905318865,3.186344238975818
Hide of the Urchin,0.018897549029166114,0.49184782608695654,Winged Blade,5.25555416748399,0.5894736842105263,Sovereignty,0.2729756113391416,2.6455026455026456
Breastplate of Valor,-0.6999675088204468,0.4809384164222874,Mantle of Discord,3.8168442873148,0.5967741935483871,Reinforced Shoes,0.2588183376778234,4.010025062656641
Sovereignty,5.7324878381219735,0.5555555555555556,Reinforced Shoes,3.6234567274895277,0.5614035087719298,Mantle of Discord,0.12312400926821936,1.9250780437044746
Shoes of Focus,-2.644597439860981,0.45666666666666667,Void Stone,0.6755235453150732,0.5075757575757576,Void Stone,0.03070561569613969,2.3071625344352618
Heartward Amulet,-2.4479110396828045,0.46886446886446886,Bulwark of Hope,0.6099073959865877,0.5067567567567568,Bulwark of Hope,0.024154748355904462,2.006957452502007
