Items_most_pop,Items_most_pop_L2,Items_most_pop_winrate,Items_L2,Items_L2_coef,Items_L2_winrate,Items_gold_adjusted_L2,Items_gold_adjusted_L2_coef,Items_gold_adjusted_L2_winrate
Hide of the Urchin,5.291056378723699,0.4946808510638298,Winged Blade,15.447581584027523,0.5740740740740741,Winged Blade,0.8350044099474336,3.103103103103103
Watcher's Gift,-8.013062252563898,0.4355140186915888,Mantle of Discord,11.736886141474834,0.5942857142857143,Bulwark of Hope,0.41318067995779006,2.2148186382619306
Breastplate of Valor,2.937985498409268,0.4908722109533469,Bulwark of Hope,10.432812168934198,0.5592417061611374,Mantle of Discord,0.3786092303701559,1.9170506912442395
Sovereignty,4.862635857237164,0.49464668094218417,Hide of the Urchin,5.291056378723699,0.4946808510638298,Sovereignty,0.23155408843986494,2.355460385438972
Shoes of Focus,0.28317873328309445,0.477751756440281,Sovereignty,4.862635857237164,0.49464668094218417,Hide of the Urchin,0.22046068244682077,2.0611702127659575
Heartward Amulet,-1.7967083754999433,0.48501362397820164,Breastplate of Valor,2.937985498409268,0.4908722109533469,Travelers Shoes,0.1802109323027505,3.5014005602240896
