Items_most_pop,Items_most_pop_L2,Items_most_pop_winrate,Items_L2,Items_L2_coef,Items_L2_winrate,Items_gold_adjusted_L2,Items_gold_adjusted_L2_coef,Items_gold_adjusted_L2_winrate
Warrior Tabi,-0.475185045670395,0.489247311827957,Deathbringer,3.4385202895740576,0.6170212765957447,Deathbringer,0.1074537590491893,1.928191489361702
Deathbringer,3.4385202895740576,0.6170212765957447,Qin's Sais,2.5040174849410692,0.5888888888888889,Titan's Bane,0.09281807693417808,3.209242618741977
Qin's Sais,2.5040174849410692,0.5888888888888889,Titan's Bane,1.9027705771506507,0.6578947368421053,Qin's Sais,0.09274138833115071,2.1810699588477367
Devourer's Gauntlet,0.9093390159587507,0.5280898876404494,Wind Demon,1.871118641219887,0.5714285714285714,Wind Demon,0.07196610158538028,2.197802197802198
Ichaival,-0.3893907345703109,0.48314606741573035,Hastened Fatalis,1.4847885097389213,0.6097560975609756,Hastened Fatalis,0.06938264064200567,2.8493275586961477
Wind Demon,1.871118641219887,0.5714285714285714,Rage,0.9623694512844656,0.625,Ninja Tabi,0.05167806206117773,3.508771929824561
