Items_most_pop,Items_most_pop_L2,Items_most_pop_winrate,Items_L2,Items_L2_coef,Items_L2_winrate,Items_gold_adjusted_L2,Items_gold_adjusted_L2_coef,Items_gold_adjusted_L2_winrate
Warrior Tabi,-11.270055028073541,0.5358649789029536,Transcendence,100.47502591412085,0.618421052631579,Transcendence,3.864424073620033,2.3785425101214575
Ichaival,-3.1291839188460506,0.5223880597014925,Deathbringer,63.97531915073322,0.6228070175438597,Deathbringer,1.9992287234604131,1.9462719298245614
Devourer's Gauntlet,-19.931224519558288,0.504,Malice,38.742906635579345,0.7,Hastened Fatalis,1.4578371712545914,2.710280373831776
The Executioner,-21.87373947951193,0.4959349593495935,Wind Demon,35.460618274686375,0.6,Wind Demon,1.3638699336417834,2.3076923076923075
Death's Toll,37.62177822505407,0.47058823529411764,Hastened Fatalis,31.197715464848258,0.58,Malice,1.291430221185978,2.3333333333333335
Deathbringer,63.97531915073322,0.6228070175438597,Qin's Sais,28.312079312264665,0.5607476635514018,Qin's Sais,1.0485955300838765,2.0768431983385254
