Relics_most_pop,Relics_most_pop_L2,Relics_most_pop_winrate,Relics_most_pop_wr_paired,Relics_L2,Relics_L2_coef,Relics_L2_winrate,Relics_L2_wr_paired
Purification,3.17823303691596,0.4896755162241888,0.8,Purification,3.17823303691596,0.4896755162241888,0.8
Sanctuary,-7.447925157413296,0.45016077170418006,,Teleport,3.175575274130222,0.6111111111111112,
