Items_most_pop,Items_most_pop_L2,Items_most_pop_winrate,Items_L2,Items_L2_coef,Items_L2_winrate,Items_gold_adjusted_L2,Items_gold_adjusted_L2_coef,Items_gold_adjusted_L2_winrate
Warrior Tabi,1.4926689351930291,0.48615384615384616,Deathbringer,14.283713433219859,0.5892857142857143,Asi,0.5647282029163558,3.1991260923845193
Devourer's Gauntlet,1.2722571396783118,0.4725274725274725,Asi,10.052162011911134,0.5694444444444444,Deathbringer,0.44636604478812053,1.8415178571428572
Qin's Sais,10.003736766011146,0.5555555555555556,Qin's Sais,10.003736766011146,0.5555555555555556,Qin's Sais,0.3705087691115239,2.05761316872428
Deathbringer,14.283713433219859,0.5892857142857143,Titan's Bane,6.856473294196511,0.6133333333333333,Titan's Bane,0.3344621119120249,2.991869918699187
Ichaival,0.4925297478767399,0.4840764331210191,Wind Demon,6.043772586204917,0.5546875,Wind Demon,0.2324527917771122,2.1334134615384617
The Executioner,0.3515346966024464,0.4899328859060403,Malice,6.0303405568904545,0.6486486486486487,Malice,0.20101135189634847,2.1621621621621623
