,recommendations,win_rate,win_rate_per_cost
Starter Item,Death's Toll,,
Boots,Warrior Tabi,0.642857142857,3.73900293255
Item2,Qin's Sais,0.6666666666666666,2.46913580247
Item3,Deathbringer,0.6428571428571429,2.08333333333
Item4,Devourer's Gauntlet,0.5961538461538461,3.25203252033
Item5,Titan's Bane,0.666666666667,3.79403794038
Item6,Wind Demon,0.596153846154,2.51479289941
Relic1,Purification,0.625,
Relic2,Blink,0.615384615385,
