,recommendations,win_rate,win_rate_per_cost
Starter Item,Death's Toll,,
Boots,Warrior Tabi,0.4804270462633452,3.3746898263
Item2,Deathbringer,0.6194029850746269,1.63461538462
Item3,Qin's Sais,0.5763888888888888,1.93732193732
Item4,The Executioner,0.5230769230769231,2.32478632479
Item5,Wind Demon,0.619402985075,2.35940530058
Item6,Titan's Bane,0.6875,2.94231513744
Relic1,Sprint,0.517647058824,
Relic2,Blink,0.542857142857,
