,recommendations,win_rate,win_rate_per_cost
Starter Item,Death's Toll,,
Boots,Warrior Tabi,0.5733333333333334,4.70793374019
Item2,Devourer's Gauntlet,0.7105263157894737,3.55965721819
Item3,Deathbringer,0.7297297297297297,2.28040540541
Item4,Qin's Sais,0.6590909090909091,2.7027027027
Item5,Titan's Bane,0.72972972973,3.73027259684
Item6,Wind Demon,0.6875,2.64423076923
Relic1,Sanctuary,0.6125,
Relic2,Meditation,0.833333333333,
