Items_most_pop,Items_most_pop_L2,Items_most_pop_winrate,Items_L2,Items_L2_coef,Items_L2_winrate,Items_gold_adjusted_L2,Items_gold_adjusted_L2_coef,Items_gold_adjusted_L2_winrate
Warrior Tabi,10.996312467339092,0.5148514851485149,Deathbringer,29.403755684910937,0.6491228070175439,Hastened Fatalis,0.9940341910385698,3.0553558590941767
Deathbringer,29.403755684910937,0.6491228070175439,Qin's Sais,25.438364344914525,0.6666666666666666,Qin's Sais,0.9421616424042417,2.4691358024691357
Devourer's Gauntlet,-0.31197623096871147,0.4727272727272727,Hastened Fatalis,21.272331688225393,0.6538461538461539,Deathbringer,0.9188673651534668,2.0285087719298245
The Executioner,8.900589221094025,0.5636363636363636,Bloodforge,14.483413422362744,0.6111111111111112,Warrior Tabi,0.7094395140218769,3.321622484829128
Ichaival,-20.331704302253716,0.3695652173913043,Warrior Tabi,10.996312467339092,0.5148514851485149,Bloodforge,0.5081899446443069,2.1442495126705654
Qin's Sais,25.438364344914525,0.6666666666666666,Wind Demon,9.562770410443349,0.5555555555555556,Asi,0.41034674034349194,3.0898876404494384
