,recommendations,win_rate,win_rate_per_cost
Starter Item,Death's Toll,,
Boots,Warrior Tabi,0.48175182481751827,3.32068311195
Item2,Deathbringer,0.5971223021582733,1.60845588235
Item3,Qin's Sais,0.5205479452054794,1.90631808279
Item4,Devourer's Gauntlet,0.5138888888888888,2.51076040172
Item5,Wind Demon,0.58,2.23076923077
Item6,Hastened Fatalis,0.513888888889,2.61682242991
Relic1,Purification,0.501818181818,
Relic2,Sprint,0.487179487179,
