Relics_most_pop,Relics_most_pop_L2,Relics_most_pop_winrate,Relics_most_pop_wr_paired,Relics_L2,Relics_L2_coef,Relics_L2_winrate,Relics_L2_wr_paired
Purification,-0.33736101140370933,0.5061728395061729,1.0,Sprint,4.071952600407027,0.6666666666666666,1.0
Sanctuary,0.6298238757657751,0.5185185185185185,,Meditation,2.3901818887646837,0.6666666666666666,
