,recommendations,win_rate,win_rate_per_cost
Starter Item,Death's Toll,,
Boots,Warrior Tabi,0.42592592592592593,1.9476567255
Item2,Ichaival,0.42592592592592593,1.77580466149
Item3,Deathbringer,0.5087719298245614,0.943396226415
Item4,Qin's Sais,0.4576271186440678,1.11809923131
Item5,The Executioner,0.56,2.48888888889
Item6,Malice,0.75,2.5
Relic1,Relic,0.352941176471,
Relic2,Curse,0.6,
