Relics_most_pop,Relics_most_pop_L2,Relics_most_pop_winrate,Relics_most_pop_wr_paired,Relics_L2,Relics_L2_coef,Relics_L2_winrate,Relics_L2_wr_paired
Purification,11.319506712109039,0.632183908045977,0.0,Teleport,28.84599416668308,0.7073170731707317,0.0
Wrath,15.454775355915068,0.6363636363636364,,Wrath,15.454775355915068,0.6363636363636364,
