Items_most_pop,Items_most_pop_L2,Items_most_pop_winrate,Items_L2,Items_L2_coef,Items_L2_winrate,Items_gold_adjusted_L2,Items_gold_adjusted_L2_coef,Items_gold_adjusted_L2_winrate
Hastened Fatalis,53.92017004928934,0.4625,Frostbound Hammer,115.93095562088793,0.75,Soul Eater,5.433379994801081,4.166666666666667
Qin's Sais,-35.99599408037684,0.475177304964539,Soul Eater,108.66759989602161,0.8333333333333334,Frostbound Hammer,5.040476331342953,3.260869565217391
Warrior Tabi,17.69016769131309,0.4818181818181818,Titan's Bane,77.00555535267048,0.5581395348837209,Titan's Bane,3.756368553788804,2.7226318774815654
Ninja Tabi,-66.2312828817173,0.4069767441860465,Hastened Fatalis,53.92017004928934,0.4625,Hastened Fatalis,2.5196341144527725,2.161214953271028
Ichaival,5.459069464769398,0.4523809523809524,Stone Cutting Sword,23.984284301083182,0.515625,Warrior Tabi,1.141301141375038,3.1085043988269794
Stone Cutting Sword,23.984284301083182,0.515625,Warrior Tabi,17.69016769131309,0.4818181818181818,Stone Cutting Sword,0.922472473118584,1.9831730769230769
