Relics_most_pop,Relics_most_pop_L2,Relics_most_pop_winrate,Relics_most_pop_wr_paired,Relics_L2,Relics_L2_coef,Relics_L2_winrate,Relics_L2_wr_paired
Purification,-0.004221109286938949,0.4948453608247423,0.5,Purification,-0.004221109286938949,0.4948453608247423,0.5
Wrath,-0.08934844792427786,0.36363636363636365,,Sanctuary,-0.004786973923477452,0.4827586206896552,
