Items_most_pop,Items_most_pop_L2,Items_most_pop_winrate,Items_L2,Items_L2_coef,Items_L2_winrate,Items_gold_adjusted_L2,Items_gold_adjusted_L2_coef,Items_gold_adjusted_L2_winrate
Hastened Fatalis,28.452766288923854,0.6511627906976745,Hastened Fatalis,28.452766288923854,0.6511627906976745,Hastened Fatalis,1.3295685181740118,3.0428167789610954
Qin's Sais,14.616304592865218,0.6339285714285714,Bloodforge,21.489072200950304,0.7857142857142857,Frostbound Hammer,0.801383156068132,3.6231884057971016
Warrior Tabi,4.803052727680107,0.6043956043956044,Frostbound Hammer,18.431812589567038,0.8333333333333334,Bloodforge,0.7540025333666773,2.756892230576441
Ichaival,-8.572166952559153,0.5555555555555556,Qin's Sais,14.616304592865218,0.6339285714285714,Stone Cutting Sword,0.5603546034024525,2.6395173453996983
Ninja Tabi,6.463534617825598,0.6,Stone Cutting Sword,14.569219688463766,0.6862745098039216,Qin's Sais,0.5413446145505636,2.3478835978835977
Stone Cutting Sword,14.569219688463766,0.6862745098039216,Winged Blade,8.231780393442985,0.7142857142857143,Winged Blade,0.4449611023482694,3.861003861003861
