Relics_most_pop,Relics_most_pop_L2,Relics_most_pop_winrate,Relics_most_pop_wr_paired,Relics_L2,Relics_L2_coef,Relics_L2_winrate,Relics_L2_wr_paired
Purification,0.41735422592028604,0.5434782608695652,0.645161290323,Purification,0.41735422592028604,0.5434782608695652,0.645161290323
Wrath,0.31212681275691434,0.5416666666666666,,Wrath,0.31212681275691434,0.5416666666666666,
