,recommendations,win_rate,win_rate_per_cost
Starter Item,Bumba's Mask,,
Boots,Warrior Tabi,0.5145228215767634,3.07459677419
Item2,Hastened Fatalis,0.5220994475138122,2.22692757009
Item3,Qin's Sais,0.5258064516129032,1.7650462963
Item4,The Executioner,0.4765625,2.11805555556
Item5,Stone Cutting Sword,0.587719298246,2.26045883941
Item6,Winged Blade,0.525806451613,3.5472972973
Relic1,Blink,0.692307692308,
Relic2,Curse,0.58064516129,
