Items_most_pop,Items_most_pop_L2,Items_most_pop_winrate,Items_L2,Items_L2_coef,Items_L2_winrate,Items_gold_adjusted_L2,Items_gold_adjusted_L2_coef,Items_gold_adjusted_L2_winrate
Hastened Fatalis,0.1519794094308205,0.6183206106870229,Hastened Fatalis,0.1519794094308205,0.6183206106870229,Hastened Fatalis,0.007101841562187874,2.8893486480702006
Qin's Sais,0.1472309168827029,0.625,Qin's Sais,0.1472309168827029,0.625,Warrior Tabi,0.006635818820754166,3.9388794567062817
Warrior Tabi,0.10285519172168957,0.6105263157894737,Stone Cutting Sword,0.10407019075996297,0.7692307692307693,Qin's Sais,0.005452996921581589,2.314814814814815
Ichaival,0.07849808254448769,0.6176470588235294,Warrior Tabi,0.10285519172168957,0.6105263157894737,Ichaival,0.004617534267322805,3.633217993079585
Ninja Tabi,0.05365324541327666,0.5846153846153846,Titan's Bane,0.08394665838046486,0.6976744186046512,Titan's Bane,0.00409495894538853,3.403289846851957
Bumba's Mask,0.014045522620712375,0.5306122448979592,Ichaival,0.07849808254448769,0.6176470588235294,Stone Cutting Sword,0.0040026996446139605,2.9585798816568047
