Items_most_pop,Items_most_pop_L2,Items_most_pop_winrate,Items_L2,Items_L2_coef,Items_L2_winrate,Items_gold_adjusted_L2,Items_gold_adjusted_L2_coef,Items_gold_adjusted_L2_winrate
Hastened Fatalis,0.26111892984860063,0.5340909090909091,Stone Cutting Sword,21.11864508222273,0.8,Stone Cutting Sword,0.8122555800854897,3.076923076923077
Warrior Tabi,-0.24312613426567536,0.5211267605633803,Qin's Sais,12.046533648851494,0.6212121212121212,Winged Blade,0.5677052048984117,4.391891891891892
Qin's Sais,12.046533648851494,0.6212121212121212,Frostbound Hammer,11.688439800086424,0.9166666666666666,Frostbound Hammer,0.5081930347863662,3.9855072463768115
Ichaival,6.556545649435122,0.5660377358490566,Winged Blade,10.502546290620616,0.8125,Qin's Sais,0.4461679129204257,2.3007856341189674
Ninja Tabi,-0.9330651004790474,0.5227272727272727,The Executioner,9.426553760503593,0.6774193548387096,The Executioner,0.41895794491127075,3.010752688172043
Death's Toll,-7.787294955239502,0.39473684210526316,Ichaival,6.556545649435122,0.5660377358490566,Ichaival,0.3856791558491248,3.329633740288568
