,recommendations,win_rate,win_rate_per_cost
Starter Item,Bumba's Mask,,
Boots,Warrior Tabi,0.6066176470588235,3.97702165267
Item2,Hastened Fatalis,0.6014319809069213,2.88055306619
Item3,Qin's Sais,0.6114285714285714,2.28310502283
Item4,Ichaival,0.6,3.62610797744
Item5,Frostbound Hammer,0.8,3.47826086957
Item6,Rage,0.671328671329,3.30882352941
Relic1,Wrath,0.604790419162,
Relic2,Purification,0.612099644128,
