Relics_most_pop,Relics_most_pop_L2,Relics_most_pop_winrate,Relics_most_pop_wr_paired,Relics_L2,Relics_L2_coef,Relics_L2_winrate,Relics_L2_wr_paired
Meditation,0.13322513668938446,0.4764705882352941,0.0,Curse,30.01015492593992,0.5957446808510638,0.0
Shell,-5.752835505864544,0.4852941176470588,,Frenzy,11.089256133517129,0.5714285714285714,
