Items_most_pop,Items_most_pop_L2,Items_most_pop_winrate,Items_L2,Items_L2_coef,Items_L2_winrate,Items_gold_adjusted_L2,Items_gold_adjusted_L2_coef,Items_gold_adjusted_L2_winrate
Warrior Tabi,21.321608207553872,0.5721877767936226,Bulwark of Hope,23.85552686758841,0.6445182724252492,Warrior Tabi,1.3755876262937983,3.6915340438298236
Breastplate of Valor,-3.169582093218257,0.5719806763285025,Jotunn's Wrath,22.882943313861812,0.6203090507726269,Winged Blade,1.1597192647365375,3.5423773287850957
Hide of the Urchin,2.456000399876784,0.574468085106383,Winged Blade,21.45480639762594,0.6553398058252428,Titan's Bane,0.9966188479077072,3.311376179455225
Bluestone Pendant,-9.553503748432544,0.5075268817204301,Warrior Tabi,21.321608207553872,0.5721877767936226,Bulwark of Hope,0.9447733412906301,2.552547613565343
Jotunn's Wrath,22.882943313861812,0.6203090507726269,Titan's Bane,20.430686382107996,0.6788321167883211,Jotunn's Wrath,0.9378255456500743,2.5422502080845364
Bulwark of Hope,23.85552686758841,0.6445182724252492,Mystical Mail,19.691603932575756,0.6588235294117647,Sovereignty,0.9184781819338985,2.93040293040293
