Relics_most_pop,Relics_most_pop_L2,Relics_most_pop_winrate,Relics_most_pop_wr_paired,Relics_L2,Relics_L2_coef,Relics_L2_winrate,Relics_L2_wr_paired
Teleport,65.25982989135127,0.597667638483965,0.5,Purification,228.7743993161051,0.8620689655172413,0.5
Meditation,-61.4179591443727,0.5923566878980892,,Wrath,75.71089886687791,0.7142857142857143,
