Items_most_pop,Items_most_pop_L2,Items_most_pop_winrate,Items_L2,Items_L2_coef,Items_L2_winrate,Items_gold_adjusted_L2,Items_gold_adjusted_L2_coef,Items_gold_adjusted_L2_winrate
Warrior Tabi,-11.361107438235454,0.5,Spirit Robe,40.59098525156577,0.8947368421052632,Winged Blade,1.934848288602275,4.769475357710652
Breastplate of Valor,-18.838570602967852,0.4927536231884058,Winged Blade,35.79469333914209,0.8823529411764706,Talaria Boots,1.7334159643542095,5.442176870748299
Hide of the Urchin,20.14603884355848,0.6111111111111112,Talaria Boots,24.267823500958936,0.7619047619047619,Spirit Robe,1.6500400508766573,3.6371416345742404
Watcher's Gift,-4.525426907282984,0.5510204081632653,Heartward Amulet,23.996751076959093,0.72,Heartward Amulet,1.1427024322361474,3.4285714285714284
Sovereignty,2.743474062883729,0.6060606060606061,Hide of the Urchin,20.14603884355848,0.6111111111111112,Hide of the Urchin,0.83941828514827,2.5462962962962963
Bluestone Pendant,-16.057216688868422,0.3793103448275862,Genji's Guard,18.278240565139377,0.6875,Genji's Guard,0.8308291165972445,3.125
