Items_most_pop,Items_most_pop_L2,Items_most_pop_winrate,Items_L2,Items_L2_coef,Items_L2_winrate,Items_gold_adjusted_L2,Items_gold_adjusted_L2_coef,Items_gold_adjusted_L2_winrate
Warrior Tabi,0.4856587412510541,0.5231788079470199,Breastplate of Valor,1.6515789985724085,0.5620437956204379,Breastplate of Valor,0.07180778254662647,2.4436686766105997
Breastplate of Valor,1.6515789985724085,0.5620437956204379,Jotunn's Wrath,1.1194716907762539,0.5901639344262295,Jotunn's Wrath,0.04587998732689565,2.4187046492878257
Bluestone Pendant,-1.269576757280221,0.4264705882352941,Pestilence,0.9755196559536538,0.6666666666666666,Pestilence,0.045373007253658316,3.10077519379845
Hide of the Urchin,0.4130109864313706,0.5373134328358209,Titan's Bane,0.8687841089078161,0.6818181818181818,Titan's Bane,0.04237971262964957,3.3259423503325944
Jotunn's Wrath,1.1194716907762539,0.5901639344262295,Heartward Amulet,0.7790311114492801,0.7333333333333333,Winged Blade,0.03942094708128067,3.3550792171481825
Bulwark of Hope,0.014643912033106991,0.5121951219512195,Winged Blade,0.7292875210036923,0.6206896551724138,Heartward Amulet,0.03709671959282286,3.492063492063492
