Items_most_pop,Items_most_pop_L2,Items_most_pop_winrate,Items_L2,Items_L2_coef,Items_L2_winrate,Items_gold_adjusted_L2,Items_gold_adjusted_L2_coef,Items_gold_adjusted_L2_winrate
Warrior Tabi,-14.386691710484904,0.5316239316239316,Jotunn's Wrath,41.6858965358549,0.6128364389233955,Reinforced Greaves,1.9789709910785789,4.380053908355795
Breastplate of Valor,18.51204473163996,0.555667001003009,Mystical Mail,32.1091333275307,0.6395348837209303,Jotunn's Wrath,1.708438382617004,2.511624749686047
Bluestone Pendant,12.37994906050702,0.5043630017452007,Brawler's Beat Stick,29.86182689898427,0.6853932584269663,Brawler's Beat Stick,1.2442427874576778,2.855805243445693
Jotunn's Wrath,41.6858965358549,0.6128364389233955,Reinforced Greaves,27.705593875100103,0.6132075471698113,Mystical Mail,1.1892271602789148,2.3686477174849268
Hide of the Urchin,2.3024758608649822,0.5634146341463414,Breastplate of Valor,18.51204473163996,0.555667001003009,Winged Blade,0.884609717814738,3.2986832986832986
Bulwark of Hope,-16.36506812373792,0.5547945205479452,Winged Blade,16.365279779572653,0.6102564102564103,Breastplate of Valor,0.8048715100713026,2.4159434826217785
