,recommendations,win_rate,win_rate_per_cost
Starter Item,Bluestone Pendant,,
Boots,Reinforced Greaves,0.612836438923,4.38005390836
Item2,Jotunn's Wrath,0.6128364389233955,2.17878660502
Item3,Breastplate of Valor,0.555667001003009,2.31140839836
Item4,Bluestone Pendant,0.5043630017452007,6.6452991453
Item5,Brawler's Beat Stick,0.685393258427,2.85580524345
Item6,Mystical Mail,0.61320754717,2.36864771748
Relic1,Curse,0.613970588235,
Relic2,Meditation,0.547781569966,
