,recommendations,win_rate,win_rate_per_cost
Starter Item,Bluestone Pendant,,
Boots,Warrior Tabi,0.5215366705471478,3.48570554961
Item2,Breastplate of Valor,0.5409395973154363,2.34906243561
Item3,Jotunn's Wrath,0.5576407506702413,2.21428016471
Item4,Hide of the Urchin,0.5451127819548872,2.25118483412
Item5,Winged Blade,0.540939597315,3.31299040976
Item6,Titan's Bane,0.612903225806,3.10421286031
Relic1,Sprint,0.586206896552,
Relic2,Meditation,0.548850574713,
