Items_most_pop,Items_most_pop_L2,Items_most_pop_winrate,Items_L2,Items_L2_coef,Items_L2_winrate,Items_gold_adjusted_L2,Items_gold_adjusted_L2_coef,Items_gold_adjusted_L2_winrate
Warrior Tabi,-15.574501739766799,0.48764044943820223,Bulwark of Hope,32.17260275606122,0.5420560747663551,Winged Blade,1.667568814639954,2.8413028413028414
Breastplate of Valor,22.322722543012187,0.5146666666666667,Winged Blade,30.85002307083915,0.5256410256410257,Bulwark of Hope,1.274162485388563,2.1467567317479412
Bluestone Pendant,-4.27699090227502,0.4587628865979381,Mystical Mail,30.02908864315952,0.5434782608695652,Mystical Mail,1.1121884682651673,2.0128824476650564
Hide of the Urchin,8.55680126369297,0.5257142857142857,Breastplate of Valor,22.322722543012187,0.5146666666666667,Reinforced Greaves,1.017522104597334,3.2142857142857144
Jotunn's Wrath,12.727836965797515,0.5402298850574713,Genji's Guard,20.985146452223685,0.5443037974683544,Breastplate of Valor,0.9705531540440081,2.2376811594202897
Bulwark of Hope,32.17260275606122,0.5420560747663551,Witchblade,16.330327435365152,0.5217391304347826,Genji's Guard,0.9538702932828947,2.4741081703107017
