Items_most_pop,Items_most_pop_L2,Items_most_pop_winrate,Items_L2,Items_L2_coef,Items_L2_winrate,Items_gold_adjusted_L2,Items_gold_adjusted_L2_coef,Items_gold_adjusted_L2_winrate
Warrior Tabi,7.901949442137194,0.4987864077669903,Winged Blade,35.09258128627335,0.5928571428571429,Winged Blade,1.8968962857445053,3.2046332046332044
Breastplate of Valor,3.4533286111973642,0.5021337126600285,Void Shield,27.875775576447076,0.6363636363636364,Witchblade,1.225750749655328,3.0569105691056913
Hide of the Urchin,-6.8489257281496405,0.48169014084507045,Witchblade,25.127890367934224,0.6266666666666667,Void Shield,1.0324361324610027,2.356902356902357
Jotunn's Wrath,19.602672723795038,0.5492957746478874,Mystical Mail,21.28144319827342,0.6,Jotunn's Wrath,0.8033882263850426,2.251212191179866
Bluestone Pendant,21.52054394566548,0.49411764705882355,Jotunn's Wrath,19.602672723795038,0.5492957746478874,Mystical Mail,0.7882015999360525,2.2222222222222223
Bulwark of Hope,13.62094572190497,0.5495495495495496,Bulwark of Hope,13.62094572190497,0.5495495495495496,Genji's Guard,0.6088319376871626,2.537878787878788
