Relics_most_pop,Relics_most_pop_L2,Relics_most_pop_winrate,Relics_most_pop_wr_paired,Relics_L2,Relics_L2_coef,Relics_L2_winrate,Relics_L2_wr_paired
Teleport,-0.5609566531414787,0.5030800821355236,0.592592592593,Meditation,7.295462380632128,0.5555555555555556,0.592592592593
Meditation,7.295462380632128,0.5555555555555556,,Sprint,1.8148332341756612,0.5428571428571428,
