Items_most_pop,Items_most_pop_L2,Items_most_pop_winrate,Items_L2,Items_L2_coef,Items_L2_winrate,Items_gold_adjusted_L2,Items_gold_adjusted_L2_coef,Items_gold_adjusted_L2_winrate
Breastplate of Valor,11.267225215972074,0.6195652173913043,Hide of the Urchin,16.14158183173298,0.6949152542372882,Hide of the Urchin,0.6725659096555409,2.8954802259887007
Warrior Tabi,-1.7212453957796365,0.5465116279069767,Mantle of Discord,11.800614722137707,0.875,Talaria Boots,0.5630125593889642,4.846938775510204
Watcher's Gift,1.9391870140320357,0.5555555555555556,Breastplate of Valor,11.267225215972074,0.6195652173913043,Sovereignty,0.5018410109379302,3.4482758620689653
Hide of the Urchin,16.14158183173298,0.6949152542372882,Sovereignty,10.538661229696535,0.7241379310344828,Breastplate of Valor,0.4898793572161771,2.6937618147448017
Heartward Amulet,-1.5464729080749366,0.5555555555555556,Bulwark of Hope,8.518994845953877,0.6875,Mantle of Discord,0.3806649910367002,2.8225806451612905
Reinforced Greaves,1.313690780603995,0.5675675675675675,Talaria Boots,7.882175831445498,0.6785714285714286,Bulwark of Hope,0.33738593449322285,2.722772277227723
