Relics_most_pop,Relics_most_pop_L2,Relics_most_pop_winrate,Relics_most_pop_wr_paired,Relics_L2,Relics_L2_coef,Relics_L2_winrate,Relics_L2_wr_paired
Teleport,8.052183810341614,0.5789473684210527,0.678571428571,Curse,9.205581924496418,0.6875,0.678571428571
Meditation,-0.5913669466405929,0.5283018867924528,,Teleport,8.052183810341614,0.5789473684210527,
