Items_most_pop,Items_most_pop_L2,Items_most_pop_winrate,Items_L2,Items_L2_coef,Items_L2_winrate,Items_gold_adjusted_L2,Items_gold_adjusted_L2_coef,Items_gold_adjusted_L2_winrate
Warrior Tabi,-0.07124775801907737,0.47474747474747475,Mantle of Discord,0.030583226783114134,0.5517241379310345,Talaria Boots,0.0014416114150859363,4.220779220779221
Breastplate of Valor,-0.041818912782122804,0.4827586206896552,Genji's Guard,0.030353293159918703,0.5789473684210527,Genji's Guard,0.0013796951436326683,2.6315789473684212
Hide of the Urchin,0.016471997755735313,0.5107913669064749,Talaria Boots,0.020182559811203107,0.5909090909090909,Mantle of Discord,0.000986555702681101,1.7797552836484982
Bluestone Pendant,-0.07828177787595608,0.42857142857142855,Hide of the Urchin,0.016471997755735313,0.5107913669064749,Hide of the Urchin,0.0006863332398223047,2.128297362110312
Jotunn's Wrath,0.0063223525603456135,0.5045045045045045,Winged Blade,0.010568319313133512,0.5185185185185185,Winged Blade,0.0005712605034126222,2.8028028028028027
Bulwark of Hope,-0.029069944748438305,0.4625,Jotunn's Wrath,0.0063223525603456135,0.5045045045045045,Titan's Bane,0.0002593012845502026,2.5231286795626575
