Relics_most_pop,Relics_most_pop_L2,Relics_most_pop_winrate,Relics_most_pop_wr_paired,Relics_L2,Relics_L2_coef,Relics_L2_winrate,Relics_L2_wr_paired
Teleport,0.8835446936234324,0.503725782414307,0.0,Sanctuary,15.525110220901883,0.5789473684210527,0.0
Meditation,-12.552093621905106,0.47390396659707723,,Shell,7.105731285526954,0.4838709677419355,
