Relics_most_pop,Relics_most_pop_L2,Relics_most_pop_winrate,Relics_most_pop_wr_paired,Relics_L2,Relics_L2_coef,Relics_L2_winrate,Relics_L2_wr_paired
Teleport,0.029486952518815144,0.5245901639344263,1.0,Curse,0.04984745496109938,0.6666666666666666,1.0
Meditation,-0.01027499351897674,0.48717948717948717,,Sprint,0.03984989038117909,0.6333333333333333,
