,recommendations,win_rate,win_rate_per_cost
Starter Item,Bluestone Pendant,,
Boots,Warrior Tabi,0.641025641026,3.70447450572
Item2,Hide of the Urchin,0.6130952380952381,2.32732732733
Item3,Jotunn's Wrath,0.5920398009950248,2.28917442032
Item4,Breastplate of Valor,0.5732323232323232,2.42851547199
Item5,Titan's Bane,0.705882352941,3.1406615436
Item6,Void Shield,0.643835616438,2.61437908497
Relic1,Meditation,0.59126984127,
Relic2,Curse,0.617886178862,
