,recommendations,win_rate,win_rate_per_cost
Starter Item,Bluestone Pendant,,
Boots,Warrior Tabi,0.45932203389830506,3.44376634699
Item2,Jotunn's Wrath,0.5119047619047619,2.18763845813
Item3,Hide of the Urchin,0.5258126195028681,2.2240990991
Item4,Bulwark of Hope,0.5337837837837838,2.1139951833
Item5,Sovereignty,0.670103092784,2.99539170507
Item6,Brawler's Beat Stick,0.629032258065,2.79209621993
Relic1,Shell,0.56338028169,
Relic2,Meditation,0.491612903226,
