Relics_most_pop,Relics_most_pop_L2,Relics_most_pop_winrate,Relics_most_pop_wr_paired,Relics_L2,Relics_L2_coef,Relics_L2_winrate,Relics_L2_wr_paired
Purification,1.394101929246809,0.45454545454545453,0.642857142857,Sprint,11.036099232303117,0.5714285714285714,0.642857142857
Sanctuary,-14.432945855800241,0.4346153846153846,,Purification,1.394101929246809,0.45454545454545453,
