Relics_most_pop,Relics_most_pop_L2,Relics_most_pop_winrate,Relics_most_pop_wr_paired,Relics_L2,Relics_L2_coef,Relics_L2_winrate,Relics_L2_wr_paired
Purification,-5.859923494266874,0.4074074074074074,0.5,Relic,6.692886838900057,0.34210526315789475,0.5
Sanctuary,-0.7721336468522799,0.41414141414141414,,Sanctuary,-0.7721336468522799,0.41414141414141414,
