Items_most_pop,Items_most_pop_L2,Items_most_pop_winrate,Items_L2,Items_L2_coef,Items_L2_winrate,Items_gold_adjusted_L2,Items_gold_adjusted_L2_coef,Items_gold_adjusted_L2_winrate
Warrior Tabi,-8.291784542389806,0.3851851851851852,Deathbringer,15.983245056889814,0.5384615384615384,Deathbringer,0.4994764080278067,1.6826923076923077
Ichaival,-16.098828141861492,0.3540983606557377,The Executioner,10.383700385274286,0.46396396396396394,The Executioner,0.46149779490107934,2.062062062062062
Asi,-0.8109836987995387,0.40310077519379844,Wind Demon,6.319121401909881,0.4716981132075472,Wind Demon,0.24304313084268775,1.8142235123367199
Qin's Sais,0.9301193448818343,0.41935483870967744,Devourer's Gauntlet,3.0795430745083308,0.43356643356643354,Devourer's Gauntlet,0.1502216133906503,2.114958212519188
The Executioner,10.383700385274286,0.46396396396396394,Titan's Bane,2.4649730991344274,0.4409448818897638,Ninja Tabi,0.13099159657278392,2.9906542056074765
Death's Toll,-0.32647196293614206,0.36666666666666664,Hastened Fatalis,1.97582531567774,0.4827586206896552,Titan's Bane,0.12024259020167939,2.1509506433647014
