Relics_most_pop,Relics_most_pop_L2,Relics_most_pop_winrate,Relics_most_pop_wr_paired,Relics_L2,Relics_L2_coef,Relics_L2_winrate,Relics_L2_wr_paired
Purification,15.210182369154628,0.48466257668711654,0.500945179584,Purification,15.210182369154628,0.48466257668711654,0.500945179584
Sanctuary,4.006922025527956,0.486013986013986,,Sanctuary,4.006922025527956,0.486013986013986,
