,recommendations,win_rate,win_rate_per_cost
Starter Item,Death's Toll,,
Boots,Warrior Tabi,0.4830917874396135,2.29885057471
Item2,Qin's Sais,0.544,1.31971051511
Item3,Asi,0.5042735042735043,2.00180808472
Item4,The Executioner,0.5052631578947369,1.58365261814
Item5,Titan's Bane,0.642857142857,3.21951219512
Item6,Wind Demon,0.66,2.47252747253
Relic1,Sprint,0.53125,
Relic2,Purification,0.493449781659,
