,recommendations,win_rate,win_rate_per_cost
Starter Item,Death's Toll,,
Boots,Ninja Tabi,0.558823529412,3.72549019608
Item2,Ichaival,0.5215686274509804,2.83887468031
Item3,The Executioner,0.5212121212121212,2.14492753623
Item4,Asi,0.5064377682403434,2.71128480703
Item5,Deathbringer,0.627450980392,1.96078431373
Item6,Wind Demon,0.594594594595,2.2869022869
Relic1,Relic,0.617647058824,
Relic2,Sanctuary,0.505555555556,
