Items_most_pop,Items_most_pop_L2,Items_most_pop_winrate,Items_L2,Items_L2_coef,Items_L2_winrate,Items_gold_adjusted_L2,Items_gold_adjusted_L2_coef,Items_gold_adjusted_L2_winrate
Warrior Tabi,3.6487468743031672,0.4931640625,Deathbringer,29.17536139667069,0.576271186440678,Deathbringer,0.9117300436459591,1.8008474576271187
Ichaival,4.266504375504075,0.49695493300852617,Wind Demon,19.914103462171145,0.5445544554455446,Wind Demon,0.7659270562373517,2.0944402132520943
Asi,13.414561851589493,0.5096153846153846,Asi,13.414561851589493,0.5096153846153846,Asi,0.7536270703140164,2.863007778738116
Qin's Sais,12.13702906098179,0.5260029717682021,Qin's Sais,12.13702906098179,0.5260029717682021,Qin's Sais,0.44951959485117743,1.9481591546970447
The Executioner,-21.271550081178688,0.4543610547667343,Titan's Bane,8.542730764572763,0.5394321766561514,Titan's Bane,0.4167185738815982,2.6313764714934216
Death's Toll,21.78058461089034,0.49206349206349204,Transcendence,7.511038815117467,0.4672131147540984,Transcendence,0.2888861082737488,1.7969735182849937
