Relics_most_pop,Relics_most_pop_L2,Relics_most_pop_winrate,Relics_most_pop_wr_paired,Relics_L2,Relics_L2_coef,Relics_L2_winrate,Relics_L2_wr_paired
Purification,4.183291876663577,0.45094806265457543,0.38202247191,Relic,9.489476108798055,0.375,0.38202247191
Sanctuary,-11.046005601323387,0.4492890995260663,,Purification,4.183291876663577,0.45094806265457543,
