Items_most_pop,Items_most_pop_L2,Items_most_pop_winrate,Items_L2,Items_L2_coef,Items_L2_winrate,Items_gold_adjusted_L2,Items_gold_adjusted_L2_coef,Items_gold_adjusted_L2_winrate
Warrior Tabi,-0.014893264108073267,0.4854368932038835,Titan's Bane,0.04997117106542215,0.6388888888888888,Titan's Bane,0.0024376181007522996,3.116531165311653
Qin's Sais,0.020031958769420363,0.53125,Ichaival,0.03501683332765181,0.5686274509803921,Ichaival,0.0020598137251559893,3.344867358708189
Asi,0.005058289245249413,0.5079365079365079,Devourer's Gauntlet,0.025005040443329945,0.6,Devourer's Gauntlet,0.0012197580704063388,2.926829268292683
The Executioner,0.02002678720981447,0.5370370370370371,Qin's Sais,0.020031958769420363,0.53125,The Executioner,0.0008900794315473097,2.3868312757201644
Ichaival,0.03501683332765181,0.5686274509803921,The Executioner,0.02002678720981447,0.5370370370370371,Wind Demon,0.000768712420628664,2.272727272727273
Transcendence,-0.03988340553746416,0.4090909090909091,Wind Demon,0.019986522936345265,0.5909090909090909,Qin's Sais,0.000741924398867421,1.9675925925925926
