,recommendations,win_rate,win_rate_per_cost
Starter Item,Death's Toll,,
Boots,Warrior Tabi,0.46421267893660534,2.53335585205
Item2,Qin's Sais,0.5132743362831859,1.45433391507
Item3,The Executioner,0.4851063829787234,1.74520069808
Item4,Asi,0.4588235294117647,2.20601211836
Item5,Titan's Bane,0.513274336283,2.75862068966
Item6,Deathbringer,0.56338028169,1.76056338028
Relic1,Sprint,0.482352941176,
Relic2,Teleport,0.526315789474,
