,recommendations,win_rate,win_rate_per_cost
Starter Item,Death's Toll,,
Boots,Warrior Tabi,0.4438040345821326,2.65348595213
Item2,Qin's Sais,0.5045045045045045,1.52329749104
Item3,Asi,0.44075829383886256,2.31061978978
Item4,Death's Toll,0.4112903225806452,5.14112903226
Item5,Soul Eater,0.504504504505,3.51851851852
Item6,Titan's Bane,0.518867924528,2.53106304648
Relic1,Relic,0.428571428571,
Relic2,Purification,0.43989769821,
