Items_most_pop,Items_most_pop_L2,Items_most_pop_winrate,Items_L2,Items_L2_coef,Items_L2_winrate,Items_gold_adjusted_L2,Items_gold_adjusted_L2_coef,Items_gold_adjusted_L2_winrate
Warrior Tabi,4.294933765131468,0.4452164617851416,Deathbringer,39.517588343173166,0.5914972273567468,Ichaival,1.2770440720796057,2.6400768022342467
Ichaival,21.7097492253533,0.44881305637982194,Ichaival,21.7097492253533,0.44881305637982194,Deathbringer,1.2349246357241614,1.8484288354898337
Asi,-2.1896330528727233,0.45582486317435494,Hastened Fatalis,14.359141685001168,0.5462184873949579,Hastened Fatalis,0.6709879292056621,2.5524228382941963
Qin's Sais,13.940171700328449,0.4835423197492163,Qin's Sais,13.940171700328449,0.4835423197492163,Titan's Bane,0.6331079229746344,2.529041107634275
The Executioner,4.1203727088594695,0.4662379421221865,Titan's Bane,12.978712420980004,0.5184534270650264,Qin's Sais,0.5163026555677204,1.790897480552653
Death's Toll,0.03099975572710846,0.35684647302904565,Transcendence,12.933931949472562,0.42028985507246375,Transcendence,0.4974589211335601,1.6164994425863992
