Items_most_pop,Items_most_pop_L2,Items_most_pop_winrate,Items_L2,Items_L2_coef,Items_L2_winrate,Items_gold_adjusted_L2,Items_gold_adjusted_L2_coef,Items_gold_adjusted_L2_winrate
Warrior Tabi,0.1273162908819825,0.5738636363636364,Warrior Tabi,0.1273162908819825,0.5738636363636364,Warrior Tabi,0.008213954250450486,3.7023460410557183
Transcendence,0.09305957020817703,0.576,Transcendence,0.09305957020817703,0.576,Transcendence,0.0035792142387760396,2.2153846153846155
Qin's Sais,0.08821945179478621,0.5803571428571429,Qin's Sais,0.08821945179478621,0.5803571428571429,Qin's Sais,0.0032673871035106008,2.1494708994708995
Ichaival,-0.011205672764579415,0.4883720930232558,Wind Demon,0.0593942316480534,0.6578947368421053,Wind Demon,0.002284393524925131,2.5303643724696356
Asi,0.03867132849285624,0.5476190476190477,Deathbringer,0.0493043527307811,0.6136363636363636,Asi,0.0021725465445424853,3.0765115034777955
The Executioner,0.03404538830235704,0.5538461538461539,Asi,0.03867132849285624,0.5476190476190477,Deathbringer,0.0015407610228369093,1.9176136363636365
