,recommendations,win_rate,win_rate_per_cost
Starter Item,Death's Toll,,
Boots,Warrior Tabi,0.6171875,3.69428456699
Item2,Qin's Sais,0.6171875,2.12079299216
Item3,Transcendence,0.5963855421686747,2.2023619534
Item4,Asi,0.6153846153846154,3.21693319036
Item5,Ichaival,0.572614107884,3.55160932297
Item6,Wind Demon,0.617021276596,2.37315875614
Relic1,Sprint,0.647058823529,
Relic2,Teleport,0.676470588235,
