Items_most_pop,Items_most_pop_L2,Items_most_pop_winrate,Items_L2,Items_L2_coef,Items_L2_winrate,Items_gold_adjusted_L2,Items_gold_adjusted_L2_coef,Items_gold_adjusted_L2_winrate
Warrior Tabi,10.69193005130755,0.576797385620915,Hastened Fatalis,27.811198218256937,0.6842105263157895,Hastened Fatalis,1.2995887017877072,3.197245450073783
Transcendence,12.046036426225422,0.5912408759124088,Titan's Bane,22.201700098479744,0.6568047337278107,Titan's Bane,1.083009760901451,3.203925530379564
Qin's Sais,21.021847048018238,0.6206030150753769,Qin's Sais,21.021847048018238,0.6206030150753769,Qin's Sais,0.7785869277043792,2.298529685464359
Asi,4.9018842089223815,0.5953947368421053,Wind Demon,16.221325892997072,0.6325301204819277,Warrior Tabi,0.6898019387940355,3.7212734556188067
Ichaival,-7.546868916060835,0.5432525951557093,Jotunn's Wrath,12.961322478715461,0.6511627906976745,Soul Eater,0.6432514818661291,3.2278481012658227
The Executioner,4.318063762535732,0.5849802371541502,Soul Eater,12.86502963732258,0.6455696202531646,Wind Demon,0.6238971497306567,2.432808155699722
