,recommendations,win_rate,win_rate_per_cost
Starter Item,Death's Toll,,
Boots,Warrior Tabi,0.5682758620689655,3.8544779965
Item2,Transcendence,0.5925155925155925,2.29786188253
Item3,Ichaival,0.6041666666666666,3.51437699681
Item4,The Executioner,0.597444089456869,2.65530706425
Item5,Deathbringer,0.604166666667,2.09359605911
Item6,Hastened Fatalis,0.640449438202,3.18016614746
Relic1,Sprint,0.624161073826,
Relic2,Curse,0.694444444444,
