Relics_most_pop,Relics_most_pop_L2,Relics_most_pop_winrate,Relics_most_pop_wr_paired,Relics_L2,Relics_L2_coef,Relics_L2_winrate,Relics_L2_wr_paired
Purification,21.499329991116046,0.5747422680412371,0.705882352941,Purification,21.499329991116046,0.5747422680412371,0.705882352941
Sanctuary,-15.932295681099825,0.5504201680672269,,Relic,20.658779220911086,0.6164383561643836,
