,recommendations,win_rate,win_rate_per_cost
Starter Item,Death's Toll,,
Boots,Warrior Tabi,0.678899082569,3.9633875411
Item2,Qin's Sais,0.6606334841628959,2.28571428571
Item3,The Executioner,0.6305732484076433,2.74285714286
Item4,Asi,0.6273291925465838,3.46709470305
Item5,Titan's Bane,0.660633484163,3.42024109896
Item6,Wind Demon,0.691489361702,2.65957446809
Relic1,Relic,0.647058823529,
Relic2,Purification,0.607235142119,
