Items_most_pop,Items_most_pop_L2,Items_most_pop_winrate,Items_L2,Items_L2_coef,Items_L2_winrate,Items_gold_adjusted_L2,Items_gold_adjusted_L2_coef,Items_gold_adjusted_L2_winrate
Warrior Tabi,-42.870979514983055,0.4385026737967914,Bloodforge,54.66154313240798,0.5588235294117647,Ichaival,2.397302296260027,2.7233115468409586
Transcendence,44.58314972971091,0.46484375,Transcendence,44.58314972971091,0.46484375,Bloodforge,1.9179488818388764,1.9607843137254901
Qin's Sais,39.70134191387171,0.49783549783549785,Ichaival,40.75413903642046,0.46296296296296297,Transcendence,1.7147365280658042,1.7878605769230769
Asi,-31.314272289494223,0.46524064171123,Qin's Sais,39.70134191387171,0.49783549783549785,Qin's Sais,1.4704200708841373,1.8438351771685104
Ichaival,40.75413903642046,0.46296296296296297,The Executioner,23.94450304563511,0.5,Ninja Tabi,1.2846580550249647,3.627450980392157
The Executioner,23.94450304563511,0.5,Ninja Tabi,19.269870825374472,0.5441176470588235,The Executioner,1.0642001353615604,2.2222222222222223
