Items_most_pop,Items_most_pop_L2,Items_most_pop_winrate,Items_L2,Items_L2_coef,Items_L2_winrate,Items_gold_adjusted_L2,Items_gold_adjusted_L2_coef,Items_gold_adjusted_L2_winrate
Warrior Tabi,2.2694198228024405,0.5682758620689655,Deathbringer,14.473964806558955,0.6699507389162561,Ichaival,0.7197072605303583,3.553921568627451
Transcendence,13.185836908533688,0.5925155925155925,Transcendence,13.185836908533688,0.5925155925155925,Transcendence,0.5071475734051418,2.2789061250599714
Qin's Sais,4.994031643097215,0.5910112359550562,Ichaival,12.235023429016092,0.6041666666666666,Deathbringer,0.4523114002049674,2.0935960591133007
Asi,-2.2734363133854263,0.5652173913043478,Wind Demon,8.378645981905915,0.6404494382022472,Hastened Fatalis,0.34610364235201363,3.180166147455867
Ichaival,12.235023429016092,0.6041666666666666,Hastened Fatalis,7.406617946333091,0.6805555555555556,Wind Demon,0.322255614688689,2.463267070008643
The Executioner,6.72757045102225,0.597444089456869,The Executioner,6.72757045102225,0.597444089456869,The Executioner,0.2990031311565444,2.655307064252751
