Items_most_pop,Items_most_pop_L2,Items_most_pop_winrate,Items_L2,Items_L2_coef,Items_L2_winrate,Items_gold_adjusted_L2,Items_gold_adjusted_L2_coef,Items_gold_adjusted_L2_winrate
Warrior Tabi,3.8714807848336252,0.5726141078838174,Qin's Sais,4.402511969472344,0.6171875,Warrior Tabi,0.24977295386023388,3.6942845669923705
Transcendence,4.340378569038984,0.5963855421686747,Transcendence,4.340378569038984,0.5963855421686747,Asi,0.19489646775792832,3.4572169403630078
Qin's Sais,4.402511969472344,0.6171875,Warrior Tabi,3.8714807848336252,0.5726141078838174,Ichaival,0.19337743317727688,3.551609322974473
Ichaival,3.2874163640137066,0.6037735849056604,Asi,3.4691571260911243,0.6153846153846154,Transcendence,0.16693763727073016,2.293790546802595
The Executioner,-1.5083081317694509,0.5047619047619047,Ichaival,3.2874163640137066,0.6037735849056604,Qin's Sais,0.16305599886934607,2.2858796296296298
Asi,3.4691571260911243,0.6153846153846154,Wind Demon,1.6745496241998545,0.6170212765957447,Wind Demon,0.06440575477691747,2.3731587561374794
