,recommendations,win_rate,win_rate_per_cost
Starter Item,Bumba's Mask,,
Boots,Warrior Tabi,0.5412960609911055,4.26307990425
Item2,Titan's Bane,0.6331877729257642,3.22330431785
Item3,Brawler's Beat Stick,0.6607773851590106,2.75323910483
Item4,Hydra's Lament,0.5710144927536231,3.07338318679
Item5,Breastplate of Valor,0.633027522936,2.75229357798
Item6,Mantle of Discord,0.571014492754,2.10378681627
Relic1,Purification,0.563694267516,
Relic2,Teleport,0.604938271605,
