Items_most_pop,Items_most_pop_L2,Items_most_pop_winrate,Items_L2,Items_L2_coef,Items_L2_winrate,Items_gold_adjusted_L2,Items_gold_adjusted_L2_coef,Items_gold_adjusted_L2_winrate
Warrior Tabi,2.7545156835129423,0.5333333333333333,Titan's Bane,48.84044990168977,0.6739130434782609,Titan's Bane,2.3824609708141353,3.2873806998939554
Jotunn's Wrath,1.6663163594036543,0.5503875968992248,Hydra's Lament,10.897980331642547,0.59375,Hydra's Lament,0.5068828061229091,2.761627906976744
Titan's Bane,48.84044990168977,0.6739130434782609,Breastplate of Valor,8.584081379120828,0.5526315789473685,Breastplate of Valor,0.37322092952699254,2.402745995423341
Bumba's Mask,3.237148954023657,0.5294117647058824,Void Shield,4.863778315386697,0.5833333333333334,Void Shield,0.1801399376069147,2.1604938271604937
Hydra's Lament,10.897980331642547,0.59375,Warrior Tabi,2.7545156835129423,0.5333333333333333,Warrior Tabi,0.1777106892588995,3.4408602150537635
Brawler's Beat Stick,-2.0103229691659714,0.5510204081632653,Jotunn's Wrath,1.6663163594036543,0.5503875968992248,Jotunn's Wrath,0.06829165407392027,2.2556868725378068
