Relics_most_pop,Relics_most_pop_L2,Relics_most_pop_winrate,Relics_most_pop_wr_paired,Relics_L2,Relics_L2_coef,Relics_L2_winrate,Relics_L2_wr_paired
Purification,4.4952317614206265,0.5677966101694916,0.769230769231,Wrath,4.67859451299255,0.6666666666666666,0.769230769231
Teleport,3.1683375674380487,0.5873015873015873,,Purification,4.4952317614206265,0.5677966101694916,
