Items_most_pop,Items_most_pop_L2,Items_most_pop_winrate,Items_L2,Items_L2_coef,Items_L2_winrate,Items_gold_adjusted_L2,Items_gold_adjusted_L2_coef,Items_gold_adjusted_L2_winrate
Warrior Tabi,0.04915091254574854,0.5076566125290023,Brawler's Beat Stick,14.973940147775469,0.6335012594458438,Titan's Bane,0.6295455894063544,2.8568202348690153
Jotunn's Wrath,4.8948255723301175,0.5241454150841021,Titan's Bane,12.905684582830265,0.5856481481481481,Brawler's Beat Stick,0.6239141728239779,2.6395885810243493
Titan's Bane,12.905684582830265,0.5856481481481481,Mantle of Discord,10.44661273920279,0.6526806526806527,Mantle of Discord,0.33698750771621905,2.1054214602601697
Bumba's Mask,-14.326627421382737,0.38311688311688313,Hydra's Lament,6.848485702420554,0.5508196721311476,Hydra's Lament,0.3185342187172351,2.5619519634006864
Hydra's Lament,6.848485702420554,0.5508196721311476,Jotunn's Wrath,4.8948255723301175,0.5241454150841021,Jotunn's Wrath,0.20060760542336548,2.148136947065992
Brawler's Beat Stick,14.973940147775469,0.6335012594458438,Void Shield,2.7422868048043285,0.537842190016103,Void Shield,0.10156617795571586,1.9920081111707522
