,recommendations,win_rate,win_rate_per_cost
Starter Item,Bumba's Mask,,
Boots,Warrior Tabi,0.4726507713884993,3.63748079877
Item2,Titan's Bane,0.543134872417983,2.75029036005
Item3,Brawler's Beat Stick,0.5638095238095238,2.34920634921
Item4,Jotunn's Wrath,0.4847715736040609,2.31069476971
Item5,Mantle of Discord,0.574803149606,1.85420370841
Item6,Shifter's Shield,0.534351145038,2.22646310433
Relic1,Teleport,0.562790697674,
Relic2,Curse,0.561403508772,
