,recommendations,win_rate,win_rate_per_cost
Starter Item,Bumba's Mask,,
Boots,Warrior Tabi,0.4588477366255144,3.79506641366
Item2,Brawler's Beat Stick,0.5882352941176471,2.45098039216
Item3,Titan's Bane,0.5387453874538746,2.86944045911
Item4,Hydra's Lament,0.5095238095238095,2.73597811218
Item5,Spirit Robe,0.65306122449,2.65472042476
Item6,Transcendence,0.509523809524,2.05128205128
Relic1,Purification,0.498673740053,
Relic2,Sprint,0.52,
