Items_most_pop,Items_most_pop_L2,Items_most_pop_winrate,Items_L2,Items_L2_coef,Items_L2_winrate,Items_gold_adjusted_L2,Items_gold_adjusted_L2_coef,Items_gold_adjusted_L2_winrate
Warrior Tabi,-16.896150460079767,0.38016528925619836,Titan's Bane,49.04322835088487,0.5507246376811594,Titan's Bane,2.3923526024821884,2.686461647225168
Jotunn's Wrath,-1.0030742455933663,0.40816326530612246,Bulwark of Hope,35.400577106270994,0.6923076923076923,Bulwark of Hope,1.4020030537137027,2.7418126428027416
Titan's Bane,49.04322835088487,0.5507246376811594,Mantle of Discord,34.146352050152245,0.6666666666666666,Mantle of Discord,1.101495227424266,2.150537634408602
Hydra's Lament,-8.479915180166765,0.3584905660377358,Brawler's Beat Stick,26.292754826476767,0.5384615384615384,Brawler's Beat Stick,1.0955314511031986,2.2435897435897436
Brawler's Beat Stick,26.292754826476767,0.5384615384615384,Shifter's Shield,23.444343637749864,0.6153846153846154,Shifter's Shield,0.9768476515729109,2.5641025641025643
Bumba's Mask,-53.11208637593345,0.15384615384615385,Breastplate of Valor,13.75808286942066,0.5185185185185185,Breastplate of Valor,0.5981775160617678,2.254428341384863
