,recommendations,win_rate,win_rate_per_cost
Starter Item,Bumba's Mask,,
Boots,Warrior Tabi,0.5068137573004543,3.87560919007
Item2,Titan's Bane,0.5874200426439232,2.9303386559
Item3,Brawler's Beat Stick,0.6007194244604317,2.50299760192
Item4,Jotunn's Wrath,0.5297256097560976,2.46196485435
Item5,Void Shield,0.60071942446,2.19182465403
Item6,Hydra's Lament,0.611510791367,2.49169435216
Relic1,Teleport,0.616438356164,
Relic2,Purification,0.520782396088,
