Items_most_pop,Items_most_pop_L2,Items_most_pop_winrate,Items_L2,Items_L2_coef,Items_L2_winrate,Items_gold_adjusted_L2,Items_gold_adjusted_L2_coef,Items_gold_adjusted_L2_winrate
Warrior Tabi,-7.788740847737466,0.4164859002169197,Titan's Bane,22.487334441122613,0.5121042830540037,Titan's Bane,1.0969431434693957,2.4980696734341645
Jotunn's Wrath,-2.912812831350474,0.42656449553001274,Brawler's Beat Stick,20.580808483553923,0.5467836257309941,Brawler's Beat Stick,0.8575336868147468,2.2782651072124755
Titan's Bane,22.487334441122613,0.5121042830540037,Mantle of Discord,16.743842567119618,0.5818181818181818,Mantle of Discord,0.5401239537780522,1.8768328445747802
Bumba's Mask,-28.240228477787078,0.2815533980582524,Shifter's Shield,5.103158728380115,0.5058823529411764,Hydra's Lament,0.2245648232789586,2.1551199318154146
Hydra's Lament,4.82814370049761,0.46335078534031415,Hydra's Lament,4.82814370049761,0.46335078534031415,Shifter's Shield,0.21263161368250477,2.107843137254902
Brawler's Beat Stick,20.580808483553923,0.5467836257309941,Void Shield,3.032584244613438,0.4584837545126354,Void Shield,0.11231793498568289,1.6980879796764274
