,recommendations,win_rate,win_rate_per_cost
Starter Item,Watcher's Gift,,
Boots,Travelers Shoes,0.593591905565,4.67980295567
Item2,Sovereignty,0.5935919055649241,2.82662812174
Item3,Heartward Amulet,0.5739299610894941,2.82662812174
Item4,Watcher's Gift,0.5064102564102564,7.41989881956
Item5,Witchblade,0.599358974359,3.51429320745
Item6,Mantle of Discord,0.655172413793,2.23607038123
Relic1,Meditation,0.56762295082,
Relic2,Shell,0.596858638743,
