,recommendations,win_rate,win_rate_per_cost
Starter Item,Watcher's Gift,,
Boots,Shoes of the Magi,0.584,3.42336683417
Item2,Heartward Amulet,0.5817490494296578,2.31481481481
Item3,Sovereignty,0.5509554140127388,2.31481481481
Item4,Breastplate of Valor,0.4861111111111111,2.11352657005
Item5,Winged Blade,0.643564356436,3.62557679631
Item6,Mystical Mail,0.550955414013,2.3835716905
Relic1,Sprint,0.627659574468,
Relic2,Blink,0.528708133971,
