,recommendations,win_rate,win_rate_per_cost
Starter Item,Watcher's Gift,,
Boots,Travelers Shoes,0.684210526316,4.34782608696
Item2,Sovereignty,0.5948905109489051,2.86935286935
Item3,Heartward Amulet,0.6025641025641025,2.86935286935
Item4,Watcher's Gift,0.54337899543379,7.53205128205
Item5,Mystical Mail,0.663265306122,2.45653817082
Item6,Hide of the Urchin,0.602564102564,2.5
Relic1,Blink,0.571808510638,
Relic2,Curse,0.604938271605,
