Items_most_pop,Items_most_pop_L2,Items_most_pop_winrate,Items_L2,Items_L2_coef,Items_L2_winrate,Items_gold_adjusted_L2,Items_gold_adjusted_L2_coef,Items_gold_adjusted_L2_winrate
Sovereignty,19.032417968617985,0.45956873315363883,Mantle of Discord,20.719486399139907,0.5531914893617021,Travelers Shoes,1.0788767442333251,3.5283993115318415
Heartward Amulet,8.728945570153257,0.4605475040257649,Witchblade,20.037694197812872,0.5739130434782609,Witchblade,0.9774484974542865,2.799575821845175
Shoes of Focus,-12.74266217687264,0.38515901060070673,Sovereignty,19.032417968617985,0.45956873315363883,Sovereignty,0.9063056175532374,2.1884225388268517
Watcher's Gift,-16.51202316840727,0.3314814814814815,Travelers Shoes,15.104274419266552,0.4939759036144578,Mantle of Discord,0.6683705290045132,1.7844886753603295
Breastplate of Valor,-13.53454835792269,0.38242894056847543,Void Stone,12.778560298270111,0.49823321554770317,Void Stone,0.5808436499213687,2.2646964343077416
Shoes of the Magi,7.391514811728535,0.4381720430107527,Mystical Mail,12.280985701481454,0.4732824427480916,Shoes of the Magi,0.4619696757330334,2.7385752688172045
