Relics_most_pop,Relics_most_pop_L2,Relics_most_pop_winrate,Relics_most_pop_wr_paired,Relics_L2,Relics_L2_coef,Relics_L2_winrate,Relics_L2_wr_paired
Blink,-1.563118299363523,0.5068493150684932,1.0,Shell,15.543547103824388,0.7368421052631579,1.0
Meditation,1.4999337178391894,0.5208333333333334,,Curse,5.423456855317972,0.625,
