Relics_most_pop,Relics_most_pop_L2,Relics_most_pop_winrate,Relics_most_pop_wr_paired,Relics_L2,Relics_L2_coef,Relics_L2_winrate,Relics_L2_wr_paired
Blink,3.069875088338773,0.5329249617151608,0.612244897959,Blink,3.069875088338773,0.5329249617151608,0.612244897959
Meditation,2.7286063794337774,0.5404761904761904,,Meditation,2.7286063794337774,0.5404761904761904,
