Relics_most_pop,Relics_most_pop_L2,Relics_most_pop_winrate,Relics_most_pop_wr_paired,Relics_L2,Relics_L2_coef,Relics_L2_winrate,Relics_L2_wr_paired
Blink,-0.20628424050877578,0.5069182389937107,0.464285714286,Curse,9.820882752531714,0.5705521472392638,0.464285714286
Meditation,3.90483625452345,0.5133470225872689,,Meditation,3.90483625452345,0.5133470225872689,
