Items_most_pop,Items_most_pop_L2,Items_most_pop_winrate,Items_L2,Items_L2_coef,Items_L2_winrate,Items_gold_adjusted_L2,Items_gold_adjusted_L2_coef,Items_gold_adjusted_L2_winrate
Sovereignty,16.05410305788643,0.48283261802575106,Void Stone,23.224490672381297,0.5706521739130435,Void Stone,1.0556586669264227,2.593873517786561
Heartward Amulet,3.7963743009885276,0.48947368421052634,Mantle of Discord,18.22684077541485,0.6176470588235294,Sovereignty,0.7644810979945919,2.299202942979767
Shoes of Focus,-11.335221237240788,0.42005420054200543,Hide of the Urchin,16.717399770815124,0.5066666666666667,Witchblade,0.752425521478365,2.8963414634146343
Watcher's Gift,-21.671499089039774,0.3708791208791209,Sovereignty,16.05410305788643,0.48283261802575106,Hide of the Urchin,0.6965583237839635,2.111111111111111
Breastplate of Valor,4.699817665997729,0.464,Witchblade,15.42472319030648,0.59375,Mantle of Discord,0.5879626056585435,1.9924098671726755
Hide of the Urchin,16.717399770815124,0.5066666666666667,Gem of Isolation,9.800990090224166,0.5576923076923077,Winged Blade,0.46161666524535255,2.9179622099976084
