,recommendations,win_rate,win_rate_per_cost
Starter Item,Soul Stone,,
Boots,Shoes of the Magi,0.5578093306288032,4.0023659306
Item2,Rod of Tahuti,0.6585903083700441,1.92885105089
Item3,Pythagorem's Piece,0.6403785488958991,2.66824395373
Item4,Hastened Fatalis,0.5650557620817844,2.99242312568
Item5,Telkhines Ring,0.65859030837,2.89098574583
Item6,Demonic Grip,0.584905660377,2.56537570341
Relic1,Sanctuary,0.568925233645,
Relic2,Relic,0.416666666667,
