Items_most_pop,Items_most_pop_L2,Items_most_pop_winrate,Items_L2,Items_L2_coef,Items_L2_winrate,Items_gold_adjusted_L2,Items_gold_adjusted_L2_coef,Items_gold_adjusted_L2_winrate
Hastened Fatalis,3.8485661887390163,0.5683229813664596,Rod of Tahuti,23.35710095718079,0.7184466019417476,Rod of Tahuti,0.7035271372644817,2.1639957889811674
Shoes of the Magi,0.6175625957060776,0.5656565656565656,Demonic Grip,13.631184164370023,0.6127659574468085,Demonic Grip,0.5978589545776326,2.687569988801792
Demonic Grip,13.631184164370023,0.6127659574468085,Pythagorem's Piece,11.746972951474497,0.6714285714285714,Pythagorem's Piece,0.4894572063114374,2.7976190476190474
Rod of Tahuti,23.35710095718079,0.7184466019417476,Spear of the Magus,7.640547234123033,0.6818181818181818,Spear of the Magus,0.35537428995921083,3.171247357293869
Obsidian Shard,2.0007184426186755,0.6129032258064516,Telkhines Ring,6.247962214592048,0.5930232558139535,Telkhines Ring,0.2940217512749199,2.7906976744186047
Telkhines Ring,6.247962214592048,0.5930232558139535,Witchblade,4.883054631675489,0.6666666666666666,Witchblade,0.23819778691099946,3.252032520325203
