,recommendations,win_rate,win_rate_per_cost
Starter Item,Soul Stone,,
Boots,Shoes of the Magi,0.537117903930131,3.6858974359
Item2,Rod of Tahuti,0.7,1.77633611369
Item3,Demonic Grip,0.5739644970414202,2.58659469186
Item4,Telkhines Ring,0.5542168674698795,2.77526395173
Item5,Bancroft's Talon,0.630434782609,2.6268115942
Item6,Spear of the Magus,0.65625,3.0523255814
Relic1,Purification,0.544041450777,
Relic2,Sanctuary,0.551282051282,
