,recommendations,win_rate,win_rate_per_cost
Starter Item,Vampiric Shroud,,
Boots,Shoes of the Magi,0.518867924528,3.2429245283
Item2,Obsidian Shard,0.6571428571428571,3.20557491289
Item3,Demonic Grip,0.5662650602409639,2.88220551378
Item4,Rod of Tahuti,0.6086956521739131,1.97934595525
Item5,Pythagorem's Piece,0.625,2.60416666667
Item6,Witchblade,0.636363636364,3.10421286031
Relic1,Purification,0.550561797753,
Relic2,Sprint,0.666666666667,
