Items_most_pop,Items_most_pop_L2,Items_most_pop_winrate,Items_L2,Items_L2_coef,Items_L2_winrate,Items_gold_adjusted_L2,Items_gold_adjusted_L2_coef,Items_gold_adjusted_L2_winrate
Hastened Fatalis,21.77157316271773,0.5632102272727273,Pythagorem's Piece,22.299804789084956,0.6233766233766234,Shoes of the Magi,1.017667530216056,3.5469107551487413
Shoes of the Magi,16.282680483456897,0.5675057208237986,Rod of Tahuti,21.968768691524243,0.6199261992619927,Hastened Fatalis,1.0173632319026977,2.6318234919286323
Demonic Grip,12.804573558785806,0.5801376597836775,Hastened Fatalis,21.77157316271773,0.5632102272727273,Pythagorem's Piece,0.9291585328785398,2.5974025974025974
Rod of Tahuti,21.968768691524243,0.6199261992619927,Shoes of the Magi,16.282680483456897,0.5675057208237986,Rod of Tahuti,0.6617099003471157,1.867247588138532
Obsidian Shard,-6.40495657262285,0.5701559020044543,Witchblade,12.86512741785875,0.6125,Witchblade,0.6275671911150609,2.9878048780487805
Pythagorem's Piece,22.299804789084956,0.6233766233766234,Demonic Grip,12.804573558785806,0.5801376597836775,Demonic Grip,0.5616041034555178,2.5444634201038485
