Relics_most_pop,Relics_most_pop_L2,Relics_most_pop_winrate,Relics_most_pop_wr_paired,Relics_L2,Relics_L2_coef,Relics_L2_winrate,Relics_L2_wr_paired
Purification,0.4333077655271976,0.5093984962406015,0.545454545455,Purification,0.4333077655271976,0.5093984962406015,0.545454545455
Sanctuary,-0.4565736525982985,0.48951048951048953,,Sprint,0.23129198717917596,0.5287356321839081,
