,recommendations,win_rate,win_rate_per_cost
Starter Item,Soul Stone,,
Boots,Shoes of Focus,0.670491803279,4.3950617284
Item2,Pythagorem's Piece,0.670995670995671,2.36905582357
Item3,Rod of Tahuti,0.6704918032786885,1.71257047487
Item4,Hastened Fatalis,0.5761964735516373,2.65688503578
Item5,Telkhines Ring,0.600446428571,2.8256302521
Item6,Spear of the Magus,0.578378378378,2.94679834342
Relic1,Sprint,0.602150537634,
Relic2,Purification,0.572702331962,
