,recommendations,win_rate,win_rate_per_cost
Starter Item,Soul Stone,,
Boots,Shoes of the Magi,0.662921348315,3.6329787234
Item2,Pythagorem's Piece,0.6573033707865169,2.4219858156
Item3,Rod of Tahuti,0.6629213483146067,1.75083311971
Item4,Hastened Fatalis,0.5793588741204065,2.71624577451
Item5,Demonic Grip,0.601336302895,2.63743992498
Item6,Bancroft's Talon,0.596837944664,2.48682476943
Relic1,Relic,0.516483516484,
Relic2,Teleport,0.571428571429,
