,recommendations,win_rate,win_rate_per_cost
Starter Item,Soul Stone,,
Boots,Shoes of Focus,0.630769230769,4.12698412698
Item2,Telkhines Ring,0.6779661016949152,2.73924495171
Item3,Rod of Tahuti,0.6307692307692307,1.75328178385
Item4,Hastened Fatalis,0.5797872340425532,2.72004463663
Item5,Polynomicon,0.677966101695,3.0193236715
Item6,Obsidian Shard,0.582089552239,2.97643654403
Relic1,Sanctuary,0.586419753086,
Relic2,Relic,0.538461538462,
