Relics_most_pop,Relics_most_pop_L2,Relics_most_pop_winrate,Relics_most_pop_wr_paired,Relics_L2,Relics_L2_coef,Relics_L2_winrate,Relics_L2_wr_paired
Purification,3.434688954979949,0.5442011354420113,0.777777777778,Sanctuary,6.106714416294329,0.5529739776951673,0.777777777778
Sanctuary,6.106714416294329,0.5529739776951673,,Wrath,4.697571471573222,0.5294117647058824,
