Items_most_pop,Items_most_pop_L2,Items_most_pop_winrate,Items_L2,Items_L2_coef,Items_L2_winrate,Items_gold_adjusted_L2,Items_gold_adjusted_L2_coef,Items_gold_adjusted_L2_winrate
Hastened Fatalis,0.3903776127144588,0.5085324232081911,Rod of Tahuti,5.731548965515907,0.6186440677966102,Spear of the Magus,0.20930729176578705,3.1533307055577455
Shoes of the Magi,1.5544997084617593,0.518796992481203,Spear of the Magus,4.500106772964422,0.6779661016949152,Rod of Tahuti,0.17263701703361164,1.8633857463753318
Demonic Grip,0.9158083172429979,0.5196078431372549,Shoes of the Magi,1.5544997084617593,0.518796992481203,Shoes of the Magi,0.09715623177885996,3.242481203007519
Rod of Tahuti,5.731548965515907,0.6186440677966102,Bancroft's Talon,1.3105965654823608,0.559322033898305,Bancroft's Talon,0.05460819022843169,2.330508474576271
Obsidian Shard,-2.3180544996541785,0.45555555555555555,Demonic Grip,0.9158083172429979,0.5196078431372549,Demonic Grip,0.04016703145802623,2.278981768145855
Telkhines Ring,-1.13573620889102,0.4722222222222222,Witchblade,0.5803922821625653,0.5555555555555556,Witchblade,0.028311818642076356,2.710027100271003
