Relics_most_pop,Relics_most_pop_L2,Relics_most_pop_winrate,Relics_most_pop_wr_paired,Relics_L2,Relics_L2_coef,Relics_L2_winrate,Relics_L2_wr_paired
Purification,0.9687594774490801,0.5297741273100616,0.666666666667,Sprint,6.856074507368337,0.676056338028169,0.666666666667
Sanctuary,-7.442086858117699,0.5035128805620609,,Wrath,3.5443823256544946,0.6129032258064516,
