,recommendations,win_rate,win_rate_per_cost
Starter Item,Soul Stone,,
Boots,Shoes of Focus,0.645161290323,4.7619047619
Item2,Telkhines Ring,0.6486486486486487,2.30769230769
Item3,Rod of Tahuti,0.5769230769230769,1.47706209453
Item4,Obsidian Shard,0.5652173913043478,2.39212007505
Item5,Bancroft's Talon,0.625,2.68817204301
Item6,Spear of the Magus,0.6875,3.1976744186
Relic1,Purification,0.52688172043,
Relic2,Wrath,0.555555555556,
