Relics_most_pop,Relics_most_pop_L2,Relics_most_pop_winrate,Relics_most_pop_wr_paired,Relics_L2,Relics_L2_coef,Relics_L2_winrate,Relics_L2_wr_paired
Purification,3.855846766355237,0.5459662288930581,0.55,Purification,3.855846766355237,0.5459662288930581,0.55
Sanctuary,-0.9618559166021199,0.5348837209302325,,Sprint,0.843798717674673,0.5538461538461539,
