Relics_most_pop,Relics_most_pop_L2,Relics_most_pop_winrate,Relics_most_pop_wr_paired,Relics_L2,Relics_L2_coef,Relics_L2_winrate,Relics_L2_wr_paired
Teleport,3.402810960616249,0.5694444444444444,0.604316546763,Purification,5.2142188509472485,0.5885416666666666,0.604316546763
Purification,5.2142188509472485,0.5885416666666666,,Teleport,3.402810960616249,0.5694444444444444,
