Items_most_pop,Items_most_pop_L2,Items_most_pop_winrate,Items_L2,Items_L2_coef,Items_L2_winrate,Items_gold_adjusted_L2,Items_gold_adjusted_L2_coef,Items_gold_adjusted_L2_winrate
Warrior Tabi,3.130841786187158,0.5297532656023222,Titan's Bane,19.332034044471296,0.5803964757709251,Titan's Bane,0.9430260509498194,2.831202320833781
Jotunn's Wrath,5.855327921566382,0.5439605587510271,Brawler's Beat Stick,12.988006865263687,0.6064690026954178,Brawler's Beat Stick,0.5411669527193204,2.526954177897574
Transcendence,8.246164680842652,0.5368682684341343,Transcendence,8.246164680842652,0.5368682684341343,Transcendence,0.3171601800324097,2.0648779555159007
Hydra's Lament,5.15499645656411,0.5509309967141293,Jotunn's Wrath,5.855327921566382,0.5439605587510271,Jotunn's Wrath,0.23997245580190094,2.229346552258308
Titan's Bane,19.332034044471296,0.5803964757709251,Hydra's Lament,5.15499645656411,0.5509309967141293,Hydra's Lament,0.23976727704949347,2.5624697521587407
Brawler's Beat Stick,12.988006865263687,0.6064690026954178,Stone Cutting Sword,4.970676696198316,0.5866666666666667,Warrior Tabi,0.201989792657236,3.4177630038859497
