Items_most_pop,Items_most_pop_L2,Items_most_pop_winrate,Items_L2,Items_L2_coef,Items_L2_winrate,Items_gold_adjusted_L2,Items_gold_adjusted_L2_coef,Items_gold_adjusted_L2_winrate
Warrior Tabi,1.348800928238709,0.5190217391304348,Transcendence,6.429893875816547,0.5375722543352601,Titan's Bane,0.28380238420080794,2.6906697638404955
Transcendence,6.429893875816547,0.5375722543352601,Titan's Bane,5.817948876116562,0.5515873015873016,Transcendence,0.24730361060832876,2.0675855935971543
Jotunn's Wrath,3.7984067138998054,0.5329153605015674,Jotunn's Wrath,3.7984067138998054,0.5329153605015674,Jotunn's Wrath,0.15567240630736906,2.1840793463178994
Hydra's Lament,0.041595163041025486,0.5176470588235295,Brawler's Beat Stick,3.617195930661079,0.5728155339805825,Brawler's Beat Stick,0.15071649711087828,2.3867313915857604
Titan's Bane,5.817948876116562,0.5515873015873016,Deathbringer,3.522437273438677,0.7083333333333334,Deathbringer,0.11007616479495866,2.2135416666666665
Brawler's Beat Stick,3.617195930661079,0.5728155339805825,Warrior Tabi,1.348800928238709,0.5190217391304348,Warrior Tabi,0.087019414725078,3.3485273492286116
