,recommendations,win_rate,win_rate_per_cost
Starter Item,Bumba's Mask,,
Boots,Warrior Tabi,0.5158730158730159,3.46184107002
Item2,Titan's Bane,0.6022727272727273,2.61748958953
Item3,Hydra's Lament,0.5777777777777777,2.49574588769
Item4,Jotunn's Wrath,0.5378151260504201,2.19912035186
Item5,The Crusher,0.567567567568,2.46768507638
Item6,Brawler's Beat Stick,0.536585365854,2.23577235772
Relic1,Teleport,0.5875,
Relic2,Sanctuary,0.574468085106,
