,recommendations,win_rate,win_rate_per_cost
Starter Item,Bumba's Mask,,
Boots,Warrior Tabi,0.5258545135845749,3.6689683603
Item2,Titan's Bane,0.5629722921914357,2.77409802852
Item3,Hydra's Lament,0.5543905635648755,2.64507021324
Item4,The Crusher,0.5686900958466453,2.47256563412
Item5,Brawler's Beat Stick,0.577922077922,2.40800865801
Item6,Stone Cutting Sword,0.617647058824,2.37556561086
Relic1,Teleport,0.53681963714,
Relic2,Purification,0.545792079208,
