Items_most_pop,Items_most_pop_L2,Items_most_pop_winrate,Items_L2,Items_L2_coef,Items_L2_winrate,Items_gold_adjusted_L2,Items_gold_adjusted_L2_coef,Items_gold_adjusted_L2_winrate
Warrior Tabi,-0.8233717883477506,0.5495495495495496,The Crusher,12.08986368062467,0.6538461538461539,The Crusher,0.5256462469836812,2.842809364548495
Jotunn's Wrath,9.955263441181387,0.5725971370143149,Brawler's Beat Stick,11.057644506909098,0.6439393939393939,Brawler's Beat Stick,0.4607351877878791,2.683080808080808
Transcendence,7.389031700240599,0.5688487584650113,Jotunn's Wrath,9.955263441181387,0.5725971370143149,Jotunn's Wrath,0.40800260004841743,2.34670957792752
Hydra's Lament,7.491482823692299,0.5824468085106383,Hydra's Lament,7.491482823692299,0.5824468085106383,Hydra's Lament,0.34844106156708365,2.7090549233052945
Titan's Bane,6.276427409574568,0.5988538681948424,Transcendence,7.389031700240599,0.5688487584650113,Titan's Bane,0.30616719071095455,2.9212383814382554
The Crusher,12.08986368062467,0.6538461538461539,Titan's Bane,6.276427409574568,0.5988538681948424,Transcendence,0.28419352693233074,2.1878798402500435
