,recommendations,win_rate,win_rate_per_cost
Starter Item,Bluestone Pendant,,
Boots,Warrior Tabi,0.46864686468646866,3.38709677419
Item2,Titan's Bane,0.5585106382978723,2.56097560976
Item3,Jotunn's Wrath,0.5118110236220472,2.15163934426
Item4,Hydra's Lament,0.5159574468085106,2.44186046512
Item5,Brawler's Beat Stick,0.661764705882,2.75735294118
Item6,The Crusher,0.525,2.28260869565
Relic1,Purification,0.526595744681,
Relic2,Sunder,0.769230769231,
