Relics_most_pop,Relics_most_pop_L2,Relics_most_pop_winrate,Relics_most_pop_wr_paired,Relics_L2,Relics_L2_coef,Relics_L2_winrate,Relics_L2_wr_paired
Teleport,3.257476328426099,0.536036036036036,0.571428571429,Teleport,3.257476328426099,0.536036036036036,0.571428571429
Purification,-0.7646428940597234,0.5313351498637602,,Sprint,2.5243707694622617,0.5555555555555556,
