,recommendations,win_rate,win_rate_per_cost
Starter Item,Bumba's Mask,,
Boots,Warrior Tabi,0.5225225225225225,3.91259105099
Item2,Hydra's Lament,0.5710227272727273,2.82070517629
Item3,Titan's Bane,0.5706521739130435,2.95830055075
Item4,The Crusher,0.6064516129032258,2.63674614306
Item5,Brawler's Beat Stick,0.654411764706,2.72671568627
Item6,Jotunn's Wrath,0.548654244306,2.24858296847
Relic1,Teleport,0.536036036036,
Relic2,Sprint,0.555555555556,
