Items_most_pop,Items_most_pop_L2,Items_most_pop_winrate,Items_L2,Items_L2_coef,Items_L2_winrate,Items_gold_adjusted_L2,Items_gold_adjusted_L2_coef,Items_gold_adjusted_L2_winrate
Warrior Tabi,6.307693024121236,0.5492537313432836,Titan's Bane,13.613252081467527,0.5950226244343891,Titan's Bane,0.6640610771447575,2.902549387484825
Transcendence,0.9655375719799205,0.544839255499154,Hydra's Lament,8.981058920923267,0.5736961451247166,Hydra's Lament,0.4177236707406171,2.6683541633707746
Jotunn's Wrath,4.638104287485271,0.5601374570446735,The Crusher,8.898033836343654,0.618421052631579,Warrior Tabi,0.40694793704007975,3.543572460279249
Titan's Bane,13.613252081467527,0.5950226244343891,Stone Cutting Sword,7.858558562756428,0.7027027027027027,The Crusher,0.38687103636276754,2.688787185354691
Hydra's Lament,8.981058920923267,0.5736961451247166,Brawler's Beat Stick,6.758617237177145,0.6094674556213018,Stone Cutting Sword,0.30225225241370873,2.7027027027027026
Brawler's Beat Stick,6.758617237177145,0.6094674556213018,Warrior Tabi,6.307693024121236,0.5492537313432836,Brawler's Beat Stick,0.2816090515490477,2.5394477317554243
