,recommendations,win_rate,win_rate_per_cost
Starter Item,Bumba's Mask,,
Boots,Warrior Tabi,0.545955882353,3.52229601518
Item2,Titan's Bane,0.6023391812865497,2.95830055075
Item3,Transcendence,0.5622317596566524,2.33250620347
Item4,The Crusher,0.6064516129032258,2.63674614306
Item5,Brawler's Beat Stick,0.691176470588,2.87990196078
Item6,Jotunn's Wrath,0.561822125813,2.30254969596
Relic1,Purification,0.586776859504,
Relic2,Teleport,0.573394495413,
