Relics_most_pop,Relics_most_pop_L2,Relics_most_pop_winrate,Relics_most_pop_wr_paired,Relics_L2,Relics_L2_coef,Relics_L2_winrate,Relics_L2_wr_paired
Teleport,12.261846398934633,0.5885416666666666,0.666666666667,Teleport,12.261846398934633,0.5885416666666666,0.666666666667
Purification,1.889492038842151,0.577922077922078,,Wrath,5.145799738226089,0.6,
