,recommendations,win_rate,win_rate_per_cost
Starter Item,Bumba's Mask,,
Boots,Warrior Tabi,0.521604938272,3.36519315014
Item2,Hydra's Lament,0.5679611650485437,2.42606948033
Item3,Transcendence,0.524822695035461,2.00617283951
Item4,Titan's Bane,0.558252427184466,2.54441433303
Item5,Deathbringer,0.666666666667,2.08333333333
Item6,Brawler's Beat Stick,0.613333333333,2.55555555556
Relic1,Wrath,0.5,
Relic2,Sprint,0.52380952381,
