Items_most_pop,Items_most_pop_L2,Items_most_pop_winrate,Items_L2,Items_L2_coef,Items_L2_winrate,Items_gold_adjusted_L2,Items_gold_adjusted_L2_coef,Items_gold_adjusted_L2_winrate
Watcher's Gift,-5.106659958126772,0.49834619625137816,Sovereignty,15.523513969410944,0.5860294117647059,Sovereignty,0.7392149509243305,2.7906162464985993
Hide of the Urchin,3.3451281405967426,0.5422885572139303,Mantle of Discord,14.509095417127687,0.6537530266343826,Void Stone,0.5944159623164699,2.8492471888698305
Shoes of the Magi,4.467144467085207,0.5395166557805356,Void Stone,13.077151170962336,0.6268343815513627,Mantle of Discord,0.468035336036377,2.1088807310786533
Sovereignty,15.523513969410944,0.5860294117647059,Heartward Amulet,9.134986076369117,0.5872042068361086,Winged Blade,0.4377643890019752,3.245180664535503
Breastplate of Valor,3.438437103120447,0.544175136825645,Winged Blade,8.09864119653654,0.600358422939068,Heartward Amulet,0.43499933696995796,2.796210508743375
Heartward Amulet,9.134986076369117,0.5872042068361086,Shoes of Focus,6.257554887634692,0.5502762430939226,Shoes of Focus,0.4171703258423128,3.6685082872928176
