Relics_most_pop,Relics_most_pop_L2,Relics_most_pop_winrate,Relics_most_pop_wr_paired,Relics_L2,Relics_L2_coef,Relics_L2_winrate,Relics_L2_wr_paired
Meditation,0.6196994733033787,0.46770601336302897,0.166666666667,Wrath,7.749887918600387,0.6041666666666666,0.166666666667
Shell,-0.37060212520555685,0.4803921568627451,,Sprint,5.689667238385085,0.5130890052356021,
