Relics_most_pop,Relics_most_pop_L2,Relics_most_pop_winrate,Relics_most_pop_wr_paired,Relics_L2,Relics_L2_coef,Relics_L2_winrate,Relics_L2_wr_paired
Meditation,-0.7620114209564566,0.5278396436525612,0.588235294118,Shell,13.08399812173203,0.601063829787234,0.588235294118
Shell,13.08399812173203,0.601063829787234,,Curse,6.215964908288709,0.5486111111111112,
