Items_most_pop,Items_most_pop_L2,Items_most_pop_winrate,Items_L2,Items_L2_coef,Items_L2_winrate,Items_gold_adjusted_L2,Items_gold_adjusted_L2_coef,Items_gold_adjusted_L2_winrate
Watcher's Gift,-13.408535336010807,0.4444444444444444,Mantle of Discord,16.182578036351355,0.6409691629955947,Void Stone,0.6991658322275698,2.831594634873323
Hide of the Urchin,3.4420795379943505,0.5151699029126213,Void Stone,15.381648309006534,0.6229508196721312,Sovereignty,0.6744649143010137,2.5961302963507227
Shoes of the Magi,3.755518634415673,0.5100125156445557,Sovereignty,14.163763200321288,0.5451873622336517,Mantle of Discord,0.5220186463339147,2.067642461276112
Sovereignty,14.163763200321288,0.5451873622336517,Breastplate of Valor,7.41264793596393,0.5312035661218425,Winged Blade,0.3318664458568351,3.0320804945178903
Breastplate of Valor,7.41264793596393,0.5312035661218425,Mystical Mail,6.861794144302398,0.5935828877005348,Breastplate of Valor,0.32228904069408393,2.3095807222688802
Heartward Amulet,0.27016827844116287,0.5292096219931272,Winged Blade,6.139529248351449,0.5609348914858097,Mystical Mail,0.2541405238630518,2.1984551396316103
