Items_most_pop,Items_most_pop_L2,Items_most_pop_winrate,Items_L2,Items_L2_coef,Items_L2_winrate,Items_gold_adjusted_L2,Items_gold_adjusted_L2_coef,Items_gold_adjusted_L2_winrate
Watcher's Gift,-2.409364992000493,0.4901812688821752,Sovereignty,9.663020799360778,0.5443974630021141,Winged Blade,0.5116965078800011,3.058968058968059
Hide of the Urchin,2.7344256785161223,0.5160729800173762,Winged Blade,9.466385395780021,0.5659090909090909,Sovereignty,0.4601438475886085,2.592368871438639
Shoes of the Magi,3.8003512745572787,0.5207939508506616,Void Stone,8.073126093363292,0.5683890577507599,Void Stone,0.3669602769710587,2.5835866261398177
Breastplate of Valor,-6.938352647160034,0.49222797927461137,Mantle of Discord,6.762823649882899,0.5691823899371069,Shoes of the Magi,0.23752195465982992,3.254962192816635
Sovereignty,9.663020799360778,0.5443974630021141,Shoes of the Magi,3.8003512745572787,0.5207939508506616,Mantle of Discord,0.21815560160912575,1.8360722256035706
Heartward Amulet,2.698854751998861,0.537888198757764,Hide of the Urchin,2.7344256785161223,0.5160729800173762,Heartward Amulet,0.1285168929523267,2.5613723750369712
