Relics_most_pop,Relics_most_pop_L2,Relics_most_pop_winrate,Relics_most_pop_wr_paired,Relics_L2,Relics_L2_coef,Relics_L2_winrate,Relics_L2_wr_paired
Meditation,91.80013502442524,0.5168539325842697,0.565217391304,Meditation,91.80013502442524,0.5168539325842697,0.565217391304
Sprint,47.92546556762816,0.5084745762711864,,Sprint,47.92546556762816,0.5084745762711864,
