Items_most_pop,Items_most_pop_L2,Items_most_pop_winrate,Items_L2,Items_L2_coef,Items_L2_winrate,Items_gold_adjusted_L2,Items_gold_adjusted_L2_coef,Items_gold_adjusted_L2_winrate
Watcher's Gift,16.66958062909425,0.39929947460595444,Void Stone,28.00128161052421,0.515625,Void Stone,1.2727855277511004,2.34375
Shoes of the Magi,6.36862595750696,0.42911153119092627,Mystical Mail,26.328900185494597,0.5538461538461539,Heartward Amulet,1.0258933440971094,2.2651222651222653
Hide of the Urchin,6.850189887099842,0.4420849420849421,Bulwark of Hope,22.761501564325318,0.46808510638297873,Mystical Mail,0.9751444513146148,2.051282051282051
Sovereignty,12.760980291083044,0.47288503253796094,Heartward Amulet,21.5437602260393,0.4756756756756757,Bulwark of Hope,0.9014456065079334,1.8538024015167474
Breastplate of Valor,-22.570591704557376,0.39767441860465114,Mantle of Discord,17.631754571966418,0.51875,Reinforced Shoes,0.8901127636220367,3.206997084548105
Heartward Amulet,21.5437602260393,0.4756756756756757,Sovereignty,12.760980291083044,0.47288503253796094,Travelers Shoes,0.6096525985292103,3.082706766917293
