,recommendations,win_rate,win_rate_per_cost
Starter Item,Watcher's Gift,,
Boots,Travelers Shoes,0.6,4.4474393531
Item2,Hide of the Urchin,0.6090225563909775,2.53759398496
Item3,Sovereignty,0.5739130434782609,2.90010741139
Item4,Heartward Amulet,0.5846153846153846,2.90010741139
Item5,Void Stone,0.584615384615,2.72727272727
Item6,Breastplate of Valor,0.645161290323,2.37154150198
Relic1,Shell,0.601063829787,
Relic2,Curse,0.548611111111,
