Relics_most_pop,Relics_most_pop_L2,Relics_most_pop_winrate,Relics_most_pop_wr_paired,Relics_L2,Relics_L2_coef,Relics_L2_winrate,Relics_L2_wr_paired
Meditation,4.827544985256709,0.5347826086956522,0.582417582418,Meditation,4.827544985256709,0.5347826086956522,0.582417582418
Shell,-1.3953839376788884,0.513953488372093,,Curse,3.2060130259658774,0.558303886925795,
