Relics_most_pop,Relics_most_pop_L2,Relics_most_pop_winrate,Relics_most_pop_wr_paired,Relics_L2,Relics_L2_coef,Relics_L2_winrate,Relics_L2_wr_paired
Meditation,3.41590086111416,0.4735202492211838,1.0,Blink,4.809289077238202,0.5897435897435898,1.0
Shell,0.3889648704962348,0.49019607843137253,,Wrath,4.47758685192255,0.5384615384615384,
