Relics_most_pop,Relics_most_pop_L2,Relics_most_pop_winrate,Relics_most_pop_wr_paired,Relics_L2,Relics_L2_coef,Relics_L2_winrate,Relics_L2_wr_paired
Meditation,3.605082599216463,0.5150214592274678,0.636363636364,Wrath,3.796149848396619,0.5645161290322581,0.636363636364
Shell,3.769924155038678,0.5377358490566038,,Shell,3.769924155038678,0.5377358490566038,
