Relics_most_pop,Relics_most_pop_L2,Relics_most_pop_winrate,Relics_most_pop_wr_paired,Relics_L2,Relics_L2_coef,Relics_L2_winrate,Relics_L2_wr_paired
Meditation,97.51153871539132,0.5207373271889401,1.0,Relic,147.59962059965122,0.3783783783783784,1.0
Shell,53.55017575022297,0.5595238095238095,,Sprint,126.07272566489193,0.5733333333333334,
