Relics_most_pop,Relics_most_pop_L2,Relics_most_pop_winrate,Relics_most_pop_wr_paired,Relics_L2,Relics_L2_coef,Relics_L2_winrate,Relics_L2_wr_paired
Purification,-0.7873237820486385,0.485,0.833333333333,Wrath,10.42378249160273,0.5246913580246914,0.833333333333
Wrath,10.42378249160273,0.5246913580246914,,Blink,4.933140250614689,0.6666666666666666,
