,recommendations,win_rate,win_rate_per_cost
Starter Item,Bumba's Mask,,
Boots,Warrior Tabi,0.5105263157894737,3.09805174066
Item2,Titan's Bane,0.6225352112676056,2.34242936489
Item3,Void Shield,0.5703125,1.77851118445
Item4,Jotunn's Wrath,0.5225505443234837,1.96802467132
Item5,Mantle of Discord,0.636363636364,2.05278592375
Item6,Brawler's Beat Stick,0.5703125,2.46829710145
Relic1,Purification,0.532833020638,
Relic2,Wrath,0.521739130435,
