Relics_most_pop,Relics_most_pop_L2,Relics_most_pop_winrate,Relics_most_pop_wr_paired,Relics_L2,Relics_L2_coef,Relics_L2_winrate,Relics_L2_wr_paired
Purification,-4.459474905842857,0.47129186602870815,0.625,Blink,7.982572898698381,0.6164383561643836,0.625
Wrath,5.34529022149862,0.49642857142857144,,Wrath,5.34529022149862,0.49642857142857144,
