Items_most_pop,Items_most_pop_L2,Items_most_pop_winrate,Items_L2,Items_L2_coef,Items_L2_winrate,Items_gold_adjusted_L2,Items_gold_adjusted_L2_coef,Items_gold_adjusted_L2_winrate
Warrior Tabi,3.0906514611421234,0.5116959064327485,Jotunn's Wrath,16.1130548599865,0.5431654676258992,Jotunn's Wrath,0.6603711008191189,2.226087982073358
Jotunn's Wrath,16.1130548599865,0.5431654676258992,Brawler's Beat Stick,11.717603401697229,0.6451612903225806,Brawler's Beat Stick,0.48823347507071785,2.6881720430107525
Bumba's Mask,-19.322824941488,0.41358024691358025,Void Shield,9.904395610442664,0.5714285714285714,Titan's Bane,0.425343890455372,2.8206404513024723
Titan's Bane,8.719549754335127,0.5782312925170068,Titan's Bane,8.719549754335127,0.5782312925170068,Void Shield,0.366829467053432,2.1164021164021163
Void Shield,9.904395610442664,0.5714285714285714,Bloodforge,7.75230594529688,0.7222222222222222,Hide of the Urchin,0.30086389447077355,2.59009009009009
Breastplate of Valor,-6.970835697484428,0.4725274725274725,Hide of the Urchin,7.220733467298565,0.6216216216216216,Bloodforge,0.2720107349226975,2.53411306042885
