Relics_most_pop,Relics_most_pop_L2,Relics_most_pop_winrate,Relics_most_pop_wr_paired,Relics_L2,Relics_L2_coef,Relics_L2_winrate,Relics_L2_wr_paired
Purification,6.144395302019883,0.478643216080402,0.714285714286,Wrath,11.389893100759778,0.4915254237288136,0.714285714286
Wrath,11.389893100759778,0.4915254237288136,,Meditation,10.593944702159858,0.5,
