Relics_most_pop,Relics_most_pop_L2,Relics_most_pop_winrate,Relics_most_pop_wr_paired,Relics_L2,Relics_L2_coef,Relics_L2_winrate,Relics_L2_wr_paired
Purification,1.8384961637878647,0.5098970704671417,0.557142857143,Purification,1.8384961637878647,0.5098970704671417,0.557142857143
Wrath,0.7822845737105809,0.504524886877828,,Teleport,0.8811427551620991,0.5290697674418605,
