,recommendations,win_rate,win_rate_per_cost
Starter Item,Bumba's Mask,,
Boots,Warrior Tabi,0.4346590909090909,2.40219629375
Item2,Titan's Bane,0.49382716049382713,1.81629475869
Item3,Void Shield,0.4406779661016949,1.37903861308
Item4,Jotunn's Wrath,0.4409722222222222,1.52598535054
Item5,Brawler's Beat Stick,0.532467532468,2.21861471861
Item6,Hide of the Urchin,0.528301886792,2.20125786164
Relic1,Purification,0.47131147541,
Relic2,Blink,0.647058823529,
