,recommendations,win_rate,win_rate_per_cost
Starter Item,Bumba's Mask,,
Boots,Warrior Tabi,0.439918533604888,2.65134776845
Item2,Void Shield,0.5416666666666666,1.52207001522
Item3,Titan's Bane,0.5169491525423728,2.00467758102
Item4,Jotunn's Wrath,0.4494949494949495,1.68425780373
Item5,Mantle of Discord,0.545454545455,1.75953079179
Item6,Bulwark of Hope,0.494117647059,1.95690157251
Relic1,Purification,0.473354231975,
Relic2,Teleport,0.520833333333,
