Relics_most_pop,Relics_most_pop_L2,Relics_most_pop_winrate,Relics_most_pop_wr_paired,Relics_L2,Relics_L2_coef,Relics_L2_winrate,Relics_L2_wr_paired
Purification,1.4916509621146476,0.4809384164222874,0.692307692308,Wrath,13.057848236694289,0.5265151515151515,0.692307692308
Wrath,13.057848236694289,0.5265151515151515,,Blink,2.0648138367622697,0.5238095238095238,
