Relics_most_pop,Relics_most_pop_L2,Relics_most_pop_winrate,Relics_most_pop_wr_paired,Relics_L2,Relics_L2_coef,Relics_L2_winrate,Relics_L2_wr_paired
Purification,-1.0207427881394615,0.5115562403697997,0.615384615385,Wrath,5.1127978429570335,0.538135593220339,0.615384615385
Wrath,5.1127978429570335,0.538135593220339,,Blink,2.6233890854650466,0.6122448979591837,
