Items_most_pop,Items_most_pop_L2,Items_most_pop_winrate,Items_L2,Items_L2_coef,Items_L2_winrate,Items_gold_adjusted_L2,Items_gold_adjusted_L2_coef,Items_gold_adjusted_L2_winrate
Warrior Tabi,-0.5714308771368702,0.4789272030651341,Mantle of Discord,5.575871203201704,0.6666666666666666,Titan's Bane,0.24986514161123768,2.7235772357723578
Jotunn's Wrath,2.5438323515513868,0.504950495049505,Titan's Bane,5.1222354030303725,0.5583333333333333,Mantle of Discord,0.17986681300650656,2.150537634408602
Titan's Bane,5.1222354030303725,0.5583333333333333,Void Shield,3.698534200526482,0.5595238095238095,Void Shield,0.1369827481676475,2.072310405643739
Bumba's Mask,-4.538113846201122,0.40869565217391307,Jotunn's Wrath,2.5438323515513868,0.504950495049505,Jotunn's Wrath,0.1042554242439093,2.0694692420061678
Void Shield,3.698534200526482,0.5595238095238095,Bulwark of Hope,2.3443050320305208,0.575,Bulwark of Hope,0.09284376364477309,2.277227722772277
Breastplate of Valor,-6.061729707234127,0.3670886075949367,Shifter's Shield,1.8188980985659182,0.6470588235294118,Shifter's Shield,0.07578742077357993,2.696078431372549
