,recommendations,win_rate,win_rate_per_cost
Starter Item,Bumba's Mask,,
Boots,Warrior Tabi,0.510670731707317,3.37780780274
Item2,Jotunn's Wrath,0.5217391304347826,2.14573856321
Item3,Titan's Bane,0.5434083601286174,2.55395224109
Item4,Breastplate of Valor,0.5235602094240838,2.27634873663
Item5,Brawler's Beat Stick,0.659574468085,2.74822695035
Item6,Hydra's Lament,0.622047244094,2.79743849006
Relic1,Blink,0.736842105263,
Relic2,Purification,0.545238095238,
