,recommendations,win_rate,win_rate_per_cost
Starter Item,Bumba's Mask,,
Boots,Warrior Tabi,0.448692152917505,3.17617866005
Item2,Hydra's Lament,0.5454545454545454,2.28980322004
Item3,Titan's Bane,0.5078740157480315,2.40150093809
Item4,Void Shield,0.49230769230769234,1.82336182336
Item5,Mantle of Discord,0.584269662921,1.88474084813
Item6,Spirit Robe,0.692307692308,2.40584038493
Relic1,Meditation,0.529411764706,
Relic2,Blink,0.484848484848,
