Relics_most_pop,Relics_most_pop_L2,Relics_most_pop_winrate,Relics_most_pop_wr_paired,Relics_L2,Relics_L2_coef,Relics_L2_winrate,Relics_L2_wr_paired
Purification,0.919984069263043,0.5323383084577115,0.615384615385,Purification,0.919984069263043,0.5323383084577115,0.615384615385
Wrath,-0.44410862747072466,0.48,,Blink,0.5508441973613939,0.6842105263157895,
