,recommendations,win_rate,win_rate_per_cost
Starter Item,Bumba's Mask,,
Boots,Warrior Tabi,0.43148148148148147,2.77843183424
Item2,Jotunn's Wrath,0.45605700712589076,1.76498743568
Item3,Titan's Bane,0.4942084942084942,2.1007655332
Item4,Void Shield,0.4494949494949495,1.59502568262
Item5,Mantle of Discord,0.60396039604,1.94825934206
Item6,Bulwark of Hope,0.516483516484,2.0454792732
Relic1,Meditation,0.578947368421,
Relic2,Relic,0.377049180328,
