Items_most_pop,Items_most_pop_L2,Items_most_pop_winrate,Items_L2,Items_L2_coef,Items_L2_winrate,Items_gold_adjusted_L2,Items_gold_adjusted_L2_coef,Items_gold_adjusted_L2_winrate
Warrior Tabi,-1.593359557874105,0.41796875,Jotunn's Wrath,7.913523173596916,0.46206896551724136,Jotunn's Wrath,0.3243247202293818,1.8937252685132844
Breastplate of Valor,-0.8987815277186342,0.42105263157894735,Mantle of Discord,5.75443592104305,0.56,Witchblade,0.2560458323134535,2.9810298102981028
Jotunn's Wrath,7.913523173596916,0.46206896551724136,Witchblade,5.248939562425798,0.6111111111111112,Shield of Regrowth,0.25169504954272826,3.216374269005848
Bluestone Pendant,-14.747532356161413,0.3211009174311927,Genji's Guard,4.762286163450291,0.5625,Genji's Guard,0.21646755288410413,2.5568181818181817
Hide of the Urchin,-3.0982399125236433,0.4027777777777778,Shield of Regrowth,4.530510891769109,0.5789473684210527,Mantle of Discord,0.18562696519493707,1.8064516129032258
Bulwark of Hope,1.5827490412574716,0.453125,Spirit Robe,2.0784845937450376,0.4782608695652174,Spirit Robe,0.08449124364817226,1.9441498762813716
