Items_most_pop,Items_most_pop_L2,Items_most_pop_winrate,Items_L2,Items_L2_coef,Items_L2_winrate,Items_gold_adjusted_L2,Items_gold_adjusted_L2_coef,Items_gold_adjusted_L2_winrate
Warrior Tabi,14.313224365599442,0.4214417744916821,Shield of Regrowth,30.725355503573542,0.6122448979591837,Shield of Regrowth,1.7069641946429746,3.401360544217687
Breastplate of Valor,-6.710467063823036,0.40954773869346733,Titan's Bane,23.05857877140501,0.5882352941176471,Titan's Bane,1.124808720556342,2.8694404591104736
Jotunn's Wrath,21.91882711922536,0.4674329501915709,Jotunn's Wrath,21.91882711922536,0.4674329501915709,Warrior Tabi,0.9234338300386736,2.7189791902689167
Bluestone Pendant,4.50275808003947,0.3659574468085106,Mantle of Discord,17.901568194400756,0.5492957746478874,Jotunn's Wrath,0.8983125868534985,1.9157088122605364
Hide of the Urchin,16.3385115888627,0.48936170212765956,Hide of the Urchin,16.3385115888627,0.48936170212765956,Winged Blade,0.8439660745342082,3.012848914488259
Bulwark of Hope,-10.348203296052914,0.4142857142857143,Winged Blade,15.613372378882854,0.5573770491803278,Hide of the Urchin,0.6807713162026126,2.0390070921985815
