,recommendations,win_rate,win_rate_per_cost
Starter Item,Bluestone Pendant,,
Boots,Warrior Tabi,0.3971518987341772,2.871754524
Item2,Bulwark of Hope,0.44692737430167595,1.76285921275
Item3,Hide of the Urchin,0.4451219512195122,1.85467479675
Item4,Jotunn's Wrath,0.4258241758241758,1.82427029188
Item5,Titan's Bane,0.564102564103,2.75171982489
Item6,Shield of Regrowth,0.542168674699,3.26797385621
Relic1,Blink,0.548387096774,
Relic2,Teleport,0.40589198036,
