,recommendations,win_rate,win_rate_per_cost
Starter Item,Bluestone Pendant,,
Boots,Warrior Tabi,0.4164904862579281,2.78988666085
Item2,Bulwark of Hope,0.43243243243243246,1.7126036928
Item3,Jotunn's Wrath,0.4230769230769231,1.77226406735
Item4,Breastplate of Valor,0.4180790960451977,1.88014101058
Item5,Mantle of Discord,0.649122807018,2.09394453877
Item6,Witchblade,0.621621621622,3.03230059328
Relic1,Relic,0.477272727273,
Relic2,Blink,0.457142857143,
