Items_most_pop,Items_most_pop_L2,Items_most_pop_winrate,Items_L2,Items_L2_coef,Items_L2_winrate,Items_gold_adjusted_L2,Items_gold_adjusted_L2_coef,Items_gold_adjusted_L2_winrate
Warrior Tabi,6.645056130507272,0.47265625,Winged Blade,28.463699792515463,0.6428571428571429,Winged Blade,1.538578367162998,3.474903474903475
Breastplate of Valor,10.931359210467551,0.48823529411764705,Frostbound Hammer,25.209926457040822,0.7,Shield of Regrowth,1.3078718087165815,3.7037037037037037
Jotunn's Wrath,16.604260883676012,0.5244755244755245,Shield of Regrowth,23.541692556898465,0.6666666666666666,Frostbound Hammer,1.0960837590017747,3.0434782608695654
Bluestone Pendant,-32.46948881954588,0.3523809523809524,Gauntlet of Thebes,17.007699436939085,0.6363636363636364,Titan's Bane,0.8004515599137034,3.035230352303523
Hide of the Urchin,-2.2043197565839985,0.5,Jotunn's Wrath,16.604260883676012,0.5244755244755245,Gauntlet of Thebes,0.7910557877646085,2.959830866807611
Bulwark of Hope,-7.0337216505887366,0.4918032786885246,Titan's Bane,16.409256978230918,0.6222222222222222,Jotunn's Wrath,0.6805024952326235,2.149489854407887
