,recommendations,win_rate,win_rate_per_cost
Starter Item,Bluestone Pendant,,
Boots,Warrior Tabi,0.45686900958466453,2.88878189697
Item2,Breastplate of Valor,0.5066079295154186,1.94678780013
Item3,Bulwark of Hope,0.524390243902439,1.77331165952
Item4,Jotunn's Wrath,0.4583333333333333,1.83508686078
Item5,Titan's Bane,0.75,2.96167247387
Item6,Shifter's Shield,0.625,3.125
Relic1,Wrath,0.857142857143,
Relic2,Blink,0.684210526316,
