Items_most_pop,Items_most_pop_L2,Items_most_pop_winrate,Items_L2,Items_L2_coef,Items_L2_winrate,Items_gold_adjusted_L2,Items_gold_adjusted_L2_coef,Items_gold_adjusted_L2_winrate
Warrior Tabi,-11.682846977572698,0.39779005524861877,Jotunn's Wrath,28.35771007959315,0.4787234042553192,Jotunn's Wrath,1.1622012327702111,1.961981164980816
Breastplate of Valor,-4.590257870567797,0.4112903225806452,Frostbound Hammer,16.349086740171412,0.55,Frostbound Hammer,0.7108298582683222,2.391304347826087
Jotunn's Wrath,28.35771007959315,0.4787234042553192,Hide of the Urchin,15.434137425395535,0.5,Titan's Bane,0.6803744540403317,2.5365853658536586
Bluestone Pendant,3.088687656984193,0.3855421686746988,Titan's Bane,13.9476763078268,0.52,Hide of the Urchin,0.6430890593914806,2.0833333333333335
Bulwark of Hope,-29.395421081125296,0.30952380952380953,Genji's Guard,9.098858759857523,0.5454545454545454,Pestilence,0.4200990111684298,2.2148394241417497
Hide of the Urchin,15.434137425395535,0.5,Pestilence,9.032128740121241,0.47619047619047616,Genji's Guard,0.41358448908443285,2.479338842975207
