,recommendations,win_rate,win_rate_per_cost
Starter Item,Bluestone Pendant,,
Boots,Warrior Tabi,0.4264264264264264,2.68817204301
Item2,Bulwark of Hope,0.4444444444444444,1.6501650165
Item3,Jotunn's Wrath,0.4411764705882353,1.70765027322
Item4,Bluestone Pendant,0.37410071942446044,5.20833333333
Item5,Titan's Bane,0.573529411765,2.79770444763
Item6,Frostbound Hammer,0.652173913043,2.52454417952
Relic1,Meditation,0.483516483516,
Relic2,Blink,0.625,
