Relics_most_pop,Relics_most_pop_L2,Relics_most_pop_winrate,Relics_most_pop_wr_paired,Relics_L2,Relics_L2_coef,Relics_L2_winrate,Relics_L2_wr_paired
Teleport,0.9660532892086966,0.4624277456647399,0.0,Blink,10.127827946585347,1.0,0.0
Curse,-0.32039772238041736,0.4642857142857143,,Shell,5.700472545468497,0.7142857142857143,
