Items_most_pop,Items_most_pop_L2,Items_most_pop_winrate,Items_L2,Items_L2_coef,Items_L2_winrate,Items_gold_adjusted_L2,Items_gold_adjusted_L2_coef,Items_gold_adjusted_L2_winrate
Warrior Tabi,-2.9523099189272006,0.4304812834224599,Mystical Mail,23.831015244703103,0.5945945945945946,Shield of Regrowth,0.9901457126764039,3.5185185185185186
Breastplate of Valor,3.3962515419122528,0.4346153846153846,Mantle of Discord,23.687204685028174,0.6122448979591837,Mystical Mail,0.8826301942482631,2.2022022022022023
Jotunn's Wrath,9.981862052113081,0.4558139534883721,Brawler's Beat Stick,20.15961257334182,0.59375,Brawler's Beat Stick,0.8399838572225758,2.4739583333333335
Bluestone Pendant,-3.3523157328322686,0.391304347826087,Shield of Regrowth,17.822622828175273,0.6333333333333333,Mantle of Discord,0.7641033769363926,1.9749835418038184
Bulwark of Hope,-1.6466448460231498,0.45132743362831856,Hide of the Urchin,10.802921974984562,0.4946236559139785,Titan's Bane,0.4693500212853932,2.466429158673609
Hide of the Urchin,10.802921974984562,0.4946236559139785,Jotunn's Wrath,9.981862052113081,0.4558139534883721,Hide of the Urchin,0.45012174895769,2.060931899641577
