Items_most_pop,Items_most_pop_L2,Items_most_pop_winrate,Items_L2,Items_L2_coef,Items_L2_winrate,Items_gold_adjusted_L2,Items_gold_adjusted_L2_coef,Items_gold_adjusted_L2_winrate
Warrior Tabi,2.42768354429247,0.4782608695652174,Titan's Bane,9.023773043144905,0.6,Titan's Bane,0.44018405088511725,2.926829268292683
Breastplate of Valor,0.03239408221499321,0.4765625,Bulwark of Hope,8.647206558663164,0.5567010309278351,Bulwark of Hope,0.3424636260856699,2.2047565581300397
Jotunn's Wrath,4.830173063063292,0.5027322404371585,Mantle of Discord,6.071644999237909,0.5813953488372093,Witchblade,0.2569113953117831,3.104212860310421
Bluestone Pendant,-11.665579905778939,0.4025974025974026,Witchblade,5.266683603891553,0.6363636363636364,Jotunn's Wrath,0.1979579124206267,2.0603780345785183
Bulwark of Hope,8.647206558663164,0.5567010309278351,Jotunn's Wrath,4.830173063063292,0.5027322404371585,Mantle of Discord,0.19585951610444868,1.8754688672168043
Hide of the Urchin,-0.9327191787608281,0.47619047619047616,Gauntlet of Thebes,2.7799621100741168,0.5789473684210527,Warrior Tabi,0.15662474479306257,3.085553997194951
