Relics_most_pop,Relics_most_pop_L2,Relics_most_pop_winrate,Relics_most_pop_wr_paired,Relics_L2,Relics_L2_coef,Relics_L2_winrate,Relics_L2_wr_paired
Purification,-0.7727586344829944,0.45454545454545453,0.473684210526,Sanctuary,4.523689561257541,0.45925925925925926,0.473684210526
Sanctuary,4.523689561257541,0.45925925925925926,,Purification,-0.7727586344829944,0.45454545454545453,
