Relics_most_pop,Relics_most_pop_L2,Relics_most_pop_winrate,Relics_most_pop_wr_paired,Relics_L2,Relics_L2_coef,Relics_L2_winrate,Relics_L2_wr_paired
Purification,1.172474119731394,0.5212418300653595,0.7,Teleport,2.177554688249639,0.6818181818181818,0.7
Sanctuary,-0.757755447443408,0.5169172932330827,,Purification,1.172474119731394,0.5212418300653595,
