Items_most_pop,Items_most_pop_L2,Items_most_pop_winrate,Items_L2,Items_L2_coef,Items_L2_winrate,Items_gold_adjusted_L2,Items_gold_adjusted_L2_coef,Items_gold_adjusted_L2_winrate
Transcendence,-0.05914235981991078,0.47560975609756095,Qin's Sais,0.17962433822105128,0.6551724137931034,Qin's Sais,0.006652753267446343,2.426564495530013
Warrior Tabi,-0.009479620914060558,0.4946236559139785,Wind Demon,0.0897690453509467,0.6216216216216216,Titan's Bane,0.0038920283064968323,3.189493433395872
Asi,0.06513702065957223,0.5393939393939394,Titan's Bane,0.07978658028318507,0.6538461538461539,Asi,0.0036593831831220358,3.0303030303030303
Ninja Tabi,-0.019678360210667552,0.4838709677419355,Asi,0.06513702065957223,0.5393939393939394,Wind Demon,0.003452655590421026,2.3908523908523907
Qin's Sais,0.17962433822105128,0.6551724137931034,Deathbringer,0.04988639152943789,0.5641025641025641,Hastened Fatalis,0.001870888153399898,2.5537926537709192
The Executioner,0.00019839212590002782,0.5,Hastened Fatalis,0.04003700648275782,0.5465116279069767,Ichaival,0.001772605079557933,3.2454361054766734
