,recommendations,win_rate,win_rate_per_cost
Starter Item,Death's Toll,,
Boots,Ninja Tabi,0.55258126195,3.81642512077
Item2,The Executioner,0.6086956521739131,2.54428341385
Item3,Asi,0.5837988826815642,3.21608858492
Item4,Transcendence,0.5525812619502868,2.20178372352
Item5,Soul Eater,0.612244897959,3.0612244898
Item6,Ichaival,0.630573248408,3.3920137398
Relic1,Sanctuary,0.561507936508,
Relic2,Sprint,0.562913907285,
