,recommendations,win_rate,win_rate_per_cost
Starter Item,Death's Toll,,
Boots,Ninja Tabi,0.5442477876106194,3.66255144033
Item2,Asi,0.575187969924812,3.08641975309
Item3,Qin's Sais,0.5771144278606966,2.03475080018
Item4,The Executioner,0.5493827160493827,2.44170096022
Item5,Deathbringer,0.575187969925,2.05729166667
Item6,Hastened Fatalis,0.587412587413,2.74491863277
Relic1,Sanctuary,0.536708860759,
Relic2,Sprint,0.569892473118,
