,recommendations,win_rate,win_rate_per_cost
Starter Item,Death's Toll,,
Boots,Ninja Tabi,0.617021276596,4.1134751773
Item2,Hastened Fatalis,0.5853658536585366,2.35958175257
Item3,Qin's Sais,0.5581395348837209,1.8701870187
Item4,Transcendence,0.504950495049505,1.94211728865
Item5,Titan's Bane,0.7,3.41463414634
Item6,Ichaival,0.636363636364,3.43137254902
Relic1,Purification,0.510416666667,
Relic2,Meditation,0.666666666667,
