Relics_most_pop,Relics_most_pop_L2,Relics_most_pop_winrate,Relics_most_pop_wr_paired,Relics_L2,Relics_L2_coef,Relics_L2_winrate,Relics_L2_wr_paired
Purification,2.689739361447627,0.5492957746478874,0.627906976744,Sanctuary,9.041528998397327,0.5615079365079365,0.627906976744
Sanctuary,9.041528998397327,0.5615079365079365,,Sprint,5.142264148406628,0.5629139072847682,
