Items_most_pop,Items_most_pop_L2,Items_most_pop_winrate,Items_L2,Items_L2_coef,Items_L2_winrate,Items_gold_adjusted_L2,Items_gold_adjusted_L2_coef,Items_gold_adjusted_L2_winrate
Transcendence,0.5461922543193604,0.5146443514644351,Hastened Fatalis,4.867619416869815,0.6363636363636364,Hastened Fatalis,0.2274588512555988,2.9736618521665252
Warrior Tabi,0.130381705263345,0.510989010989011,Deathbringer,3.934184396340247,0.631578947368421,Asi,0.15546674513122447,3.097090175741861
Asi,2.7673080633357956,0.5512820512820513,Asi,2.7673080633357956,0.5512820512820513,Soul Eater,0.1324611815896222,3.3333333333333335
Ninja Tabi,1.9184531522077128,0.5433070866141733,Soul Eater,2.649223631792444,0.6666666666666666,Ninja Tabi,0.1278968768138475,3.622047244094488
The Executioner,0.5899041070216858,0.525,Wind Demon,2.438445863530755,0.5853658536585366,Deathbringer,0.12294326238563272,1.9736842105263157
Qin's Sais,1.8095271583336896,0.5526315789473685,Ninja Tabi,1.9184531522077128,0.5433070866141733,Wind Demon,0.0937863793665675,2.25140712945591
