Relics_most_pop,Relics_most_pop_L2,Relics_most_pop_winrate,Relics_most_pop_wr_paired,Relics_L2,Relics_L2_coef,Relics_L2_winrate,Relics_L2_wr_paired
Purification,4.7390137247113895,0.5505849965588437,0.614035087719,Purification,4.7390137247113895,0.5505849965588437,0.614035087719
Sanctuary,0.16400277763356297,0.5455861070911722,,Sprint,1.244377003144894,0.5663716814159292,
