Relics_most_pop,Relics_most_pop_L2,Relics_most_pop_winrate,Relics_most_pop_wr_paired,Relics_L2,Relics_L2_coef,Relics_L2_winrate,Relics_L2_wr_paired
Purification,0.11376460273753951,0.5043547110055424,0.5,Sanctuary,0.3798462075305969,0.5096153846153846,0.5
Sanctuary,0.3798462075305969,0.5096153846153846,,Sprint,0.15001006998787117,0.5315315315315315,
