Items_most_pop,Items_most_pop_L2,Items_most_pop_winrate,Items_L2,Items_L2_coef,Items_L2_winrate,Items_gold_adjusted_L2,Items_gold_adjusted_L2_coef,Items_gold_adjusted_L2_winrate
Shoes of the Magi,1.5123428773622603,0.5171568627450981,Rod of Tahuti,33.33575752490908,0.6407766990291263,Rod of Tahuti,1.0040890820755746,1.9300502982805006
Obsidian Shard,-15.260461933202993,0.5143769968051118,Spear of Desolation,19.079563709843843,0.8275862068965517,Chronos' Pendant,0.67648110794953,2.513227513227513
Book of Thoth,7.608293069423431,0.5353159851301115,Warlock's Sash,16.329067819303088,0.5766423357664233,Dynasty Plate Helm,0.616617402368267,3.3507073715562172
Rod of Tahuti,33.33575752490908,0.6407766990291263,Chronos' Pendant,16.23554659078872,0.6031746031746031,Warlock's Sash,0.6161912384642675,2.1760088142129184
Soul Stone,-19.787407395537375,0.4066666666666667,Soul Reaver,13.822629816514493,0.6567164179104478,Spear of Desolation,0.5020937818379958,2.1778584392014517
Warlock's Sash,16.329067819303088,0.5766423357664233,Bancroft's Talon,10.782980441822815,0.6153846153846154,Soul Reaver,0.47015747675219366,2.2337293126205706
