Items_most_pop,Items_most_pop_L2,Items_most_pop_winrate,Items_L2,Items_L2_coef,Items_L2_winrate,Items_gold_adjusted_L2,Items_gold_adjusted_L2_coef,Items_gold_adjusted_L2_winrate
Shoes of the Magi,2.8674806813561995,0.5623529411764706,Rod of Tahuti,25.99454149680664,0.705,Rod of Tahuti,0.7829681173736939,2.1234939759036147
Obsidian Shard,8.408926560784403,0.5945121951219512,Book of Thoth,13.32143775673941,0.6020761245674741,Book of Thoth,0.5026957644052608,2.271985375726317
Book of Thoth,13.32143775673941,0.6020761245674741,Obsidian Shard,8.408926560784403,0.5945121951219512,Obsidian Shard,0.41019153955045873,2.900059488399762
Rod of Tahuti,25.99454149680664,0.705,Dynasty Plate Helm,4.082848459243707,0.6081081081081081,Dynasty Plate Helm,0.24016755642610044,3.577106518282989
Warlock's Sash,-3.2681504698943833,0.5297619047619048,Shoes of the Magi,2.8674806813561995,0.5623529411764706,Shoes of the Magi,0.1792175425847625,3.514705882352941
Soul Stone,-1.4684651950725207,0.5202702702702703,Doom Orb,2.6715198293268227,0.5961538461538461,Doom Orb,0.13031804045496698,2.9080675422138835
