Items_most_pop,Items_most_pop_L2,Items_most_pop_winrate,Items_L2,Items_L2_coef,Items_L2_winrate,Items_gold_adjusted_L2,Items_gold_adjusted_L2_coef,Items_gold_adjusted_L2_winrate
Shoes of the Magi,0.608410183650204,0.5630841121495327,Rod of Tahuti,26.161561629595926,0.6484375,Rod of Tahuti,0.7879988442649375,1.953125
Obsidian Shard,10.987074163238374,0.5929549902152642,Book of Thoth,19.10327604484289,0.6038882138517618,Book of Thoth,0.720878341314826,2.2788234484972145
Book of Thoth,19.10327604484289,0.6038882138517618,Obsidian Shard,10.987074163238374,0.5929549902152642,Dynasty Plate Helm,0.5845020086952037,3.6231884057971016
Rod of Tahuti,26.161561629595926,0.6484375,Dynasty Plate Helm,9.936534147818463,0.6159420289855072,Obsidian Shard,0.5359548372311402,2.8924633669037276
Warlock's Sash,1.5030610090448893,0.5511363636363636,Soul Reaver,7.815355162799883,0.6334661354581673,Soul Reaver,0.2658284068979552,2.1546467192454672
Soul Stone,1.3637848890461495,0.53515625,Doom Orb,4.207438565474925,0.5797101449275363,Doom Orb,0.2052409056329232,2.8278543655001767
