,recommendations,win_rate,win_rate_per_cost
Starter Item,Bluestone Pendant,,
Boots,Warrior Tabi,0.47322540473225405,3.33454150054
Item2,Qin's Sais,0.5434173669467787,1.91427382439
Item3,Jotunn's Wrath,0.5168539325842697,2.11825382207
Item4,The Executioner,0.5178571428571429,2.29712858926
Item5,Wind Demon,0.6375,2.45192307692
Item6,Deathbringer,0.585714285714,1.83035714286
Relic1,Purification,0.492517006803,
Relic2,Sprint,0.486772486772,
