,recommendations,win_rate,win_rate_per_cost
Starter Item,Bluestone Pendant,,
Boots,Ninja Tabi,0.538179916318,3.70106761566
Item2,Qin's Sais,0.5761099365750528,1.99095809424
Item3,Titan's Bane,0.5929339477726574,2.62223748998
Item4,Transcendence,0.5381799163179917,2.06753340556
Item5,Deathbringer,0.592933947773,1.89295039164
Item6,Jotunn's Wrath,0.6,2.31370446658
Relic1,Purification,0.540555555556,
Relic2,Sprint,0.553956834532,
