Items_most_pop,Items_most_pop_L2,Items_most_pop_winrate,Items_L2,Items_L2_coef,Items_L2_winrate,Items_gold_adjusted_L2,Items_gold_adjusted_L2_coef,Items_gold_adjusted_L2_winrate
Transcendence,5.875602026524237,0.4803921568627451,Qin's Sais,11.015312589691593,0.517304189435337,Qin's Sais,0.4079745403589479,1.9159414423530998
Warrior Tabi,-5.630565834930294,0.4664484451718494,Deathbringer,9.57672191595775,0.5413223140495868,Brawler's Beat Stick,0.370833207813275,2.508503401360544
Asi,2.826390006321292,0.48936170212765956,Brawler's Beat Stick,8.8999969875186,0.6020408163265306,Titan's Bane,0.3026038961927742,2.535555698564901
Qin's Sais,11.015312589691593,0.517304189435337,Titan's Bane,6.203379871951871,0.5197889182058048,Deathbringer,0.29927255987367973,1.6916322314049588
The Executioner,-4.3863702904860755,0.46485260770975056,Transcendence,5.875602026524237,0.4803921568627451,Transcendence,0.22598469332785526,1.847662141779789
Jotunn's Wrath,4.152386114733744,0.49391727493917276,Rage,4.433880122753078,0.5333333333333333,Rage,0.18474500511471162,2.2222222222222223
