Items_most_pop,Items_most_pop_L2,Items_most_pop_winrate,Items_L2,Items_L2_coef,Items_L2_winrate,Items_gold_adjusted_L2,Items_gold_adjusted_L2_coef,Items_gold_adjusted_L2_winrate
Transcendence,8.301236337763193,0.4507269789983845,Qin's Sais,21.61969796047757,0.5323741007194245,Titan's Bane,0.8363948365804131,2.6984950700570836
Warrior Tabi,-0.25351189168145655,0.4486301369863014,Titan's Bane,17.14609414989847,0.5531914893617021,Qin's Sais,0.8007295540917618,1.971755928590461
Asi,0.09782915343640702,0.46996466431095407,The Executioner,12.552734490641534,0.5073891625615764,The Executioner,0.5578993106951793,2.255062944718117
Qin's Sais,21.61969796047757,0.5323741007194245,Wind Demon,9.760383395043668,0.5757575757575758,Wind Demon,0.3753993613478334,2.2144522144522143
The Executioner,12.552734490641534,0.5073891625615764,Transcendence,8.301236337763193,0.4507269789983845,Transcendence,0.3192783206831998,1.7335653038399403
Jotunn's Wrath,-7.301552931809413,0.4270833333333333,Deathbringer,5.904719214604688,0.5267857142857143,Brawler's Beat Stick,0.24060631444300332,2.2644927536231885
