Items_most_pop,Items_most_pop_L2,Items_most_pop_winrate,Items_L2,Items_L2_coef,Items_L2_winrate,Items_gold_adjusted_L2,Items_gold_adjusted_L2_coef,Items_gold_adjusted_L2_winrate
Transcendence,19.622772662305966,0.48770491803278687,Wind Demon,38.68426016593548,0.5966386554621849,Wind Demon,1.4878561602282876,2.2947640594699417
Warrior Tabi,2.711448740778424,0.4845458868283405,Deathbringer,24.596349665399313,0.5626423690205011,Soul Eater,1.080034336216135,2.7948717948717947
Qin's Sais,6.271435228640758,0.5102459016393442,Soul Eater,21.600686724322703,0.558974358974359,Deathbringer,0.7686359270437286,1.758257403189066
Asi,-4.0685792801978655,0.4852459016393443,Transcendence,19.622772662305966,0.48770491803278687,Transcendence,0.7547220254733064,1.8757881462799495
The Executioner,-9.091305235435195,0.48089591567852435,Brawler's Beat Stick,16.66188848126765,0.5878787878787879,Brawler's Beat Stick,0.6942453533861521,2.4494949494949494
Jotunn's Wrath,16.653331745608476,0.5267489711934157,Jotunn's Wrath,16.653331745608476,0.5267489711934157,Jotunn's Wrath,0.682513596131495,2.1588072589894085
