Relics_most_pop,Relics_most_pop_L2,Relics_most_pop_winrate,Relics_most_pop_wr_paired,Relics_L2,Relics_L2_coef,Relics_L2_winrate,Relics_L2_wr_paired
Purification,1.5385832088548343,0.4457831325301205,0.428571428571,Purification,1.5385832088548343,0.4457831325301205,0.428571428571
Sanctuary,-5.212795173190629,0.4217252396166134,,Relic,-0.22409994303319858,0.42105263157894735,
