,recommendations,win_rate,win_rate_per_cost
Starter Item,Bluestone Pendant,,
Boots,Ninja Tabi,0.616071428571,4.10714285714
Item2,Qin's Sais,0.5761904761904761,1.93325193325
Item3,Jotunn's Wrath,0.5490196078431373,2.13925418843
Item4,The Executioner,0.5544871794871795,2.3199023199
Item5,Hastened Fatalis,0.606060606061,2.83205890683
Item6,Devourer's Gauntlet,0.57619047619,2.8531983433
Relic1,Relic,0.530120481928,
Relic2,Meditation,0.472222222222,
