Relics_most_pop,Relics_most_pop_L2,Relics_most_pop_winrate,Relics_most_pop_wr_paired,Relics_L2,Relics_L2_coef,Relics_L2_winrate,Relics_L2_wr_paired
Purification,2.039519520760696,0.4457236842105263,0.483146067416,Purification,2.039519520760696,0.4457236842105263,0.483146067416
Sanctuary,-10.196936917162942,0.4411214953271028,,Sprint,-1.9964184310767983,0.43870967741935485,
