Relics_most_pop,Relics_most_pop_L2,Relics_most_pop_winrate,Relics_most_pop_wr_paired,Relics_L2,Relics_L2_coef,Relics_L2_winrate,Relics_L2_wr_paired
Purification,9.965319821795697,0.5454545454545454,0.571428571429,Purification,9.965319821795697,0.5454545454545454,0.571428571429
Sanctuary,-1.0346881542173252,0.5318829707426856,,Teleport,6.479635316620494,0.5857142857142857,
