Items_most_pop,Items_most_pop_L2,Items_most_pop_winrate,Items_L2,Items_L2_coef,Items_L2_winrate,Items_gold_adjusted_L2,Items_gold_adjusted_L2_coef,Items_gold_adjusted_L2_winrate
Transcendence,10.633907706622132,0.3839142091152815,Soul Eater,25.340969840621586,0.4723618090452261,Soul Eater,1.2670484920310794,2.3618090452261304
Warrior Tabi,2.2356142049666348,0.3870619946091644,Qin's Sais,24.658921969030345,0.4551804423748545,Qin's Sais,0.9132934062603831,1.6858534902772389
Qin's Sais,24.658921969030345,0.4551804423748545,Wind Demon,16.726677070425787,0.4887640449438202,Wind Demon,0.6433337334779149,1.8798617113223854
Asi,2.4605218920393104,0.415211970074813,Deathbringer,14.388576251344073,0.47580645161290325,Hastened Fatalis,0.6356487931872233,2.1519921298573537
The Executioner,7.6088938071163,0.4194528875379939,Hastened Fatalis,13.602884174206578,0.4605263157894737,Titan's Bane,0.6332875001905712,2.2852869073835542
Titan's Bane,12.98239375390671,0.4684838160136286,Titan's Bane,12.98239375390671,0.4684838160136286,Ichaival,0.5159633978029703,2.39877769289534
