Items_most_pop,Items_most_pop_L2,Items_most_pop_winrate,Items_L2,Items_L2_coef,Items_L2_winrate,Items_gold_adjusted_L2,Items_gold_adjusted_L2_coef,Items_gold_adjusted_L2_winrate
Transcendence,-7.6117659219082405,0.482078853046595,Deathbringer,19.482636915072383,0.6327433628318584,Qin's Sais,0.625720970527865,2.1025065469509916
Warrior Tabi,4.268806536955719,0.4986149584487535,Qin's Sais,16.894466204252357,0.5676767676767677,Deathbringer,0.608832403596012,1.9773230088495575
Asi,9.247163079625462,0.5403225806451613,Wind Demon,12.72803772365678,0.648,Asi,0.5195035437991834,3.035520115984052
Qin's Sais,16.894466204252357,0.5676767676767677,Brawler's Beat Stick,11.575677168885111,0.6428571428571429,Wind Demon,0.4895399124483377,2.4923076923076923
The Executioner,8.483608386834508,0.5372750642673522,Asi,9.247163079625462,0.5403225806451613,Brawler's Beat Stick,0.48231988203687964,2.6785714285714284
Titan's Bane,4.637688137754186,0.5445026178010471,Hastened Fatalis,8.778943641213345,0.6097560975609756,Hastened Fatalis,0.4102310112716517,2.8493275586961477
