,recommendations,win_rate,win_rate_per_cost
Starter Item,Soul Stone,,
Boots,Shoes of the Magi,0.4864,3.175
Item2,Rod of Tahuti,0.5735294117647058,1.53012048193
Item3,Gem of Isolation,0.5397590361445783,1.88148148148
Item4,Chronos' Pendant,0.508,2.11666666667
Item5,Hastened Fatalis,0.702127659574,3.28097037184
Item6,Spear of the Magus,0.608695652174,2.83114256825
Relic1,Sanctuary,0.495426829268,
Relic2,Sprint,0.507936507937,
