Relics_most_pop,Relics_most_pop_L2,Relics_most_pop_winrate,Relics_most_pop_wr_paired,Relics_L2,Relics_L2_coef,Relics_L2_winrate,Relics_L2_wr_paired
Sanctuary,-0.05667838385587969,0.49654218533886585,0.631578947368,Sprint,0.0673615621000183,0.5377358490566038,0.631578947368
Purification,0.06544688339376158,0.5062413314840499,,Purification,0.06544688339376158,0.5062413314840499,
