Relics_most_pop,Relics_most_pop_L2,Relics_most_pop_winrate,Relics_most_pop_wr_paired,Relics_L2,Relics_L2_coef,Relics_L2_winrate,Relics_L2_wr_paired
Sanctuary,0.07395204352970389,0.5068493150684932,0.666666666667,Purification,0.42579472936070933,0.5278810408921933,0.666666666667
Purification,0.42579472936070933,0.5278810408921933,,Sprint,0.2175565938742068,0.5813953488372093,
