Items_most_pop,Items_most_pop_L2,Items_most_pop_winrate,Items_L2,Items_L2_coef,Items_L2_winrate,Items_gold_adjusted_L2,Items_gold_adjusted_L2_coef,Items_gold_adjusted_L2_winrate
Shoes of the Magi,0.626855869885902,0.5566265060240964,Rod of Tahuti,26.434111493402902,0.6836734693877551,Gem of Isolation,0.9050376278185444,2.3595023595023594
Gem of Isolation,24.4360159511007,0.637065637065637,Gem of Isolation,24.4360159511007,0.637065637065637,Rod of Tahuti,0.7962081775121356,2.059257437914925
Obsidian Shard,9.894535995798728,0.6125,Shoes of Focus,10.321980221314305,0.6067415730337079,Shoes of Focus,0.6881320147542871,4.044943820224719
Book of Thoth,7.478096154831802,0.5891089108910891,Obsidian Shard,9.894535995798728,0.6125,Obsidian Shard,0.48266029247798675,2.9878048780487805
Rod of Tahuti,26.434111493402902,0.6836734693877551,Polynomicon,7.889254736855221,0.7,Polynomicon,0.3430110755154444,3.0434782608695654
Chronos' Pendant,-4.268767778337276,0.5572916666666666,Book of Thoth,7.478096154831802,0.5891089108910891,Spear of the Magus,0.3339054448884554,2.8311425682507583
