Relics_most_pop,Relics_most_pop_L2,Relics_most_pop_winrate,Relics_most_pop_wr_paired,Relics_L2,Relics_L2_coef,Relics_L2_winrate,Relics_L2_wr_paired
Sanctuary,3.0551041125418745,0.5585480093676815,0.584615384615,Purification,11.389326909685991,0.5721331689272503,0.584615384615
Purification,11.389326909685991,0.5721331689272503,,Sprint,8.99575614467339,0.577639751552795,
