,recommendations,win_rate,win_rate_per_cost
Starter Item,Soul Stone,,
Boots,Shoes of the Magi,0.541970802919708,3.60465116279
Item2,Gem of Isolation,0.5945273631840796,2.13608957795
Item3,Rod of Tahuti,0.6450381679389313,1.73718128327
Item4,Chronos' Pendant,0.5767441860465117,2.40310077519
Item5,Hastened Fatalis,0.645038167939,3.23064497519
Item6,Spear of the Magus,0.59693877551,2.93988591487
Relic1,Purification,0.544194107452,
Relic2,Meditation,0.583333333333,
