,recommendations,win_rate,win_rate_per_cost
Starter Item,Soul Stone,,
Boots,Shoes of the Magi,0.5,3.34821428571
Item2,Rod of Tahuti,0.6280701754385964,1.61359724613
Item3,Gem of Isolation,0.5679012345679012,1.98412698413
Item4,Obsidian Shard,0.5530973451327433,2.61324041812
Item5,Hastened Fatalis,0.595041322314,2.7805669267
Item6,Chronos' Pendant,0.535714285714,2.23214285714
Relic1,Sprint,0.537735849057,
Relic2,Purification,0.506241331484,
