Items_most_pop,Items_most_pop_L2,Items_most_pop_winrate,Items_L2,Items_L2_coef,Items_L2_winrate,Items_gold_adjusted_L2,Items_gold_adjusted_L2_coef,Items_gold_adjusted_L2_winrate
Shoes of the Magi,-1.2622936910222382,0.4948453608247423,Hastened Fatalis,7.702454024255699,0.7741935483870968,Hastened Fatalis,0.35992775814278966,3.6177268616219473
Obsidian Shard,0.0576513737165847,0.5072463768115942,Gem of Isolation,7.578508033855094,0.5785123966942148,Gem of Isolation,0.28068548273537386,2.14263850627487
Gem of Isolation,7.578508033855094,0.5785123966942148,Book of Thoth,2.9378153215415805,0.5327102803738317,Book of Thoth,0.11086095552987095,2.0102274731087992
Book of Thoth,2.9378153215415805,0.5327102803738317,Polynomicon,2.2242610175162674,0.6470588235294118,Shoes of Focus,0.10691169196032324,3.6
Rod of Tahuti,-1.2939758259502958,0.4939759036144578,Spear of Desolation,1.7903655215549268,0.6111111111111112,Polynomicon,0.09670700076157686,2.813299232736573
Chronos' Pendant,0.25665180975732754,0.5060240963855421,Warlock's Sash,1.727866220454422,0.5256410256410257,Spear of the Magus,0.07572335917515997,2.6578073089700998
