Items_most_pop,Items_most_pop_L2,Items_most_pop_winrate,Items_L2,Items_L2_coef,Items_L2_winrate,Items_gold_adjusted_L2,Items_gold_adjusted_L2_coef,Items_gold_adjusted_L2_winrate
Shoes of the Magi,-1.4041186464936908,0.555984555984556,Gem of Isolation,19.40562155014482,0.6215469613259669,Gem of Isolation,0.7187267240794377,2.3020257826887662
Gem of Isolation,19.40562155014482,0.6215469613259669,Rod of Tahuti,13.537811023664112,0.6387665198237885,Hastened Fatalis,0.4516464052081679,3.115264797507788
Obsidian Shard,4.143690803288004,0.5885714285714285,Polynomicon,10.270673306581056,0.7222222222222222,Polynomicon,0.44655101332961117,3.140096618357488
Book of Thoth,4.194338397222089,0.5728813559322034,Hastened Fatalis,9.665233071454793,0.6666666666666666,Rod of Tahuti,0.4077653922790395,1.9239955416379173
Chronos' Pendant,1.6654545858369638,0.5783132530120482,Spear of the Magus,5.341806099944453,0.6097560975609756,Shoes of Focus,0.3077615617747469,3.9080459770114944
Rod of Tahuti,13.537811023664112,0.6387665198237885,Shoes of Focus,4.616423426621203,0.5862068965517241,Spear of the Magus,0.24845609767183502,2.836074872376631
