,recommendations,win_rate,win_rate_per_cost
Starter Item,Soul Stone,,
Boots,Shoes of the Magi,0.5499207606973059,3.35280373832
Item2,Book of Thoth,0.6115569823434992,2.02433433257
Item3,Gem of Isolation,0.6087431693989072,1.98684665974
Item4,Rod of Tahuti,0.6333333333333333,1.61580903051
Item5,Warlock's Sash,0.595982142857,2.24898921833
Item6,Hastened Fatalis,0.732558139535,3.05817879336
Relic1,Sanctuary,0.573134328358,
Relic2,Sprint,0.539906103286,
