Relics_most_pop,Relics_most_pop_L2,Relics_most_pop_winrate,Relics_most_pop_wr_paired,Relics_L2,Relics_L2_coef,Relics_L2_winrate,Relics_L2_wr_paired
Sanctuary,0.08660883415437905,0.5548780487804879,0.552,Purification,0.12690061634754976,0.589041095890411,0.552
Purification,0.12690061634754976,0.589041095890411,,Sanctuary,0.08660883415437905,0.5548780487804879,
