,recommendations,win_rate,win_rate_per_cost
Starter Item,Soul Stone,,
Boots,Shoes of the Magi,0.525568181818,3.28480113636
Item2,Gem of Isolation,0.5769230769230769,2.30607966457
Item3,Rod of Tahuti,0.6226415094339622,1.87542623323
Item4,Chronos' Pendant,0.5679012345679012,2.59433962264
Item5,Polynomicon,0.78125,3.39673913043
Item6,Hastened Fatalis,0.628571428571,2.93724966622
Relic1,Sprint,0.571428571429,
Relic2,Purification,0.510362694301,
