Items_most_pop,Items_most_pop_L2,Items_most_pop_winrate,Items_L2,Items_L2_coef,Items_L2_winrate,Items_gold_adjusted_L2,Items_gold_adjusted_L2_coef,Items_gold_adjusted_L2_winrate
Shoes of the Magi,-4.021585615513162,0.4690909090909091,Gem of Isolation,15.61952572622064,0.5882352941176471,Gem of Isolation,0.5785009528229866,2.178649237472767
Gem of Isolation,15.61952572622064,0.5882352941176471,Rod of Tahuti,14.737445327794108,0.6545454545454545,Rod of Tahuti,0.44389895565644905,1.9715224534501643
Obsidian Shard,8.109100111255106,0.5562130177514792,Book of Thoth,11.064352163869005,0.5592105263157895,Book of Thoth,0.4175227231648681,2.1102284011916583
Book of Thoth,11.064352163869005,0.5592105263157895,Obsidian Shard,8.109100111255106,0.5562130177514792,Obsidian Shard,0.395565859085615,2.7132342329340453
Chronos' Pendant,1.9747854832509115,0.5042735042735043,Polynomicon,4.819805225713052,0.6428571428571429,Polynomicon,0.20955674894404575,2.7950310559006213
Soul Stone,-10.48368729832215,0.36283185840707965,Spear of the Magus,4.101816683269397,0.5853658536585366,Spear of the Magus,0.19078217131485567,2.7226318774815654
