Relics_most_pop,Relics_most_pop_L2,Relics_most_pop_winrate,Relics_most_pop_wr_paired,Relics_L2,Relics_L2_coef,Relics_L2_winrate,Relics_L2_wr_paired
Purification,-5.890769361563646,0.5384615384615384,0.875,Sanctuary,11.314029909193673,0.6081081081081081,0.875
Sanctuary,11.314029909193673,0.6081081081081081,,Sprint,10.786018762022428,0.7692307692307693,
