Items_most_pop,Items_most_pop_L2,Items_most_pop_winrate,Items_L2,Items_L2_coef,Items_L2_winrate,Items_gold_adjusted_L2,Items_gold_adjusted_L2_coef,Items_gold_adjusted_L2_winrate
Shoes of the Magi,-1.7831822854644586,0.4642857142857143,Rod of Tahuti,6.089952811977489,0.6617647058823529,Rod of Tahuti,0.1834323136137798,1.9932671863926292
Gem of Isolation,1.9285760093009954,0.5198237885462555,Obsidian Shard,3.7431543975183184,0.5588235294117647,Obsidian Shard,0.18259289743991797,2.72596843615495
Obsidian Shard,3.7431543975183184,0.5588235294117647,Gem of Isolation,1.9285760093009954,0.5198237885462555,Gem of Isolation,0.07142874108522204,1.9252732909120573
Book of Thoth,1.2135051525386438,0.5163398692810458,Book of Thoth,1.2135051525386438,0.5163398692810458,Hastened Fatalis,0.056637678860615145,2.64797507788162
Chronos' Pendant,0.8418798641301357,0.5067567567567568,Hastened Fatalis,1.212046327617164,0.5666666666666667,Book of Thoth,0.0457926472656092,1.9484523369096065
Rod of Tahuti,6.089952811977489,0.6617647058823529,Polynomicon,1.0512617172299215,0.6129032258064516,Polynomicon,0.04570703118390963,2.664796633941094
