Items_most_pop,Items_most_pop_L2,Items_most_pop_winrate,Items_L2,Items_L2_coef,Items_L2_winrate,Items_gold_adjusted_L2,Items_gold_adjusted_L2_coef,Items_gold_adjusted_L2_winrate
Shoes of Focus,-0.44610895885988444,0.5391304347826087,Rod of Tahuti,23.68487272075033,0.7419354838709677,Rod of Tahuti,0.7133997807454919,2.2347454333462884
Warlock's Sash,-12.172969038323746,0.4942528735632184,Book of Thoth,15.457094186065962,0.6111111111111112,Book of Thoth,0.5832865730590929,2.3060796645702304
Rod of Asclepius,15.418231013733816,0.5977011494252874,Rod of Asclepius,15.418231013733816,0.5977011494252874,Rod of Asclepius,0.5796327448772112,2.2469968023507043
Breastplate of Valor,4.898222959993198,0.5581395348837209,Lotus Crown,5.412442198525111,0.6,Lotus Crown,0.26402157065976156,2.926829268292683
Shoes of the Magi,3.181120128881253,0.5394736842105263,Breastplate of Valor,4.898222959993198,0.5581395348837209,Breastplate of Valor,0.21296621565187818,2.4266936299292214
Chronos' Pendant,-3.332899550531883,0.5303030303030303,Obsidian Shard,4.300695990631828,0.5652173913043478,Obsidian Shard,0.2097900483235038,2.757158006362672
