Items_most_pop,Items_most_pop_L2,Items_most_pop_winrate,Items_L2,Items_L2_coef,Items_L2_winrate,Items_gold_adjusted_L2,Items_gold_adjusted_L2_coef,Items_gold_adjusted_L2_winrate
Shoes of Focus,-0.27975782434949087,0.48,Rod of Tahuti,1.3995363303684953,0.8,Rod of Tahuti,0.042154708746039014,2.4096385542168677
Breastplate of Valor,0.8441085965530976,0.5573770491803278,Breastplate of Valor,0.8441085965530976,0.5573770491803278,Obsidian Shard,0.04016985217395573,3.991130820399113
Warlock's Sash,-0.16781731387502224,0.48214285714285715,Obsidian Shard,0.8234819695660924,0.8181818181818182,Breastplate of Valor,0.036700373763178154,2.4233784746970777
Rod of Asclepius,0.6108990247335339,0.5454545454545454,Rod of Asclepius,0.6108990247335339,0.5454545454545454,Lotus Crown,0.023376364489189783,2.882483370288248
Shoes of the Magi,-0.2967082671243759,0.4716981132075472,Lotus Crown,0.47921547202839054,0.5909090909090909,Rod of Asclepius,0.022966128749380973,2.050580997949419
Chronos' Pendant,0.2774924812072157,0.5227272727272727,Spear of the Magus,0.35462602401917004,0.6363636363636364,Spear of the Magus,0.016494233675310235,2.959830866807611
