Items_most_pop,Items_most_pop_L2,Items_most_pop_winrate,Items_L2,Items_L2_coef,Items_L2_winrate,Items_gold_adjusted_L2,Items_gold_adjusted_L2_coef,Items_gold_adjusted_L2_winrate
Shoes of Focus,-9.858612480059382,0.5276381909547738,Rod of Tahuti,25.852096900646508,0.7704918032786885,Obsidian Shard,0.8403826530731804,3.823335530652604
Breastplate of Valor,15.806550598052779,0.60625,Obsidian Shard,17.2278443880002,0.7837837837837838,Shoes of the Magi,0.8285958562495046,3.90625
Rod of Asclepius,16.79357458864788,0.6054421768707483,Rod of Asclepius,16.79357458864788,0.6054421768707483,Rod of Tahuti,0.7786776174893527,2.3207584436105075
Warlock's Sash,14.738831025215479,0.6240601503759399,Breastplate of Valor,15.806550598052779,0.60625,Breastplate of Valor,0.6872413303501208,2.635869565217391
Chronos' Pendant,-4.920120047022153,0.5338983050847458,Warlock's Sash,14.738831025215479,0.6240601503759399,Rod of Asclepius,0.6313373905506721,2.2760984092885272
Shoes of the Magi,13.257533699992072,0.625,Shoes of the Magi,13.257533699992072,0.625,Warlock's Sash,0.5561823028383199,2.354943963682792
