Relics_most_pop,Relics_most_pop_L2,Relics_most_pop_winrate,Relics_most_pop_wr_paired,Relics_L2,Relics_L2_coef,Relics_L2_winrate,Relics_L2_wr_paired
Sprint,4.241683260451662,0.5853658536585366,0.705882352941,Purification,5.557749163199377,0.6296296296296297,0.705882352941
Teleport,-0.7387959220196239,0.5373134328358209,,Sprint,4.241683260451662,0.5853658536585366,
