Relics_most_pop,Relics_most_pop_L2,Relics_most_pop_winrate,Relics_most_pop_wr_paired,Relics_L2,Relics_L2_coef,Relics_L2_winrate,Relics_L2_wr_paired
Meditation,0.21188231846432648,0.5416666666666666,1.0,Sprint,0.37789004382377306,0.5853658536585366,1.0
Sanctuary,0.26489235582150333,0.5531914893617021,,Curse,0.33262639419305445,1.0,
