Relics_most_pop,Relics_most_pop_L2,Relics_most_pop_winrate,Relics_most_pop_wr_paired,Relics_L2,Relics_L2_coef,Relics_L2_winrate,Relics_L2_wr_paired
Teleport,2.73841197619028,0.5547945205479452,0.8,Sprint,6.041058213821975,0.5984848484848485,0.8
Sprint,6.041058213821975,0.5984848484848485,,Meditation,2.881097738833083,0.631578947368421,
