,recommendations,win_rate,win_rate_per_cost
Starter Item,Soul Stone,,
Boots,Shoes of the Magi,0.56862745098,3.67647058824
Item2,Warlock's Sash,0.5686274509803921,1.95417789757
Item3,Chronos' Pendant,0.5882352941176471,2.15773809524
Item4,Rod of Asclepius,0.56,1.94683136412
Item5,Obsidian Shard,0.846153846154,4.12757973734
Item6,Book of Thoth,0.6,2.2641509434
Relic1,Sanctuary,0.555555555556,
Relic2,Meditation,0.548387096774,
