Items_most_pop,Items_most_pop_L2,Items_most_pop_winrate,Items_L2,Items_L2_coef,Items_L2_winrate,Items_gold_adjusted_L2,Items_gold_adjusted_L2_coef,Items_gold_adjusted_L2_winrate
Shoes of Focus,0.004921764538926268,0.5051546391752577,Rod of Asclepius,0.06486862669900884,0.6226415094339622,Rod of Asclepius,0.0024386701766544675,2.340757554263016
Breastplate of Valor,0.0349022091252621,0.5507246376811594,Obsidian Shard,0.04495912252869551,0.7368421052631579,Obsidian Shard,0.002193127928229049,3.594351732991014
Warlock's Sash,-0.010011356656371727,0.48333333333333334,Rod of Tahuti,0.034932994068086344,0.6206896551724138,Breastplate of Valor,0.0015174873532722653,2.3944549464398235
Rod of Asclepius,0.06486862669900884,0.6226415094339622,Breastplate of Valor,0.0349022091252621,0.5507246376811594,Rod of Tahuti,0.0010521986165086248,1.8695471541337765
Book of Thoth,0.024954408476854293,0.5581395348837209,Book of Thoth,0.024954408476854293,0.5581395348837209,Book of Thoth,0.0009416757915794073,2.106186924089513
Chronos' Pendant,-0.010010363592249893,0.47619047619047616,Shoes of Focus,0.004921764538926268,0.5051546391752577,Shoes of Focus,0.00032811763592841784,3.3676975945017182
