Items_most_pop,Items_most_pop_L2,Items_most_pop_winrate,Items_L2,Items_L2_coef,Items_L2_winrate,Items_gold_adjusted_L2,Items_gold_adjusted_L2_coef,Items_gold_adjusted_L2_winrate
Warrior Tabi,1.0883877237144477,0.531986531986532,Asi,3.1977152072824193,0.6086956521739131,Asi,0.17964692175743927,3.419638495359062
Ichaival,1.0773320957577457,0.5373831775700935,Wind Demon,2.527288939569775,0.5963302752293578,Wind Demon,0.09720342075268365,2.293577981651376
Devourer's Gauntlet,0.4611891174455371,0.526595744680851,Deathbringer,2.21713830190712,0.6,Warrior Tabi,0.07021856282028695,3.432171174106658
Qin's Sais,1.7282802557466745,0.5549132947976878,Qin's Sais,1.7282802557466745,0.5549132947976878,Deathbringer,0.06928557193459751,1.875
Death's Toll,0.2454182729337812,0.5203252032520326,Rage,1.381474788218145,0.6388888888888888,Qin's Sais,0.06401037984246943,2.055234425176622
The Executioner,0.3901832444272947,0.5333333333333333,Warrior Tabi,1.0883877237144477,0.531986531986532,Ichaival,0.06337247622104386,3.1610775151181967
