Items_most_pop,Items_most_pop_L2,Items_most_pop_winrate,Items_L2,Items_L2_coef,Items_L2_winrate,Items_gold_adjusted_L2,Items_gold_adjusted_L2_coef,Items_gold_adjusted_L2_winrate
Warrior Tabi,9.740187137817216,0.4699860400186133,Wind Demon,32.47093569371041,0.5669064748201439,Asi,1.4504653289884228,2.711707767887543
Ichaival,-0.9456820722885759,0.45403111739745405,Devourer's Gauntlet,29.698105683407217,0.4858528698464026,Devourer's Gauntlet,1.4486880821174253,2.3700139992507445
Qin's Sais,13.508166171892238,0.5011102886750555,Asi,25.818282855993925,0.48268398268398266,Wind Demon,1.2488821420657852,2.180409518539015
Devourer's Gauntlet,29.698105683407217,0.4858528698464026,Deathbringer,23.319544342897544,0.563338301043219,Hastened Fatalis,1.0176931242099407,2.5288620120945575
The Executioner,4.474972544699949,0.4897959183673469,Hastened Fatalis,21.778632858092735,0.5411764705882353,Titan's Bane,0.8644729955709507,2.640874684608915
Death's Toll,-4.6008682630822335,0.38716356107660455,Titan's Bane,17.72169640920449,0.5413793103448276,Deathbringer,0.7287357607155482,1.7604321907600595
