Relics_most_pop,Relics_most_pop_L2,Relics_most_pop_winrate,Relics_most_pop_wr_paired,Relics_L2,Relics_L2_coef,Relics_L2_winrate,Relics_L2_wr_paired
Purification,-3.980564297816213,0.45852187028657615,0.4,Sprint,0.25649710343993865,0.47232472324723246,0.4
Sanctuary,-7.022381174043926,0.45796847635726795,,Teleport,-0.5370299501488719,0.4507042253521127,
