Items_most_pop,Items_most_pop_L2,Items_most_pop_winrate,Items_L2,Items_L2_coef,Items_L2_winrate,Items_gold_adjusted_L2,Items_gold_adjusted_L2_coef,Items_gold_adjusted_L2_winrate
Warrior Tabi,-0.3091781726212081,0.5055350553505535,Asi,9.82064397744499,0.5720164609053497,Asi,0.5517215717665725,3.213575623063763
Qin's Sais,-0.5366595986146125,0.5117493472584856,Wind Demon,6.718830425099136,0.5714285714285714,Wind Demon,0.2584165548115052,2.197802197802198
Ichaival,1.9610875737383455,0.5146666666666667,Titan's Bane,4.73663386900411,0.5616438356164384,Titan's Bane,0.2310553106831273,2.73972602739726
Devourer's Gauntlet,-4.833137270318579,0.4751552795031056,Deathbringer,4.326039112840935,0.5548387096774193,The Executioner,0.18294304276439657,2.3772609819121446
Death's Toll,-4.142541864597941,0.4681647940074906,The Executioner,4.116218462198923,0.5348837209302325,Deathbringer,0.1351887222762792,1.7338709677419355
Asi,9.82064397744499,0.5720164609053497,Rage,2.3747336852389895,0.5522388059701493,Ichaival,0.11535809257284385,3.0274509803921568
