Relics_most_pop,Relics_most_pop_L2,Relics_most_pop_winrate,Relics_most_pop_wr_paired,Relics_L2,Relics_L2_coef,Relics_L2_winrate,Relics_L2_wr_paired
Purification,-22.31928980061714,0.44543650793650796,0.595744680851,Sanctuary,7.808525102451644,0.4735023041474654,0.595744680851
Sanctuary,7.808525102451644,0.4735023041474654,,Sprint,5.169464375490819,0.48295454545454547,
