Relics_most_pop,Relics_most_pop_L2,Relics_most_pop_winrate,Relics_most_pop_wr_paired,Relics_L2,Relics_L2_coef,Relics_L2_winrate,Relics_L2_wr_paired
Purification,-311.4075453593831,0.4587628865979381,0.333333333333,Relic,603.5771087640387,0.23529411764705882,0.333333333333
Sanctuary,570.993207865221,0.45977011494252873,,Sanctuary,570.993207865221,0.45977011494252873,
