Relics_most_pop,Relics_most_pop_L2,Relics_most_pop_winrate,Relics_most_pop_wr_paired,Relics_L2,Relics_L2_coef,Relics_L2_winrate,Relics_L2_wr_paired
Purification,2.6098494275418407,0.5311778290993071,0.769230769231,Sanctuary,7.544185390794839,0.5454545454545454,0.769230769231
Sanctuary,7.544185390794839,0.5454545454545454,,Sprint,3.4708107908510843,0.5555555555555556,
