,recommendations,win_rate,win_rate_per_cost
Starter Item,Death's Toll,,
Boots,Warrior Tabi,0.638554216867,3.42741935484
Item2,Qin's Sais,0.5853658536585366,1.80436847104
Item3,Ichaival,0.5235602094240838,2.86576168929
Item4,The Executioner,0.4967741935483871,2.16524216524
Item5,Asi,0.585365853659,3.42791849172
Item6,Titan's Bane,0.618556701031,3.11489861887
Relic1,Purification,0.531847133758,
Relic2,Teleport,0.564516129032,
