,recommendations,win_rate,win_rate_per_cost
Starter Item,Bumba's Mask,,
Boots,Warrior Tabi,0.493212669683,3.18201722376
Item2,Jotunn's Wrath,0.5130890052356021,2.24621689786
Item3,Deathbringer,0.5503875968992248,1.71274038462
Item4,Titan's Bane,0.5480769230769231,2.67354596623
Item5,Brawler's Beat Stick,0.5625,2.34375
Item6,Void Shield,0.538461538462,1.9943019943
Relic1,Relic,0.583333333333,
Relic2,Wrath,0.538461538462,
