Relics_most_pop,Relics_most_pop_L2,Relics_most_pop_winrate,Relics_most_pop_wr_paired,Relics_L2,Relics_L2_coef,Relics_L2_winrate,Relics_L2_wr_paired
Purification,1.7931796593563518,0.5435684647302904,0.664705882353,Blink,18.057862597634834,0.6298076923076923,0.664705882353
Wrath,-1.822390044153102,0.5099337748344371,,Purification,1.7931796593563518,0.5435684647302904,
