Items_most_pop,Items_most_pop_L2,Items_most_pop_winrate,Items_L2,Items_L2_coef,Items_L2_winrate,Items_gold_adjusted_L2,Items_gold_adjusted_L2_coef,Items_gold_adjusted_L2_winrate
Warrior Tabi,-3.312322289331499,0.4913294797687861,Malice,12.250344368845507,0.6571428571428571,Winged Blade,0.5960512461233768,3.3865190491696517
Jotunn's Wrath,7.615945397970335,0.5224913494809689,Winged Blade,11.02694805328247,0.6265060240963856,Malice,0.40834481229485026,2.1904761904761907
Deathbringer,7.865289085598976,0.5458715596330275,Deathbringer,7.865289085598976,0.5458715596330275,Jotunn's Wrath,0.31212890975288254,2.1413579896761017
Titan's Bane,4.3216701188783295,0.5428571428571428,Jotunn's Wrath,7.615945397970335,0.5224913494809689,Hydra's Lament,0.24617437188104258,2.5641025641025643
Bumba's Mask,-8.316569497511356,0.41721854304635764,Mantle of Discord,6.348032341633203,0.6774193548387096,Deathbringer,0.245790283924968,1.705848623853211
Winged Blade,11.02694805328247,0.6265060240963856,Hydra's Lament,5.292748995442415,0.5512820512820513,Titan's Bane,0.21081317653065024,2.64808362369338
