,recommendations,win_rate,win_rate_per_cost
Starter Item,Bumba's Mask,,
Boots,Warrior Tabi,0.5508474576271186,3.6866359447
Item2,Deathbringer,0.6610169491525424,1.78571428571
Item3,Bumba's Mask,0.6052631578947368,7.14285714286
Item4,Jotunn's Wrath,0.57,2.34192037471
Item5,Malice,0.666666666667,2.22222222222
Item6,Brawler's Beat Stick,0.636363636364,2.5641025641
Relic1,Sprint,0.875,
Relic2,Curse,1.0,
