,recommendations,win_rate,win_rate_per_cost
Starter Item,Bumba's Mask,,
Boots,Warrior Tabi,0.4862932061978546,3.19478908189
Item2,Deathbringer,0.5450901803607214,1.54747596154
Item3,Titan's Bane,0.541025641025641,2.41557223265
Item4,Jotunn's Wrath,0.5006821282401092,2.02947667087
Item5,Mantle of Discord,0.620253164557,2.00081665986
Item6,Wind Demon,0.627906976744,2.41502683363
Relic1,Blink,0.523985239852,
Relic2,Wrath,0.5,
