Relics_most_pop,Relics_most_pop_L2,Relics_most_pop_winrate,Relics_most_pop_wr_paired,Relics_L2,Relics_L2_coef,Relics_L2_winrate,Relics_L2_wr_paired
Purification,0.298675733211279,0.4811031664964249,0.0,Blink,5.899981773736859,0.5038560411311054,0.0
Wrath,0.7200431688949664,0.47226386806596704,,Relic,4.017974866671009,0.42735042735042733,
