Relics_most_pop,Relics_most_pop_L2,Relics_most_pop_winrate,Relics_most_pop_wr_paired,Relics_L2,Relics_L2_coef,Relics_L2_winrate,Relics_L2_wr_paired
Purification,-0.6310650281187374,0.5049751243781094,0.584905660377,Blink,15.130966131185849,0.5591715976331361,0.584905660377
Wrath,3.9483394035333643,0.49727767695099817,,Wrath,3.9483394035333643,0.49727767695099817,
