Relics_most_pop,Relics_most_pop_L2,Relics_most_pop_winrate,Relics_most_pop_wr_paired,Relics_L2,Relics_L2_coef,Relics_L2_winrate,Relics_L2_wr_paired
Purification,2.640269520471817,0.5712025316455697,0.68085106383,Wrath,15.340490741294543,0.5833333333333334,0.68085106383
Wrath,15.340490741294543,0.5833333333333334,,Blink,14.111748724708779,0.6148867313915858,
