Relics_most_pop,Relics_most_pop_L2,Relics_most_pop_winrate,Relics_most_pop_wr_paired,Relics_L2,Relics_L2_coef,Relics_L2_winrate,Relics_L2_wr_paired
Purification,-7.738151175723326,0.41089108910891087,1.0,Sanctuary,7.024011339819275,0.4731182795698925,1.0
Wrath,-2.3130103584344597,0.4148148148148148,,Sprint,1.6350985662094308,0.47058823529411764,
