Relics_most_pop,Relics_most_pop_L2,Relics_most_pop_winrate,Relics_most_pop_wr_paired,Relics_L2,Relics_L2_coef,Relics_L2_winrate,Relics_L2_wr_paired
Purification,-6.81242417076906,0.47815533980582525,0.510638297872,Sanctuary,5.844231234084942,0.5276073619631901,0.510638297872
Wrath,4.476561441709231,0.5063829787234042,,Wrath,4.476561441709231,0.5063829787234042,
