Relics_most_pop,Relics_most_pop_L2,Relics_most_pop_winrate,Relics_most_pop_wr_paired,Relics_L2,Relics_L2_coef,Relics_L2_winrate,Relics_L2_wr_paired
Purification,-0.5928422851556525,0.5159235668789809,0.565217391304,Sprint,4.144730017898084,0.5573770491803278,0.565217391304
Sanctuary,-7.325598346374429,0.5108459869848156,,Purification,-0.5928422851556525,0.5159235668789809,
