,recommendations,win_rate,win_rate_per_cost
Starter Item,Soul Stone,,
Boots,Shoes of the Magi,0.47198879551820727,3.0
Item2,Rod of Tahuti,0.5539568345323741,1.44578313253
Item3,Warlock's Sash,0.48,1.81132075472
Item4,Book of Thoth,0.4951219512195122,1.81132075472
Item5,Gem of Isolation,0.558823529412,2.0697167756
Item6,Dynasty Plate Helm,0.553956834532,2.84629981025
Relic1,Sanctuary,0.479374110953,
Relic2,Purification,0.467040673212,
