Items_most_pop,Items_most_pop_L2,Items_most_pop_winrate,Items_L2,Items_L2_coef,Items_L2_winrate,Items_gold_adjusted_L2,Items_gold_adjusted_L2_coef,Items_gold_adjusted_L2_winrate
Shoes of the Magi,3.7261553126683897,0.5627705627705628,Rod of Tahuti,23.12450712680702,0.6689419795221843,Rod of Tahuti,0.6965212990002114,2.014885480488507
Obsidian Shard,7.812269720541024,0.5906040268456376,Obsidian Shard,7.812269720541024,0.5906040268456376,Obsidian Shard,0.38108632783126944,2.8809952529055494
Book of Thoth,4.639065626975449,0.5758354755784062,Gem of Isolation,4.717961668188151,0.6285714285714286,Shoes of the Magi,0.23288470704177436,3.517316017316017
Rod of Tahuti,23.12450712680702,0.6689419795221843,Book of Thoth,4.639065626975449,0.5758354755784062,Doom Orb,0.2000460470387934,3.048780487804878
Soul Stone,-7.791756790625845,0.49624060150375937,Doom Orb,4.100943964295264,0.625,Book of Thoth,0.1750590802632245,2.1729640587864383
Warlock's Sash,2.3965117007268515,0.5665399239543726,Shoes of the Magi,3.7261553126683897,0.5627705627705628,Gem of Isolation,0.17473932104400558,2.328042328042328
