,recommendations,win_rate,win_rate_per_cost
Starter Item,Soul Stone,,
Boots,Shoes of the Magi,0.577464788732,3.46627408994
Item2,Rod of Tahuti,0.6334991708126037,1.68869548274
Item3,Obsidian Shard,0.5808444902162719,2.73486292814
Item4,Warlock's Sash,0.5774647887323944,2.11564868026
Item5,Doom Orb,0.640449438202,3.12414360099
Item6,Dynasty Plate Helm,0.56064690027,3.38468720822
Relic1,Purification,0.55905511811,
Relic2,Sanctuary,0.552517985612,
