,recommendations,win_rate,win_rate_per_cost
Starter Item,Soul Stone,,
Boots,Shoes of the Magi,0.496710526316,3.10444078947
Item2,Soul Stone,0.5052264808362369,6.20888157895
Item3,Rod of Tahuti,0.5527426160337553,1.49611604312
Item4,Book of Thoth,0.5103857566765578,1.87437934459
Item5,Doom Orb,0.552742616034,2.64227642276
Item6,Soul Reaver,0.510385756677,1.93340494092
Relic1,Purification,0.493174061433,
Relic2,Sprint,0.533333333333,
