Items_most_pop,Items_most_pop_L2,Items_most_pop_winrate,Items_L2,Items_L2_coef,Items_L2_winrate,Items_gold_adjusted_L2,Items_gold_adjusted_L2_coef,Items_gold_adjusted_L2_winrate
Shoes of the Magi,0.2711897817343987,0.5129151291512916,Rod of Tahuti,7.545689291823651,0.6199095022624435,Rod of Tahuti,0.2272797979464955,1.867197295971215
Obsidian Shard,4.005611266631151,0.5521126760563381,Obsidian Shard,4.005611266631151,0.5521126760563381,Obsidian Shard,0.19539567154298296,2.6932325661284784
Book of Thoth,0.3727295284985849,0.5160142348754448,Chronos' Pendant,3.801952224955522,0.5714285714285714,Chronos' Pendant,0.15841467603981343,2.380952380952381
Soul Stone,-4.992033247544703,0.4366812227074236,Warlock's Sash,2.2375646774538196,0.543778801843318,Dynasty Plate Helm,0.12001477112745934,3.3529411764705883
Rod of Tahuti,7.545689291823651,0.6199095022624435,Dynasty Plate Helm,2.040251109166809,0.57,Warlock's Sash,0.08443640292278565,2.05199547865403
Warlock's Sash,2.2375646774538196,0.543778801843318,Spear of the Magus,1.3321958720420017,0.5869565217391305,Spear of the Magus,0.06196259869962798,2.730030333670374
