Items_most_pop,Items_most_pop_L2,Items_most_pop_winrate,Items_L2,Items_L2_coef,Items_L2_winrate,Items_gold_adjusted_L2,Items_gold_adjusted_L2_coef,Items_gold_adjusted_L2_winrate
Shoes of the Magi,0.07083286218733102,0.5066666666666667,Rod of Tahuti,0.6550598653877171,0.6470588235294118,Rod of Tahuti,0.01973071883697943,1.9489723600283486
Obsidian Shard,0.017724787265115196,0.5034013605442177,Book of Thoth,0.4973659824884344,0.5811965811965812,Book of Thoth,0.018768527641072997,2.1931946460248346
Book of Thoth,0.4973659824884344,0.5811965811965812,Dynasty Plate Helm,0.10403073169546892,0.5526315789473685,Dynasty Plate Helm,0.006119454805615819,3.2507739938080493
Warlock's Sash,0.022978027665090408,0.5050505050505051,Divine Ruin,0.0789066248038119,0.6,Shoes of the Magi,0.004427053886708188,3.1666666666666665
Soul Stone,-0.15803589080019878,0.4659090909090909,Shoes of the Magi,0.07083286218733102,0.5066666666666667,Divine Ruin,0.004335528835374281,3.2967032967032965
Rod of Tahuti,0.6550598653877171,0.6470588235294118,Warlock's Sash,0.022978027665090408,0.5050505050505051,Chronos' Pendant,0.0009484248312446953,2.1135265700483092
