Relics_most_pop,Relics_most_pop_L2,Relics_most_pop_winrate,Relics_most_pop_wr_paired,Relics_L2,Relics_L2_coef,Relics_L2_winrate,Relics_L2_wr_paired
Purification,83.83814369128415,0.5204081632653061,0.666666666667,Relic,100.17073292631741,0.625,0.666666666667
Sanctuary,-23.489184620379184,0.4838709677419355,,Purification,83.83814369128415,0.5204081632653061,
