Items_most_pop,Items_most_pop_L2,Items_most_pop_winrate,Items_L2,Items_L2_coef,Items_L2_winrate,Items_gold_adjusted_L2,Items_gold_adjusted_L2_coef,Items_gold_adjusted_L2_winrate
Shoes of the Magi,9.996794776011493,0.5235602094240838,Rod of Tahuti,23.356504531270907,0.6712328767123288,Rod of Tahuti,0.7035091726286418,2.021785773229906
Obsidian Shard,8.79448939251408,0.5590551181102362,Shoes of the Magi,9.996794776011493,0.5235602094240838,Shoes of the Magi,0.6247996735007183,3.2722513089005236
Book of Thoth,6.239436162662882,0.5263157894736842,Chronos' Pendant,9.903240674649846,0.5797101449275363,Obsidian Shard,0.4289994825616625,2.7270981371231033
Soul Stone,-6.294151964149624,0.4457831325301205,Obsidian Shard,8.79448939251408,0.5590551181102362,Chronos' Pendant,0.4126350281104102,2.4154589371980677
Warlock's Sash,3.6853786011575904,0.5333333333333333,Gem of Isolation,8.4298175476137,0.6875,Dynasty Plate Helm,0.32919069586756305,3.361344537815126
Rod of Tahuti,23.356504531270907,0.6712328767123288,Book of Thoth,6.239436162662882,0.5263157894736842,Gem of Isolation,0.3122154647264333,2.5462962962962963
