Items_most_pop,Items_most_pop_L2,Items_most_pop_winrate,Items_L2,Items_L2_coef,Items_L2_winrate,Items_gold_adjusted_L2,Items_gold_adjusted_L2_coef,Items_gold_adjusted_L2_winrate
Shoes of the Magi,-14.195636894612798,0.4117647058823529,Book of Thoth,28.425125798011198,0.5116279069767442,Book of Thoth,1.0726462565287243,1.9306713470820536
Obsidian Shard,-8.360779409001971,0.42105263157894735,Soul Reaver,15.747798177171576,0.6111111111111112,Shoes of Focus,0.8820721934961763,3.9215686274509802
Book of Thoth,28.425125798011198,0.5116279069767442,Shoes of Focus,13.231082902442646,0.5882352941176471,Soul Reaver,0.5356393937813461,2.0786092214663645
Soul Stone,7.277054804950549,0.45454545454545453,Rod of Tahuti,12.793823015870961,0.4807692307692308,Rod of Tahuti,0.38535611493587235,1.448100092678406
Rod of Tahuti,12.793823015870961,0.4807692307692308,Spear of the Magus,0.3224941023423809,0.46153846153846156,Spear of the Magus,0.014999725690343298,2.146690518783542
Chronos' Pendant,-3.4363853133236177,0.4230769230769231,Gem of Isolation,-0.24107089111015242,0.4444444444444444,Gem of Isolation,-0.008928551522598237,1.646090534979424
