Items_most_pop,Items_most_pop_L2,Items_most_pop_winrate,Items_L2,Items_L2_coef,Items_L2_winrate,Items_gold_adjusted_L2,Items_gold_adjusted_L2_coef,Items_gold_adjusted_L2_winrate
Shoes of the Magi,7.228042647603609,0.5211538461538462,Rod of Tahuti,32.087794483581376,0.6347826086956522,Dynasty Plate Helm,1.4215691340328824,3.830369357045144
Obsidian Shard,-7.676036749528438,0.5224719101123596,Dynasty Plate Helm,24.166675278558998,0.6511627906976745,Rod of Tahuti,0.9664998338428126,1.9119958093242535
Book of Thoth,1.8496574732264761,0.519434628975265,Doom Orb,13.815965547718148,0.6363636363636364,Doom Orb,0.6739495389130804,3.104212860310421
Rod of Tahuti,32.087794483581376,0.6347826086956522,Shoes of the Magi,7.228042647603609,0.5211538461538462,Shoes of the Magi,0.45175266547522563,3.2572115384615383
Soul Stone,2.684601673499727,0.4792626728110599,Soul Reaver,4.9501422892009534,0.5753424657534246,Soul Reaver,0.16837218670751541,1.9569471624266144
Warlock's Sash,2.3579166622859797,0.5280373831775701,Warlock's Sash,2.3579166622859797,0.5280373831775701,Warlock's Sash,0.0889779872560747,1.9925938987832834
