Items_most_pop,Items_most_pop_L2,Items_most_pop_winrate,Items_L2,Items_L2_coef,Items_L2_winrate,Items_gold_adjusted_L2,Items_gold_adjusted_L2_coef,Items_gold_adjusted_L2_winrate
Shoes of the Magi,5.369945927353199,0.5178335535006605,Book of Thoth,6.002768575759665,0.5384615384615384,Shoes of the Magi,0.33562162045957494,3.2364597093791283
Obsidian Shard,-3.3747695650220795,0.49385245901639346,Rod of Tahuti,5.922337293379044,0.5535714285714286,Book of Thoth,0.2265195688965911,2.0319303338171264
Book of Thoth,6.002768575759665,0.5384615384615384,Shoes of the Magi,5.369945927353199,0.5178335535006605,Rod of Tahuti,0.17838365341503148,1.6673838209982788
Warlock's Sash,1.3929220292443627,0.5101449275362319,Warlock's Sash,1.3929220292443627,0.5101449275362319,Doom Orb,0.06280003036016596,2.687904430064709
Soul Stone,1.8700727498175806,0.5117647058823529,Doom Orb,1.2874006223834022,0.5510204081632653,Warlock's Sash,0.0525630954431835,1.9250751982499317
Rod of Tahuti,5.922337293379044,0.5535714285714286,Gem of Isolation,0.46190868595866297,0.5211267605633803,Gem of Isolation,0.01710772910958011,1.9300991131977048
