Items_most_pop,Items_most_pop_L2,Items_most_pop_winrate,Items_L2,Items_L2_coef,Items_L2_winrate,Items_gold_adjusted_L2,Items_gold_adjusted_L2_coef,Items_gold_adjusted_L2_winrate
Shoes of the Magi,7.223057408484054,0.45664739884393063,Rod of Tahuti,28.007901323493734,0.5789473684210527,Rod of Tahuti,0.8436114856474016,1.7438173747622068
Obsidian Shard,-7.087311521220367,0.4495798319327731,Soul Reaver,16.398202324248732,0.5967741935483871,Soul Reaver,0.557761983817984,2.0298441957428133
Book of Thoth,13.314168251734024,0.4891304347826087,Book of Thoth,13.314168251734024,0.4891304347826087,Book of Thoth,0.5024214434616613,1.8457752255947497
Warlock's Sash,-3.786957839464448,0.43137254901960786,Shoes of the Magi,7.223057408484054,0.45664739884393063,Shoes of the Magi,0.4514410880302534,2.8540462427745665
Soul Stone,2.4331842907183603,0.42857142857142855,Spear of Desolation,1.7002703986926497,0.5,Spear of Desolation,0.04474395786033289,1.3157894736842106
Rod of Tahuti,28.007901323493734,0.5789473684210527,Doom Orb,0.5222801060295081,0.47619047619047616,Doom Orb,0.02547707834290284,2.3228803716608595
