Relics_most_pop,Relics_most_pop_L2,Relics_most_pop_winrate,Relics_most_pop_wr_paired,Relics_L2,Relics_L2_coef,Relics_L2_winrate,Relics_L2_wr_paired
Purification,-2.7143315681257207,0.4972972972972973,0.642857142857,Sprint,2.5603821271676983,0.5555555555555556,0.642857142857
Sanctuary,1.744865065264028,0.5138121546961326,,Sanctuary,1.744865065264028,0.5138121546961326,
