Relics_most_pop,Relics_most_pop_L2,Relics_most_pop_winrate,Relics_most_pop_wr_paired,Relics_L2,Relics_L2_coef,Relics_L2_winrate,Relics_L2_wr_paired
Meditation,13.951502775304089,0.5035211267605634,0.5,Purification,15.119038460319413,0.5476190476190477,0.5
Shell,-3.0894249594734777,0.515748031496063,,Blink,14.150159271459925,0.5666666666666667,
