Items_most_pop,Items_most_pop_L2,Items_most_pop_winrate,Items_L2,Items_L2_coef,Items_L2_winrate,Items_gold_adjusted_L2,Items_gold_adjusted_L2_coef,Items_gold_adjusted_L2_winrate
Watcher's Gift,-21.841242688676317,0.3839556004036327,Mantle of Discord,26.768214880399714,0.6360225140712945,Mantle of Discord,0.8634908025935392,2.0516855292622407
Shoes of Focus,7.365153491880967,0.4785794813979707,Sovereignty,17.452366936029147,0.5190691661279897,Sovereignty,0.8310650921918641,2.4717579339428077
Hide of the Urchin,12.085326196367552,0.48604651162790696,Void Stone,15.604568584253478,0.5852941176470589,Void Stone,0.7092985720115217,2.660427807486631
Breastplate of Valor,-0.9955820566690792,0.4712074303405573,Heartward Amulet,12.588254861928316,0.5271614384085692,Heartward Amulet,0.5994407077108722,2.5102925638503297
Sovereignty,17.452366936029147,0.5190691661279897,Hide of the Urchin,12.085326196367552,0.48604651162790696,Hide of the Urchin,0.5035552581819813,2.0251937984496124
Heartward Amulet,12.588254861928316,0.5271614384085692,Shoes of Focus,7.365153491880967,0.4785794813979707,Shoes of Focus,0.49101023279206446,3.190529875986471
