Relics_most_pop,Relics_most_pop_L2,Relics_most_pop_winrate,Relics_most_pop_wr_paired,Relics_L2,Relics_L2_coef,Relics_L2_winrate,Relics_L2_wr_paired
Wrath,-2.7432827568614404,0.39622641509433965,0.0,Sunder,1.5624145038072783,0.75,0.0
Teleport,-0.033582482826484836,0.47619047619047616,,Sprint,1.3355751238513556,0.5714285714285714,
