Items_most_pop,Items_most_pop_L2,Items_most_pop_winrate,Items_L2,Items_L2_coef,Items_L2_winrate,Items_gold_adjusted_L2,Items_gold_adjusted_L2_coef,Items_gold_adjusted_L2_winrate
Watcher's Gift,-31.724442113978608,0.3270440251572327,Winged Blade,18.154176432400877,0.5333333333333333,Winged Blade,0.9813068341838314,2.8828828828828827
Shoes of Focus,-5.033944207276824,0.39436619718309857,Bulwark of Hope,14.481756471881917,0.5581395348837209,Pestilence,0.6593762806325445,2.524916943521595
Hide of the Urchin,12.234454417250037,0.44881889763779526,Pestilence,14.176590033599707,0.5428571428571428,Bulwark of Hope,0.5735349097775017,2.210453603499885
Breastplate of Valor,-4.623192898885488,0.3944954128440367,Hide of the Urchin,12.234454417250037,0.44881889763779526,Hide of the Urchin,0.5097689340520848,1.8700787401574803
Sovereignty,3.215706663294621,0.42574257425742573,Mantle of Discord,4.391361170267862,0.48717948717948717,Reinforced Shoes,0.17032210194419894,3.061224489795918
Heartward Amulet,1.7774647356474298,0.4175824175824176,Sovereignty,3.215706663294621,0.42574257425742573,Sovereignty,0.1531288887283153,2.0273455917020273
