Items_most_pop,Items_most_pop_L2,Items_most_pop_winrate,Items_L2,Items_L2_coef,Items_L2_winrate,Items_gold_adjusted_L2,Items_gold_adjusted_L2_coef,Items_gold_adjusted_L2_winrate
Watcher's Gift,-7.5188456205754175,0.4310850439882698,Hide of the Urchin,5.601308449246712,0.5665529010238908,Hide of the Urchin,0.23338785205194634,2.360637087599545
Shoes of Focus,1.8500119487097362,0.5223880597014925,Spirit Robe,4.690774678252406,0.6302521008403361,Sovereignty,0.20547174281375943,2.659019812304484
Breastplate of Valor,2.650854886919051,0.5389830508474577,Sovereignty,4.314906599088948,0.5583941605839416,Spirit Robe,0.1906818974899352,2.5620004099200657
Hide of the Urchin,5.601308449246712,0.5665529010238908,Void Stone,3.510010046430292,0.6138613861386139,Void Stone,0.1595459112013769,2.7902790279027903
Sovereignty,4.314906599088948,0.5583941605839416,Bulwark of Hope,2.835323345483145,0.5793650793650794,Winged Blade,0.15157929448755236,3.108991344285462
Heartward Amulet,1.0234676757065286,0.5308056872037915,Winged Blade,2.804216948019718,0.5751633986928104,Shoes of Focus,0.12333412991398242,3.482587064676617
