Relics_most_pop,Relics_most_pop_L2,Relics_most_pop_winrate,Relics_most_pop_wr_paired,Relics_L2,Relics_L2_coef,Relics_L2_winrate,Relics_L2_wr_paired
Wrath,-0.9069918315177056,0.4909090909090909,1.0,Curse,2.318257370467564,0.6666666666666666,1.0
Meditation,1.143738902162505,0.5645161290322581,,Blink,1.7912928300910718,0.6388888888888888,
