Items_most_pop,Items_most_pop_L2,Items_most_pop_winrate,Items_L2,Items_L2_coef,Items_L2_winrate,Items_gold_adjusted_L2,Items_gold_adjusted_L2_coef,Items_gold_adjusted_L2_winrate
Watcher's Gift,-6.329016063483491,0.44683026584867075,Sovereignty,7.570762221144327,0.5806451612903226,Sovereignty,0.36051248672115843,2.7649769585253456
Shoes of Focus,0.5346843629205037,0.5084937712344281,Void Stone,3.6497038980538425,0.6568047337278107,Void Stone,0.1658956317297201,2.9854760623991394
Hide of the Urchin,1.88891014722205,0.52046783625731,Mantle of Discord,3.0258155443801025,0.6041666666666666,Winged Blade,0.1363131725025451,3.0044933270739724
Breastplate of Valor,0.004072898712035414,0.5051020408163265,Winged Blade,2.521793691297084,0.5558312655086849,Mantle of Discord,0.09760695304451944,1.9489247311827957
Sovereignty,7.570762221144327,0.5806451612903226,Hide of the Urchin,1.88891014722205,0.52046783625731,Hide of the Urchin,0.07870458946758542,2.168615984405458
Heartward Amulet,1.6153248676001355,0.5335570469798657,Pestilence,1.6883131510172562,0.5656108597285068,Pestilence,0.07852619307057006,2.6307481847837524
