Items_most_pop,Items_most_pop_L2,Items_most_pop_winrate,Items_L2,Items_L2_coef,Items_L2_winrate,Items_gold_adjusted_L2,Items_gold_adjusted_L2_coef,Items_gold_adjusted_L2_winrate
Watcher's Gift,-8.719863975481035,0.46362098138747887,Heartward Amulet,12.29638274661215,0.6142506142506142,Heartward Amulet,0.5855420355529596,2.925002925002925
Shoes of Focus,1.4609404369694212,0.5242214532871973,Sovereignty,12.021234697383134,0.5983935742971888,Sovereignty,0.5724397474944349,2.849493210938994
Hide of the Urchin,1.3763716714464254,0.5320388349514563,Winged Blade,9.530827968504347,0.6375545851528385,Winged Blade,0.5151798901894242,3.4462410008261535
Breastplate of Valor,-0.05490654593940377,0.5226824457593688,Witchblade,5.547852366953652,0.7014925373134329,Witchblade,0.27062694472944643,3.421914816163087
Sovereignty,12.021234697383134,0.5983935742971888,Mantle of Discord,5.494147981045141,0.6198830409356725,Mantle of Discord,0.1772305800337142,1.9996227126957178
Heartward Amulet,12.29638274661215,0.6142506142506142,Spirit Robe,4.06562702638779,0.5869565217391305,Spirit Robe,0.16526939131657684,2.3860021208907742
