Items_most_pop,Items_most_pop_L2,Items_most_pop_winrate,Items_L2,Items_L2_coef,Items_L2_winrate,Items_gold_adjusted_L2,Items_gold_adjusted_L2_coef,Items_gold_adjusted_L2_winrate
Watcher's Gift,-19.79167624553929,0.4254514909701806,Sovereignty,26.49518524351141,0.564935064935065,Winged Blade,1.338268687510031,3.332172608684006
Shoes of Focus,7.157243253624087,0.5153568202348691,Winged Blade,24.75797071893557,0.6164519326065411,Sovereignty,1.2616754877862577,2.6901669758812616
Hide of the Urchin,13.884781028017452,0.5284514925373134,Mantle of Discord,24.016451246107078,0.6451127819548872,Mantle of Discord,0.7747242337453897,2.0810089740480233
Breastplate of Valor,4.72965388766346,0.5225,Hide of the Urchin,13.884781028017452,0.5284514925373134,Void Stone,0.5838465579785864,2.6986001011975036
Sovereignty,26.49518524351141,0.564935064935065,Bulwark of Hope,13.301005367702356,0.5700245700245701,Hide of the Urchin,0.5785325428340604,2.2018812189054726
Heartward Amulet,6.294754861642714,0.5584677419354839,Void Stone,12.8446242755289,0.5936920222634509,Bulwark of Hope,0.5267724898099944,2.2575230496022574
