Relics_most_pop,Relics_most_pop_L2,Relics_most_pop_winrate,Relics_most_pop_wr_paired,Relics_L2,Relics_L2_coef,Relics_L2_winrate,Relics_L2_wr_paired
Meditation,29.167903121127896,0.5191256830601093,0.53125,Meditation,29.167903121127896,0.5191256830601093,0.53125
Shell,-3.701542160036049,0.510752688172043,,Blink,16.77610829205096,0.5806451612903226,
