,recommendations,win_rate,win_rate_per_cost
Starter Item,Soul Stone,,
Boots,Shoes of the Magi,0.6875,3.65384615385
Item2,Rod of Tahuti,0.6875,1.7608897127
Item3,Obsidian Shard,0.61,2.85178236398
Item4,Book of Thoth,0.6056338028169014,2.206095791
Item5,Polynomicon,0.633333333333,2.75362318841
Item6,Winged Blade,0.611111111111,3.3033033033
Relic1,Purification,0.568181818182,
Relic2,Sanctuary,0.573170731707,
