,recommendations,win_rate,win_rate_per_cost
Starter Item,Soul Stone,,
Boots,Shoes of the Magi,0.5331412103746398,3.54609929078
Item2,Rod of Tahuti,0.639751552795031,1.70896351363
Item3,Obsidian Shard,0.5802469135802469,2.76768725134
Item4,Warlock's Sash,0.5789473684210527,2.14104108123
Item5,Polynomicon,0.639751552795,2.77591973244
Item6,Chronos' Pendant,0.58024691358,2.72108843537
Relic1,Purification,0.545189504373,
Relic2,Relic,0.478260869565,
