,recommendations,win_rate,win_rate_per_cost
Starter Item,Soul Stone,,
Boots,Shoes of the Magi,0.515151515152,2.91353383459
Item2,Rod of Tahuti,0.6323529411764706,1.42077744942
Item3,Obsidian Shard,0.5434782608695652,2.30096640589
Item4,Polynomicon,0.559322033898305,2.05086136177
Item5,Warlock's Sash,0.8,1.91263892479
Item6,Spear of Desolation,0.506849315068,2.10526315789
Relic1,Sprint,0.529411764706,
Relic2,Blink,0.5,
