Items_most_pop,Items_most_pop_L2,Items_most_pop_winrate,Items_L2,Items_L2_coef,Items_L2_winrate,Items_gold_adjusted_L2,Items_gold_adjusted_L2_coef,Items_gold_adjusted_L2_winrate
Shoes of the Magi,1.2570356547464516,0.513215859030837,Rod of Tahuti,9.189699441225684,0.6390041493775933,Rod of Tahuti,0.2767981759405327,1.924711293306004
Obsidian Shard,3.3160059521957543,0.5457317073170732,Winged Blade,3.8029575024544036,0.6062992125984252,Winged Blade,0.20556527040294076,3.2772930410725687
Rod of Tahuti,9.189699441225684,0.6390041493775933,Polynomicon,3.583563588617469,0.5771428571428572,Obsidian Shard,0.16175638791198801,2.6621058893515763
Warlock's Sash,-0.8295582881553335,0.48878923766816146,Obsidian Shard,3.3160059521957543,0.5457317073170732,Polynomicon,0.1558071125485856,2.5093167701863353
Book of Thoth,1.2536322548377679,0.527363184079602,Demonic Grip,1.9168432192492177,0.5364583333333334,Demonic Grip,0.08407207101970254,2.3528874269005846
Demonic Grip,1.9168432192492177,0.5364583333333334,Shoes of the Magi,1.2570356547464516,0.513215859030837,Shoes of the Magi,0.07856472842165323,3.2075991189427313
