Items_most_pop,Items_most_pop_L2,Items_most_pop_winrate,Items_L2,Items_L2_coef,Items_L2_winrate,Items_gold_adjusted_L2,Items_gold_adjusted_L2_coef,Items_gold_adjusted_L2_winrate
Shoes of the Magi,339.13542594864157,0.5436893203883495,Dynasty Plate Helm,695.6209777708336,0.875,Dynasty Plate Helm,40.91888104534315,5.147058823529412
Obsidian Shard,168.8716722809239,0.6,Shoes of the Magi,339.13542594864157,0.5436893203883495,Shoes of the Magi,21.195964121790098,3.3980582524271843
Demonic Grip,40.190928145643554,0.5217391304347826,Telkhines Ring,330.12187523853265,0.6363636363636364,Telkhines Ring,15.535147070048597,2.9946524064171123
Polynomicon,260.6582562284425,0.6444444444444445,Rod of Tahuti,264.11094839655055,0.6222222222222222,Polynomicon,11.332967662106194,2.8019323671497585
Rod of Tahuti,264.11094839655055,0.6222222222222222,Polynomicon,260.6582562284425,0.6444444444444445,Chronos' Pendant,10.024324362757591,2.2435897435897436
Warlock's Sash,129.84839093516516,0.575,Chronos' Pendant,240.5837847061822,0.5384615384615384,Obsidian Shard,8.23764255028897,2.926829268292683
