Items_most_pop,Items_most_pop_L2,Items_most_pop_winrate,Items_L2,Items_L2_coef,Items_L2_winrate,Items_gold_adjusted_L2,Items_gold_adjusted_L2_coef,Items_gold_adjusted_L2_winrate
Shoes of the Magi,-6.956023864699684,0.46226415094339623,Polynomicon,16.52770969751239,0.6585365853658537,Polynomicon,0.7185960738048864,2.863202545068929
Obsidian Shard,4.586472761114886,0.5217391304347826,Telkhines Ring,11.273596081270506,0.6956521739130435,Telkhines Ring,0.5305221685303768,3.2736572890025575
Warlock's Sash,0.27262991400470965,0.49019607843137253,Rod of Tahuti,7.28208587348261,0.574468085106383,Shoes of Focus,0.425690653021487,4.2105263157894735
Rod of Tahuti,7.28208587348261,0.574468085106383,Shoes of Focus,6.385359795322305,0.631578947368421,Obsidian Shard,0.22373037859097006,2.545068928950159
Demonic Grip,-6.749217789978316,0.43478260869565216,Obsidian Shard,4.586472761114886,0.5217391304347826,Rod of Tahuti,0.2193399359482714,1.7303255575493464
Book of Thoth,-6.8885347215824995,0.4222222222222222,Warlock's Sash,0.27262991400470965,0.49019607843137253,Warlock's Sash,0.010287921283196591,1.8497965223825379
