,recommendations,win_rate,win_rate_per_cost
Starter Item,Soul Stone,,
Boots,Shoes of the Magi,0.512953367876,3.1291064389
Item2,Rod of Tahuti,0.6081081081081081,1.60046125094
Item3,Obsidian Shard,0.5233265720081136,2.59196651372
Item4,Book of Thoth,0.5313531353135313,2.00510617099
Item5,Polynomicon,0.554421768707,2.41052942916
Item6,Winged Blade,0.531353135314,2.9211029211
Relic1,Sprint,0.545454545455,
Relic2,Teleport,0.498039215686,
