,recommendations,win_rate,win_rate_per_cost
Starter Item,Soul Stone,,
Boots,Shoes of the Magi,0.5056603773584906,3.72340425532
Item2,Rod of Tahuti,0.6504065040650406,1.79441168931
Item3,Obsidian Shard,0.5795454545454546,2.90607161391
Item4,Winged Blade,0.5957446808510638,3.22024151811
Item5,Polynomicon,0.650406504065,2.8517999065
Item6,Telkhines Ring,0.592105263158,2.8543876567
Relic1,Sprint,0.653846153846,
Relic2,Blink,0.818181818182,
