Relics_most_pop,Relics_most_pop_L2,Relics_most_pop_winrate,Relics_most_pop_wr_paired,Relics_L2,Relics_L2_coef,Relics_L2_winrate,Relics_L2_wr_paired
Purification,0.004423386954957571,0.5017421602787456,0.621621621622,Teleport,0.8736954748935586,0.5625,0.621621621622
Sanctuary,-0.9012175078432386,0.48497854077253216,,Purification,0.004423386954957571,0.5017421602787456,
