Relics_most_pop,Relics_most_pop_L2,Relics_most_pop_winrate,Relics_most_pop_wr_paired,Relics_L2,Relics_L2_coef,Relics_L2_winrate,Relics_L2_wr_paired
Purification,-4.163043897469179,0.49264705882352944,0.0,Teleport,5.54424926387367,0.8333333333333334,0.0
Sanctuary,-1.3730183718861617,0.4959349593495935,,Sprint,1.0786273701493663,0.5333333333333333,
