Relics_most_pop,Relics_most_pop_L2,Relics_most_pop_winrate,Relics_most_pop_wr_paired,Relics_L2,Relics_L2_coef,Relics_L2_winrate,Relics_L2_wr_paired
Purification,0.22428224866334465,0.5037037037037037,0.630136986301,Teleport,1.8558790101473808,0.5333333333333333,0.630136986301
Sanctuary,-0.6285051904045663,0.49333333333333335,,Purification,0.22428224866334465,0.5037037037037037,
