,recommendations,win_rate,win_rate_per_cost
Starter Item,Soul Stone,,
Boots,Shoes of the Magi,0.528125,3.30882352941
Item2,Rod of Tahuti,0.6744186046511628,1.59461374911
Item3,Obsidian Shard,0.5898617511520737,2.5824964132
Item4,Book of Thoth,0.5384615384615384,1.99778024417
Item5,Doom Orb,0.633802816901,3.09172105806
Item6,Polynomicon,0.607142857143,2.6397515528
Relic1,Purification,0.550955414013,
Relic2,Sanctuary,0.550200803213,
