Items_most_pop,Items_most_pop_L2,Items_most_pop_winrate,Items_L2,Items_L2_coef,Items_L2_winrate,Items_gold_adjusted_L2,Items_gold_adjusted_L2_coef,Items_gold_adjusted_L2_winrate
Shoes of the Magi,6.792159347993722,0.5264367816091954,Polynomicon,30.890635523744038,0.6325301204819277,Polynomicon,1.3430711097280015,2.750130958617077
Obsidian Shard,4.301430203921391,0.5517241379310345,Rod of Tahuti,17.831930553620882,0.6078431372549019,Book of Thoth,0.6296931404711599,2.180293501048218
Rod of Tahuti,17.831930553620882,0.6078431372549019,Book of Thoth,16.68686822248574,0.5777777777777777,Warlock's Sash,0.5917500360844976,2.073142324714652
Book of Thoth,16.68686822248574,0.5777777777777777,Warlock's Sash,15.681375956239188,0.5493827160493827,Rod of Tahuti,0.5371063419765326,1.8308528230569336
Demonic Grip,-1.6655868374084188,0.5340909090909091,Shoes of the Magi,6.792159347993722,0.5264367816091954,Shoes of the Magi,0.42450995924960755,3.2902298850574714
Polynomicon,30.890635523744038,0.6325301204819277,Telkhines Ring,6.179039974586672,0.5428571428571428,Telkhines Ring,0.2907783517452551,2.5546218487394956
