,recommendations,win_rate,win_rate_per_cost
Starter Item,Soul Stone,,
Boots,Shoes of the Magi,0.606741573034,3.61842105263
Item2,Obsidian Shard,0.6375,2.82413350449
Item3,Book of Thoth,0.6067415730337079,2.18470705065
Item4,Chronos' Pendant,0.5514018691588785,2.41228070175
Item5,Rod of Tahuti,0.6375,2.1292064811
Item6,Divine Ruin,0.578947368421,3.73626373626
Relic1,Purification,0.594339622642,
Relic2,Blink,0.625,
