Items_most_pop,Items_most_pop_L2,Items_most_pop_winrate,Items_L2,Items_L2_coef,Items_L2_winrate,Items_gold_adjusted_L2,Items_gold_adjusted_L2_coef,Items_gold_adjusted_L2_winrate
Chronos' Pendant,-50.70535918569067,0.5555555555555556,Shoes of the Magi,91.68515725830369,0.6197183098591549,Shoes of the Magi,5.7303223286439815,3.8732394366197185
Book of Thoth,43.38454375436523,0.5972222222222222,Warlock's Sash,47.658271912564125,0.5909090909090909,Shoes of Focus,3.093377255856097,3.4782608695652173
Shoes of the Magi,91.68515725830369,0.6197183098591549,Shoes of Focus,46.400658837841455,0.5217391304347826,Warlock's Sash,1.798425355191099,2.229845626072041
Shoes of Focus,46.400658837841455,0.5217391304347826,Rod of Asclepius,44.86451114897258,0.6333333333333333,Rod of Asclepius,1.6866357574801725,2.380952380952381
Obsidian Shard,-69.75302735558942,0.5636363636363636,Book of Thoth,43.38454375436523,0.5972222222222222,Book of Thoth,1.6371525945043484,2.2536687631027252
Soul Stone,39.67722287957111,0.5416666666666666,Divine Ruin,17.946863215179366,0.6428571428571429,Divine Ruin,0.9860913854494158,3.532182103610675
