,recommendations,win_rate,win_rate_per_cost
Starter Item,Soul Stone,,
Boots,Shoes of Focus,0.5967741935483871,3.97163120567
Item2,Book of Thoth,0.6666666666666666,2.24809313529
Item3,Obsidian Shard,0.65,2.90607161391
Item4,Chronos' Pendant,0.6382978723404256,2.48226950355
Item5,Divine Ruin,0.875,4.80769230769
Item6,Rod of Asclepius,0.709677419355,2.66796022314
Relic1,Meditation,0.8,
Relic2,Phantom,1.0,
