Relics_most_pop,Relics_most_pop_L2,Relics_most_pop_winrate,Relics_most_pop_wr_paired,Relics_L2,Relics_L2_coef,Relics_L2_winrate,Relics_L2_wr_paired
Purification,-60.00804907598479,0.5252100840336135,0.6,Phantom,472.62197994804865,0.5333333333333333,0.6
Teleport,230.19950427061247,0.5602094240837696,,Teleport,230.19950427061247,0.5602094240837696,
