Items_most_pop,Items_most_pop_L2,Items_most_pop_winrate,Items_L2,Items_L2_coef,Items_L2_winrate,Items_gold_adjusted_L2,Items_gold_adjusted_L2_coef,Items_gold_adjusted_L2_winrate
Shoes of Focus,20.464499929043352,0.6187050359712231,Rod of Tahuti,89.12626201305571,0.7894736842105263,Rod of Tahuti,2.6845259642486656,2.3779327837666457
Warlock's Sash,32.610364531571854,0.6153846153846154,Void Stone,46.02571507613218,0.75,Void Stone,2.0920779580060085,3.409090909090909
Shoes of the Magi,-3.55638633029699,0.5652173913043478,Breastplate of Valor,37.238087501839594,0.6521739130434783,Breastplate of Valor,1.6190472826886781,2.835538752362949
Book of Thoth,-1.1316663029022591,0.6017699115044248,Warlock's Sash,32.610364531571854,0.6153846153846154,Shoes of Focus,1.364299995269557,4.124700239808154
Obsidian Shard,4.356623432966334,0.6138613861386139,Shoes of Focus,20.464499929043352,0.6187050359712231,Warlock's Sash,1.2305797936442207,2.3222060957910013
Breastplate of Valor,37.238087501839594,0.6521739130434783,Rod of Asclepius,9.329512210629284,0.65,Rod of Asclepius,0.3507335417529806,2.443609022556391
