,recommendations,win_rate,win_rate_per_cost
Starter Item,Soul Stone,,
Boots,Shoes of Focus,0.615384615385,4.12470023981
Item2,Breastplate of Valor,0.6521739130434783,2.61639091958
Item3,Warlock's Sash,0.6153846153846154,2.27082985473
Item4,Obsidian Shard,0.6138613861386139,2.93546298295
Item5,Rod of Tahuti,0.789473684211,2.37793278377
Item6,Void Stone,0.75,3.40909090909
Relic1,Curse,0.5625,
Relic2,Meditation,0.578947368421,
