Items_most_pop,Items_most_pop_L2,Items_most_pop_winrate,Items_L2,Items_L2_coef,Items_L2_winrate,Items_gold_adjusted_L2,Items_gold_adjusted_L2_coef,Items_gold_adjusted_L2_winrate
Obsidian Shard,5.9353095067799,0.59375,Rod of Tahuti,10.291999416846082,0.6764705882352942,Shoes of Focus,0.6491861046954702,4.1530054644808745
Shoes of Focus,9.737791570432053,0.6229508196721312,Shoes of Focus,9.737791570432053,0.6229508196721312,Rod of Tahuti,0.30999998243512294,2.03756201275691
Book of Thoth,6.443223643647403,0.6,Book of Thoth,6.443223643647403,0.6,Obsidian Shard,0.28952729301365365,2.8963414634146343
Shoes of the Magi,-3.2530553710656185,0.5344827586206896,Obsidian Shard,5.9353095067799,0.59375,Lotus Crown,0.2753151951423308,3.658536585365854
Chronos' Pendant,-5.904944070279733,0.5178571428571429,Rod of Asclepius,5.664307680048177,0.6296296296296297,Book of Thoth,0.24314051485461896,2.2641509433962264
Warlock's Sash,-2.775600478078992,0.54,Lotus Crown,5.643961500417783,0.75,Rod of Asclepius,0.2129438977461721,2.3670286828181566
