Items_most_pop,Items_most_pop_L2,Items_most_pop_winrate,Items_L2,Items_L2_coef,Items_L2_winrate,Items_gold_adjusted_L2,Items_gold_adjusted_L2_coef,Items_gold_adjusted_L2_winrate
Warrior Tabi,285.5687400649374,0.5022222222222222,Brawler's Beat Stick,958.9592700814752,0.5882352941176471,Brawler's Beat Stick,39.9566362533948,2.450980392156863
Breastplate of Valor,311.0838418250568,0.5217391304347826,Titan's Bane,355.7182317095663,0.5901639344262295,Warrior Tabi,18.423789681608866,3.240143369175627
Jotunn's Wrath,-148.74077683420154,0.5583333333333333,Breastplate of Valor,311.0838418250568,0.5217391304347826,Titan's Bane,17.35210886388128,2.8788484606157536
Bluestone Pendant,-31.931416438066023,0.46534653465346537,Warrior Tabi,285.5687400649374,0.5022222222222222,Breastplate of Valor,13.525384427176382,2.268431001890359
Bulwark of Hope,-224.33674800058733,0.5507246376811594,Mantle of Discord,219.21393419723597,0.5789473684210527,Mantle of Discord,7.071417232168902,1.867572156196944
Titan's Bane,355.7182317095663,0.5901639344262295,Hide of the Urchin,98.60315965690937,0.5614035087719298,Hide of the Urchin,4.108464985704558,2.3391812865497075
