Items_most_pop,Items_most_pop_L2,Items_most_pop_winrate,Items_L2,Items_L2_coef,Items_L2_winrate,Items_gold_adjusted_L2,Items_gold_adjusted_L2_coef,Items_gold_adjusted_L2_winrate
Warrior Tabi,7.373411322852286,0.4892703862660944,Bulwark of Hope,40.056021069798206,0.6222222222222222,Titan's Bane,1.7470505414811974,2.9354629829484136
Breastplate of Valor,12.042796767545365,0.5053191489361702,Titan's Bane,35.81453610036455,0.6017699115044248,Bulwark of Hope,1.586377072071216,2.4642464246424645
Jotunn's Wrath,-7.145838620700823,0.4842105263157895,Brawler's Beat Stick,14.052859674982546,0.5588235294117647,Brawler's Beat Stick,0.5855358197909394,2.3284313725490198
Bluestone Pendant,23.3742695699033,0.4880382775119617,Breastplate of Valor,12.042796767545365,0.5053191489361702,Breastplate of Valor,0.5235998594584941,2.1970397779833486
Hide of the Urchin,-8.448621225905198,0.48299319727891155,Mystical Mail,11.5561123527712,0.5428571428571428,Warrior Tabi,0.4757039563130507,3.156583137200609
Bulwark of Hope,40.056021069798206,0.6222222222222222,Frostbound Hammer,8.080491249792967,0.5,Mystical Mail,0.4280041612137481,2.0105820105820107
