Items_most_pop,Items_most_pop_L2,Items_most_pop_winrate,Items_L2,Items_L2_coef,Items_L2_winrate,Items_gold_adjusted_L2,Items_gold_adjusted_L2_coef,Items_gold_adjusted_L2_winrate
Warrior Tabi,-0.8072097208015447,0.48687552921253174,Titan's Bane,13.373751134737619,0.6305084745762712,Titan's Bane,0.6523781041335424,3.0756510954940057
Breastplate of Valor,1.851270479077834,0.49490835030549896,Mantle of Discord,7.551980565308139,0.6075268817204301,Hide of the Urchin,0.26461585738949156,2.2834274952919023
Jotunn's Wrath,2.5459246661032817,0.5077138849929874,Hide of the Urchin,6.350780577347797,0.5480225988700564,Mantle of Discord,0.24361227630026255,1.9597641345820327
Bluestone Pendant,-8.36195717888021,0.41453831041257366,Brawler's Beat Stick,4.1510715771032975,0.6067415730337079,Brawler's Beat Stick,0.1729613157126374,2.5280898876404496
Bulwark of Hope,1.8443470015844299,0.5167095115681234,Mystical Mail,4.037236372063122,0.6075949367088608,Mystical Mail,0.14952727303937488,2.250351617440225
Hide of the Urchin,6.350780577347797,0.5480225988700564,Void Shield,3.8431661276388773,0.6022727272727273,Void Shield,0.14233948620884732,2.2306397306397305
