,recommendations,win_rate,win_rate_per_cost
Starter Item,Bluestone Pendant,,
Boots,Warrior Tabi,0.48906048906048905,3.85421030582
Item2,Breastplate of Valor,0.5225806451612903,2.5974025974
Item3,Hide of the Urchin,0.5974025974025974,2.48917748918
Item4,Jotunn's Wrath,0.5214723926380368,2.44837130083
Item5,Winged Blade,0.597402597403,3.24324324324
Item6,Witchblade,0.634615384615,3.0155210643
Relic1,Meditation,0.578125,
Relic2,Blink,0.535242290749,
