,recommendations,win_rate,win_rate_per_cost
Starter Item,Bluestone Pendant,,
Boots,Warrior Tabi,0.5141509433962265,3.4959478786
Item2,Bulwark of Hope,0.5761904761904761,2.14602741062
Item3,Breastplate of Valor,0.5294117647058824,2.35596487471
Item4,Jotunn's Wrath,0.5435356200527705,2.22078656222
Item5,Titan's Bane,0.654088050314,3.19067341617
Item6,Frostbound Hammer,0.705882352941,3.06905370844
Relic1,Blink,0.555555555556,
Relic2,Meditation,0.574074074074,
