,recommendations,win_rate,win_rate_per_cost
Starter Item,Soul Stone,,
Boots,Shoes of the Magi,0.4605809128630705,2.46212121212
Item2,Gem of Isolation,0.5495495495495496,1.45903479237
Item3,Obsidian Shard,0.5434782608695652,1.92165558019
Item4,Rod of Tahuti,0.5584415584415584,1.18656443958
Item5,Spear of the Magus,0.618181818182,2.87526427061
Item6,Chronos' Pendant,0.612903225806,2.55376344086
Relic1,Blink,0.818181818182,
Relic2,Purification,0.496855345912,
