Relics_most_pop,Relics_most_pop_L2,Relics_most_pop_winrate,Relics_most_pop_wr_paired,Relics_L2,Relics_L2_coef,Relics_L2_winrate,Relics_L2_wr_paired
Purification,12.948169098137141,0.6710526315789473,1.0,Blink,92.91296182531127,0.7777777777777778,1.0
Sanctuary,-46.484622308707664,0.6551724137931034,,Sprint,22.55974980832599,0.6666666666666666,
