Items_most_pop,Items_most_pop_L2,Items_most_pop_winrate,Items_L2,Items_L2_coef,Items_L2_winrate,Items_gold_adjusted_L2,Items_gold_adjusted_L2_coef,Items_gold_adjusted_L2_winrate
Shoes of the Magi,-2.5920857572437397,0.45454545454545453,Gem of Isolation,8.586994982866724,0.64,Gem of Isolation,0.31803685121728603,2.3703703703703702
Warlock's Sash,-2.048917295578876,0.45977011494252873,Rod of Tahuti,5.236866781822936,0.6956521739130435,Rod of Tahuti,0.15773695125972698,2.095337873232059
Gem of Isolation,8.586994982866724,0.64,Spear of the Magus,2.883410655696635,0.631578947368421,Spear of the Magus,0.13411212352077373,2.9375764993880047
Obsidian Shard,-0.8591157076375424,0.46153846153846156,Void Stone,2.04186835885749,0.6363636363636364,Void Stone,0.09281219812988592,2.8925619834710745
Breastplate of Valor,-4.02662657306062,0.3333333333333333,Book of Thoth,1.0089935522330031,0.5263157894736842,Shoes of Focus,0.051457319352501175,3.5555555555555554
Rod of Tahuti,5.236866781822936,0.6956521739130435,Hide of the Urchin,0.8363922222464395,0.5294117647058824,Book of Thoth,0.038075228386151065,1.9860973187686197
