,recommendations,win_rate,win_rate_per_cost
Starter Item,Vampiric Shroud,,
Boots,Shoes of the Magi,0.53125,3.3203125
Item2,Gem of Isolation,0.673469387755102,1.96759259259
Item3,Warlock's Sash,0.5454545454545454,2.00471698113
Item4,Rod of Tahuti,0.6521739130434783,1.60015060241
Item5,Book of Thoth,0.666666666667,2.51572327044
Item6,Dynasty Plate Helm,0.673469387755,3.67647058824
Relic1,Blink,0.777777777778,
Relic2,Relic,0.5,
