Items_most_pop,Items_most_pop_L2,Items_most_pop_winrate,Items_L2,Items_L2_coef,Items_L2_winrate,Items_gold_adjusted_L2,Items_gold_adjusted_L2_coef,Items_gold_adjusted_L2_winrate
Shoes of the Magi,0.04498680986128042,0.5483870967741935,Gem of Isolation,0.06994234931103523,0.6666666666666666,Shoes of the Magi,0.002811675616330026,3.4274193548387095
Warlock's Sash,-0.009931807426709283,0.4891304347826087,Shoes of the Magi,0.04498680986128042,0.5483870967741935,Gem of Isolation,0.0025904573818901935,2.4691358024691357
Obsidian Shard,0.019960907185289263,0.5416666666666666,Void Stone,0.019989573692133243,0.8333333333333334,Obsidian Shard,0.0009737027895263056,2.6422764227642275
Gem of Isolation,0.06994234931103523,0.6666666666666666,Rod of Tahuti,0.019965126492017836,0.5555555555555556,Void Stone,0.0009086169860060564,3.787878787878788
Rod of Tahuti,0.019965126492017836,0.5555555555555556,Obsidian Shard,0.019960907185289263,0.5416666666666666,Spear of the Magus,0.0006968850271245835,2.604651162790698
Soul Stone,-0.009966182393620689,0.4642857142857143,Spear of the Magus,0.014983028083178545,0.56,Rod of Tahuti,0.0006013592316872843,1.6733601070950468
