Items_most_pop,Items_most_pop_L2,Items_most_pop_winrate,Items_L2,Items_L2_coef,Items_L2_winrate,Items_gold_adjusted_L2,Items_gold_adjusted_L2_coef,Items_gold_adjusted_L2_winrate
Shoes of the Magi,5.789930189021589,0.5443786982248521,Rod of Tahuti,23.003520578425054,0.7674418604651163,Rod of Tahuti,0.6928771258561762,2.311571868870832
Warlock's Sash,13.457923327599008,0.567741935483871,Warlock's Sash,13.457923327599008,0.567741935483871,Warlock's Sash,0.5078461633056229,2.1424223980523434
Gem of Isolation,7.337264744145407,0.5882352941176471,Hide of the Urchin,8.995988275221354,0.6388888888888888,Hide of the Urchin,0.37483284480088974,2.662037037037037
Obsidian Shard,-0.7722500289511711,0.5352112676056338,Mantle of Discord,8.431915708853186,0.6956521739130435,Shoes of the Magi,0.3618706368138493,3.4023668639053253
Spear of the Magus,1.0126103730598741,0.5581395348837209,Gem of Isolation,7.337264744145407,0.5882352941176471,Mantle of Discord,0.271997280930748,2.244039270687237
Rod of Tahuti,23.003520578425054,0.7674418604651163,Shoes of the Magi,5.789930189021589,0.5443786982248521,Gem of Isolation,0.27175054607945953,2.178649237472767
