Items_most_pop,Items_most_pop_L2,Items_most_pop_winrate,Items_L2,Items_L2_coef,Items_L2_winrate,Items_gold_adjusted_L2,Items_gold_adjusted_L2_coef,Items_gold_adjusted_L2_winrate
Shoes of the Magi,-12.12559982467612,0.48863636363636365,Spear of the Magus,60.812544405938574,0.625,Spear of the Magus,2.828490437485515,2.9069767441860463
Warlock's Sash,54.894484640538366,0.5454545454545454,Warlock's Sash,54.894484640538366,0.5454545454545454,Warlock's Sash,2.07148998643541,2.058319039451115
Obsidian Shard,39.91005050075414,0.6,Celestial Legion Helm,42.517247133338785,0.4,Obsidian Shard,1.9468317317441042,2.926829268292683
Gem of Isolation,-61.475229269957374,0.40540540540540543,Obsidian Shard,39.91005050075414,0.6,Celestial Legion Helm,1.8485759623190774,1.7391304347826086
Rod of Tahuti,23.039286861820184,0.5666666666666667,Rod of Tahuti,23.039286861820184,0.5666666666666667,Rod of Tahuti,0.6939544235488007,1.7068273092369477
Soul Stone,26.97959345954156,0.5238095238095238,Mantle of Discord,18.450881638697574,0.6363636363636364,Hide of the Urchin,0.6872710567746647,2.272727272727273
