Items_most_pop,Items_most_pop_L2,Items_most_pop_winrate,Items_L2,Items_L2_coef,Items_L2_winrate,Items_gold_adjusted_L2,Items_gold_adjusted_L2_coef,Items_gold_adjusted_L2_winrate
Shoes of the Magi,-3.286628159288312,0.44954128440366975,Book of Thoth,20.852467200729304,0.631578947368421,Bancroft's Talon,0.8651942224034964,3.7037037037037037
Warlock's Sash,-1.1760524083908326,0.45098039215686275,Bancroft's Talon,20.764661337683915,0.8888888888888888,Spear of the Magus,0.8409487542440601,2.9767441860465116
Gem of Isolation,-8.578740902087208,0.43103448275862066,Spear of the Magus,18.080398216247293,0.64,Book of Thoth,0.7868855547445022,2.3833167825223436
Obsidian Shard,2.3395891639962145,0.4791666666666667,Rod of Tahuti,9.776278451409116,0.5666666666666667,Divine Ruin,0.47197489834252604,3.2051282051282053
Rod of Tahuti,9.776278451409116,0.5666666666666667,Divine Ruin,8.589943149833974,0.5833333333333334,Rod of Tahuti,0.29446621841593723,1.7068273092369477
Breastplate of Valor,-1.0671390734102006,0.4444444444444444,Hide of the Urchin,5.5258269324831595,0.5,Hide of the Urchin,0.23024278885346494,2.0833333333333335
