,recommendations,win_rate,win_rate_per_cost
Starter Item,Soul Stone,,
Boots,Shoes of the Magi,0.44954128440366975,2.77777777778
Item2,Rod of Tahuti,0.5666666666666667,1.33868808568
Item3,Obsidian Shard,0.4791666666666667,2.16802168022
Item4,Breastplate of Valor,0.4444444444444444,1.93236714976
Item5,Bancroft's Talon,0.631578947368,3.7037037037
Item6,Spear of the Magus,0.888888888889,2.97674418605
Relic1,Sanctuary,0.5,
Relic2,Purification,0.457142857143,
