Relics_most_pop,Relics_most_pop_L2,Relics_most_pop_winrate,Relics_most_pop_wr_paired,Relics_L2,Relics_L2_coef,Relics_L2_winrate,Relics_L2_wr_paired
Purification,-288.2933845951776,0.44545454545454544,0.541666666667,Sprint,608.5142227870259,0.5396825396825397,0.541666666667
Teleport,319.596464967493,0.4946236559139785,,Teleport,319.596464967493,0.4946236559139785,
