,recommendations,win_rate,win_rate_per_cost
Starter Item,Bumba's Mask,,
Boots,Ninja Tabi,0.524390243902,4.44444444444
Item2,Titan's Bane,0.6,2.92682926829
Item3,Deathbringer,0.524390243902439,1.875
Item4,Wind Demon,0.5116279069767442,2.30769230769
Item5,Rage,0.678571428571,2.82738095238
Item6,Asi,0.64,3.65168539326
Relic1,Sprint,0.587301587302,
Relic2,Purification,0.5,
