,recommendations,win_rate,win_rate_per_cost
Starter Item,Bumba's Mask,,
Boots,Ninja Tabi,0.581818181818,4.34782608696
Item2,Winged Blade,0.6164383561643836,2.98791253565
Item3,Bumba's Mask,0.42168674698795183,6.90954773869
Item4,Deathbringer,0.5527638190954773,1.72738693467
Item5,Poisoned Star ,0.666666666667,3.0303030303
Item6,Malice,0.652173913043,1.93939393939
Relic1,Sprint,0.517647058824,
Relic2,Wrath,0.464,
