,recommendations,win_rate,win_rate_per_cost
Starter Item,Bumba's Mask,,
Boots,Warrior Tabi,0.5030800821355236,4.01704199635
Item2,Deathbringer,0.5623188405797102,1.94575471698
Item3,Malice,0.6226415094339622,2.07547169811
Item4,Titan's Bane,0.5645161290322581,3.03727565578
Item5,Asi,0.564516129032,3.41345470061
Item6,Stone Cutting Sword,0.607594936709,2.5
Relic1,Sprint,0.533101045296,
Relic2,Purification,0.518229166667,
