Relics_most_pop,Relics_most_pop_L2,Relics_most_pop_winrate,Relics_most_pop_wr_paired,Relics_L2,Relics_L2_coef,Relics_L2_winrate,Relics_L2_wr_paired
Purification,25.1576257375637,0.5565217391304348,0.612903225806,Purification,25.1576257375637,0.5565217391304348,0.612903225806
Sprint,-5.856950728985154,0.5056179775280899,,Wrath,16.385207570829913,0.5636363636363636,
