,recommendations,win_rate,win_rate_per_cost
Starter Item,Bumba's Mask,,
Boots,Warrior Tabi,0.5028835063437139,3.67340638987
Item2,Deathbringer,0.5493197278911565,1.7793062201
Item3,Wind Demon,0.5402843601895735,2.18991534781
Item4,Titan's Bane,0.5714285714285714,2.77745361186
Item5,Bloodforge,0.569377990431,1.99781751028
Item6,Malice,0.597222222222,1.99074074074
Relic1,Sprint,0.524336283186,
Relic2,Wrath,0.521739130435,
