,recommendations,win_rate,win_rate_per_cost
Starter Item,Bumba's Mask,,
Boots,Warrior Tabi,0.5321428571428571,3.08950477056
Item2,Deathbringer,0.6010362694300518,1.49647887324
Item3,Titan's Bane,0.5684210526315789,2.33596702164
Item4,Wind Demon,0.53,1.84182015168
Item5,Soul Eater,0.75,3.75
Item6,Winged Blade,0.722222222222,3.30778539734
Relic1,Sprint,0.58904109589,
Relic2,Purification,0.568075117371,
