Items_most_pop,Items_most_pop_L2,Items_most_pop_winrate,Items_L2,Items_L2_coef,Items_L2_winrate,Items_gold_adjusted_L2,Items_gold_adjusted_L2_coef,Items_gold_adjusted_L2_winrate
Warrior Tabi,-6.8055341022559075,0.4307228915662651,Titan's Bane,11.992373842151757,0.6091954022988506,Titan's Bane,0.5849938459586224,2.971684889262686
Wind Demon,4.275537949465451,0.475,Deathbringer,9.583563887714403,0.5092592592592593,Winged Blade,0.4174752947795675,2.942182689018132
Deathbringer,9.583563887714403,0.5092592592592593,Winged Blade,7.723292953421999,0.5443037974683544,Deathbringer,0.2994863714910751,1.5914351851851851
Bumba's Mask,-11.376091702748257,0.35428571428571426,Malice,7.674425217987296,0.582089552238806,Malice,0.2558141739329099,1.9402985074626866
Titan's Bane,11.992373842151757,0.6091954022988506,Bloodforge,6.760141511239895,0.5301204819277109,Bloodforge,0.2371979477628033,1.8600718664130205
Bloodforge,6.760141511239895,0.5301204819277109,Wind Demon,4.275537949465451,0.475,Wind Demon,0.16444376728713272,1.8269230769230769
