Items_most_pop,Items_most_pop_L2,Items_most_pop_winrate,Items_L2,Items_L2_coef,Items_L2_winrate,Items_gold_adjusted_L2,Items_gold_adjusted_L2_coef,Items_gold_adjusted_L2_winrate
Warrior Tabi,-20.629770305256358,0.5129533678756477,Deathbringer,43.254670523038875,0.5935251798561151,Heartseeker,1.8446309338376705,3.7037037037037037
Wind Demon,26.220129818844278,0.546031746031746,Jotunn's Wrath,33.34355331656392,0.6065573770491803,Jotunn's Wrath,1.3665390703509803,2.485890889545821
Deathbringer,43.254670523038875,0.5935251798561151,Heartseeker,33.203356809078066,0.6666666666666666,Deathbringer,1.3517084538449649,1.8547661870503598
Bumba's Mask,-1.0270645027637648,0.4567901234567901,Hydra's Lament,26.760204540919187,0.6333333333333333,Hydra's Lament,1.2446606763218226,2.945736434108527
Titan's Bane,-8.74569577504883,0.5548387096774193,Wind Demon,26.220129818844278,0.546031746031746,Winged Blade,1.2001736574427362,3.2562683165092805
Bloodforge,-16.48349190668068,0.5252525252525253,Winged Blade,22.203212662690618,0.6024096385542169,Ninja Tabi,1.0646127508033882,4.367816091954023
