Relics_most_pop,Relics_most_pop_L2,Relics_most_pop_winrate,Relics_most_pop_wr_paired,Relics_L2,Relics_L2_coef,Relics_L2_winrate,Relics_L2_wr_paired
Purification,3.04359760732647,0.5531914893617021,0.52,Purification,3.04359760732647,0.5531914893617021,0.52
Sprint,1.1184811328142164,0.5333333333333333,,Sprint,1.1184811328142164,0.5333333333333333,
