,recommendations,win_rate,win_rate_per_cost
Starter Item,Bumba's Mask,,
Boots,Warrior Tabi,0.43846153846153846,1.65898617512
Item2,Deathbringer,0.5376344086021505,0.803571428571
Item3,Titan's Bane,0.5892857142857143,1.2543554007
Item4,Wind Demon,0.4807692307692308,0.989010989011
Item5,Malice,0.58064516129,1.93548387097
Item6,Winged Blade,0.516129032258,2.78988666085
Relic1,Purification,0.483516483516,
Relic2,Sprint,0.456790123457,
