,recommendations,win_rate,win_rate_per_cost
Starter Item,Bumba's Mask,,
Boots,Warrior Tabi,0.502136752137,3.23959194927
Item2,Bloodforge,0.538961038961039,1.76188334083
Item3,Titan's Bane,0.5336134453781513,2.4494475714
Item4,Bumba's Mask,0.4563758389261745,6.27670940171
Item5,Winged Blade,0.571428571429,2.98719772404
Item6,Hide of the Urchin,0.552631578947,2.21354166667
Relic1,Curse,0.571428571429,
Relic2,Teleport,0.6,
