Items_most_pop,Items_most_pop_L2,Items_most_pop_winrate,Items_L2,Items_L2_coef,Items_L2_winrate,Items_gold_adjusted_L2,Items_gold_adjusted_L2_coef,Items_gold_adjusted_L2_winrate
Warrior Tabi,-0.7815024573201922,0.49609375,Bloodforge,5.787207129262953,0.5684210526315789,Bloodforge,0.2030598992723843,1.994459833795014
Jotunn's Wrath,-3.9619775989492836,0.4790697674418605,Breastplate of Valor,4.605010567926956,0.6086956521739131,Breastplate of Valor,0.20021785077943285,2.6465028355387523
Titan's Bane,-1.1838873763751987,0.49557522123893805,Hydra's Lament,3.501186686557055,0.5357142857142857,Hydra's Lament,0.16284589239800257,2.4916943521594686
Hydra's Lament,3.501186686557055,0.5357142857142857,Deathbringer,3.342475946219596,0.6521739130434783,Asi,0.13232651056057723,3.745318352059925
Bloodforge,5.787207129262953,0.5684210526315789,Void Shield,2.566516382886403,0.5882352941176471,Deathbringer,0.10445237331936237,2.0380434782608696
Bumba's Mask,-1.0646173180383012,0.4722222222222222,Asi,2.3554118879782746,0.6666666666666666,Brawler's Beat Stick,0.09551397069645584,2.442528735632184
