Items_most_pop,Items_most_pop_L2,Items_most_pop_winrate,Items_L2,Items_L2_coef,Items_L2_winrate,Items_gold_adjusted_L2,Items_gold_adjusted_L2_coef,Items_gold_adjusted_L2_winrate
Warrior Tabi,-8.950033655115966,0.5183129855715871,Void Shield,23.9448267638423,0.71875,Void Shield,0.886845435697863,2.662037037037037
Jotunn's Wrath,11.130961727646492,0.5427408412483039,Qin's Sais,18.51370762510039,0.7258064516129032,Qin's Sais,0.6856928750037181,2.6881720430107525
Titan's Bane,10.057368026177944,0.5810185185185185,Mantle of Discord,14.63315259605245,0.6416666666666667,Titan's Bane,0.49060331835014354,2.8342366757000903
Hydra's Lament,9.867796884915556,0.5635491606714629,Bloodforge,12.252670630054883,0.5670731707317073,Mantle of Discord,0.4720371805178209,2.0698924731182795
Bloodforge,12.252670630054883,0.5670731707317073,Jotunn's Wrath,11.130961727646492,0.5427408412483039,Hydra's Lament,0.4589672969728166,2.621158886844013
Bumba's Mask,-14.248350275360236,0.42066420664206644,Titan's Bane,10.057368026177944,0.5810185185185185,Jotunn's Wrath,0.4561869560510858,2.2243477100340323
