Relics_most_pop,Relics_most_pop_L2,Relics_most_pop_winrate,Relics_most_pop_wr_paired,Relics_L2,Relics_L2_coef,Relics_L2_winrate,Relics_L2_wr_paired
Purification,0.14866869605083508,0.4954128440366973,0.666666666667,Blink,3.542361025312115,0.575,0.666666666667
Wrath,2.4899770636143326,0.5130111524163569,,Wrath,2.4899770636143326,0.5130111524163569,
