Relics_most_pop,Relics_most_pop_L2,Relics_most_pop_winrate,Relics_most_pop_wr_paired,Relics_L2,Relics_L2_coef,Relics_L2_winrate,Relics_L2_wr_paired
Purification,0.049337715297103735,0.5625,0.571428571429,Purification,0.049337715297103735,0.5625,0.571428571429
Wrath,0.014563486053027222,0.5245901639344263,,Sprint,0.03482666461778828,0.6666666666666666,
