Relics_most_pop,Relics_most_pop_L2,Relics_most_pop_winrate,Relics_most_pop_wr_paired,Relics_L2,Relics_L2_coef,Relics_L2_winrate,Relics_L2_wr_paired
Purification,-0.19204228583464683,0.4953271028037383,0.0,Blink,4.295280615713934,0.6290322580645161,0.0
Sanctuary,-1.7293320132554597,0.4782608695652174,,Sprint,1.2420888275291957,0.5180722891566265,
