,recommendations,win_rate,win_rate_per_cost
Starter Item,Bumba's Mask,,
Boots,Warrior Tabi,0.44041450777202074,2.49543517955
Item2,Titan's Bane,0.4835164835164835,1.88679245283
Item3,Bloodforge,0.46875,1.35716650116
Item4,Jotunn's Wrath,0.44904458598726116,1.58521497062
Item5,Hide of the Urchin,0.565217391304,2.35507246377
Item6,Winged Blade,0.538461538462,2.77574872169
Relic1,Meditation,0.6,
Relic2,Blink,0.5,
