Items_most_pop,Items_most_pop_L2,Items_most_pop_winrate,Items_L2,Items_L2_coef,Items_L2_winrate,Items_gold_adjusted_L2,Items_gold_adjusted_L2_coef,Items_gold_adjusted_L2_winrate
Warrior Tabi,-0.5160876490939774,0.5228758169934641,Hydra's Lament,13.280403959062639,0.6216216216216216,Hydra's Lament,0.6176932073982623,2.8912633563796355
Jotunn's Wrath,7.301112677514878,0.5546875,Titan's Bane,11.636417530594217,0.6153846153846154,Titan's Bane,0.5676301234436204,3.0018761726078798
Titan's Bane,11.636417530594217,0.6153846153846154,Winged Blade,9.854483834727588,0.9166666666666666,Winged Blade,0.5326748018771669,4.954954954954955
Hydra's Lament,13.280403959062639,0.6216216216216216,Bloodforge,7.898384321530749,0.5882352941176471,Jotunn's Wrath,0.29922592940634746,2.2733094262295084
Bloodforge,7.898384321530749,0.5882352941176471,Jotunn's Wrath,7.301112677514878,0.5546875,Bloodforge,0.27713629198353507,2.063983488132095
Bumba's Mask,-8.723020401920015,0.4,Mantle of Discord,6.712229292375982,0.7692307692307693,Ninja Tabi,0.2197822389401735,4.242424242424242
