Items_most_pop,Items_most_pop_L2,Items_most_pop_winrate,Items_L2,Items_L2_coef,Items_L2_winrate,Items_gold_adjusted_L2,Items_gold_adjusted_L2_coef,Items_gold_adjusted_L2_winrate
Warrior Tabi,0.048897628519501586,0.4989010989010989,Breastplate of Valor,3.0556396469744675,0.5246376811594203,Runic Shield,0.1359225129601364,3.7209302325581395
Breastplate of Valor,3.0556396469744675,0.5246376811594203,Runic Shield,2.9223340286429327,0.8,Breastplate of Valor,0.13285389769454206,2.2810333963453058
Jotunn's Wrath,-1.5674659180381478,0.48068669527896996,Void Shield,2.0695606755843463,0.6037735849056604,Winged Blade,0.10168223541283224,3.099099099099099
Bluestone Pendant,0.4944726066241651,0.49767441860465117,Winged Blade,1.8811213551373964,0.5733333333333334,Void Shield,0.07665039539201282,2.236198462613557
Bulwark of Hope,0.6500960341278219,0.5158730158730159,Mantle of Discord,1.7948571352908036,0.5833333333333334,Mystical Mail,0.06647018764767085,2.3894862604540026
Hide of the Urchin,0.07679569596102898,0.5045045045045045,Mystical Mail,1.7946950664871126,0.6451612903225806,Mantle of Discord,0.057898617267445274,1.881720430107527
