Items_most_pop,Items_most_pop_L2,Items_most_pop_winrate,Items_L2,Items_L2_coef,Items_L2_winrate,Items_gold_adjusted_L2,Items_gold_adjusted_L2_coef,Items_gold_adjusted_L2_winrate
Warrior Tabi,3.5414631111629227,0.5276273022751896,Mantle of Discord,19.675207281255343,0.6071428571428571,Titan's Bane,0.8307541226293909,2.9533764725402354
Breastplate of Valor,4.515239056401088,0.5316622691292876,Titan's Bane,17.030459513902514,0.6054421768707483,Winged Blade,0.8071494285194137,3.1835516498093184
Jotunn's Wrath,4.33129709698973,0.5406593406593406,Void Shield,16.134267803577565,0.6060606060606061,Mantle of Discord,0.6346841058469465,1.9585253456221199
Bluestone Pendant,7.734922122804301,0.5170068027210885,Winged Blade,14.932264427609155,0.588957055214724,Void Shield,0.5975654742065765,2.244668911335578
Bulwark of Hope,-6.821261108160094,0.524904214559387,Hide of the Urchin,11.382327684671036,0.5580357142857143,Hide of the Urchin,0.47426365352795985,2.3251488095238093
Hide of the Urchin,11.382327684671036,0.5580357142857143,Breastplate of Valor,4.515239056401088,0.5316622691292876,Warrior Tabi,0.2284814910427692,3.404047111452836
