Relics_most_pop,Relics_most_pop_L2,Relics_most_pop_winrate,Relics_most_pop_wr_paired,Relics_L2,Relics_L2_coef,Relics_L2_winrate,Relics_L2_wr_paired
Teleport,0.01900653673359853,0.4984488107549121,0.666666666667,Meditation,1.3209277504043053,0.5443037974683544,0.666666666667
Meditation,1.3209277504043053,0.5443037974683544,,Wrath,0.3541872451392744,0.6285714285714286,
