,recommendations,win_rate,win_rate_per_cost
Starter Item,Bluestone Pendant,,
Boots,Warrior Tabi,0.605263157895,3.36041778167
Item2,Jotunn's Wrath,0.569620253164557,2.44228839077
Item3,Hide of the Urchin,0.5959183673469388,2.48299319728
Item4,Bulwark of Hope,0.5631970260223048,2.36007274197
Item5,Winged Blade,0.623853211009,3.37217951897
Item6,Titan's Bane,0.569620253165,3.10290085149
Relic1,Wrath,0.656862745098,
Relic2,Meditation,0.54821664465,
