,recommendations,win_rate,win_rate_per_cost
Starter Item,Bluestone Pendant,,
Boots,Warrior Tabi,0.48704663212435234,3.01075268817
Item2,Hide of the Urchin,0.5094339622641509,1.94444444444
Item3,Breastplate of Valor,0.4840764331210191,2.02898550725
Item4,Bluestone Pendant,0.42696629213483145,5.83333333333
Item5,Brawler's Beat Stick,0.695652173913,2.89855072464
Item6,Titan's Bane,0.581395348837,2.83607487238
Relic1,Sprint,0.631578947368,
Relic2,Curse,0.529411764706,
