,recommendations,win_rate,win_rate_per_cost
Starter Item,Bluestone Pendant,,
Boots,Warrior Tabi,0.4249146757679181,2.68118977796
Item2,Breastplate of Valor,0.4436936936936937,1.80688876341
Item3,Bulwark of Hope,0.4666666666666667,1.6458788736
Item4,Jotunn's Wrath,0.44333333333333336,1.70321481797
Item5,Genji's Guard,0.527777777778,2.39898989899
Item6,Witchblade,0.527777777778,2.48504371836
Relic1,Wrath,0.7,
Relic2,Curse,0.487804878049,
