,recommendations,win_rate,win_rate_per_cost
Starter Item,Bluestone Pendant,,
Boots,Warrior Tabi,0.618421052632,3.54710191492
Item2,Jotunn's Wrath,0.5652173913043478,2.18996370917
Item3,Bluestone Pendant,0.5333333333333333,6.67938931298
Item4,Bulwark of Hope,0.5477707006369427,2.11624215857
Item5,Void Shield,0.698412698413,2.58671369782
Item6,Titan's Bane,0.648936170213,3.0056664203
Relic1,Curse,0.610738255034,
Relic2,Meditation,0.601123595506,
