,recommendations,win_rate,win_rate_per_cost
Starter Item,Bluestone Pendant,,
Boots,Warrior Tabi,0.575,3.11059907834
Item2,Breastplate of Valor,0.5026666666666667,1.77520410101
Item3,Hide of the Urchin,0.5071942446043165,1.70123726346
Item4,Jotunn's Wrath,0.4935897435897436,1.673348128
Item5,Titan's Bane,0.592592592593,2.89069557362
Item6,Void Shield,0.623762376238,2.3102310231
Relic1,Shell,0.566666666667,
Relic2,Curse,0.498007968127,
