Relics_most_pop,Relics_most_pop_L2,Relics_most_pop_winrate,Relics_most_pop_wr_paired,Relics_L2,Relics_L2_coef,Relics_L2_winrate,Relics_L2_wr_paired
Purification,-10.795913455436065,0.5064935064935064,0.777777777778,Sanctuary,23.258730541112048,0.5967741935483871,0.777777777778
Sanctuary,23.258730541112048,0.5967741935483871,,Teleport,17.106847420185836,0.5932203389830508,
