Relics_most_pop,Relics_most_pop_L2,Relics_most_pop_winrate,Relics_most_pop_wr_paired,Relics_L2,Relics_L2_coef,Relics_L2_winrate,Relics_L2_wr_paired
Purification,5.435058049798584,0.48905109489051096,0.521739130435,Purification,5.435058049798584,0.48905109489051096,0.521739130435
Sanctuary,-3.341623383200776,0.4636363636363636,,Sprint,4.056971048432694,0.5,
