Items_most_pop,Items_most_pop_L2,Items_most_pop_winrate,Items_L2,Items_L2_coef,Items_L2_winrate,Items_gold_adjusted_L2,Items_gold_adjusted_L2_coef,Items_gold_adjusted_L2_winrate
Warrior Tabi,-8.140986203382589,0.5046904315196998,Titan's Bane,54.271910039334934,0.6325301204819277,Titan's Bane,2.6474102458212165,3.0855127828386717
Transcendence,-11.028470097342172,0.5057736720554272,Rage,42.26540939679011,0.6,Rage,1.7610587248662546,2.5
Qin's Sais,-4.964621357051233,0.527972027972028,Deathbringer,18.820224341267018,0.5536723163841808,Asi,0.7004060699062514,3.044003760239939
Asi,12.467228044331275,0.5418326693227091,Asi,12.467228044331275,0.5418326693227091,Deathbringer,0.5881320106645943,1.7302259887005649
The Executioner,-10.607544536743939,0.4954128440366973,Hastened Fatalis,5.470282790618201,0.5285714285714286,Ninja Tabi,0.30885566288536276,3.4358974358974357
Ichaival,0.5805645226831027,0.5073170731707317,Bloodforge,5.157759528886861,0.5211267605633803,Hastened Fatalis,0.2556206911503833,2.4699599465954605
