Items_most_pop,Items_most_pop_L2,Items_most_pop_winrate,Items_L2,Items_L2_coef,Items_L2_winrate,Items_gold_adjusted_L2,Items_gold_adjusted_L2_coef,Items_gold_adjusted_L2_winrate
Warrior Tabi,-12.809294060007904,0.47863247863247865,Qin's Sais,19.17029110464872,0.6296296296296297,Ninja Tabi,1.115262011356416,4.197530864197531
Transcendence,17.625560145020096,0.5476190476190477,Transcendence,17.625560145020096,0.5476190476190477,Devourer's Gauntlet,0.7694928982255056,2.836074872376631
Qin's Sais,19.17029110464872,0.6296296296296297,Ninja Tabi,16.72893017034624,0.6296296296296297,Qin's Sais,0.7100107816536562,2.3319615912208507
Asi,1.0259213836218153,0.5106382978723404,Devourer's Gauntlet,15.774604413622864,0.5813953488372093,Transcendence,0.6779061594238498,2.1062271062271063
The Executioner,0.5385853637862963,0.5106382978723404,Malice,11.39483771422146,0.6363636363636364,Ichaival,0.5611030619575367,3.1563845050215207
Devourer's Gauntlet,15.774604413622864,0.5813953488372093,Ichaival,9.538752053278124,0.5365853658536586,Hastened Fatalis,0.3882521367337161,2.5367156208277706
