Items_most_pop,Items_most_pop_L2,Items_most_pop_winrate,Items_L2,Items_L2_coef,Items_L2_winrate,Items_gold_adjusted_L2,Items_gold_adjusted_L2_coef,Items_gold_adjusted_L2_winrate
Warrior Tabi,2.5573115211472257,0.5633802816901409,Wind Demon,5.577692602517771,0.7428571428571429,Wind Demon,0.21452663855837578,2.857142857142857
Transcendence,4.4488612358202015,0.5797101449275363,Transcendence,4.4488612358202015,0.5797101449275363,Transcendence,0.1711100475315462,2.229654403567447
Qin's Sais,-0.7739800976282104,0.5308641975308642,Deathbringer,3.6324427658111302,0.6444444444444445,Warrior Tabi,0.16498784007401457,3.634711494775102
Asi,1.1581561926513697,0.5689655172413793,Devourer's Gauntlet,2.8937424622280035,0.631578947368421,Devourer's Gauntlet,0.1411581688891709,3.0808729139922977
The Executioner,1.2067628326565956,0.5714285714285714,Warrior Tabi,2.5573115211472257,0.5633802816901409,Deathbringer,0.11351383643159782,2.013888888888889
Ichaival,0.03917060650410734,0.5416666666666666,Bloodforge,2.2898032619437703,0.6666666666666666,Bloodforge,0.08034397410329018,2.3391812865497075
