Items_most_pop,Items_most_pop_L2,Items_most_pop_winrate,Items_L2,Items_L2_coef,Items_L2_winrate,Items_gold_adjusted_L2,Items_gold_adjusted_L2_coef,Items_gold_adjusted_L2_winrate
Warrior Tabi,2.248428675814905,0.5578947368421052,Titan's Bane,10.534124261973616,0.7,Titan's Bane,0.5138597200962739,3.4146341463414633
Transcendence,4.229485567171149,0.569620253164557,The Executioner,6.441148201912318,0.6451612903225806,The Executioner,0.28627325341832527,2.867383512544803
Qin's Sais,-6.156006461177955,0.5,Deathbringer,5.738255169870037,0.6451612903225806,Deathbringer,0.17932047405843868,2.0161290322580645
Asi,1.5437617822071565,0.5576923076923077,Bloodforge,4.300208209116939,0.6923076923076923,Hastened Fatalis,0.17267643323740245,2.8756290438533427
Ichaival,0.8888805739376912,0.5555555555555556,Transcendence,4.229485567171149,0.569620253164557,Rage,0.16539473526074125,2.696078431372549
The Executioner,6.441148201912318,0.6451612903225806,Rage,3.96947364625779,0.6470588235294118,Transcendence,0.16267252181427494,2.190847127555988
