Items_most_pop,Items_most_pop_L2,Items_most_pop_winrate,Items_L2,Items_L2_coef,Items_L2_winrate,Items_gold_adjusted_L2,Items_gold_adjusted_L2_coef,Items_gold_adjusted_L2_winrate
Warrior Tabi,-20.263090343417595,0.41479099678456594,Bloodforge,26.485587065267307,0.65625,Wind Demon,0.9417057421801575,2.221018418201517
Transcendence,17.38805688546665,0.4642857142857143,Wind Demon,24.484349296684094,0.5774647887323944,Bloodforge,0.9293188443953442,2.3026315789473686
Qin's Sais,17.739244710169356,0.5083798882681564,Qin's Sais,17.739244710169356,0.5083798882681564,Transcendence,0.6687714186717942,1.7857142857142858
Asi,-9.284413837264395,0.44,Transcendence,17.38805688546665,0.4642857142857143,Qin's Sais,0.6570090633396057,1.882888475067246
The Executioner,-14.672562386590196,0.425,Deathbringer,8.61335555479951,0.5047619047619047,Ninja Tabi,0.3986346408465807,3.4343434343434343
Ichaival,-4.7645206519291685,0.4205607476635514,Titan's Bane,8.07770942353593,0.5098039215686274,Titan's Bane,0.39403460602614293,2.4868483978957436
