Items_most_pop,Items_most_pop_L2,Items_most_pop_winrate,Items_L2,Items_L2_coef,Items_L2_winrate,Items_gold_adjusted_L2,Items_gold_adjusted_L2_coef,Items_gold_adjusted_L2_winrate
Warrior Tabi,2.896330783313878,0.48148148148148145,Odysseus' Bow,152.7097564947981,0.7142857142857143,Odysseus' Bow,6.233051285501965,2.9154518950437316
Transcendence,-62.899013741473716,0.47126436781609193,Rage,93.38504533279156,0.5333333333333333,Rage,3.8910435555329816,2.2222222222222223
Asi,11.244395648056786,0.56,Titan's Bane,77.6428919623298,0.5806451612903226,Titan's Bane,3.7874581445038924,2.832415420928403
Qin's Sais,58.41985739286907,0.55,Wind Demon,67.05923212238105,0.6818181818181818,Wind Demon,2.5792012354761944,2.6223776223776225
Ichaival,-21.89950359271294,0.47368421052631576,Qin's Sais,58.41985739286907,0.55,Qin's Sais,2.163698421958114,2.037037037037037
The Executioner,-28.203715677109248,0.42857142857142855,Asi,11.244395648056786,0.56,Asi,0.6317076206773475,3.146067415730337
