,recommendations,win_rate,win_rate_per_cost
Starter Item,Death's Toll,,
Boots,Warrior Tabi,0.618784530387,3.99215826056
Item2,Qin's Sais,0.616822429906542,2.29179455699
Item3,Asi,0.6132075471698113,3.47631758644
Item4,Transcendence,0.5961538461538461,2.37994050149
Item5,Titan's Bane,0.75,3.22913088286
Item6,Ichaival,0.616822429907,3.71972318339
Relic1,Purification,0.601895734597,
Relic2,Sprint,0.617647058824,
