Relics_most_pop,Relics_most_pop_L2,Relics_most_pop_winrate,Relics_most_pop_wr_paired,Relics_L2,Relics_L2_coef,Relics_L2_winrate,Relics_L2_wr_paired
Purification,16.364695448721058,0.5190114068441065,0.631578947368,Purification,16.364695448721058,0.5190114068441065,0.631578947368
Sanctuary,-28.06805945898465,0.48325358851674644,,Teleport,12.988892092852453,0.5638297872340425,
