,recommendations,win_rate,win_rate_per_cost
Starter Item,Death's Toll,,
Boots,Warrior Tabi,0.464788732394,2.99863698319
Item2,Transcendence,0.48,1.84615384615
Item3,Asi,0.4714285714285714,2.69662921348
Item4,Devourer's Gauntlet,0.45098039215686275,2.34146341463
Item5,Soul Eater,0.5,2.5
Item6,Bloodforge,0.473684210526,1.6620498615
Relic1,Meditation,0.571428571429,
Relic2,Sprint,0.460317460317,
