Relics_most_pop,Relics_most_pop_L2,Relics_most_pop_winrate,Relics_most_pop_wr_paired,Relics_L2,Relics_L2_coef,Relics_L2_winrate,Relics_L2_wr_paired
Purification,0.2663369544654231,0.631578947368421,0.631944444444,Purification,0.2663369544654231,0.631578947368421,0.631944444444
Sanctuary,0.22744062856539066,0.6312849162011173,,Sanctuary,0.22744062856539066,0.6312849162011173,
