Relics_most_pop,Relics_most_pop_L2,Relics_most_pop_winrate,Relics_most_pop_wr_paired,Relics_L2,Relics_L2_coef,Relics_L2_winrate,Relics_L2_wr_paired
Sanctuary,0.8748941317732758,0.5126353790613718,0.514423076923,Purification,1.5702603358782559,0.5189393939393939,0.514423076923
Purification,1.5702603358782559,0.5189393939393939,,Sanctuary,0.8748941317732758,0.5126353790613718,
