Items_most_pop,Items_most_pop_L2,Items_most_pop_winrate,Items_L2,Items_L2_coef,Items_L2_winrate,Items_gold_adjusted_L2,Items_gold_adjusted_L2_coef,Items_gold_adjusted_L2_winrate
Shoes of the Magi,6.893186062972771,0.4666666666666667,Rod of Tahuti,42.24701541040331,0.5827338129496403,Rod of Tahuti,1.272500464168774,1.755222328161567
Obsidian Shard,-5.264363633147267,0.47345132743362833,Divine Ruin,9.72408902982876,0.52,Divine Ruin,0.5342906060345473,2.857142857142857
Book of Thoth,9.297374468015418,0.48223350253807107,Book of Thoth,9.297374468015418,0.48223350253807107,Shoes of the Magi,0.4308241289357982,2.9166666666666665
Chronos' Pendant,-0.029851734122018237,0.47305389221556887,Shoes of the Magi,6.893186062972771,0.4666666666666667,Book of Thoth,0.3508443195477516,1.8197490661814002
Warlock's Sash,-3.6336721816242936,0.4375,Polynomicon,4.301981132527944,0.5,Polynomicon,0.18704265793599759,2.1739130434782608
Rod of Tahuti,42.24701541040331,0.5827338129496403,Dynasty Plate Helm,2.383698657894783,0.47619047619047616,Dynasty Plate Helm,0.14021756811145783,2.8011204481792715
