,recommendations,win_rate,win_rate_per_cost
Starter Item,Soul Stone,,
Boots,Shoes of the Magi,0.49230769230769234,4.43548387097
Item2,Rod of Tahuti,0.7096774193548387,2.13758258842
Item3,Warlock's Sash,0.5526315789473685,2.67802799757
Item4,Obsidian Shard,0.5494505494505495,3.46184107002
Item5,Breastplate of Valor,0.549450549451,3.47826086957
Item6,Gem of Isolation,0.535714285714,2.849002849
Relic1,Teleport,0.619047619048,
Relic2,Sanctuary,0.5,
