Relics_most_pop,Relics_most_pop_L2,Relics_most_pop_winrate,Relics_most_pop_wr_paired,Relics_L2,Relics_L2_coef,Relics_L2_winrate,Relics_L2_wr_paired
Sanctuary,-9.079016031182704,0.45585585585585586,1.0,Teleport,11.008894944300787,0.5833333333333334,1.0
Purification,-4.868678041099493,0.4626865671641791,,Sprint,1.9919610627010171,0.4918032786885246,
