Relics_most_pop,Relics_most_pop_L2,Relics_most_pop_winrate,Relics_most_pop_wr_paired,Relics_L2,Relics_L2_coef,Relics_L2_winrate,Relics_L2_wr_paired
Sanctuary,-0.05901818417695056,0.49693251533742333,0.333333333333,Sanctuary,-0.05901818417695056,0.49693251533742333,0.333333333333
Purification,-0.16244789286587263,0.4928571428571429,,Teleport,-0.0928262429092688,0.4444444444444444,
