Relics_most_pop,Relics_most_pop_L2,Relics_most_pop_winrate,Relics_most_pop_wr_paired,Relics_L2,Relics_L2_coef,Relics_L2_winrate,Relics_L2_wr_paired
Sanctuary,-2.06655674228235,0.5517241379310345,1.0,Meditation,21.88702824633696,0.9090909090909091,1.0
Purification,-4.541750963997076,0.5465116279069767,,Teleport,5.707042645814424,0.5942028985507246,
