Items_most_pop,Items_most_pop_L2,Items_most_pop_winrate,Items_L2,Items_L2_coef,Items_L2_winrate,Items_gold_adjusted_L2,Items_gold_adjusted_L2_coef,Items_gold_adjusted_L2_winrate
Shoes of the Magi,-1.7046960735589298,0.4732142857142857,Rod of Tahuti,10.571079402455483,0.6,Rod of Tahuti,0.3184060060980567,1.8072289156626506
Obsidian Shard,5.822013579235987,0.5324675324675324,Book of Thoth,6.5255340458219155,0.5396825396825397,Obsidian Shard,0.2840006624017555,2.5974025974025974
Chronos' Pendant,-1.924596543278809,0.4696969696969697,Obsidian Shard,5.822013579235987,0.5324675324675324,Book of Thoth,0.24624656776686474,2.0365378855944893
Book of Thoth,6.5255340458219155,0.5396825396825397,Gem of Isolation,5.091147399426603,0.8571428571428571,Gem of Isolation,0.18856101479357792,3.1746031746031744
Rod of Tahuti,10.571079402455483,0.6,Spear of Desolation,3.151526218388498,0.6363636363636364,Dynasty Plate Helm,0.13857253420263232,3.361344537815126
Warlock's Sash,-4.214007386910071,0.425531914893617,Breastplate of Valor,2.9696838807027865,0.6666666666666666,Breastplate of Valor,0.12911669046533855,2.898550724637681
