Items_most_pop,Items_most_pop_L2,Items_most_pop_winrate,Items_L2,Items_L2_coef,Items_L2_winrate,Items_gold_adjusted_L2,Items_gold_adjusted_L2_coef,Items_gold_adjusted_L2_winrate
Shoes of the Magi,-0.6656023858514618,0.5092592592592593,Rod of Tahuti,16.67367067106544,0.648,Rod of Tahuti,0.502218996116429,1.9518072289156627
Obsidian Shard,6.483376872263771,0.5573770491803278,Polynomicon,7.891070083294359,0.8095238095238095,Polynomicon,0.34309000362149383,3.5196687370600412
Book of Thoth,1.0050133573962199,0.5197368421052632,Spear of Desolation,6.789963307582999,0.7727272727272727,Obsidian Shard,0.3162622864518913,2.7189124350259894
Rod of Tahuti,16.67367067106544,0.648,Obsidian Shard,6.483376872263771,0.5573770491803278,Chronos' Pendant,0.2525397706607862,2.3521505376344085
Chronos' Pendant,6.060954495858868,0.5645161290322581,Chronos' Pendant,6.060954495858868,0.5645161290322581,Shoes of Focus,0.21029783660897375,3.7037037037037037
Warlock's Sash,3.5524154510951,0.5405405405405406,Warlock's Sash,3.5524154510951,0.5405405405405406,Spear of Desolation,0.1786832449363947,2.0334928229665072
