Items_most_pop,Items_most_pop_L2,Items_most_pop_winrate,Items_L2,Items_L2_coef,Items_L2_winrate,Items_gold_adjusted_L2,Items_gold_adjusted_L2_coef,Items_gold_adjusted_L2_winrate
Shoes of the Magi,17.877494223803556,0.6571428571428571,Book of Thoth,30.81569248030098,0.7215189873417721,Book of Thoth,1.1628563200113577,2.7227131597802723
Book of Thoth,30.81569248030098,0.7215189873417721,Rod of Tahuti,19.58086736145759,0.7321428571428571,Shoes of the Magi,1.1173433889877222,4.107142857142857
Obsidian Shard,19.15455920822146,0.6962025316455697,Obsidian Shard,19.15455920822146,0.6962025316455697,Obsidian Shard,0.9343687418644615,3.396109910466193
Chronos' Pendant,-0.07372908114976372,0.6,Shoes of the Magi,17.877494223803556,0.6571428571428571,Rod of Tahuti,0.5897851614896864,2.205249569707401
Rod of Tahuti,19.58086736145759,0.7321428571428571,Dynasty Plate Helm,9.639463477664746,0.7692307692307693,Dynasty Plate Helm,0.5670272633920439,4.524886877828054
Soul Stone,-5.4879971462824,0.5681818181818182,Warlock's Sash,9.097941898985717,0.6451612903225806,Warlock's Sash,0.3433185622258761,2.4345709068776626
