Items_most_pop,Items_most_pop_L2,Items_most_pop_winrate,Items_L2,Items_L2_coef,Items_L2_winrate,Items_gold_adjusted_L2,Items_gold_adjusted_L2_coef,Items_gold_adjusted_L2_winrate
Shoes of the Magi,12.519575667616712,0.5978260869565217,Rod of Tahuti,17.43856526935989,0.6333333333333333,Shoes of the Magi,0.7824734792260445,3.7364130434782608
Warlock's Sash,11.021342257779095,0.5822784810126582,Breastplate of Valor,15.086998646466176,0.7142857142857143,Breastplate of Valor,0.6559564628898338,3.1055900621118013
Obsidian Shard,-0.3274479085488037,0.5733333333333334,Shoes of the Magi,12.519575667616712,0.5978260869565217,Rod of Tahuti,0.5252579900409606,1.9076305220883534
Book of Thoth,4.975438983736607,0.5694444444444444,Warlock's Sash,11.021342257779095,0.5822784810126582,Warlock's Sash,0.41589970784072056,2.1972772868402197
Rod of Tahuti,17.43856526935989,0.6333333333333333,Chronos' Pendant,8.39568627859919,0.6097560975609756,Chronos' Pendant,0.34982026160829954,2.540650406504065
Shoes of Focus,-1.7747389478646642,0.5217391304347826,Doom Orb,6.9805135414393,0.7,Doom Orb,0.34051285567996586,3.4146341463414633
