Relics_most_pop,Relics_most_pop_L2,Relics_most_pop_winrate,Relics_most_pop_wr_paired,Relics_L2,Relics_L2_coef,Relics_L2_winrate,Relics_L2_wr_paired
Sanctuary,-8.256623154087825,0.450920245398773,0.714285714286,Teleport,6.609563827204504,0.5522388059701493,0.714285714286
Purification,2.2119295827505803,0.47619047619047616,,Purification,2.2119295827505803,0.47619047619047616,
