,recommendations,win_rate,win_rate_per_cost
Starter Item,Bluestone Pendant,,
Boots,Warrior Tabi,0.592592592593,3.30287349994
Item2,Jotunn's Wrath,0.5454545454545454,2.00364298725
Item3,Breastplate of Valor,0.5251396648044693,2.12560386473
Item4,Bluestone Pendant,0.4888888888888889,6.11111111111
Item5,Mantle of Discord,0.545454545455,2.32258064516
Item6,Genji's Guard,0.647058823529,2.94117647059
Relic1,Meditation,0.65306122449,
Relic2,Wrath,0.666666666667,
