Items_most_pop,Items_most_pop_L2,Items_most_pop_winrate,Items_L2,Items_L2_coef,Items_L2_winrate,Items_gold_adjusted_L2,Items_gold_adjusted_L2_coef,Items_gold_adjusted_L2_winrate
Warrior Tabi,-0.9820630269955104,0.4628975265017668,Titan's Bane,11.798491752212206,0.65625,Titan's Bane,0.5755361830347417,3.201219512195122
Breastplate of Valor,-8.68464497096014,0.40993788819875776,Mystical Mail,8.256699539973116,0.581081081081081,Shield of Regrowth,0.3384469148185993,3.409090909090909
Jotunn's Wrath,5.755968392255748,0.5098039215686274,Shield of Regrowth,6.092044466734787,0.6136363636363636,Mystical Mail,0.305803686665671,2.1521521521521523
Bluestone Pendant,-9.598647761541871,0.36607142857142855,Jotunn's Wrath,5.755968392255748,0.5098039215686274,Jotunn's Wrath,0.23590034394490772,2.0893603342976537
Mystical Mail,8.256699539973116,0.581081081081081,Frostbound Hammer,3.059913861860728,0.6,Frostbound Hammer,0.13303973312437947,2.608695652173913
Bulwark of Hope,-1.603600872745466,0.45714285714285713,Mantle of Discord,2.499749597534288,0.5319148936170213,Mantle of Discord,0.08063708379142864,1.7158544955387782
