Items_most_pop,Items_most_pop_L2,Items_most_pop_winrate,Items_L2,Items_L2_coef,Items_L2_winrate,Items_gold_adjusted_L2,Items_gold_adjusted_L2_coef,Items_gold_adjusted_L2_winrate
Warrior Tabi,-2.3294071545027486,0.5162882527147088,Jotunn's Wrath,15.760071888156066,0.5667351129363449,Jotunn's Wrath,0.6459045855801667,2.322684889083381
Breastplate of Valor,-2.052372874580875,0.5154471544715448,Transcendence,10.53983577621834,0.5728643216080402,Transcendence,0.40537829908532075,2.2033243138770775
Jotunn's Wrath,15.760071888156066,0.5667351129363449,Brawler's Beat Stick,9.073275583607012,0.6363636363636364,Brawler's Beat Stick,0.3780531493169588,2.6515151515151514
Bluestone Pendant,13.309607445463781,0.545045045045045,Shield of Regrowth,4.451126467131806,0.56,Shield of Regrowth,0.24728480372954476,3.111111111111111
Bulwark of Hope,-2.7951573775522065,0.5115384615384615,Titan's Bane,4.381774150567738,0.5602094240837696,Titan's Bane,0.21374508051549937,2.732728897969608
Hide of the Urchin,-1.0301183552768343,0.5191489361702127,Pestilence,4.347454315723839,0.558282208588957,Pestilence,0.2022071774755274,2.5966614352974746
