Items_most_pop,Items_most_pop_L2,Items_most_pop_winrate,Items_L2,Items_L2_coef,Items_L2_winrate,Items_gold_adjusted_L2,Items_gold_adjusted_L2_coef,Items_gold_adjusted_L2_winrate
Warrior Tabi,2.7699541475842024,0.4527687296416938,Mystical Mail,13.318416258492327,0.5241379310344828,Shield of Regrowth,0.6256264536373841,3.165374677002584
Breastplate of Valor,4.29667314207367,0.46321525885558584,Shield of Regrowth,11.261276165472914,0.5697674418604651,Mystical Mail,0.49327467624045657,1.9412515964240102
Jotunn's Wrath,2.8312310057313503,0.4745222929936306,Runeforged Hammer,8.334635773463553,0.6176470588235294,Runeforged Hammer,0.4167317886731776,3.088235294117647
Bluestone Pendant,-19.231340693262407,0.35555555555555557,Spirit Robe,5.077311846010262,0.5714285714285714,Spirit Robe,0.20639479048822204,2.3228803716608595
Bulwark of Hope,3.066218665467769,0.48863636363636365,Breastplate of Valor,4.29667314207367,0.46321525885558584,Breastplate of Valor,0.1868118757423335,2.013979386328634
Mystical Mail,13.318416258492327,0.5241379310344828,Hide of the Urchin,3.683941583538079,0.48854961832061067,Warrior Tabi,0.1787067191989808,2.9210885783335083
