,recommendations,win_rate,win_rate_per_cost
Starter Item,Bluestone Pendant,,
Boots,Warrior Tabi,0.5225988700564972,3.76344086022
Item2,Mystical Mail,0.5833333333333334,2.16049382716
Item3,Breastplate of Valor,0.51931330472103,2.53623188406
Item4,Bluestone Pendant,0.45695364238410596,7.29166666667
Item5,Witchblade,0.638888888889,3.11653116531
Item6,Winged Blade,0.653846153846,3.5343035343
Relic1,Meditation,0.573529411765,
Relic2,Sprint,0.593220338983,
