,recommendations,win_rate,win_rate_per_cost
Starter Item,Bluestone Pendant,,
Boots,Warrior Tabi,0.4628975265017668,2.94930875576
Item2,Mystical Mail,0.581081081081081,1.69312169312
Item3,Jotunn's Wrath,0.5098039215686274,1.87353629977
Item4,Bulwark of Hope,0.45714285714285713,1.81046676096
Item5,Titan's Bane,0.65625,3.2012195122
Item6,Shield of Regrowth,0.581081081081,3.40909090909
Relic1,Sprint,0.564102564103,
Relic2,Purification,0.583333333333,
