,recommendations,win_rate,win_rate_per_cost
Starter Item,Bluestone Pendant,,
Boots,Warrior Tabi,0.488549618321,2.92108857833
Item2,Mystical Mail,0.5241379310344828,1.94125159642
Item3,Breastplate of Valor,0.46321525885558584,2.27886056972
Item4,Bulwark of Hope,0.48863636363636365,2.07579378628
Item5,Shield of Regrowth,0.524137931034,3.165374677
Item6,Runeforged Hammer,0.617647058824,3.08823529412
Relic1,Curse,0.488789237668,
Relic2,Sanctuary,0.431034482759,
