,recommendations,win_rate,win_rate_per_cost
Starter Item,Bluestone Pendant,,
Boots,Warrior Tabi,0.4702127659574468,2.86416895704
Item2,Jotunn's Wrath,0.51340206185567,1.81945159156
Item3,Breastplate of Valor,0.4752650176678445,1.93020081887
Item4,Bulwark of Hope,0.4794007490636704,1.7582027261
Item5,Titan's Bane,0.561111111111,2.73712737127
Item6,Hide of the Urchin,0.548571428571,2.28571428571
Relic1,Shell,0.545454545455,
Relic2,Curse,0.484567901235,
