Relics_most_pop,Relics_most_pop_L2,Relics_most_pop_winrate,Relics_most_pop_wr_paired,Relics_L2,Relics_L2_coef,Relics_L2_winrate,Relics_L2_wr_paired
Teleport,41.335222962710496,0.5177304964539007,0.602150537634,Teleport,41.335222962710496,0.5177304964539007,0.602150537634
Curse,13.660296153834242,0.5376344086021505,,Meditation,26.979937119868396,0.5585585585585585,
