Items_most_pop,Items_most_pop_L2,Items_most_pop_winrate,Items_L2,Items_L2_coef,Items_L2_winrate,Items_gold_adjusted_L2,Items_gold_adjusted_L2_coef,Items_gold_adjusted_L2_winrate
Warrior Tabi,5.591300418600425,0.5498929336188437,Titan's Bane,24.477949922545246,0.6666666666666666,Titan's Bane,1.1940463376851338,3.252032520325203
Breastplate of Valor,-4.378451710276349,0.5473472128945601,Mantle of Discord,14.313577586964218,0.6449704142011834,Winged Blade,0.6162367582479972,3.4541858932102834
Jotunn's Wrath,4.227574577583615,0.5647155812036274,Winged Blade,11.400380027587948,0.6390243902439025,Mantle of Discord,0.4617283092569103,2.080549723229624
Bluestone Pendant,-12.997533155782042,0.4853515625,Transcendence,6.932295023965236,0.5879120879120879,Warrior Tabi,0.3607290592645436,3.5476963459280237
Bulwark of Hope,-2.717919999168662,0.5648604269293924,Warrior Tabi,5.591300418600425,0.5498929336188437,Transcendence,0.2666267316909706,2.261200338123415
Mystical Mail,4.58325935538104,0.5648148148148148,Brawler's Beat Stick,5.571405334941941,0.5911330049261084,Brawler's Beat Stick,0.2321418889559142,2.4630541871921183
