,recommendations,win_rate,win_rate_per_cost
Starter Item,Watcher's Gift,,
Boots,Travelers Shoes,0.655172413793,4.06952098347
Item2,Heartward Amulet,0.6216216216216216,2.9601029601
Item3,Hide of the Urchin,0.5996758508914101,2.59009009009
Item4,Sovereignty,0.6042692939244664,2.9601029601
Item5,Mantle of Discord,0.683937823834,2.20625104463
Item6,Winged Blade,0.615384615385,3.3264033264
Relic1,Meditation,0.555312157722,
Relic2,Curse,0.586592178771,
