Items_most_pop,Items_most_pop_L2,Items_most_pop_winrate,Items_L2,Items_L2_coef,Items_L2_winrate,Items_gold_adjusted_L2,Items_gold_adjusted_L2_coef,Items_gold_adjusted_L2_winrate
Watcher's Gift,-2.4745098244275683,0.5262237762237763,Sovereignty,11.36553941636861,0.6081081081081081,Sovereignty,0.5412161626842196,2.8957528957528957
Shoes of Focus,-1.6801850476264817,0.5391621129326047,Hide of the Urchin,10.732522835326543,0.6029411764705882,Winged Blade,0.49176288316735667,3.5498184751916093
Sovereignty,11.36553941636861,0.6081081081081081,Winged Blade,9.097613338596098,0.6567164179104478,Hide of the Urchin,0.44718845147193936,2.5122549019607843
Breastplate of Valor,-2.472743863700989,0.5404339250493096,Mantle of Discord,8.725826704795345,0.6666666666666666,Travelers Shoes,0.359217879366263,4.2798110979929165
Hide of the Urchin,10.732522835326543,0.6029411764705882,Heartward Amulet,7.053461193165021,0.5974025974025974,Heartward Amulet,0.3358791044364296,2.8447742733457018
Heartward Amulet,7.053461193165021,0.5974025974025974,Spirit Robe,5.7142212233754615,0.6363636363636364,Mantle of Discord,0.2814782807998499,2.150537634408602
