Items_most_pop,Items_most_pop_L2,Items_most_pop_winrate,Items_L2,Items_L2_coef,Items_L2_winrate,Items_gold_adjusted_L2,Items_gold_adjusted_L2_coef,Items_gold_adjusted_L2_winrate
Watcher's Gift,-29.150641309084147,0.34674922600619196,Sovereignty,28.366190042803318,0.5006226650062267,Sovereignty,1.3507709544192057,2.383917452410603
Shoes of Focus,-0.502552209571524,0.4372801875732708,Breastplate of Valor,22.301393559289536,0.4860557768924303,Breastplate of Valor,0.969625806925632,2.1132859864888274
Sovereignty,28.366190042803318,0.5006226650062267,Mantle of Discord,19.55927422849294,0.6081632653061224,Hide of the Urchin,0.7316495739723213,1.9942528735632183
Breastplate of Valor,22.301393559289536,0.4860557768924303,Hide of the Urchin,17.559589775335713,0.4786206896551724,Mantle of Discord,0.630944329951385,1.9618169848584595
Hide of the Urchin,17.559589775335713,0.4786206896551724,Bulwark of Hope,15.31819704364884,0.5292397660818714,Heartward Amulet,0.6110555589537592,2.3943661971830985
Heartward Amulet,12.832166738028944,0.5028169014084507,Heartward Amulet,12.832166738028944,0.5028169014084507,Bulwark of Hope,0.6066612690553996,2.0959990735915697
