Relics_most_pop,Relics_most_pop_L2,Relics_most_pop_winrate,Relics_most_pop_wr_paired,Relics_L2,Relics_L2_coef,Relics_L2_winrate,Relics_L2_wr_paired
Meditation,2.479362709588001,0.5164992826398852,0.555555555556,Blink,2.7389262173753153,0.5352422907488987,0.555555555556
Blink,2.7389262173753153,0.5352422907488987,,Curse,2.5058398169116476,0.5714285714285714,
