,recommendations,win_rate,win_rate_per_cost
Starter Item,Watcher's Gift,,
Boots,Shoes of Focus,0.731132075472,3.96030672079
Item2,Sovereignty,0.6302765647743813,2.63413057531
Item3,Hide of the Urchin,0.6067073170731707,2.30486425339
Item4,Heartward Amulet,0.6338983050847458,2.63413057531
Item5,Mantle of Discord,0.594046008119,2.35849056604
Item6,Spirit Robe,0.62,2.74110539271
Relic1,Sprint,0.604166666667,
Relic2,Blink,0.610829103215,
