,recommendations,win_rate,win_rate_per_cost
Starter Item,Watcher's Gift,,
Boots,Shoes of Focus,0.681415929204,3.81735159817
Item2,Sovereignty,0.6,2.72667971298
Item3,Hide of the Urchin,0.5856697819314641,2.38584474886
Item4,Heartward Amulet,0.5830388692579506,2.72667971298
Item5,Void Stone,0.585669781931,3.32792207792
Item6,Mantle of Discord,0.572602739726,2.19811590066
Relic1,Curse,0.608,
Relic2,Sprint,0.581818181818,
