,recommendations,win_rate,win_rate_per_cost
Starter Item,Watcher's Gift,,
Boots,Shoes of Focus,0.5,3.59937402191
Item2,Sovereignty,0.5658362989323843,2.57098144422
Item3,Breastplate of Valor,0.539906103286385,2.34741784038
Item4,Heartward Amulet,0.5254237288135594,2.57098144422
Item5,Winged Blade,0.662337662338,3.30064577852
Item6,Mantle of Discord,0.610619469027,2.13657310432
Relic1,Blink,0.572016460905,
Relic2,Meditation,0.501222493888,
