Items_most_pop,Items_most_pop_L2,Items_most_pop_winrate,Items_L2,Items_L2_coef,Items_L2_winrate,Items_gold_adjusted_L2,Items_gold_adjusted_L2_coef,Items_gold_adjusted_L2_winrate
Watcher's Gift,38.97584223629842,0.6126760563380281,Hide of the Urchin,33.61108537124122,0.6341463414634146,Reinforced Shoes,1.6885759632773814,4.493087557603687
Breastplate of Valor,24.596849437674162,0.616,Sovereignty,30.739901572356587,0.6386554621848739,Sovereignty,1.4638048367788852,3.041216486594638
Hide of the Urchin,33.61108537124122,0.6341463414634146,Breastplate of Valor,24.596849437674162,0.616,Hide of the Urchin,1.4004618904683839,2.6422764227642275
Sovereignty,30.739901572356587,0.6386554621848739,Reinforced Shoes,23.640063485883335,0.6290322580645161,Breastplate of Valor,1.0694282364206158,2.6782608695652175
Shoes of Focus,-3.0887438066530986,0.5739130434782609,Mantle of Discord,23.492741324533903,0.6486486486486487,Spirit Robe,0.9356226297179654,2.7813436029097134
Heartward Amulet,-23.77830749476243,0.5888888888888889,Spirit Robe,23.01631669106195,0.6842105263157895,Void Stone,0.8383677524230617,3.0303030303030303
