,recommendations,win_rate,win_rate_per_cost
Starter Item,Watcher's Gift,,
Boots,Shoes of Focus,0.506,3.76888888889
Item2,Sovereignty,0.5780487804878048,2.69206349206
Item3,Heartward Amulet,0.5653333333333334,2.69206349206
Item4,Hide of the Urchin,0.5303370786516854,2.35555555556
Item5,Winged Blade,0.621848739496,3.15315315315
Item6,Spirit Robe,0.530337078652,2.43309002433
Relic1,Blink,0.548209366391,
Relic2,Meditation,0.517611026034,
