Relics_most_pop,Relics_most_pop_L2,Relics_most_pop_winrate,Relics_most_pop_wr_paired,Relics_L2,Relics_L2_coef,Relics_L2_winrate,Relics_L2_wr_paired
Meditation,8.962100104243289,0.5168539325842697,1.0,Curse,26.164896759515827,0.589041095890411,1.0
Blink,-8.52191149207046,0.5167785234899329,,Wrath,23.199752609669876,0.6818181818181818,
