Relics_most_pop,Relics_most_pop_L2,Relics_most_pop_winrate,Relics_most_pop_wr_paired,Relics_L2,Relics_L2_coef,Relics_L2_winrate,Relics_L2_wr_paired
Meditation,-0.2487795284901557,0.4782608695652174,0.5,Blink,3.1523135452399513,0.5241379310344828,0.5
Blink,3.1523135452399513,0.5241379310344828,,Wrath,0.7684103877354762,0.5625,
