Items_most_pop,Items_most_pop_L2,Items_most_pop_winrate,Items_L2,Items_L2_coef,Items_L2_winrate,Items_gold_adjusted_L2,Items_gold_adjusted_L2_coef,Items_gold_adjusted_L2_winrate
Watcher's Gift,15.802305299120775,0.4302600472813239,Sovereignty,32.787186487929695,0.5280898876404494,Sovereignty,1.5612945946633188,2.5147137506688066
Shoes of Focus,2.526441552901711,0.4557291666666667,Mantle of Discord,29.597092629302402,0.6178861788617886,Mantle of Discord,0.9547449235258839,1.993181222134802
Sovereignty,32.787186487929695,0.5280898876404494,Void Stone,16.947998700073054,0.6078431372549019,Void Stone,0.770363577276048,2.762923351158645
Breastplate of Valor,8.069362431370678,0.46504559270516715,Hide of the Urchin,13.810688781185057,0.49843260188087773,Travelers Shoes,0.7143304255642838,3.550784475639967
Hide of the Urchin,13.810688781185057,0.49843260188087773,Travelers Shoes,10.000625957899974,0.49710982658959535,Hide of the Urchin,0.5754453658827107,2.0768025078369905
Heartward Amulet,-1.1750524544167489,0.5050847457627119,Breastplate of Valor,8.069362431370678,0.46504559270516715,Breastplate of Valor,0.3508418448422034,2.0219373595876835
