Relics_most_pop,Relics_most_pop_L2,Relics_most_pop_winrate,Relics_most_pop_wr_paired,Relics_L2,Relics_L2_coef,Relics_L2_winrate,Relics_L2_wr_paired
Meditation,-4.4285456372984795,0.43037974683544306,1.0,Shell,5.204298145628158,0.6571428571428571,1.0
Blink,1.4469380687750086,0.5263157894736842,,Curse,4.432286571797061,0.6956521739130435,
