Items_most_pop,Items_most_pop_L2,Items_most_pop_winrate,Items_L2,Items_L2_coef,Items_L2_winrate,Items_gold_adjusted_L2,Items_gold_adjusted_L2_coef,Items_gold_adjusted_L2_winrate
Watcher's Gift,-3.5922522243849784,0.48936170212765956,Sovereignty,11.243224838314989,0.5869565217391305,Sovereignty,0.5353916589673804,2.7950310559006213
Sovereignty,11.243224838314989,0.5869565217391305,Heartward Amulet,5.3861517263179195,0.5658627087198516,Heartward Amulet,0.2564834155389486,2.6945843272373886
Shoes of Focus,-0.22160856131000517,0.5176470588235295,Mantle of Discord,4.923519431609933,0.6149425287356322,Winged Blade,0.20051218554181874,3.176636351991802
Heartward Amulet,5.3861517263179195,0.5658627087198516,Spirit Robe,3.7402419338666255,0.5913978494623656,Mantle of Discord,0.15882320747128817,1.9836855765665555
Breastplate of Valor,3.5120899062595643,0.5400763358778626,Winged Blade,3.7094754325236465,0.5876777251184834,Breastplate of Valor,0.15269956114172017,2.3481579820776632
Hide of the Urchin,2.9306211170914565,0.5415860735009671,Breastplate of Valor,3.5120899062595643,0.5400763358778626,Spirit Robe,0.15204235503522867,2.4040562986275025
