,recommendations,win_rate,win_rate_per_cost
Starter Item,Watcher's Gift,,
Boots,Shoes of Focus,0.579268292683,3.6329588015
Item2,Heartward Amulet,0.5929824561403508,2.75842044135
Item3,Sovereignty,0.5792682926829268,2.75842044135
Item4,Hide of the Urchin,0.5331125827814569,2.41361788618
Item5,Mantle of Discord,0.544943820225,2.29885057471
Item6,Spirit Robe,0.674418604651,2.45952039352
Relic1,Sprint,0.575,
Relic2,Blink,0.548611111111,
