Items_most_pop,Items_most_pop_L2,Items_most_pop_winrate,Items_L2,Items_L2_coef,Items_L2_winrate,Items_gold_adjusted_L2,Items_gold_adjusted_L2_coef,Items_gold_adjusted_L2_winrate
Watcher's Gift,-4.278499454706178,0.4912959381044487,Sovereignty,21.45570915470472,0.6032863849765259,Sovereignty,1.0217004359383202,2.8727923094120276
Shoes of Focus,6.502398610389563,0.537117903930131,Mantle of Discord,12.270179077370384,0.6470588235294118,Winged Blade,0.6132788282835532,3.331238214959145
Sovereignty,21.45570915470472,0.6032863849765259,Hide of the Urchin,11.422732912160686,0.569620253164557,Hide of the Urchin,0.47594720467336193,2.3734177215189876
Hide of the Urchin,11.422732912160686,0.569620253164557,Winged Blade,11.345658323245734,0.6162790697674418,Void Stone,0.4512851113136335,3.1587057010785826
Heartward Amulet,7.548639493815146,0.5773195876288659,Void Stone,9.928272448899937,0.6949152542372882,Shoes of Focus,0.4334932406926375,3.5807860262008733
Breastplate of Valor,-8.215724602417641,0.49476439790575916,Heartward Amulet,7.548639493815146,0.5773195876288659,Mantle of Discord,0.3958122283022705,2.0872865275142316
