Items_most_pop,Items_most_pop_L2,Items_most_pop_winrate,Items_L2,Items_L2_coef,Items_L2_winrate,Items_gold_adjusted_L2,Items_gold_adjusted_L2_coef,Items_gold_adjusted_L2_winrate
Watcher's Gift,-9.080213515746811,0.5027932960893855,Mantle of Discord,28.190067901177287,0.7572815533980582,Mantle of Discord,0.909357029070235,2.4428437206388978
Hide of the Urchin,5.042237463303931,0.5718849840255591,Spirit Robe,14.905850718630404,0.6666666666666666,Winged Blade,0.7516391775543008,3.5217035217035217
Shoes of Focus,-12.043574265148896,0.5066225165562914,Winged Blade,13.905324784754564,0.6515151515151515,Spirit Robe,0.6059288910012359,2.710027100271003
Sovereignty,8.348032552484709,0.5802047781569966,Travelers Shoes,8.464456822834912,0.5960264900662252,Travelers Shoes,0.6046040587739223,4.257332071901608
Heartward Amulet,2.85794652530392,0.5773584905660377,Sovereignty,8.348032552484709,0.5802047781569966,Sovereignty,0.397525359642129,2.762879895985698
Breastplate of Valor,8.066585988277469,0.5775193798449613,Breastplate of Valor,8.066585988277469,0.5775193798449613,Breastplate of Valor,0.3507211299251073,2.510953825412875
