Items_most_pop,Items_most_pop_L2,Items_most_pop_winrate,Items_L2,Items_L2_coef,Items_L2_winrate,Items_gold_adjusted_L2,Items_gold_adjusted_L2_coef,Items_gold_adjusted_L2_winrate
Watcher's Gift,-0.24243979306664917,0.4636363636363636,Reinforced Shoes,0.4490622016463688,0.6346153846153846,Reinforced Shoes,0.0320758715461692,4.532967032967033
Shoes of Focus,-0.21090531208165894,0.4672897196261682,Winged Blade,0.3839139162467401,0.6578947368421053,Winged Blade,0.02075210358090487,3.5561877667140824
Sovereignty,-0.058280463788548245,0.48936170212765956,Mantle of Discord,0.35208465392272964,0.72,Heartward Amulet,0.012326317427896711,2.625152625152625
Breastplate of Valor,0.0068271962366464635,0.5,Bulwark of Hope,0.288763091292969,0.6,Bulwark of Hope,0.011436162031404714,2.376237623762376
Hide of the Urchin,0.19747624279885892,0.5340909090909091,Heartward Amulet,0.25885266598583095,0.5512820512820513,Mantle of Discord,0.011357569481378374,2.3225806451612905
Heartward Amulet,0.25885266598583095,0.5512820512820513,Hide of the Urchin,0.19747624279885892,0.5340909090909091,Hide of the Urchin,0.008228176783285787,2.225378787878788
