,recommendations,win_rate,win_rate_per_cost
Starter Item,Bumba's Mask,,
Boots,Warrior Tabi,0.5044510385756676,3.32557366146
Item2,Stone Cutting Sword,0.5982905982905983,1.98255352895
Item3,Qin's Sais,0.5693430656934306,1.90912562047
Item4,Jotunn's Wrath,0.5208333333333334,2.11255703904
Item5,Void Shield,0.568421052632,2.10526315789
Item6,Wind Demon,0.657142857143,2.52747252747
Relic1,Wrath,0.524590163934,
Relic2,Curse,0.653846153846,
