,recommendations,win_rate,win_rate_per_cost
Starter Item,Bumba's Mask,,
Boots,Warrior Tabi,0.603448275862,3.34454779339
Item2,Stone Cutting Sword,0.631578947368421,1.56882591093
Item3,Qin's Sais,0.5705128205128205,1.51072124756
Item4,Jotunn's Wrath,0.5203619909502263,1.67169974116
Item5,Void Shield,0.6375,2.36111111111
Item6,Breastplate of Valor,0.65625,2.84857571214
Relic1,Purification,0.548717948718,
Relic2,Wrath,0.51724137931,
