Items_most_pop,Items_most_pop_L2,Items_most_pop_winrate,Items_L2,Items_L2_coef,Items_L2_winrate,Items_gold_adjusted_L2,Items_gold_adjusted_L2_coef,Items_gold_adjusted_L2_winrate
Warrior Tabi,1.2975725862098026,0.5102040816326531,Qin's Sais,12.582955399468943,0.585820895522388,Qin's Sais,0.4660353851655164,2.169707020453289
Jotunn's Wrath,-2.0244704569927574,0.5068181818181818,Stone Cutting Sword,9.958975237008477,0.5909090909090909,The Executioner,0.4302212723864385,2.898550724637681
Bumba's Mask,-6.9128074764560825,0.4537037037037037,The Executioner,9.679978628694865,0.6521739130434783,Stone Cutting Sword,0.38303750911571066,2.272727272727273
Qin's Sais,12.582955399468943,0.585820895522388,Void Shield,5.430018216690879,0.5454545454545454,Void Shield,0.2011117858033659,2.0202020202020203
Ichaival,-3.7399372442969376,0.48792270531400966,Deathbringer,5.034935423409656,0.6290322580645161,Frostbound Hammer,0.18713942147994597,2.8260869565217392
Void Shield,5.430018216690879,0.5454545454545454,Frostbound Hammer,4.304206694038757,0.65,Deathbringer,0.15734173198155177,1.965725806451613
