Relics_most_pop,Relics_most_pop_L2,Relics_most_pop_winrate,Relics_most_pop_wr_paired,Relics_L2,Relics_L2_coef,Relics_L2_winrate,Relics_L2_wr_paired
Purification,2.618629033201068,0.5295315682281059,0.627906976744,Sprint,5.017103322381121,0.6744186046511628,0.627906976744
Wrath,0.16775856759067848,0.5106837606837606,,Purification,2.618629033201068,0.5295315682281059,
