Items_most_pop,Items_most_pop_L2,Items_most_pop_winrate,Items_L2,Items_L2_coef,Items_L2_winrate,Items_gold_adjusted_L2,Items_gold_adjusted_L2_coef,Items_gold_adjusted_L2_winrate
Warrior Tabi,1.374467919108562,0.5184049079754601,Stone Cutting Sword,5.79673126536431,0.631578947368421,Stone Cutting Sword,0.22295120251401193,2.42914979757085
Jotunn's Wrath,0.9171947857343541,0.5203619909502263,Void Shield,4.540083367662776,0.6375,Void Shield,0.16815123583936206,2.361111111111111
Qin's Sais,3.7310425946506145,0.5705128205128205,Qin's Sais,3.7310425946506145,0.5705128205128205,Qin's Sais,0.13818676276483757,2.1130104463437798
Bumba's Mask,-5.7875766753591895,0.40789473684210525,Mantle of Discord,2.229526928397213,0.603448275862069,Warrior Tabi,0.08867534961990722,3.344547793390065
Stone Cutting Sword,5.79673126536431,0.631578947368421,Deathbringer,1.9805225012556396,0.65625,Breastplate of Valor,0.08595530390500779,2.848575712143928
Ichaival,-1.66657007220308,0.4673913043478261,Breastplate of Valor,1.976971989815179,0.6551724137931034,Winged Blade,0.0851973911983883,3.1991174848317705
