Items_most_pop,Items_most_pop_L2,Items_most_pop_winrate,Items_L2,Items_L2_coef,Items_L2_winrate,Items_gold_adjusted_L2,Items_gold_adjusted_L2_coef,Items_gold_adjusted_L2_winrate
Warrior Tabi,7.083441795467853,0.5454545454545454,Qin's Sais,19.81812521607559,0.6326530612244898,Qin's Sais,0.7340046376324292,2.3431594860166287
Jotunn's Wrath,-7.6387313837847195,0.5255474452554745,Void Shield,19.207056616181198,0.6567164179104478,Void Shield,0.7113724672659704,2.4322830292979547
Qin's Sais,19.81812521607559,0.6326530612244898,Deathbringer,10.765952988017483,0.7307692307692307,Warrior Tabi,0.45699624486889373,3.5190615835777126
Bumba's Mask,-17.198480163158063,0.42105263157894735,The Executioner,9.128220461797614,0.68,The Executioner,0.405698687191005,3.022222222222222
Void Shield,19.207056616181198,0.6567164179104478,Hydra's Lament,8.2719906189634,0.59375,Hydra's Lament,0.3847437497192279,2.761627906976744
Stone Cutting Sword,5.634948109082215,0.5970149253731343,Warrior Tabi,7.083441795467853,0.5454545454545454,Deathbringer,0.3364360308755463,2.2836538461538463
