Items_most_pop,Items_most_pop_L2,Items_most_pop_winrate,Items_L2,Items_L2_coef,Items_L2_winrate,Items_gold_adjusted_L2,Items_gold_adjusted_L2_coef,Items_gold_adjusted_L2_winrate
Warrior Tabi,0.6003242238319818,0.525679758308157,Jotunn's Wrath,6.685702996524448,0.559322033898305,Titan's Bane,0.2914547472625782,3.465982028241335
Jotunn's Wrath,6.685702996524448,0.559322033898305,Titan's Bane,5.974822318882854,0.7105263157894737,Jotunn's Wrath,0.2740042211690347,2.2923034176160044
Bumba's Mask,-6.604003062878694,0.45930232558139533,Frostbound Hammer,5.053487317702654,0.75,Frostbound Hammer,0.2197168399001154,3.260869565217391
Qin's Sais,4.5469130473842245,0.5675675675675675,Mantle of Discord,4.960685784049459,0.6379310344827587,Qin's Sais,0.16840418694015646,2.1021021021021022
Stone Cutting Sword,-0.11185935976346847,0.5384615384615384,Deathbringer,4.616001698192206,0.7142857142857143,Mantle of Discord,0.16002212206611158,2.057842046718576
Ichaival,0.21438021156150033,0.53,Qin's Sais,4.5469130473842245,0.5675675675675675,Deathbringer,0.14425005306850644,2.232142857142857
