,recommendations,win_rate,win_rate_per_cost
Starter Item,Bumba's Mask,,
Boots,Warrior Tabi,0.502092050209205,3.66856419987
Item2,Qin's Sais,0.5907172995780591,2.10602759622
Item3,Stone Cutting Sword,0.5686274509803921,2.18702865762
Item4,Ichaival,0.5119047619047619,3.34486735871
Item5,Frostbound Hammer,0.684210526316,2.97482837529
Item6,The Executioner,0.560975609756,2.49322493225
Relic1,Curse,0.709677419355,
Relic2,Wrath,0.515243902439,
