Relics_most_pop,Relics_most_pop_L2,Relics_most_pop_winrate,Relics_most_pop_wr_paired,Relics_L2,Relics_L2_coef,Relics_L2_winrate,Relics_L2_wr_paired
Wrath,4.728721053169763,0.5296803652968036,0.6125,Wrath,4.728721053169763,0.5296803652968036,0.6125
Purification,-4.808793974944659,0.5057915057915058,,Sprint,3.3812638346441557,0.5628415300546448,
