,recommendations,win_rate,win_rate_per_cost
Starter Item,Bumba's Mask,,
Boots,Warrior Tabi,0.46475409836065573,2.82591308984
Item2,Stone Cutting Sword,0.5511627906976744,1.68467895741
Item3,Qin's Sais,0.5283687943262412,1.62228344047
Item4,Jotunn's Wrath,0.4821852731591449,1.79514970871
Item5,Titan's Bane,0.578947368421,2.82413350449
Item6,The Executioner,0.513931888545,2.47177658942
Relic1,Sprint,0.515957446809,
Relic2,Teleport,0.545454545455,
