,recommendations,win_rate,win_rate_per_cost
Starter Item,Soul Stone,,
Boots,Shoes of the Magi,0.47285464098073554,2.63513513514
Item2,Rod of Tahuti,0.5360824742268041,1.26994464344
Item3,Obsidian Shard,0.49023861171366595,2.05669083718
Item4,Book of Thoth,0.4771084337349398,1.59102498725
Item5,Polynomicon,0.536082474227,2.51930109711
Item6,Soul Reaver,0.545454545455,1.85528756957
Relic1,Sprint,0.40625,
Relic2,Sanctuary,0.468085106383,
