Items_most_pop,Items_most_pop_L2,Items_most_pop_winrate,Items_L2,Items_L2_coef,Items_L2_winrate,Items_gold_adjusted_L2,Items_gold_adjusted_L2_coef,Items_gold_adjusted_L2_winrate
Shoes of the Magi,159.64570302242714,0.52,Polynomicon,195.64960440242663,0.6153846153846154,Shoes of the Magi,9.977856438901696,3.25
Obsidian Shard,-163.04662447710976,0.5176991150442478,Rod of Tahuti,167.036177764404,0.6013513513513513,Polynomicon,8.50650453923594,2.6755852842809364
Book of Thoth,15.857085224533598,0.5654205607476636,Shoes of the Magi,159.64570302242714,0.52,Celestial Legion Helm,5.960723662992309,2.4574669187145557
Rod of Tahuti,167.036177764404,0.6013513513513513,Celestial Legion Helm,137.0966442488231,0.5652173913043478,Rod of Tahuti,5.031210173626626,1.8112992510582873
Soul Stone,101.49536399407411,0.48226950354609927,Doom Orb,89.7072542406052,0.5,Doom Orb,4.375963621492937,2.4390243902439024
Chronos' Pendant,-61.435144100013716,0.47474747474747475,Dynasty Plate Helm,67.61279452637098,0.5614035087719298,Dynasty Plate Helm,3.977223207433587,3.3023735810113517
