,recommendations,win_rate,win_rate_per_cost
Starter Item,Soul Stone,,
Boots,Shoes of the Magi,0.542428675933,3.39017922458
Item2,Rod of Tahuti,0.6085383502170767,1.832946838
Item3,Soul Stone,0.5124584717607974,7.60672937771
Item4,Chronos' Pendant,0.5421166306695464,2.53557645924
Item5,Dynasty Plate Helm,0.608538350217,3.48884381339
Item6,Polynomicon,0.593103448276,2.71739130435
Relic1,Sanctuary,0.542461653573,
Relic2,Purification,0.540948275862,
