,recommendations,win_rate,win_rate_per_cost
Starter Item,Soul Stone,,
Boots,Shoes of the Magi,0.4778761061946903,2.9296875
Item2,Rod of Tahuti,0.6964285714285714,1.41189759036
Item3,Obsidian Shard,0.5609756097560976,2.28658536585
Item4,Book of Thoth,0.5185185185185185,1.76886792453
Item5,Soul Reaver,0.6875,2.33843537415
Item6,Polynomicon,0.6,2.60869565217
Relic1,Sanctuary,0.490740740741,
Relic2,Purification,0.482456140351,
