Items_most_pop,Items_most_pop_L2,Items_most_pop_winrate,Items_L2,Items_L2_coef,Items_L2_winrate,Items_gold_adjusted_L2,Items_gold_adjusted_L2_coef,Items_gold_adjusted_L2_winrate
Shoes of the Magi,-0.5866867839836196,0.5199052132701422,Rod of Tahuti,32.55080588038416,0.6276978417266187,Rod of Tahuti,0.9804459602525349,1.890656149778972
Obsidian Shard,-3.7612790915957937,0.5372860635696821,Polynomicon,13.768058000727091,0.6341463414634146,Polynomicon,0.5986112174229169,2.757158006362672
Book of Thoth,8.725560742855482,0.542449773169151,Book of Thoth,8.725560742855482,0.542449773169151,Book of Thoth,0.3292664431266219,2.0469802761100038
Rod of Tahuti,32.55080588038416,0.6276978417266187,Soul Reaver,6.506806225039908,0.5957894736842105,Soul Reaver,0.22131993962720775,2.0264948084496957
Soul Stone,-5.427291888525251,0.46338912133891214,Doom Orb,2.41005785697359,0.5405405405405406,Doom Orb,0.11756379790115072,2.6367831245880025
Chronos' Pendant,-6.752747042970117,0.5064194008559201,Shoes of Focus,1.6857505649760098,0.554140127388535,Shoes of Focus,0.11238337099840065,3.694267515923567
