,recommendations,win_rate,win_rate_per_cost
Starter Item,Soul Stone,,
Boots,Shoes of the Magi,0.49239280774550487,3.02452596867
Item2,Rod of Tahuti,0.5845824411134903,1.45760287647
Item3,Book of Thoth,0.5090497737556561,1.82612888675
Item4,Soul Stone,0.43788437884378845,6.04905193735
Item5,Polynomicon,0.509049773756,2.42424242424
Item6,Spear of Desolation,0.572010869565,1.65300185136
Relic1,Purification,0.497279651795,
Relic2,Sanctuary,0.49268018018,
