Relics_most_pop,Relics_most_pop_L2,Relics_most_pop_winrate,Relics_most_pop_wr_paired,Relics_L2,Relics_L2_coef,Relics_L2_winrate,Relics_L2_wr_paired
Purification,-0.18719676057051746,0.5116279069767442,1.0,Sanctuary,10.924882091760745,0.5166402535657686,1.0
Sanctuary,10.924882091760745,0.5166402535657686,,Blink,2.316716292307499,0.5217391304347826,
