Relics_most_pop,Relics_most_pop_L2,Relics_most_pop_winrate,Relics_most_pop_wr_paired,Relics_L2,Relics_L2_coef,Relics_L2_winrate,Relics_L2_wr_paired
Purification,-2.3914029606820226,0.5023161551823973,0.583333333333,Blink,2.5715783967668697,0.6,0.583333333333
Sanctuary,1.147691010688635,0.5083815909783602,,Sanctuary,1.147691010688635,0.5083815909783602,
