Items_most_pop,Items_most_pop_L2,Items_most_pop_winrate,Items_L2,Items_L2_coef,Items_L2_winrate,Items_gold_adjusted_L2,Items_gold_adjusted_L2_coef,Items_gold_adjusted_L2_winrate
Shoes of the Magi,-1.7881425197470477,0.43125,Book of Thoth,15.219190254954684,0.4752475247524752,Book of Thoth,0.5743090662247051,1.7933868858583972
Obsidian Shard,5.935125967598654,0.4690265486725664,Soul Reaver,13.505053474965948,0.6071428571428571,Polynomicon,0.5461685859995329,2.691511387163561
Book of Thoth,15.219190254954684,0.4752475247524752,Polynomicon,12.561877477989256,0.6190476190476191,Soul Reaver,0.4593555603729914,2.06511175898931
Soul Stone,-35.94523897885708,0.2823529411764706,Spear of Desolation,8.0766749296671,0.7,Chronos' Pendant,0.32441839212520013,2.0833333333333335
Rod of Tahuti,6.081050540830281,0.5147058823529411,Chronos' Pendant,7.786041411004803,0.5,Obsidian Shard,0.2895183398828612,2.2879343837686164
Warlock's Sash,2.1689230844982084,0.45098039215686275,Rod of Tahuti,6.081050540830281,0.5147058823529411,Spear of Desolation,0.2125440770965026,1.8421052631578947
