Relics_most_pop,Relics_most_pop_L2,Relics_most_pop_winrate,Relics_most_pop_wr_paired,Relics_L2,Relics_L2_coef,Relics_L2_winrate,Relics_L2_wr_paired
Purification,3.9368797910988533,0.5208092485549133,0.532227185705,Sanctuary,6.348502413172266,0.5249406175771971,0.532227185705
Sanctuary,6.348502413172266,0.5249406175771971,,Purification,3.9368797910988533,0.5208092485549133,
