Relics_most_pop,Relics_most_pop_L2,Relics_most_pop_winrate,Relics_most_pop_wr_paired,Relics_L2,Relics_L2_coef,Relics_L2_winrate,Relics_L2_wr_paired
Purification,0.46496375567929604,0.5210084033613446,0.527777777778,Purification,0.46496375567929604,0.5210084033613446,0.527777777778
Sanctuary,0.46284395088275987,0.5221238938053098,,Sanctuary,0.46284395088275987,0.5221238938053098,
