,recommendations,win_rate,win_rate_per_cost
Starter Item,Soul Stone,,
Boots,Shoes of the Magi,0.5258226691042047,3.17120295699
Item2,Rod of Tahuti,0.6204028021015762,1.52829058168
Item3,Book of Thoth,0.5516688061617459,1.9146885778
Item4,Soul Stone,0.4755391899000526,6.34240591398
Item5,Polynomicon,0.614193548387,2.67040673212
Item6,Dynasty Plate Helm,0.54674796748,3.27990746861
Relic1,Purification,0.529279784608,
Relic2,Sprint,0.510638297872,
