Items_most_pop,Items_most_pop_L2,Items_most_pop_winrate,Items_L2,Items_L2_coef,Items_L2_winrate,Items_gold_adjusted_L2,Items_gold_adjusted_L2_coef,Items_gold_adjusted_L2_winrate
Shoes of the Magi,-4.744038433418724,0.4666666666666667,Rod of Tahuti,20.12541085602099,0.5828220858895705,Obsidian Shard,0.6387855275759641,2.5231286795626575
Obsidian Shard,13.095103315307263,0.5172413793103449,Book of Thoth,13.876239155240293,0.515695067264574,Rod of Tahuti,0.6061870739765359,1.7554882105107548
Book of Thoth,13.876239155240293,0.515695067264574,Obsidian Shard,13.095103315307263,0.5172413793103449,Book of Thoth,0.5236316662354827,1.9460191217531093
Rod of Tahuti,20.12541085602099,0.5828220858895705,Doom Orb,7.760366528682516,0.5833333333333334,Doom Orb,0.3785544648137813,2.845528455284553
Soul Stone,-5.252469165266562,0.4144736842105263,Polynomicon,6.984870640866031,0.5714285714285714,Polynomicon,0.3036900278637405,2.484472049689441
Warlock's Sash,-11.102701086890072,0.4,Soul Reaver,4.770448982364834,0.559322033898305,Soul Reaver,0.16226016946819163,1.9024558976132826
