Relics_most_pop,Relics_most_pop_L2,Relics_most_pop_winrate,Relics_most_pop_wr_paired,Relics_L2,Relics_L2_coef,Relics_L2_winrate,Relics_L2_wr_paired
Purification,2.6808960261009833,0.45141451414514144,0.406779661017,Purification,2.6808960261009833,0.45141451414514144,0.406779661017
Sanctuary,-5.131158665421851,0.44952681388012616,,Relic,-2.636198403230795,0.3924050632911392,
