,recommendations,win_rate,win_rate_per_cost
Starter Item,Death's Toll,,
Boots,Ninja Tabi,0.5,3.6036036036
Item2,Transcendence,0.49353448275862066,1.8543956044
Item3,Asi,0.5154320987654321,2.70866773676
Item4,The Executioner,0.5238095238095238,2.14285714286
Item5,Deathbringer,0.493534482759,2.02464788732
Item6,Jotunn's Wrath,0.559322033898,2.29230341762
Relic1,Sanctuary,0.520987654321,
Relic2,Relic,0.30612244898,
