Items_most_pop,Items_most_pop_L2,Items_most_pop_winrate,Items_L2,Items_L2_coef,Items_L2_winrate,Items_gold_adjusted_L2,Items_gold_adjusted_L2_coef,Items_gold_adjusted_L2_winrate
Transcendence,-5.460960481544933,0.47783251231527096,Wind Demon,24.566996118499713,0.6986301369863014,Wind Demon,0.9448844660961427,2.6870389884088515
Warrior Tabi,1.4968073977719596,0.48392857142857143,Deathbringer,19.214546024693778,0.6310679611650486,Asi,0.6346203629202736,2.857300610109599
Asi,11.296242459980869,0.5085995085995086,Asi,11.296242459980869,0.5085995085995086,Deathbringer,0.6004545632716806,1.9720873786407767
Qin's Sais,7.723176684900182,0.5141955835962145,Soul Eater,10.992280248796261,0.5540540540540541,Soul Eater,0.5496140124398131,2.77027027027027
Titan's Bane,4.958903886539069,0.5277777777777778,The Executioner,9.686564522486108,0.5380710659898477,The Executioner,0.43051397877716036,2.3914269599548788
The Executioner,9.686564522486108,0.5380710659898477,Qin's Sais,7.723176684900182,0.5141955835962145,Qin's Sais,0.2860435809222289,1.904428087393387
