Items_most_pop,Items_most_pop_L2,Items_most_pop_winrate,Items_L2,Items_L2_coef,Items_L2_winrate,Items_gold_adjusted_L2,Items_gold_adjusted_L2_coef,Items_gold_adjusted_L2_winrate
Transcendence,-0.1831412194644434,0.4166666666666667,Jotunn's Wrath,0.0158053480469302,0.5517241379310345,Hastened Fatalis,0.0007211632579409605,2.748763056624519
Warrior Tabi,-0.15356677861105353,0.4252336448598131,Hastened Fatalis,0.015432893719936554,0.5882352941176471,Jotunn's Wrath,0.000647760165857795,2.2611644997173546
Asi,-0.10535217575849752,0.4266666666666667,Rage,0.005389198652420374,0.5333333333333333,Rage,0.0002245499438508489,2.2222222222222223
Qin's Sais,-0.05168833036438169,0.45045045045045046,Deathbringer,0.0011250593050415093,0.5,Deathbringer,3.5158103282547165e-05,1.5625
Titan's Bane,-0.007826451895050112,0.4868421052631579,Devourer's Gauntlet,-0.004605305937195511,0.47058823529411764,Devourer's Gauntlet,-0.00022464907010709807,2.2955523672883786
The Executioner,-0.05293457890941102,0.4225352112676056,Titan's Bane,-0.007826451895050112,0.4868421052631579,Titan's Bane,-0.0003817781412219567,2.3748395378690628
