Items_most_pop,Items_most_pop_L2,Items_most_pop_winrate,Items_L2,Items_L2_coef,Items_L2_winrate,Items_gold_adjusted_L2,Items_gold_adjusted_L2_coef,Items_gold_adjusted_L2_winrate
Transcendence,1.0349298269015939,0.49607843137254903,Titan's Bane,8.910104955947007,0.6209150326797386,Titan's Bane,0.4346392661437565,3.028853817949944
Warrior Tabi,3.0613848583670116,0.5065217391304347,Qin's Sais,5.888103076575144,0.5490196078431373,Qin's Sais,0.21807789172500533,2.033405954974582
Asi,-0.9703949478507019,0.49162011173184356,Deathbringer,3.5186588700231525,0.5833333333333334,Warrior Tabi,0.19750870053980718,3.267882187938289
Qin's Sais,5.888103076575144,0.5490196078431373,Warrior Tabi,3.0613848583670116,0.5065217391304347,The Executioner,0.11594839280246906,2.3582766439909295
Titan's Bane,8.910104955947007,0.6209150326797386,The Executioner,2.608838838055554,0.5306122448979592,Deathbringer,0.1099580896882235,1.8229166666666667
The Executioner,2.608838838055554,0.5306122448979592,Hastened Fatalis,1.6224264885791233,0.6071428571428571,Hastened Fatalis,0.07581432189622073,2.837116154873164
