Items_most_pop,Items_most_pop_L2,Items_most_pop_winrate,Items_L2,Items_L2_coef,Items_L2_winrate,Items_gold_adjusted_L2,Items_gold_adjusted_L2_coef,Items_gold_adjusted_L2_winrate
Transcendence,0.44096978854809443,0.5111111111111111,Qin's Sais,4.846779068030332,0.6666666666666666,Qin's Sais,0.17951033585297527,2.4691358024691357
Warrior Tabi,1.3373785869644625,0.5301204819277109,Asi,2.8048212452981853,0.6,Asi,0.157574227263943,3.3707865168539324
Qin's Sais,4.846779068030332,0.6666666666666666,Hastened Fatalis,1.6621088739891894,0.7777777777777778,Warrior Tabi,0.08628248948157821,3.4201321414691024
Asi,2.8048212452981853,0.6,Wind Demon,1.6431773107337053,0.7272727272727273,Hastened Fatalis,0.07766863897145745,3.6344755970924196
The Executioner,0.2451036925243442,0.5161290322580645,Brawler's Beat Stick,1.370712093299407,0.8333333333333334,Wind Demon,0.06319912733591175,2.797202797202797
Titan's Bane,0.46977037211069106,0.5454545454545454,Warrior Tabi,1.3373785869644625,0.5301204819277109,Brawler's Beat Stick,0.05711300388747529,3.4722222222222223
