,recommendations,win_rate,win_rate_per_cost
Starter Item,Death's Toll,,
Boots,Ninja Tabi,0.470297029703,3.13131313131
Item2,Asi,0.46037735849056605,2.80898876404
Item3,Qin's Sais,0.47029702970297027,1.85185185185
Item4,The Executioner,0.5,2.22222222222
Item5,Deathbringer,0.65671641791,2.05223880597
Item6,Brawler's Beat Stick,0.510204081633,2.72435897436
Relic1,Sprint,0.53125,
Relic2,Sanctuary,0.436950146628,
