,recommendations,win_rate,win_rate_per_cost
Starter Item,Death's Toll,,
Boots,Ninja Tabi,0.556818181818,3.73333333333
Item2,The Executioner,0.5864197530864198,2.60631001372
Item3,Titan's Bane,0.5964912280701754,2.8605841614
Item4,Transcendence,0.5134099616858238,2.25546058879
Item5,Jotunn's Wrath,0.586419753086,2.58511979823
Item6,Ichaival,0.59649122807,3.27540106952
Relic1,Teleport,0.575,
Relic2,Sprint,0.571428571429,
