Items_most_pop,Items_most_pop_L2,Items_most_pop_winrate,Items_L2,Items_L2_coef,Items_L2_winrate,Items_gold_adjusted_L2,Items_gold_adjusted_L2_coef,Items_gold_adjusted_L2_winrate
Transcendence,-4.5323339930317825,0.4604966139954853,Deathbringer,12.530744662421014,0.6538461538461539,Devourer's Gauntlet,0.4134070456134965,3.3875338753387534
Warrior Tabi,-1.252833748615497,0.4694835680751174,Devourer's Gauntlet,8.474844435076678,0.6944444444444444,Deathbringer,0.3915857707006567,2.043269230769231
Asi,-1.7211336648003683,0.46598639455782315,Qin's Sais,8.311426725173657,0.5213675213675214,Titan's Bane,0.385159357681214,2.682926829268293
Qin's Sais,8.311426725173657,0.5213675213675214,Titan's Bane,7.895766832464887,0.55,Qin's Sais,0.3078306194508762,1.9309908198797088
Titan's Bane,7.895766832464887,0.55,Rage,6.286217657360953,0.6578947368421053,The Executioner,0.26740451157689615,2.340966921119593
The Executioner,6.016601510480164,0.5267175572519084,The Executioner,6.016601510480164,0.5267175572519084,Rage,0.261925735723373,2.741228070175439
