Relics_most_pop,Relics_most_pop_L2,Relics_most_pop_winrate,Relics_most_pop_wr_paired,Relics_L2,Relics_L2_coef,Relics_L2_winrate,Relics_L2_wr_paired
Purification,-3.0812843902224833,0.4864864864864865,0.5,Sprint,9.550483545494052,0.5675675675675675,0.5
Sanctuary,-7.294118937414776,0.47752808988764045,,Teleport,7.745280413253644,0.6363636363636364,
