,recommendations,win_rate,win_rate_per_cost
Starter Item,Death's Toll,,
Boots,Warrior Tabi,0.555555555556,2.84150459998
Item2,Titan's Bane,0.5865384615384616,2.14845469754
Item3,Qin's Sais,0.5,1.63123412221
Item4,The Executioner,0.45871559633027525,1.95748094665
Item5,Deathbringer,0.440433212996,1.73611111111
Item6,Wind Demon,0.538461538462,2.07100591716
Relic1,Teleport,0.541666666667,
Relic2,Sanctuary,0.442553191489,
