Relics_most_pop,Relics_most_pop_L2,Relics_most_pop_winrate,Relics_most_pop_wr_paired,Relics_L2,Relics_L2_coef,Relics_L2_winrate,Relics_L2_wr_paired
Purification,0.3597648513681337,0.4751552795031056,0.516129032258,Purification,0.3597648513681337,0.4751552795031056,0.516129032258
Sanctuary,-2.8077803782772395,0.4664310954063604,,Sprint,0.20370219240982068,0.4883720930232558,
