,recommendations,win_rate,win_rate_per_cost
Starter Item,Watcher's Gift,,
Boots,Shoes of Focus,0.534749034749,3.30666666667
Item2,Sovereignty,0.5347490347490348,2.36973910443
Item3,Hide of the Urchin,0.4976452119309262,2.07352171638
Item4,Heartward Amulet,0.5331858407079646,2.36973910443
Item5,Void Stone,0.610778443114,2.77626565052
Item6,Witchblade,0.586666666667,2.86178861789
Relic1,Meditation,0.484567901235,
Relic2,Sprint,0.512534818942,
