Items_most_pop,Items_most_pop_L2,Items_most_pop_winrate,Items_L2,Items_L2_coef,Items_L2_winrate,Items_gold_adjusted_L2,Items_gold_adjusted_L2_coef,Items_gold_adjusted_L2_winrate
Watcher's Gift,-17.2295698771971,0.37947997189037247,Hide of the Urchin,18.785444500155823,0.4945691527878349,Winged Blade,0.876325161855962,3.0145530145530146
Hide of the Urchin,18.785444500155823,0.4945691527878349,Sovereignty,17.32138411437036,0.5082568807339449,Sovereignty,0.8248278149700172,2.420270860637833
Breastplate of Valor,-0.448426265310073,0.46159527326440175,Winged Blade,16.212015494335297,0.5576923076923077,Hide of the Urchin,0.7827268541731592,2.0607048032826456
Shoes of Focus,3.6824622849090813,0.45988112927191677,Mantle of Discord,15.019092963494995,0.5655737704918032,Void Stone,0.6586151517375208,2.468549727035367
Sovereignty,17.32138411437036,0.5082568807339449,Void Stone,14.489533338225458,0.5430809399477807,Heartward Amulet,0.5698079461392299,2.4747316869855163
Heartward Amulet,11.965966868923829,0.5196936542669585,Heartward Amulet,11.965966868923829,0.5196936542669585,Mantle of Discord,0.48448686979016115,1.8244315177154944
