Items_most_pop,Items_most_pop_L2,Items_most_pop_winrate,Items_L2,Items_L2_coef,Items_L2_winrate,Items_gold_adjusted_L2,Items_gold_adjusted_L2_coef,Items_gold_adjusted_L2_winrate
Breastplate of Valor,32.7903073058697,0.38,Bulwark of Hope,128.04434616939315,0.6923076923076923,Bulwark of Hope,5.071063214629432,2.7418126428027416
Shoes of the Magi,14.32578781803997,0.3902439024390244,Rod of Tahuti,116.20152215356205,0.75,Rod of Tahuti,3.500045847998857,2.2590361445783134
Shoes of Focus,-7.421709312917621,0.32786885245901637,Spirit Robe,66.80936104054022,0.5833333333333334,Winged Blade,2.7535570096092816,2.5604551920341394
Void Stone,27.356419068161802,0.4444444444444444,Soul Reaver,54.70151074706574,0.5333333333333333,Spirit Robe,2.7158276845748057,2.3712737127371275
Hide of the Urchin,-3.575197853116361,0.4,Winged Blade,50.94080467777171,0.47368421052631576,Celestial Legion Helm,2.0994343904149777,1.5810276679841897
Warlock's Sash,-52.43916042201759,0.24324324324324326,Celestial Legion Helm,48.28699097954449,0.36363636363636365,Soul Reaver,1.8605956036416917,1.8140589569160999
