,recommendations,win_rate,win_rate_per_cost
Starter Item,Watcher's Gift,,
Boots,Travelers Shoes,0.607843137255,4.5954045954
Item2,Heartward Amulet,0.6604477611940298,2.65989240885
Item3,Hide of the Urchin,0.6078431372549019,2.32740585774
Item4,Sovereignty,0.6209912536443148,2.65989240885
Item5,Mantle of Discord,0.73125,2.35887096774
Item6,Bulwark of Hope,0.620991253644,2.57838283828
Relic1,Meditation,0.591292134831,
Relic2,Sprint,0.632231404959,
