,recommendations,win_rate,win_rate_per_cost
Starter Item,Watcher's Gift,,
Boots,Shoes of Focus,0.557894736842,3.1941031941
Item2,Sovereignty,0.53,2.52380952381
Item3,Hide of the Urchin,0.4946524064171123,2.20833333333
Item4,Breastplate of Valor,0.48179271708683474,2.30434782609
Item5,Mantle of Discord,0.656934306569,2.11914292442
Item6,Bulwark of Hope,0.567251461988,2.24654044352
Relic1,Wrath,0.633333333333,
Relic2,Meditation,0.468581687612,
