Relics_most_pop,Relics_most_pop_L2,Relics_most_pop_winrate,Relics_most_pop_wr_paired,Relics_L2,Relics_L2_coef,Relics_L2_winrate,Relics_L2_wr_paired
Meditation,4.7040808074018186,0.4453998280309544,0.539007092199,Blink,15.072570676676392,0.4972067039106145,0.539007092199
Blink,15.072570676676392,0.4972067039106145,,Meditation,4.7040808074018186,0.4453998280309544,
