Items_most_pop,Items_most_pop_L2,Items_most_pop_winrate,Items_L2,Items_L2_coef,Items_L2_winrate,Items_gold_adjusted_L2,Items_gold_adjusted_L2_coef,Items_gold_adjusted_L2_winrate
Watcher's Gift,-14.386437720766956,0.4783668494820232,Mantle of Discord,37.743616842818824,0.67984934086629,Mantle of Discord,1.217536027187704,2.1930623898912582
Hide of the Urchin,26.87573407973754,0.577027027027027,Hide of the Urchin,26.87573407973754,0.577027027027027,Hide of the Urchin,1.1198222533223976,2.404279279279279
Breastplate of Valor,1.155445889079936,0.5376712328767124,Heartward Amulet,17.977830115114372,0.6017526777020448,Heartward Amulet,0.8560871483387795,2.8654889414383087
Shoes of Focus,9.772402658418635,0.5494428969359332,Sovereignty,15.68920513176131,0.5885286783042394,Reinforced Shoes,0.7880935654713619,4.00329037565122
Sovereignty,15.68920513176131,0.5885286783042394,Void Stone,13.52064419971159,0.5919811320754716,Sovereignty,0.7471050062743482,2.8025175157344733
Heartward Amulet,17.977830115114372,0.6017526777020448,Reinforced Shoes,11.033309916599068,0.5604606525911708,Shoes of Focus,0.6514935105612423,3.6629526462395545
