,recommendations,win_rate,win_rate_per_cost
Starter Item,Watcher's Gift,,
Boots,Shoes of the Magi,0.477477477477,2.50748502994
Item2,Sovereignty,0.4634920634920635,2.23159374451
Item3,Heartward Amulet,0.46863468634686345,2.23159374451
Item4,Breastplate of Valor,0.4233983286908078,2.03754211455
Item5,Mantle of Discord,0.592920353982,1.91264630317
Item6,Witchblade,0.5,2.43902439024
Relic1,Blink,0.458498023715,
Relic2,Meditation,0.405923344948,
