Relics_most_pop,Relics_most_pop_L2,Relics_most_pop_winrate,Relics_most_pop_wr_paired,Relics_L2,Relics_L2_coef,Relics_L2_winrate,Relics_L2_wr_paired
Meditation,16.804274502614334,0.4845679012345679,0.548717948718,Meditation,16.804274502614334,0.4845679012345679,0.548717948718
Blink,0.5319984096745929,0.47743467933491684,,Sprint,13.71793737428128,0.5125348189415042,
