Relics_most_pop,Relics_most_pop_L2,Relics_most_pop_winrate,Relics_most_pop_wr_paired,Relics_L2,Relics_L2_coef,Relics_L2_winrate,Relics_L2_wr_paired
Meditation,13.487524062632062,0.4185049019607843,0.47311827957,Meditation,13.487524062632062,0.4185049019607843,0.47311827957
Blink,11.302915957473315,0.44935805991440797,,Blink,11.302915957473315,0.44935805991440797,
