Relics_most_pop,Relics_most_pop_L2,Relics_most_pop_winrate,Relics_most_pop_wr_paired,Relics_L2,Relics_L2_coef,Relics_L2_winrate,Relics_L2_wr_paired
Teleport,20.932419836872775,0.5093167701863354,0.75,Relic,31.767241888149357,0.5,0.75
Blink,-42.74648215413601,0.4155844155844156,,Teleport,20.932419836872775,0.5093167701863354,
