Items_most_pop,Items_most_pop_L2,Items_most_pop_winrate,Items_L2,Items_L2_coef,Items_L2_winrate,Items_gold_adjusted_L2,Items_gold_adjusted_L2_coef,Items_gold_adjusted_L2_winrate
Breastplate of Valor,-0.25077552947446247,0.49371633752244165,Mantle of Discord,1.7539574957313346,0.6620370370370371,Hide of the Urchin,0.07166954497121066,2.370406824146982
Watcher's Gift,-1.872884250041239,0.4324817518248175,Hide of the Urchin,1.720069079309056,0.5688976377952756,Mantle of Discord,0.056579274055849504,2.1356033452807646
Shoes of Focus,-0.0413203994467399,0.5,Sovereignty,0.9552663506194459,0.54739336492891,Winged Blade,0.048980588409604606,3.249150790134397
Hide of the Urchin,1.720069079309056,0.5688976377952756,Winged Blade,0.9061408855776852,0.6010928961748634,Sovereignty,0.045488873839021234,2.6066350710900474
Sovereignty,0.9552663506194459,0.54739336492891,Void Stone,0.9026306546528337,0.62,Void Stone,0.04102866612058335,2.8181818181818183
Heartward Amulet,0.855579725670568,0.5552147239263804,Heartward Amulet,0.855579725670568,0.5552147239263804,Heartward Amulet,0.04074189169859847,2.6438796377446683
