Relics_most_pop,Relics_most_pop_L2,Relics_most_pop_winrate,Relics_most_pop_wr_paired,Relics_L2,Relics_L2_coef,Relics_L2_winrate,Relics_L2_wr_paired
Meditation,8.513977738731656,0.5333333333333333,0.582191780822,Meditation,8.513977738731656,0.5333333333333333,0.582191780822
Blink,3.5569186022625203,0.5354330708661418,,Sprint,5.880001479038337,0.5607142857142857,
