Relics_most_pop,Relics_most_pop_L2,Relics_most_pop_winrate,Relics_most_pop_wr_paired,Relics_L2,Relics_L2_coef,Relics_L2_winrate,Relics_L2_wr_paired
Purification,-6.30587332848912,0.43253968253968256,0.55,Sprint,6.550490154938006,0.46938775510204084,0.55
Sanctuary,-14.768652824876998,0.4351949420442571,,Purification,-6.30587332848912,0.43253968253968256,
