,recommendations,win_rate,win_rate_per_cost
Starter Item,Soul Stone,,
Boots,Shoes of the Magi,0.46028767979987495,2.51703841388
Item2,Rod of Tahuti,0.544468546637744,1.21303056091
Item3,Book of Thoth,0.47368421052631576,1.51972130649
Item4,Chronos' Pendant,0.4671417260490895,1.67802560925
Item5,Dynasty Plate Helm,0.544468546638,3.19693094629
Item6,Doom Orb,0.527272727273,2.57206208426
Relic1,Purification,0.462093862816,
Relic2,Sprint,0.424778761062,
