Items_most_pop,Items_most_pop_L2,Items_most_pop_winrate,Items_L2,Items_L2_coef,Items_L2_winrate,Items_gold_adjusted_L2,Items_gold_adjusted_L2_coef,Items_gold_adjusted_L2_winrate
Shoes of the Magi,0.9952466947932553,0.40584415584415584,Rod of Tahuti,42.14898819169632,0.5186960690316395,Doom Orb,1.8050730969444442,2.389248382279741
Obsidian Shard,5.048245265088123,0.4439083232810615,Doom Orb,37.00399848736111,0.4897959183673469,Rod of Tahuti,1.2695478370992868,1.5623375573242153
Book of Thoth,18.339326327655296,0.42244022072348253,Book of Thoth,18.339326327655296,0.42244022072348253,Book of Thoth,0.6920500501001998,1.5941140404659717
Chronos' Pendant,-1.1074561688349902,0.4203102961918195,Dynasty Plate Helm,8.875328392338847,0.4172661870503597,Dynasty Plate Helm,0.5220781407258146,2.4545069826491748
Rod of Tahuti,42.14898819169632,0.5186960690316395,Obsidian Shard,5.048245265088123,0.4439083232810615,Obsidian Shard,0.2462558665896645,2.165406455029568
Soul Stone,-9.919419564441853,0.3245521601685985,Soul Reaver,2.736874269482413,0.48919449901768175,Soul Reaver,0.09309096154702085,1.6639268674070806
