Relics_most_pop,Relics_most_pop_L2,Relics_most_pop_winrate,Relics_most_pop_wr_paired,Relics_L2,Relics_L2_coef,Relics_L2_winrate,Relics_L2_wr_paired
Purification,-0.5125365153925018,0.45934959349593496,0.444444444444,Purification,-0.5125365153925018,0.45934959349593496,0.444444444444
Sanctuary,-2.9177562455278285,0.4605809128630705,,Sprint,-1.1870814841536896,0.4146341463414634,
