Items_most_pop,Items_most_pop_L2,Items_most_pop_winrate,Items_L2,Items_L2_coef,Items_L2_winrate,Items_gold_adjusted_L2,Items_gold_adjusted_L2_coef,Items_gold_adjusted_L2_winrate
Shoes of the Magi,4.126959292663741,0.4484011627906977,Rod of Tahuti,24.272987536290927,0.5180124223602485,Dynasty Plate Helm,1.0995300924987417,2.9411764705882355
Obsidian Shard,-3.43954418381301,0.45998445998445997,Doom Orb,20.681481778601505,0.4809688581314879,Doom Orb,1.0088527696878784,2.3461895518609164
Book of Thoth,8.386148743432358,0.45174708818635606,Dynasty Plate Helm,18.692011572478606,0.5,Rod of Tahuti,0.7311140824184014,1.560278380603158
Chronos' Pendant,-0.5238091311692059,0.45009242144177447,Spear of Desolation,17.762824991957395,0.59,Soul Reaver,0.49101439961487947,1.7929652481147498
Rod of Tahuti,24.272987536290927,0.5180124223602485,Soul Reaver,14.435823348677456,0.5271317829457365,Spear of Desolation,0.46744276294624726,1.5526315789473684
Soul Stone,-3.709009313471581,0.3848396501457726,Book of Thoth,8.386148743432358,0.45174708818635606,Book of Thoth,0.3164584431483909,1.7047059931560606
