Relics_most_pop,Relics_most_pop_L2,Relics_most_pop_winrate,Relics_most_pop_wr_paired,Relics_L2,Relics_L2_coef,Relics_L2_winrate,Relics_L2_wr_paired
Purification,9.185525659503858,0.40363349131121645,0.411458333333,Purification,9.185525659503858,0.40363349131121645,0.411458333333
Sanctuary,1.144815692760428,0.4022801302931596,,Sanctuary,1.144815692760428,0.4022801302931596,
