,recommendations,win_rate,win_rate_per_cost
Starter Item,Soul Stone,,
Boots,Shoes of the Magi,0.41620727673649394,1.97811447811
Item2,Rod of Tahuti,0.5436702649656526,0.953308182224
Item3,Book of Thoth,0.42946708463949845,1.1943332698
Item4,Obsidian Shard,0.45269461077844314,1.54389422682
Item5,Soul Reaver,0.572796934866,1.9482888941
Item6,Dynasty Plate Helm,0.429467084639,2.6375711575
Relic1,Sprint,0.50406504065,
Relic2,Purification,0.407660738714,
