Items_most_pop,Items_most_pop_L2,Items_most_pop_winrate,Items_L2,Items_L2_coef,Items_L2_winrate,Items_gold_adjusted_L2,Items_gold_adjusted_L2_coef,Items_gold_adjusted_L2_winrate
Shoes of the Magi,-1.992931131566019,0.47174447174447176,Rod of Tahuti,7.975326197262713,0.5756880733944955,Rod of Tahuti,0.24022066859225039,1.7340002210677572
Obsidian Shard,3.699492357013319,0.5130674002751031,Obsidian Shard,3.699492357013319,0.5130674002751031,Obsidian Shard,0.18046304180552775,2.5027678062200156
Book of Thoth,2.133763092746291,0.4985207100591716,Book of Thoth,2.133763092746291,0.4985207100591716,Dynasty Plate Helm,0.11022110908302997,3.213049925852694
Chronos' Pendant,1.7631228931636562,0.5008403361344538,Soul Reaver,1.8759067932631164,0.5384615384615384,Book of Thoth,0.08051936199042607,1.8812102266383834
Soul Stone,-7.176221075105375,0.4,Dynasty Plate Helm,1.8737588544115096,0.5462184873949579,Chronos' Pendant,0.073463453881819,2.0868347338935576
Rod of Tahuti,7.975326197262713,0.5756880733944955,Chronos' Pendant,1.7631228931636562,0.5008403361344538,Soul Reaver,0.0638063535123509,1.8315018315018314
