,recommendations,win_rate,win_rate_per_cost
Starter Item,Soul Stone,,
Boots,Shoes of the Magi,0.47174447174447176,3.59805045872
Item2,Rod of Tahuti,0.5756880733944955,1.73400022107
Item3,Obsidian Shard,0.5130674002751031,2.80823450436
Item4,Book of Thoth,0.4985207100591716,2.17240782413
Item5,Dynasty Plate Helm,0.498520710059,3.21304992585
Item6,Chronos' Pendant,0.546218487395,2.08683473389
Relic1,Sprint,0.590909090909,
Relic2,Sanctuary,0.481798715203,
