Items_most_pop,Items_most_pop_L2,Items_most_pop_winrate,Items_L2,Items_L2_coef,Items_L2_winrate,Items_gold_adjusted_L2,Items_gold_adjusted_L2_coef,Items_gold_adjusted_L2_winrate
Warrior Tabi,-2.3269014303146918,0.4495798319327731,Qin's Sais,9.650570343069978,0.5369127516778524,Qin's Sais,0.357428531224814,1.9885657469550087
Witchblade,-1.1904080289364296,0.45569620253164556,Mantle of Discord,8.98844979876103,0.6595744680851063,Mantle of Discord,0.2899499935084203,2.127659574468085
Qin's Sais,9.650570343069978,0.5369127516778524,Winged Blade,4.692826051346713,0.56,Winged Blade,0.2536662730457683,3.027027027027027
Frostbound Hammer,-0.4125188383541304,0.46808510638297873,Breastplate of Valor,4.2920402741877215,0.5,Breastplate of Valor,0.186610446703814,2.1739130434782608
Death's Toll,-7.2107436664327755,0.3900709219858156,Pestilence,3.0802481373571124,0.5,Pestilence,0.1432673552259122,2.3255813953488373
Breastplate of Valor,4.2920402741877215,0.5,Mystical Mail,3.0043746105312454,0.5789473684210527,Mystical Mail,0.11127313372337946,2.1442495126705654
