,recommendations,win_rate,win_rate_per_cost
Starter Item,Death's Toll,,
Boots,Ninja Tabi,0.4460431654676259,2.97362110312
Item2,Qin's Sais,0.5133689839572193,1.65201172395
Item3,Witchblade,0.44642857142857145,2.17582031935
Item4,Frostbound Hammer,0.4444444444444444,1.93931811073
Item5,Winged Blade,0.511627906977,2.76555625393
Item6,Mantle of Discord,0.488888888889,1.5770609319
Relic1,Sprint,0.543859649123,
Relic2,Shell,0.441176470588,
