Items_most_pop,Items_most_pop_L2,Items_most_pop_winrate,Items_L2,Items_L2_coef,Items_L2_winrate,Items_gold_adjusted_L2,Items_gold_adjusted_L2_coef,Items_gold_adjusted_L2_winrate
Warrior Tabi,-3.0921618990063444,0.5230769230769231,Frostbound Hammer,22.845077988765116,0.6375,Frostbound Hammer,0.993264260381092,2.7717391304347827
Qin's Sais,13.804799942322928,0.5978260869565217,Winged Blade,14.699372782239148,0.72,Winged Blade,0.7945606909318458,3.891891891891892
Witchblade,2.8628378429445647,0.5348837209302325,Bulwark of Hope,14.295981449746725,0.6571428571428571,Bulwark of Hope,0.5661774831582862,2.6025459688826027
Frostbound Hammer,22.845077988765116,0.6375,Qin's Sais,13.804799942322928,0.5978260869565217,Ninja Tabi,0.5209024664010539,3.742690058479532
Death's Toll,6.242502514765231,0.527027027027027,Pestilence,10.73902492861105,0.6666666666666666,Qin's Sais,0.5112888867527011,2.214170692431562
Ninja Tabi,7.8135369960158085,0.5614035087719298,Mantle of Discord,8.445161895583562,0.6129032258064516,Pestilence,0.4994895315633046,3.10077519379845
