Items_most_pop,Items_most_pop_L2,Items_most_pop_winrate,Items_L2,Items_L2_coef,Items_L2_winrate,Items_gold_adjusted_L2,Items_gold_adjusted_L2_coef,Items_gold_adjusted_L2_winrate
Warrior Tabi,4.815934025773851,0.42990654205607476,Breastplate of Valor,17.168134461424973,0.48739495798319327,Winged Blade,0.8153820079161669,2.9902242668200114
Death's Toll,-13.308969189344147,0.35135135135135137,Winged Blade,15.084567146449087,0.5531914893617021,Breastplate of Valor,0.7464406287576075,2.1191085129704055
Witchblade,-13.045096699968294,0.3793103448275862,Mantle of Discord,12.605765101032912,0.5897435897435898,Mantle of Discord,0.4066375839042875,1.902398676592225
Frostbound Hammer,1.5620282154618679,0.453125,Qin's Sais,9.70183998561887,0.47540983606557374,Qin's Sais,0.35932740687477294,1.7607771706132362
Qin's Sais,9.70183998561887,0.47540983606557374,Warrior Tabi,4.815934025773851,0.42990654205607476,Warrior Tabi,0.3107054210176678,2.7735905939101597
Breastplate of Valor,17.168134461424973,0.48739495798319327,The Executioner,3.9776380078426112,0.5,The Executioner,0.17678391145967162,2.2222222222222223
