Relics_most_pop,Relics_most_pop_L2,Relics_most_pop_winrate,Relics_most_pop_wr_paired,Relics_L2,Relics_L2_coef,Relics_L2_winrate,Relics_L2_wr_paired
Teleport,8.88105888197023,0.5052264808362369,0.733333333333,Teleport,8.88105888197023,0.5052264808362369,0.733333333333
Curse,0.1398924670511276,0.51,,Shell,7.86355237045729,0.631578947368421,
