Items_most_pop,Items_most_pop_L2,Items_most_pop_winrate,Items_L2,Items_L2_coef,Items_L2_winrate,Items_gold_adjusted_L2,Items_gold_adjusted_L2_coef,Items_gold_adjusted_L2_winrate
Warrior Tabi,224.02572310128562,0.5555555555555556,Breastplate of Valor,284.3926440883671,0.5396825396825397,Warrior Tabi,14.45327245814746,3.5842293906810037
Witchblade,127.36356490420089,0.5232558139534884,Qin's Sais,237.83622024140053,0.569620253164557,Breastplate of Valor,12.364897569059437,2.346445824706694
Death's Toll,55.30263380219992,0.5125,Warrior Tabi,224.02572310128562,0.5555555555555556,Frostbound Hammer,9.653228054758038,2.664796633941094
Qin's Sais,237.83622024140053,0.569620253164557,Frostbound Hammer,222.02424525943485,0.6129032258064516,Hide of the Nemean Lion,9.471626257658908,2.328159645232816
Breastplate of Valor,284.3926440883671,0.5396825396825397,Hide of the Nemean Lion,208.37577766849597,0.5121951219512195,Qin's Sais,8.808748897829648,2.109704641350211
Frostbound Hammer,222.02424525943485,0.6129032258064516,Witchblade,127.36356490420089,0.5232558139534884,Witchblade,6.212856824595165,2.552467385138968
