,recommendations,win_rate,win_rate_per_cost
Starter Item,Death's Toll,,
Boots,Warrior Tabi,0.40229885057471265,2.55376344086
Item2,Qin's Sais,0.5333333333333333,1.46604938272
Item3,Witchblade,0.43548387096774194,1.93089430894
Item4,Frostbound Hammer,0.40384615384615385,1.72101449275
Item5,Pestilence,0.526315789474,2.44798041616
Item6,Spirit Robe,0.545454545455,2.21729490022
Relic1,Purification,0.571428571429,
Relic2,Meditation,0.478260869565,
