Relics_most_pop,Relics_most_pop_L2,Relics_most_pop_winrate,Relics_most_pop_wr_paired,Relics_L2,Relics_L2_coef,Relics_L2_winrate,Relics_L2_wr_paired
Teleport,-5.894145595805931,0.4425770308123249,0.0,Sprint,9.8804460752182,0.5373134328358209,0.0
Curse,-21.541939513945348,0.3783783783783784,,Thorns,8.101704258227441,0.5384615384615384,
