,recommendations,win_rate,win_rate_per_cost
Starter Item,Death's Toll,,
Boots,Warrior Tabi,0.3711340206185567,2.06620282522
Item2,Qin's Sais,0.47593582887700536,1.18615347374
Item3,Frostbound Hammer,0.4152046783625731,1.39244103438
Item4,Witchblade,0.37,1.56225091663
Item5,Breastplate of Valor,0.404411764706,1.75831202046
Item6,Winged Blade,0.415204678363,2.3166023166
Relic1,Wrath,0.433333333333,
Relic2,Shell,0.448275862069,
