Items_most_pop,Items_most_pop_L2,Items_most_pop_winrate,Items_L2,Items_L2_coef,Items_L2_winrate,Items_gold_adjusted_L2,Items_gold_adjusted_L2_coef,Items_gold_adjusted_L2_winrate
Warrior Tabi,-2.7404853053795364,0.4413793103448276,Deathbringer,17.15093338787625,0.71875,Deathbringer,0.5359666683711328,2.24609375
Ichaival,-1.6596386352458272,0.43636363636363634,Qin's Sais,10.6362086521402,0.5280898876404494,Titan's Bane,0.41264305887546543,3.027754415475189
Qin's Sais,10.6362086521402,0.5280898876404494,Titan's Bane,8.459182706947042,0.6206896551724138,Qin's Sais,0.39393365378297035,1.9558884727424053
Asi,4.430434311632273,0.4878048780487805,The Executioner,8.096322876159135,0.5384615384615384,The Executioner,0.35983657227373933,2.393162393162393
Death's Toll,-22.57419422246634,0.273972602739726,Wind Demon,4.932466316445623,0.5609756097560976,Asi,0.24890080402428497,2.740476842970677
The Executioner,8.096322876159135,0.5384615384615384,Asi,4.430434311632273,0.4878048780487805,Wind Demon,0.18971024294021627,2.1575984990619137
