Items_most_pop,Items_most_pop_L2,Items_most_pop_winrate,Items_L2,Items_L2_coef,Items_L2_winrate,Items_gold_adjusted_L2,Items_gold_adjusted_L2_coef,Items_gold_adjusted_L2_winrate
Warrior Tabi,-1.3433238538962238,0.48662599718442046,Deathbringer,31.766475331544047,0.6510500807754442,Deathbringer,0.9927023541107515,2.0345315024232633
Ichaival,6.644421219680761,0.4859365649311789,Wind Demon,25.04137791865466,0.6205923836389281,Wind Demon,0.9631299199482563,2.3868937832266464
Qin's Sais,19.328286658655962,0.5417808219178082,Qin's Sais,19.328286658655962,0.5417808219178082,Qin's Sais,0.7158624688391096,2.006595636732623
Asi,-6.09923135857889,0.4923325262308313,Ichaival,6.644421219680761,0.4859365649311789,Ichaival,0.39084830704004475,2.8584503819481113
Death's Toll,-5.484637698135786,0.40711462450592883,Devourer's Gauntlet,3.764018036639924,0.5020040080160321,Devourer's Gauntlet,0.18361063593365481,2.4488000391025952
Devourer's Gauntlet,3.764018036639924,0.5020040080160321,Rage,2.65925019655198,0.5362776025236593,Rage,0.11080209152299918,2.234490010515247
