Relics_most_pop,Relics_most_pop_L2,Relics_most_pop_winrate,Relics_most_pop_wr_paired,Relics_L2,Relics_L2_coef,Relics_L2_winrate,Relics_L2_wr_paired
Purification,2.257789528169852,0.42787996127783157,0.472222222222,Relic,5.848854647161453,0.4,0.472222222222
Sanctuary,-10.5888203302084,0.4207525655644242,,Purification,2.257789528169852,0.42787996127783157,
