,recommendations,win_rate,win_rate_per_cost
Starter Item,Death's Toll,,
Boots,Ninja Tabi,0.530852994555,3.61181434599
Item2,Qin's Sais,0.5433734939759036,1.81623931624
Item3,The Executioner,0.530852994555354,2.17948717949
Item4,Asi,0.5149744338933528,2.75496974935
Item5,Deathbringer,0.633893919793,1.98091849935
Item6,Wind Demon,0.60147601476,2.31336928754
Relic1,Sprint,0.521428571429,
Relic2,Relic,0.359375,
