,recommendations,win_rate,win_rate_per_cost
Starter Item,Death's Toll,,
Boots,Warrior Tabi,0.4729223858248066,2.28048990857
Item2,Qin's Sais,0.5222763010108573,1.3091701327
Item3,Asi,0.49648814749780507,1.98581986421
Item4,Ichaival,0.46501789781972014,2.07927021076
Item5,Wind Demon,0.615324472244,2.30559631105
Item6,Deathbringer,0.599455040872,1.92288897576
Relic1,Sprint,0.474468085106,
Relic2,Purification,0.47314633616,
