Relics_most_pop,Relics_most_pop_L2,Relics_most_pop_winrate,Relics_most_pop_wr_paired,Relics_L2,Relics_L2_coef,Relics_L2_winrate,Relics_L2_wr_paired
Purification,-0.903373834444845,0.5255376344086021,0.583333333333,Sprint,0.0015349108052612453,0.5253164556962026,0.583333333333
Sanctuary,-0.08574567878823385,0.5365278868813825,,Sanctuary,-0.08574567878823385,0.5365278868813825,
