Relics_most_pop,Relics_most_pop_L2,Relics_most_pop_winrate,Relics_most_pop_wr_paired,Relics_L2,Relics_L2_coef,Relics_L2_winrate,Relics_L2_wr_paired
Purification,-0.07339620609346516,0.44360902255639095,0.0,Relic,0.030073804722226725,0.875,0.0
Sanctuary,-0.09366652861513451,0.411214953271028,,Sprint,-0.044809039343765955,0.23529411764705882,
