Items_most_pop,Items_most_pop_L2,Items_most_pop_winrate,Items_L2,Items_L2_coef,Items_L2_winrate,Items_gold_adjusted_L2,Items_gold_adjusted_L2_coef,Items_gold_adjusted_L2_winrate
Warrior Tabi,2.7634945086093676,0.5576451349141456,Deathbringer,23.83434827708017,0.6689814814814815,Deathbringer,0.7448233836587553,2.0905671296296298
Ichaival,7.483275596041669,0.5610766045548654,Wind Demon,14.320488413395088,0.6334841628959276,Wind Demon,0.5507880158998111,2.4364775495997217
Qin's Sais,7.831503848260275,0.5853658536585366,The Executioner,8.554549653356384,0.5977653631284916,Ichaival,0.4401926821200982,3.30045061502862
Asi,-0.07318175395316823,0.5645645645645646,Qin's Sais,7.831503848260275,0.5853658536585366,The Executioner,0.38020220681583927,2.6567349472377404
Devourer's Gauntlet,5.249421800486407,0.5706984667802385,Titan's Bane,7.544659550743613,0.6185567010309279,Titan's Bane,0.3680321732070055,3.0173497611264772
Death's Toll,-3.120613651807254,0.5017241379310344,Ichaival,7.483275596041669,0.5610766045548654,Qin's Sais,0.2900556980837139,2.168021680216802
