Relics_most_pop,Relics_most_pop_L2,Relics_most_pop_winrate,Relics_most_pop_wr_paired,Relics_L2,Relics_L2_coef,Relics_L2_winrate,Relics_L2_wr_paired
Purification,-2.634699401624567,0.5246422893481717,0.583333333333,Sprint,12.586958894073163,0.6835443037974683,0.583333333333
Sanctuary,-0.6000676067949483,0.5340699815837937,,Sanctuary,-0.6000676067949483,0.5340699815837937,
