Items_most_pop,Items_most_pop_L2,Items_most_pop_winrate,Items_L2,Items_L2_coef,Items_L2_winrate,Items_gold_adjusted_L2,Items_gold_adjusted_L2_coef,Items_gold_adjusted_L2_winrate
Warrior Tabi,-10.256486161581895,0.4742268041237113,Deathbringer,24.945634293096735,0.6459854014598541,Titan's Bane,0.9150039696524529,3.041126645576079
Ichaival,-3.4072108139758637,0.4707646176911544,Titan's Bane,18.757581377875283,0.6234309623430963,Deathbringer,0.7795510716592731,2.0187043795620436
Qin's Sais,12.09684291095036,0.5385878489326765,Wind Demon,16.717818097312403,0.5994152046783626,Ninja Tabi,0.6573977196633967,3.8722554890219563
Devourer's Gauntlet,5.846289976161087,0.509594882729211,Qin's Sais,12.09684291095036,0.5385878489326765,Wind Demon,0.6429930037427848,2.3054430949167792
Asi,-0.6593224012278205,0.49671772428884026,Ninja Tabi,9.86096579495095,0.5808383233532934,Qin's Sais,0.44803121892408737,1.9947698108617649
The Executioner,2.859721588094261,0.520618556701031,Rage,8.299701990300102,0.5714285714285714,Rage,0.3458209162625043,2.380952380952381
