,recommendations,win_rate,win_rate_per_cost
Starter Item,Death's Toll,,
Boots,Warrior Tabi,0.5110441767068273,3.18988433077
Item2,Qin's Sais,0.552821997105644,1.83122989359
Item3,Asi,0.5306122448979592,2.77770826556
Item4,Ichaival,0.5,2.90842394864
Item5,Deathbringer,0.552821997106,1.92307692308
Item6,Wind Demon,0.574404761905,2.20924908425
Relic1,Purification,0.515789473684,
Relic2,Sprint,0.484848484848,
