Relics_most_pop,Relics_most_pop_L2,Relics_most_pop_winrate,Relics_most_pop_wr_paired,Relics_L2,Relics_L2_coef,Relics_L2_winrate,Relics_L2_wr_paired
Purification,4.129186190633978,0.47755834829443444,0.494481236203,Purification,4.129186190633978,0.47755834829443444,0.494481236203
Sanctuary,1.5668571687095483,0.4817073170731707,,Sanctuary,1.5668571687095483,0.4817073170731707,
