Items_most_pop,Items_most_pop_L2,Items_most_pop_winrate,Items_L2,Items_L2_coef,Items_L2_winrate,Items_gold_adjusted_L2,Items_gold_adjusted_L2_coef,Items_gold_adjusted_L2_winrate
Warrior Tabi,-0.02691083646714931,0.5083479789103691,Deathbringer,26.9525300843512,0.6448863636363636,Wind Demon,0.8930334105939017,2.394353613865809
Ichaival,1.2743387259275678,0.4982973893303065,Wind Demon,23.218868675441446,0.6225319396051103,Deathbringer,0.8422665651359751,2.0152698863636362
Qin's Sais,15.93890572395521,0.5613238157040883,Qin's Sais,15.93890572395521,0.5613238157040883,Qin's Sais,0.5903298416279708,2.078977095200327
Asi,0.03933192752292027,0.5267050123253904,Titan's Bane,10.602591459893489,0.5905383360522023,Titan's Bane,0.5171995834094384,2.880674810010743
Devourer's Gauntlet,0.21340541043589922,0.5075421472937001,Hastened Fatalis,8.804678032490004,0.6137931034482759,Hastened Fatalis,0.41143355292009365,2.868192072188205
Death's Toll,-5.621392848816849,0.41769743101807805,The Executioner,4.489375615294124,0.5405405405405406,The Executioner,0.1995278051241833,2.4024024024024024
