,recommendations,win_rate,win_rate_per_cost
Starter Item,Death's Toll,,
Boots,Ninja Tabi,0.609756097561,3.93939393939
Item2,Qin's Sais,0.6091954022988506,2.25627926777
Item3,Devourer's Gauntlet,0.5166666666666667,2.97168488926
Item4,Asi,0.4794520547945205,3.42244608033
Item5,Titan's Bane,0.685714285714,3.34494773519
Item6,Wind Demon,0.516666666667,2.34521575985
Relic1,Purification,0.47619047619,
Relic2,Sanctuary,0.473282442748,
