,recommendations,win_rate,win_rate_per_cost
Starter Item,Death's Toll,,
Boots,Warrior Tabi,0.586206896552,3.53060706121
Item2,Ichaival,0.5460060667340748,3.25645676773
Item3,Qin's Sais,0.5756154747948418,2.05036166857
Item4,Devourer's Gauntlet,0.5348837209302325,2.70047634397
Item5,Deathbringer,0.666666666667,2.08333333333
Item6,Wind Demon,0.546006066734,2.43841126194
Relic1,Purification,0.543810848401,
Relic2,Sanctuary,0.553382233089,
