Relics_most_pop,Relics_most_pop_L2,Relics_most_pop_winrate,Relics_most_pop_wr_paired,Relics_L2,Relics_L2_coef,Relics_L2_winrate,Relics_L2_wr_paired
Purification,-3.830605585148094,0.3968253968253968,0.666666666667,Sanctuary,5.375039125863455,0.5,0.666666666667
Wrath,-4.487507185620452,0.379746835443038,,Blink,-0.4338646135499646,0.417910447761194,
