,recommendations,win_rate,win_rate_per_cost
Starter Item,Bumba's Mask,,
Boots,Warrior Tabi,0.42735042735042733,3.29749103943
Item2,Titan's Bane,0.5510204081632653,2.49322493225
Item3,Malice,0.5111111111111111,1.7037037037
Item4,Deathbringer,0.4507042253521127,1.59722222222
Item5,Breastplate of Valor,0.666666666667,2.89855072464
Item6,Spirit Robe,0.625,2.5406504065
Relic1,Blink,0.549019607843,
Relic2,Curse,0.666666666667,
