Relics_most_pop,Relics_most_pop_L2,Relics_most_pop_winrate,Relics_most_pop_wr_paired,Relics_L2,Relics_L2_coef,Relics_L2_winrate,Relics_L2_wr_paired
Purification,-11.152645960011933,0.4264705882352941,0.466666666667,Blink,8.80889308889435,0.5067567567567568,0.466666666667
Wrath,1.2579394201959215,0.453551912568306,,Sanctuary,4.713961037191496,0.4895833333333333,
