,recommendations,win_rate,win_rate_per_cost
Starter Item,Bumba's Mask,,
Boots,Warrior Tabi,0.45874587458745875,3.76344086022
Item2,Malice,0.5833333333333334,1.94444444444
Item3,Deathbringer,0.5093457943925234,1.82291666667
Item4,Titan's Bane,0.5068493150684932,2.84552845528
Item5,Winged Blade,0.583333333333,3.75375375375
Item6,Mantle of Discord,0.625,2.01612903226
Relic1,Sanctuary,0.461538461538,
Relic2,Blink,0.474137931034,
