Relics_most_pop,Relics_most_pop_L2,Relics_most_pop_winrate,Relics_most_pop_wr_paired,Relics_L2,Relics_L2_coef,Relics_L2_winrate,Relics_L2_wr_paired
Purification,8.36943175143486,0.3956043956043956,0.441860465116,Purification,8.36943175143486,0.3956043956043956,0.441860465116
Wrath,-13.244876004970685,0.3103448275862069,,Blink,3.7296033732350393,0.4117647058823529,
