Relics_most_pop,Relics_most_pop_L2,Relics_most_pop_winrate,Relics_most_pop_wr_paired,Relics_L2,Relics_L2_coef,Relics_L2_winrate,Relics_L2_wr_paired
Purification,-10.199982728943606,0.5547445255474452,0.7,Relic,8.31039146576489,0.6111111111111112,0.7
Wrath,4.235240596743932,0.5795454545454546,,Wrath,4.235240596743932,0.5795454545454546,
