Relics_most_pop,Relics_most_pop_L2,Relics_most_pop_winrate,Relics_most_pop_wr_paired,Relics_L2,Relics_L2_coef,Relics_L2_winrate,Relics_L2_wr_paired
Purification,-6.837355082879812,0.4393939393939394,0.0,Blink,17.92259888765953,0.5113122171945701,0.0
Wrath,-2.686134388446487,0.42136498516320475,,Relic,1.8052287390282855,0.34210526315789475,
