Relics_most_pop,Relics_most_pop_L2,Relics_most_pop_winrate,Relics_most_pop_wr_paired,Relics_L2,Relics_L2_coef,Relics_L2_winrate,Relics_L2_wr_paired
Purification,26.361036210669596,0.5365853658536586,0.657894736842,Blink,43.2855402992323,0.5882352941176471,0.657894736842
Blink,43.2855402992323,0.5882352941176471,,Purification,26.361036210669596,0.5365853658536586,
