Items_most_pop,Items_most_pop_L2,Items_most_pop_winrate,Items_L2,Items_L2_coef,Items_L2_winrate,Items_gold_adjusted_L2,Items_gold_adjusted_L2_coef,Items_gold_adjusted_L2_winrate
Warrior Tabi,-0.6235895940421431,0.4874715261958998,Deathbringer,2.656103092733915,0.5507246376811594,Brawler's Beat Stick,0.09906159782343357,2.9371584699453552
Jotunn's Wrath,1.0058024425987584,0.5089058524173028,Brawler's Beat Stick,2.377478347762406,0.7049180327868853,Deathbringer,0.08300322164793485,1.7210144927536233
Deathbringer,2.656103092733915,0.5507246376811594,Titan's Bane,1.6011560317621458,0.5454545454545454,Titan's Bane,0.07810517228108028,2.6607538802660753
Bumba's Mask,-1.9255749446772121,0.4375,Mantle of Discord,1.3268480126967468,0.6129032258064516,Mantle of Discord,0.042801548796669246,1.9771071800208118
Titan's Bane,1.6011560317621458,0.5454545454545454,Jotunn's Wrath,1.0058024425987584,0.5089058524173028,Jotunn's Wrath,0.04122141158191633,2.085679723021733
Malice,0.6178429979706758,0.5234899328859061,Malice,0.6178429979706758,0.5234899328859061,Malice,0.020594766599022526,1.74496644295302
