Items_most_pop,Items_most_pop_L2,Items_most_pop_winrate,Items_L2,Items_L2_coef,Items_L2_winrate,Items_gold_adjusted_L2,Items_gold_adjusted_L2_coef,Items_gold_adjusted_L2_winrate
Warrior Tabi,-7.0247045207521035,0.48704663212435234,Malice,18.26462415177898,0.6212121212121212,Titan's Bane,0.8257429407205759,3.032300593276203
Jotunn's Wrath,11.732335305225364,0.52046783625731,Titan's Bane,16.927730284771805,0.6216216216216216,Malice,0.6088208050592993,2.0707070707070705
Deathbringer,13.809795462972502,0.5476190476190477,Deathbringer,13.809795462972502,0.5476190476190477,Jotunn's Wrath,0.48083341414858044,2.133064902693893
Bumba's Mask,-9.158349629980036,0.4105263157894737,Jotunn's Wrath,11.732335305225364,0.52046783625731,Deathbringer,0.4315561082178907,1.7113095238095237
Titan's Bane,16.927730284771805,0.6216216216216216,Mantle of Discord,10.731490374426087,0.6538461538461539,Breastplate of Valor,0.39884602092001203,3.0100334448160537
Malice,18.26462415177898,0.6212121212121212,Breastplate of Valor,9.173458481160276,0.6923076923076923,Hydra's Lament,0.3511445960667513,2.536997885835095
