Items_most_pop,Items_most_pop_L2,Items_most_pop_winrate,Items_L2,Items_L2_coef,Items_L2_winrate,Items_gold_adjusted_L2,Items_gold_adjusted_L2_coef,Items_gold_adjusted_L2_winrate
Warrior Tabi,-4.21191856607988,0.46153846153846156,Deathbringer,11.871653842270396,0.5309734513274337,Deathbringer,0.37098918257094987,1.6592920353982301
Jotunn's Wrath,0.14935304184677808,0.47530864197530864,Rage,8.052751672529842,0.5909090909090909,Rage,0.33553131968874345,2.462121212121212
Deathbringer,11.871653842270396,0.5309734513274337,Hydra's Lament,5.8549113696443,0.5555555555555556,Hydra's Lament,0.27232145905322325,2.5839793281653747
Bumba's Mask,-12.460325885151816,0.37777777777777777,Malice,5.1519323675122735,0.5285714285714286,Malice,0.17173107891707579,1.7619047619047619
Malice,5.1519323675122735,0.5285714285714286,Titan's Bane,3.2830993945813223,0.5303030303030303,Titan's Bane,0.1601511899795767,2.5868440502586845
Titan's Bane,3.2830993945813223,0.5303030303030303,Mantle of Discord,2.490535449931103,0.5238095238095238,Mantle of Discord,0.08033985322358397,1.6897081413210446
