Relics_most_pop,Relics_most_pop_L2,Relics_most_pop_winrate,Relics_most_pop_wr_paired,Relics_L2,Relics_L2_coef,Relics_L2_winrate,Relics_L2_wr_paired
Purification,-14.065070232963484,0.3515151515151515,0.625,Sanctuary,11.909216047319283,0.4393939393939394,0.625
Wrath,-1.3420399158950076,0.35514018691588783,,Wrath,-1.3420399158950076,0.35514018691588783,
