,recommendations,win_rate,win_rate_per_cost
Starter Item,Bumba's Mask,,
Boots,Warrior Tabi,0.4874715261958998,3.37735440572
Item2,Deathbringer,0.5507246376811594,1.63590604027
Item3,Titan's Bane,0.5454545454545454,2.55360942871
Item4,Jotunn's Wrath,0.5089058524173028,2.14545054461
Item5,Brawler's Beat Stick,0.550724637681,2.93715846995
Item6,Mantle of Discord,0.612903225806,1.97710718002
Relic1,Wrath,0.513966480447,
Relic2,Blink,0.505555555556,
