,recommendations,win_rate,win_rate_per_cost
Starter Item,Watcher's Gift,,
Boots,Reinforced Shoes,0.447653429603,3.3692722372
Item2,Breastplate of Valor,0.4627659574468085,2.01202590194
Item3,Watcher's Gift,0.3706896551724138,5.78457446809
Item4,Hide of the Urchin,0.43609022556390975,1.92819148936
Item5,Sovereignty,0.46835443038,2.23025919228
Item6,Polynomicon,0.552941176471,2.40409207161
Relic1,Relic,0.301886792453,
Relic2,Curse,0.479452054795,
