Relics_most_pop,Relics_most_pop_L2,Relics_most_pop_winrate,Relics_most_pop_wr_paired,Relics_L2,Relics_L2_coef,Relics_L2_winrate,Relics_L2_wr_paired
Meditation,6.468160676329561,0.5694444444444444,0.714285714286,Meditation,6.468160676329561,0.5694444444444444,0.714285714286
Blink,4.245330699662978,0.5740740740740741,,Shell,5.669435999442219,0.6774193548387096,
