Relics_most_pop,Relics_most_pop_L2,Relics_most_pop_winrate,Relics_most_pop_wr_paired,Relics_L2,Relics_L2_coef,Relics_L2_winrate,Relics_L2_wr_paired
Meditation,-0.5542278767267426,0.5128205128205128,0.714285714286,Blink,15.37928764127182,0.68,0.714285714286
Blink,15.37928764127182,0.68,,Teleport,10.419464583982203,0.6666666666666666,
