Items_most_pop,Items_most_pop_L2,Items_most_pop_winrate,Items_L2,Items_L2_coef,Items_L2_winrate,Items_gold_adjusted_L2,Items_gold_adjusted_L2_coef,Items_gold_adjusted_L2_winrate
Shoes of the Magi,1.700871602266709,0.5393939393939394,Hide of the Urchin,26.990254471519336,0.6463414634146342,Hide of the Urchin,1.1245939363133057,2.6930894308943087
Breastplate of Valor,0.2969630628431716,0.5478260869565217,Void Stone,22.9064258774739,0.6210526315789474,Void Stone,1.0412011762488136,2.8229665071770333
Void Stone,22.9064258774739,0.6210526315789474,Polynomicon,19.359808288567027,0.639344262295082,Polynomicon,0.8417307951550881,2.77975766215253
Hide of the Urchin,26.990254471519336,0.6463414634146342,Soul Reaver,14.199725013204786,0.6304347826086957,Shoes of Focus,0.5801682430516504,3.8974358974358974
Shoes of Focus,8.702523645774756,0.5846153846153846,Heartward Amulet,9.871160829504928,0.6666666666666666,Reinforced Shoes,0.515680053208099,4.421768707482993
Polynomicon,19.359808288567027,0.639344262295082,Shoes of Focus,8.702523645774756,0.5846153846153846,Soul Reaver,0.48298384398655736,2.144335995267672
