Items_most_pop,Items_most_pop_L2,Items_most_pop_winrate,Items_L2,Items_L2_coef,Items_L2_winrate,Items_gold_adjusted_L2,Items_gold_adjusted_L2_coef,Items_gold_adjusted_L2_winrate
Shoes of the Magi,-4.61645042806939,0.4342105263157895,Mantle of Discord,21.888935920163494,0.5789473684210527,Reinforced Shoes,0.7290986522574997,3.896103896103896
Breastplate of Valor,9.993116753937812,0.4528301886792453,Mystical Mail,17.2741692485559,0.7142857142857143,Mantle of Discord,0.7060947071020482,1.867572156196944
Hide of the Urchin,-12.0207576058446,0.4,Void Stone,14.421436799971508,0.5294117647058824,Void Stone,0.6555198545441594,2.406417112299465
Shoes of Focus,-7.518475908031544,0.3611111111111111,Soul Reaver,14.202759966031575,0.5789473684210527,Mystical Mail,0.639784046242811,2.6455026455026456
Watcher's Gift,-1.4560465536902587,0.4,Ethereal Staff,11.970678683578123,0.625,Winged Blade,0.5600268218357555,2.7027027027027026
Void Stone,14.421436799971508,0.5294117647058824,Winged Blade,10.360496203961477,0.5,Soul Reaver,0.48308707367454334,1.9692087361260293
