Items_most_pop,Items_most_pop_L2,Items_most_pop_winrate,Items_L2,Items_L2_coef,Items_L2_winrate,Items_gold_adjusted_L2,Items_gold_adjusted_L2_coef,Items_gold_adjusted_L2_winrate
Shoes of the Magi,13.042892394087865,0.56,Dynasty Plate Helm,46.49123345268292,0.8666666666666667,Dynasty Plate Helm,2.7347784383931133,5.098039215686274
Shoes of Focus,-7.658811182376067,0.4594594594594595,Obsidian Shard,26.025700073269004,0.8571428571428571,Obsidian Shard,1.2695463450375124,4.181184668989547
Void Stone,-18.57919465113135,0.4444444444444444,Shoes of the Magi,13.042892394087865,0.56,Shoes of the Magi,0.8151807746304915,3.5
Breastplate of Valor,-11.425230997771429,0.47058823529411764,Rod of Tahuti,12.936377811502183,0.7142857142857143,Reinforced Shoes,0.47194048133181815,3.5714285714285716
Polynomicon,8.873452408961825,0.56,Mystical Mail,11.378231929595357,0.6,Mystical Mail,0.4214159973924207,2.2222222222222223
Watcher's Gift,-3.8174643940443045,0.4583333333333333,Gem of Isolation,10.05950144134066,0.5625,Rod of Tahuti,0.3896499340813911,2.1514629948364887
