Items_most_pop,Items_most_pop_L2,Items_most_pop_winrate,Items_L2,Items_L2_coef,Items_L2_winrate,Items_gold_adjusted_L2,Items_gold_adjusted_L2_coef,Items_gold_adjusted_L2_winrate
Shoes of the Magi,6.300936275725615,0.5234375,Void Stone,12.697224734727715,0.6081081081081081,Void Stone,0.5771465788512598,2.764127764127764
Breastplate of Valor,4.006879018942218,0.5094339622641509,Polynomicon,8.768311440824421,0.6,Shoes of the Magi,0.39380851723285093,3.271484375
Shoes of Focus,-8.980466729107524,0.39805825242718446,Soul Reaver,6.4886551390204605,0.5918367346938775,Polynomicon,0.3812309322097574,2.608695652173913
Hide of the Urchin,1.715502445599949,0.4935064935064935,Shoes of the Magi,6.300936275725615,0.5234375,Reinforced Shoes,0.24617266602207524,3.826530612244898
Void Stone,12.697224734727715,0.6081081081081081,Breastplate of Valor,4.006879018942218,0.5094339622641509,Soul Reaver,0.22070255574899525,2.0130501180063862
Watcher's Gift,-4.811142892260974,0.4166666666666667,Reinforced Shoes,3.4464173243090537,0.5357142857142857,Breastplate of Valor,0.1742121312583573,2.2149302707136997
