Items_most_pop,Items_most_pop_L2,Items_most_pop_winrate,Items_L2,Items_L2_coef,Items_L2_winrate,Items_gold_adjusted_L2,Items_gold_adjusted_L2_coef,Items_gold_adjusted_L2_winrate
Shoes of the Magi,-0.3333820530370958,0.4657534246575342,Mantle of Discord,0.6701199487470288,0.71875,Mantle of Discord,0.02161677254022674,2.318548387096774
Hide of the Urchin,0.03655915421237441,0.4945054945054945,Soul Reaver,0.3049829867353366,0.5789473684210527,Soul Reaver,0.0103735709773924,1.9692087361260293
Watcher's Gift,-0.7862277342586041,0.39080459770114945,Gem of Isolation,0.2483597267861207,0.631578947368421,Gem of Isolation,0.009198508399485952,2.3391812865497075
Breastplate of Valor,-0.021443029768772194,0.4880952380952381,Void Stone,0.14507879206752164,0.5151515151515151,Void Stone,0.006594490548523711,2.3415977961432506
Shoes of Focus,-0.43192519749313013,0.42857142857142855,Dynasty Plate Helm,0.06696922854214724,0.5217391304347826,Dynasty Plate Helm,0.00393936638483219,3.0690537084398977
Void Stone,0.14507879206752164,0.5151515151515151,Hide of the Urchin,0.03655915421237441,0.4945054945054945,Hide of the Urchin,0.0015232980921822672,2.0604395604395602
