,recommendations,win_rate,win_rate_per_cost
Starter Item,Mark of the Vanguard,,
Boots,Reinforced Shoes,0.714285714286,5.27950310559
Item2,Hide of the Urchin,0.6515151515151515,2.08333333333
Item3,Void Stone,0.569620253164557,2.27272727273
Item4,Breastplate of Valor,0.5,2.17391304348
Item5,Winged Blade,0.625,3.861003861
Item6,Soul Reaver,0.569620253165,2.12585034014
Relic1,Meditation,0.595505617978,
Relic2,Blink,0.552083333333,
