Items_most_pop,Items_most_pop_L2,Items_most_pop_winrate,Items_L2,Items_L2_coef,Items_L2_winrate,Items_gold_adjusted_L2,Items_gold_adjusted_L2_coef,Items_gold_adjusted_L2_winrate
Shoes of Focus,-4.719524615658021,0.5029585798816568,Heartward Amulet,9.421951296887888,0.6176470588235294,Heartward Amulet,0.4486643474708518,2.9411764705882355
Watcher's Gift,-0.5583110269801572,0.5207100591715976,Sovereignty,6.656234239300986,0.5862068965517241,Travelers Shoes,0.4153475918007396,4.421768707482993
Lotus Crown,0.7809315889424775,0.5428571428571428,Travelers Shoes,5.814866285210354,0.6190476190476191,Sovereignty,0.31696353520480886,2.7914614121510675
Sovereignty,6.656234239300986,0.5862068965517241,Rod of Asclepius,5.097332580151201,0.6571428571428571,Winged Blade,0.24050853154220925,3.2604032604032605
Heartward Amulet,9.421951296887888,0.6176470588235294,Winged Blade,4.449407833530871,0.6031746031746031,Rod of Asclepius,0.19162904436658648,2.4704618689581097
Hide of the Urchin,-4.2840731676128865,0.5053763440860215,Breastplate of Valor,3.6760468032786577,0.5698924731182796,Breastplate of Valor,0.15982812188168077,2.4777933613838243
