Items_most_pop,Items_most_pop_L2,Items_most_pop_winrate,Items_L2,Items_L2_coef,Items_L2_winrate,Items_gold_adjusted_L2,Items_gold_adjusted_L2_coef,Items_gold_adjusted_L2_winrate
Shoes of Focus,3.3394054014047825,0.5512820512820513,Rod of Asclepius,3.708310128960336,0.6481481481481481,Shoes of Focus,0.2226270267603188,3.675213675213675
Watcher's Gift,-1.8889311384040777,0.4975845410628019,Shoes of Focus,3.3394054014047825,0.5512820512820513,Winged Blade,0.17420922650792917,3.2175032175032174
Lotus Crown,3.1088976308119456,0.5578947368421052,Winged Blade,3.2228706903966895,0.5952380952380952,Sovereignty,0.152962714664088,2.686202686202686
Sovereignty,3.212217007945848,0.5641025641025641,Sovereignty,3.212217007945848,0.5641025641025641,Lotus Crown,0.15165354296643635,2.7214377406931964
Breastplate of Valor,1.5010641311721002,0.5436241610738255,Lotus Crown,3.1088976308119456,0.5578947368421052,Rod of Asclepius,0.13941015522407277,2.4366471734892787
Heartward Amulet,-0.12135794534117338,0.5255474452554745,Mantle of Discord,2.5246027213562785,0.6153846153846154,Genji's Guard,0.08374593477595456,2.972027972027972
