Items_most_pop,Items_most_pop_L2,Items_most_pop_winrate,Items_L2,Items_L2_coef,Items_L2_winrate,Items_gold_adjusted_L2,Items_gold_adjusted_L2_coef,Items_gold_adjusted_L2_winrate
Shoes of Focus,-8.187053825160003,0.41732283464566927,Rod of Asclepius,17.512147727386896,0.6229508196721312,Travelers Shoes,0.7385150775594653,3.724053724053724
Watcher's Gift,-0.5257394972182176,0.43388429752066116,Travelers Shoes,10.339211085832515,0.5213675213675214,Rod of Asclepius,0.6583514183228156,2.34192037470726
Lotus Crown,0.5215190997952457,0.46116504854368934,Bulwark of Hope,8.33449651739479,0.5256410256410257,Sovereignty,0.33702957531859273,2.3336486912645853
Breastplate of Valor,-2.327045373893666,0.4411764705882353,Gem of Isolation,7.449910587518932,0.6153846153846154,Bulwark of Hope,0.33007906999583325,2.0817466362020816
Heartward Amulet,0.2800713877378682,0.4539877300613497,Sovereignty,7.077621081690447,0.4900662251655629,Gem of Isolation,0.27592261435255305,2.2792022792022792
Sovereignty,7.077621081690447,0.4900662251655629,Lotus Crown,0.5215190997952457,0.46116504854368934,Lotus Crown,0.025439956087572962,2.249585602652143
