Items_most_pop,Items_most_pop_L2,Items_most_pop_winrate,Items_L2,Items_L2_coef,Items_L2_winrate,Items_gold_adjusted_L2,Items_gold_adjusted_L2_coef,Items_gold_adjusted_L2_winrate
Shoes of Focus,3.8701681787056046,0.5141843971631206,Rod of Asclepius,32.298324525724816,0.6805555555555556,Rod of Asclepius,1.2142227265310082,2.5584795321637426
Lotus Crown,1.7066685369352506,0.5120967741935484,Sovereignty,15.960510703572005,0.5576923076923077,Sovereignty,0.7600243192177146,2.6556776556776556
Watcher's Gift,-19.45644307341776,0.4449152542372881,Mantle of Discord,12.617351311515938,0.5967741935483871,Winged Blade,0.6262324422559395,3.0145530145530146
Breastplate of Valor,6.2953342889875845,0.5254237288135594,Winged Blade,11.585300181734882,0.5576923076923077,Travelers Shoes,0.4711858233881685,3.7142857142857144
Hide of the Urchin,-13.9600097858262,0.4764705882352941,Travelers Shoes,6.596601527434359,0.52,Mantle of Discord,0.40701133262954636,1.9250780437044746
Heartward Amulet,-2.9000566359784266,0.5269461077844312,Breastplate of Valor,6.2953342889875845,0.5254237288135594,Breastplate of Valor,0.2737101864777211,2.284450994841562
