Relics_most_pop,Relics_most_pop_L2,Relics_most_pop_winrate,Relics_most_pop_wr_paired,Relics_L2,Relics_L2_coef,Relics_L2_winrate,Relics_L2_wr_paired
Meditation,5.966480118067014,0.5656934306569343,0.640625,Meditation,5.966480118067014,0.5656934306569343,0.640625
Sprint,-1.226340813292428,0.5063291139240507,,Blink,2.2700590828302274,0.5583333333333333,
