,recommendations,win_rate,win_rate_per_cost
Starter Item,Watcher's Gift,,
Boots,Travelers Shoes,0.661290322581,4.25029515939
Item2,Lotus Crown,0.5056179775280899,2.23880597015
Item3,Breastplate of Valor,0.5026178010471204,1.99545749513
Item4,Sovereignty,0.49707602339181284,2.1855010661
Item5,Rod of Asclepius,0.595041322314,2.48605384429
Item6,Void Stone,0.666666666667,3.0303030303
Relic1,Meditation,0.5,
Relic2,Blink,0.529411764706,
