,recommendations,win_rate,win_rate_per_cost
Starter Item,Watcher's Gift,,
Boots,Travelers Shoes,0.740740740741,4.88721804511
Item2,Hide of the Urchin,0.6481481481481481,2.36742424242
Item3,Heartward Amulet,0.6415094339622641,2.70562770563
Item4,Watcher's Gift,0.5342465753424658,7.10227272727
Item5,Winged Blade,0.714285714286,4.004004004
Item6,Mantle of Discord,0.641509433962,2.30414746544
Relic1,Curse,0.75,
Relic2,Sprint,0.610169491525,
