,recommendations,win_rate,win_rate_per_cost
Starter Item,Watcher's Gift,,
Boots,Shoes of the Magi,0.551724137931,3.38541666667
Item2,Watcher's Gift,0.5108695652173914,4.78395061728
Item3,Hide of the Urchin,0.5636363636363636,1.59465020576
Item4,Heartward Amulet,0.45454545454545453,1.82245737801
Item5,Winged Blade,0.604651162791,3.26838466373
Item6,Rod of Asclepius,0.545454545455,2.07415089448
Relic1,Blink,0.555555555556,
Relic2,Curse,0.551724137931,
