Items_most_pop,Items_most_pop_L2,Items_most_pop_winrate,Items_L2,Items_L2_coef,Items_L2_winrate,Items_gold_adjusted_L2,Items_gold_adjusted_L2_coef,Items_gold_adjusted_L2_winrate
Shoes of Focus,4.910774978116473,0.5846153846153846,Rod of Asclepius,13.384662788302865,0.7755102040816326,Rod of Asclepius,0.5031828115903333,2.9154518950437316
Watcher's Gift,-2.0199413976156544,0.5439560439560439,Breastplate of Valor,10.863482625823263,0.64,Breastplate of Valor,0.47232533155753315,2.782608695652174
Lotus Crown,3.734037656722232,0.5849056603773585,Mantle of Discord,5.451228795512458,0.6756756756756757,Shoes of Focus,0.3273849985410982,3.8974358974358974
Breastplate of Valor,10.863482625823263,0.64,Shoes of Focus,4.910774978116473,0.5846153846153846,Lotus Crown,0.18214817837669423,2.8531983433041876
Heartward Amulet,-2.6669413012643384,0.5431034482758621,Lotus Crown,3.734037656722232,0.5849056603773585,Mantle of Discord,0.17584609017782124,2.1795989537925022
Sovereignty,-0.7178270902028364,0.543859649122807,Bulwark of Hope,3.0217209253706403,0.627906976744186,Shoes of the Magi,0.15784451645966127,4.0
