Items_most_pop,Items_most_pop_L2,Items_most_pop_winrate,Items_L2,Items_L2_coef,Items_L2_winrate,Items_gold_adjusted_L2,Items_gold_adjusted_L2_coef,Items_gold_adjusted_L2_winrate
Shoes of Focus,-1.03641688850217,0.5135135135135135,Reinforced Shoes,26.566851744021736,0.7037037037037037,Reinforced Shoes,1.897632267430124,5.026455026455026
Watcher's Gift,-0.7922282376070717,0.48120300751879697,Winged Blade,23.732328129149373,0.6578947368421053,Winged Blade,1.2828285475215877,3.5561877667140824
Lotus Crown,20.297165348300595,0.5968992248062015,Lotus Crown,20.297165348300595,0.5968992248062015,Lotus Crown,0.9901056267463704,2.9117035356400076
Hide of the Urchin,-22.879722891974495,0.42574257425742573,Rod of Asclepius,20.121937338687896,0.7777777777777778,Heartward Amulet,0.9195104274908795,2.9761904761904763
Breastplate of Valor,-0.32133732714508273,0.504950495049505,Heartward Amulet,19.30971897730847,0.625,Rod of Asclepius,0.7564638097251088,2.9239766081871346
Heartward Amulet,19.30971897730847,0.625,Mantle of Discord,7.329435733940011,0.6111111111111112,Mantle of Discord,0.2364334107722584,1.971326164874552
