Relics_most_pop,Relics_most_pop_L2,Relics_most_pop_winrate,Relics_most_pop_wr_paired,Relics_L2,Relics_L2_coef,Relics_L2_winrate,Relics_L2_wr_paired
Meditation,328.9748006652475,0.5046296296296297,0.58064516129,Curse,333.53044246414703,0.4936708860759494,0.58064516129
Sprint,247.65116557628244,0.49382716049382713,,Meditation,328.9748006652475,0.5046296296296297,
