,recommendations,win_rate,win_rate_per_cost
Starter Item,Watcher's Gift,,
Boots,Reinforced Shoes,0.541353383459,4.36507936508
Item2,Lotus Crown,0.5413533834586466,2.26134711678
Item3,Hide of the Urchin,0.5851063829787234,1.93156732892
Item4,Breastplate of Valor,0.496,2.01554851713
Item5,Spirit Robe,0.64,2.60162601626
Item6,Void Stone,0.5625,2.55681818182
Relic1,Blink,0.58024691358,
Relic2,Meditation,0.547619047619,
