,recommendations,win_rate,win_rate_per_cost
Starter Item,Watcher's Gift,,
Boots,Shoes of the Magi,0.56338028169,2.86458333333
Item2,Breastplate of Valor,0.45614035087719296,1.7938583156
Item3,Watcher's Gift,0.4125874125874126,5.15734265734
Item4,Sovereignty,0.5021645021645021,1.9647019647
Item5,Rod of Asclepius,0.628205128205,2.3616734143
Item6,Winged Blade,0.514285714286,2.83687943262
Relic1,Sprint,0.46186440678,
Relic2,Blink,0.472527472527,
