,recommendations,win_rate,win_rate_per_cost
Starter Item,Watcher's Gift,,
Boots,Reinforced Shoes,0.414285714286,2.95918367347
Item2,Lotus Crown,0.44565217391304346,1.99244245964
Item3,Heartward Amulet,0.42758620689655175,1.94500335345
Item4,Sovereignty,0.4084507042253521,1.94500335345
Item5,Rod of Asclepius,0.568965517241,2.13896810993
Item6,Mantle of Discord,0.56,1.8064516129
Relic1,Relic,0.456140350877,
Relic2,Blink,0.403361344538,
