,recommendations,win_rate,win_rate_per_cost
Starter Item,Bumba's Mask,,
Boots,Shoes of the Magi,0.575,3.58664772727
Item2,Bumba's Mask,0.6493506493506493,7.1875
Item3,Rod of Tahuti,0.5978260869565217,1.73192771084
Item4,Polynomicon,0.5823529411764706,2.5
Item5,Dynasty Plate Helm,0.671428571429,3.94957983193
Item6,Celestial Legion Helm,0.7,3.04347826087
Relic1,Wrath,0.606557377049,
Relic2,Relic,0.692307692308,
