Items_most_pop,Items_most_pop_L2,Items_most_pop_winrate,Items_L2,Items_L2_coef,Items_L2_winrate,Items_gold_adjusted_L2,Items_gold_adjusted_L2_coef,Items_gold_adjusted_L2_winrate
Shoes of the Magi,-1.8423130885688082,0.4613778705636743,Rod of Tahuti,2.7293829485471917,0.5648535564853556,Rod of Tahuti,0.08221032977551783,1.7013661339920352
Polynomicon,-0.39015150903918744,0.48072562358276644,Spear of Desolation,1.5501679161385877,0.7714285714285715,Soul Reaver,0.049229593165134464,1.7974669542613793
Obsidian Shard,-0.43677952138558557,0.4794952681388013,Soul Reaver,1.447350039054953,0.5284552845528455,Spear of Desolation,0.040793892529962836,2.030075187969925
Soul Reaver,1.447350039054953,0.5284552845528455,Spear of the Magus,0.48023055327447933,0.5675675675675675,Spear of the Magus,0.022336304803464154,2.6398491514770583
Rod of Tahuti,2.7293829485471917,0.5648535564853556,Chronos' Pendant,0.4559906640331252,0.5714285714285714,Chronos' Pendant,0.018999611001380215,2.380952380952381
Bumba's Mask,-2.8501212902996262,0.3880597014925373,Demonic Grip,0.1364526160126992,0.5185185185185185,Demonic Grip,0.005984763860206106,2.2742040285899936
