,recommendations,win_rate,win_rate_per_cost
Starter Item,Bumba's Mask,,
Boots,Shoes of the Magi,0.5300127713920817,3.47020348837
Item2,Rod of Tahuti,0.6455696202531646,1.67238722331
Item3,Obsidian Shard,0.5773584905660377,2.70845150312
Item4,Soul Reaver,0.5792079207920792,1.88854611612
Item5,Dynasty Plate Helm,0.579207920792,3.26607387141
Item6,Polynomicon,0.551773049645,2.39901325933
Relic1,Blink,0.570264765784,
Relic2,Purification,0.538109756098,
