Items_most_pop,Items_most_pop_L2,Items_most_pop_winrate,Items_L2,Items_L2_coef,Items_L2_winrate,Items_gold_adjusted_L2,Items_gold_adjusted_L2_coef,Items_gold_adjusted_L2_winrate
Shoes of the Magi,-9.389000460143203,0.5416666666666666,Dynasty Plate Helm,37.503658150957044,0.6219512195121951,Dynasty Plate Helm,2.206097538291591,3.658536585365854
Polynomicon,2.19611920008427,0.5551181102362205,Rod of Tahuti,28.534366242294784,0.6492537313432836,Shoes of Focus,1.4659172561076,4.583333333333333
Obsidian Shard,24.132699177919005,0.5863874345549738,Obsidian Shard,24.132699177919005,0.5863874345549738,Obsidian Shard,1.1772048379472684,2.8604265100242627
Soul Reaver,0.48932928894624556,0.5850340136054422,Shoes of Focus,21.988758841613997,0.6875,Celestial Legion Helm,0.8902275443240707,3.140096618357488
Rod of Tahuti,28.534366242294784,0.6492537313432836,Celestial Legion Helm,20.475233519453624,0.7222222222222222,Rod of Tahuti,0.8594688627197224,1.9555835281424205
Bumba's Mask,-2.2254387306904615,0.4774774774774775,Spear of Desolation,5.046684799386144,0.625,Spear of Desolation,0.132807494720688,1.644736842105263
