Relics_most_pop,Relics_most_pop_L2,Relics_most_pop_winrate,Relics_most_pop_wr_paired,Relics_L2,Relics_L2_coef,Relics_L2_winrate,Relics_L2_wr_paired
Purification,0.17019650180379453,0.4878048780487805,1.0,Purification,0.17019650180379453,0.4878048780487805,1.0
Blink,-1.6356286702082845,0.4576271186440678,,Sprint,-0.31971164683701475,0.42857142857142855,
