Items_most_pop,Items_most_pop_L2,Items_most_pop_winrate,Items_L2,Items_L2_coef,Items_L2_winrate,Items_gold_adjusted_L2,Items_gold_adjusted_L2_coef,Items_gold_adjusted_L2_winrate
Shoes of the Magi,-45.26670657765286,0.5431034482758621,Winged Blade,49.288729343611756,0.75,Winged Blade,2.66425564019523,4.054054054054054
Polynomicon,40.37890099561003,0.5963302752293578,Spear of Desolation,41.735330353432474,0.8571428571428571,Polynomicon,1.7556043911134795,2.5927403270841642
Obsidian Shard,2.7827988767025946,0.5921052631578947,Polynomicon,40.37890099561003,0.5963302752293578,Dynasty Plate Helm,1.5783455645989393,3.7151702786377707
Soul Reaver,9.159925525086585,0.5909090909090909,Bancroft's Talon,36.60733050108351,0.8571428571428571,Bancroft's Talon,1.5253054375451462,3.5714285714285716
Rod of Tahuti,-0.9913491732143443,0.6,Chronos' Pendant,29.814114198684848,0.6153846153846154,Chronos' Pendant,1.2422547582785353,2.5641025641025643
Bumba's Mask,-30.942760538038584,0.4523809523809524,Dynasty Plate Helm,26.831874598181965,0.631578947368421,Spear of Desolation,1.0982981671955914,2.255639097744361
