Relics_most_pop,Relics_most_pop_L2,Relics_most_pop_winrate,Relics_most_pop_wr_paired,Relics_L2,Relics_L2_coef,Relics_L2_winrate,Relics_L2_wr_paired
Purification,-24.483932198921003,0.5418502202643172,0.0,Sprint,33.28136144649736,0.8181818181818182,0.0
Blink,5.909074431383361,0.558282208588957,,Sanctuary,10.532360372410867,0.5777777777777777,
