,recommendations,win_rate,win_rate_per_cost
Starter Item,Bumba's Mask,,
Boots,Shoes of the Magi,0.5209424083769634,2.79605263158
Item2,Rod of Tahuti,0.665,1.34749524413
Item3,Soul Reaver,0.582089552238806,1.5216612961
Item4,Polynomicon,0.5431754874651811,1.94508009153
Item5,Winged Blade,0.68,3.20945945946
Item6,Celestial Legion Helm,0.62962962963,2.73752012882
Relic1,Wrath,0.609090909091,
Relic2,Purification,0.529051987768,
