Items_most_pop,Items_most_pop_L2,Items_most_pop_winrate,Items_L2,Items_L2_coef,Items_L2_winrate,Items_gold_adjusted_L2,Items_gold_adjusted_L2_coef,Items_gold_adjusted_L2_winrate
Shoes of the Magi,-10.403767954702934,0.4338235294117647,Rod of Tahuti,35.19403121382063,0.6666666666666666,Rod of Tahuti,1.0600611811391756,2.0080321285140563
Chronos' Pendant,3.922670650875039,0.48598130841121495,Obsidian Shard,17.82867184951973,0.5333333333333333,Obsidian Shard,0.8696913097326697,2.6016260162601625
Obsidian Shard,17.82867184951973,0.5333333333333333,Soul Reaver,17.228675913771934,0.6,Soul Reaver,0.5860093848221746,2.0408163265306123
Book of Thoth,5.459773325967322,0.4835164835164835,Warlock's Sash,13.047879143144185,0.5333333333333333,Warlock's Sash,0.49237279785449756,2.0125786163522013
Soul Stone,-21.413767793625016,0.3125,Pythagorem's Piece,7.938135967280645,0.6363636363636364,Shoes of Focus,0.47521909919503824,3.3333333333333335
Rod of Tahuti,35.19403121382063,0.6666666666666666,Shoes of Focus,7.128286487925574,0.5,Dynasty Plate Helm,0.3672461535753913,3.3088235294117645
