Items_most_pop,Items_most_pop_L2,Items_most_pop_winrate,Items_L2,Items_L2_coef,Items_L2_winrate,Items_gold_adjusted_L2,Items_gold_adjusted_L2_coef,Items_gold_adjusted_L2_winrate
Shoes of the Magi,10.735733507836734,0.6039215686274509,Rod of Tahuti,16.68300170585874,0.646551724137931,Shoes of the Magi,0.6709833442397958,3.7745098039215685
Book of Thoth,14.707018255296363,0.6176470588235294,Book of Thoth,14.707018255296363,0.6176470588235294,Book of Thoth,0.5549818209545798,2.3307436182019976
Chronos' Pendant,-8.093652226645778,0.5577889447236181,Shoes of the Magi,10.735733507836734,0.6039215686274509,Rod of Tahuti,0.5025000513812874,1.9474449522226838
Obsidian Shard,1.6361830973035019,0.5891891891891892,Dynasty Plate Helm,6.156725658793715,0.6785714285714286,Dynasty Plate Helm,0.36216033287021854,3.991596638655462
Soul Stone,24.436137251884404,0.6515151515151515,Warlock's Sash,2.6138644378037346,0.5797101449275363,Warlock's Sash,0.09863639387938622,2.1875854525567404
Rod of Tahuti,16.68300170585874,0.646551724137931,Obsidian Shard,1.6361830973035019,0.5891891891891892,Obsidian Shard,0.07981380962456106,2.874093605800923
