Relics_most_pop,Relics_most_pop_L2,Relics_most_pop_winrate,Relics_most_pop_wr_paired,Relics_L2,Relics_L2_coef,Relics_L2_winrate,Relics_L2_wr_paired
Sanctuary,-1.7835470337899493,0.46788990825688076,0.0,Sprint,2.961115392803405,0.7058823529411765,0.0
Purification,-0.9933257485506475,0.47572815533980584,,Relic,0.5760831272697596,0.5714285714285714,
