Relics_most_pop,Relics_most_pop_L2,Relics_most_pop_winrate,Relics_most_pop_wr_paired,Relics_L2,Relics_L2_coef,Relics_L2_winrate,Relics_L2_wr_paired
Sanctuary,-12.166158237388272,0.41284403669724773,0.0,Sprint,5.892765683332867,0.5142857142857142,0.0
Purification,-5.188617692593573,0.4218362282878412,,Teleport,0.4449575466993648,0.42857142857142855,
