,recommendations,win_rate,win_rate_per_cost
Starter Item,Soul Stone,,
Boots,Shoes of the Magi,0.516853932584,3.15040650407
Item2,Rod of Tahuti,0.6140350877192983,1.55678895357
Item3,Book of Thoth,0.5168539325842697,1.95039219843
Item4,Obsidian Shard,0.5277777777777778,2.52123869553
Item5,Doom Orb,0.50406504065,3.25203252033
Item6,Spear of Desolation,0.583333333333,1.5350877193
Relic1,Sanctuary,0.507462686567,
Relic2,Teleport,0.555555555556,
