Relics_most_pop,Relics_most_pop_L2,Relics_most_pop_winrate,Relics_most_pop_wr_paired,Relics_L2,Relics_L2_coef,Relics_L2_winrate,Relics_L2_wr_paired
Sanctuary,0.31200515645543153,0.49547920433996384,0.497925311203,Purification,0.7218114272041329,0.497196261682243,0.497925311203
Purification,0.7218114272041329,0.497196261682243,,Sanctuary,0.31200515645543153,0.49547920433996384,
