Relics_most_pop,Relics_most_pop_L2,Relics_most_pop_winrate,Relics_most_pop_wr_paired,Relics_L2,Relics_L2_coef,Relics_L2_winrate,Relics_L2_wr_paired
Sanctuary,-0.3516467953641528,0.3878787878787879,0.0,Teleport,-0.014131400848588148,0.42105263157894735,0.0
Purification,-0.31206354790114865,0.39751552795031053,,Relic,-0.029143191093167112,0.35,
