Relics_most_pop,Relics_most_pop_L2,Relics_most_pop_winrate,Relics_most_pop_wr_paired,Relics_L2,Relics_L2_coef,Relics_L2_winrate,Relics_L2_wr_paired
Sanctuary,-0.20778083843720294,0.40611353711790393,0.0,Teleport,0.04039697562118409,0.7222222222222222,0.0
Purification,-0.18826067292635243,0.4075829383886256,,Meditation,-0.01957644467266137,0.3888888888888889,
