,recommendations,win_rate,win_rate_per_cost
Starter Item,Soul Stone,,
Boots,Shoes of the Magi,0.43564356435643564,3.515625
Item2,Rod of Tahuti,0.5625,1.69427710843
Item3,Book of Thoth,0.4698275862068966,2.12264150943
Item4,Obsidian Shard,0.45495495495495497,2.74390243902
Item5,Bancroft's Talon,0.540540540541,2.25225225225
Item6,Spear of the Magus,0.520833333333,2.42248062016
Relic1,Meditation,0.5,
Relic2,Sanctuary,0.438596491228,
