Items_most_pop,Items_most_pop_L2,Items_most_pop_winrate,Items_L2,Items_L2_coef,Items_L2_winrate,Items_gold_adjusted_L2,Items_gold_adjusted_L2_coef,Items_gold_adjusted_L2_winrate
Shoes of the Magi,9.537242321635912,0.5017182130584192,Rod of Tahuti,14.889074994059609,0.576,Shoes of the Magi,0.5960776451022445,3.1357388316151202
Chronos' Pendant,-6.689985236496203,0.4528301886792453,Book of Thoth,12.393905908408534,0.5238095238095238,Book of Thoth,0.4676945625814541,1.9766397124887691
Book of Thoth,12.393905908408534,0.5238095238095238,Shoes of the Magi,9.537242321635912,0.5017182130584192,Rod of Tahuti,0.44846611427890387,1.7349397590361446
Obsidian Shard,-2.4207399016865585,0.47804878048780486,Soul Reaver,6.538755108422905,0.5573770491803278,Breastplate of Valor,0.2393880314544469,2.8260869565217392
Soul Stone,0.2711856879977083,0.46153846153846156,Breastplate of Valor,5.505924723452278,0.65,Soul Reaver,0.22240663634091515,1.8958403033344486
Rod of Tahuti,14.889074994059609,0.576,Spear of the Magus,3.3652518246071494,0.5263157894736842,Dynasty Plate Helm,0.1855980541681976,3.2085561497326203
