Relics_most_pop,Relics_most_pop_L2,Relics_most_pop_winrate,Relics_most_pop_wr_paired,Relics_L2,Relics_L2_coef,Relics_L2_winrate,Relics_L2_wr_paired
Purification,-7.6871385719317455,0.379746835443038,0.0,Blink,25.554817364858586,0.6666666666666666,0.0
Sanctuary,-23.144937006255386,0.36538461538461536,,Relic,9.33315414551782,0.35714285714285715,
