Items_most_pop,Items_most_pop_L2,Items_most_pop_winrate,Items_L2,Items_L2_coef,Items_L2_winrate,Items_gold_adjusted_L2,Items_gold_adjusted_L2_coef,Items_gold_adjusted_L2_winrate
Warrior Tabi,0.6457255220654452,0.4730290456431535,Stone Cutting Sword,22.17136780562382,0.5873015873015873,Stone Cutting Sword,0.8527449156009163,2.258852258852259
Jotunn's Wrath,0.46097528891205447,0.4772727272727273,Titan's Bane,15.412477758049429,0.5482456140350878,Titan's Bane,0.7518281833194843,2.6743688489516475
Titan's Bane,15.412477758049429,0.5482456140350878,Bulwark of Hope,14.907473755689555,0.6896551724137931,Bulwark of Hope,0.5903950002253289,2.7313076135199728
Hydra's Lament,10.87412712183881,0.5113122171945701,Qin's Sais,11.798244097649736,0.5681818181818182,Hydra's Lament,0.5057733545041309,2.3781963590445123
Bumba's Mask,-16.000968556119773,0.37373737373737376,Hydra's Lament,10.87412712183881,0.5113122171945701,Qin's Sais,0.4369720036166569,2.1043771043771042
Stone Cutting Sword,22.17136780562382,0.5873015873015873,Mantle of Discord,6.397945022165762,0.5357142857142857,Mantle of Discord,0.20638532329566972,1.728110599078341
