,recommendations,win_rate,win_rate_per_cost
Starter Item,Bumba's Mask,,
Boots,Warrior Tabi,0.5042935206869633,3.74490174268
Item2,Titan's Bane,0.5844155844155844,2.83151107373
Item3,Stone Cutting Sword,0.5804597701149425,2.23253757737
Item4,Hydra's Lament,0.537261698440208,2.69981288426
Item5,Brawler's Beat Stick,0.605633802817,2.5234741784
Item6,Qin's Sais,0.53726169844,2.16049382716
Relic1,Sprint,0.615384615385,
Relic2,Purification,0.517838939857,
