Items_most_pop,Items_most_pop_L2,Items_most_pop_winrate,Items_L2,Items_L2_coef,Items_L2_winrate,Items_gold_adjusted_L2,Items_gold_adjusted_L2_coef,Items_gold_adjusted_L2_winrate
Warrior Tabi,0.04590420189304139,0.508695652173913,Titan's Bane,0.1867717794429542,0.5773195876288659,Titan's Bane,0.009110818509412399,2.816193110384712
Jotunn's Wrath,-0.004239952115862003,0.5,Hydra's Lament,0.17472729533151896,0.574468085106383,Hydra's Lament,0.008126850945652044,2.6719445818901533
Bumba's Mask,-0.07726451779609565,0.4716981132075472,Brawler's Beat Stick,0.15063854070111307,0.65,Brawler's Beat Stick,0.006276605862546377,2.7083333333333335
Titan's Bane,0.1867717794429542,0.5773195876288659,Qin's Sais,0.07508077233446053,0.575,Warrior Tabi,0.002961561412454283,3.281907433380084
Hydra's Lament,0.17472729533151896,0.574468085106383,Stone Cutting Sword,0.07452636044452166,0.5517241379310345,Stone Cutting Sword,0.002866398478635448,2.1220159151193636
Stone Cutting Sword,0.07452636044452166,0.5517241379310345,Warrior Tabi,0.04590420189304139,0.508695652173913,Qin's Sais,0.002780769345720761,2.1296296296296298
