,recommendations,win_rate,win_rate_per_cost
Starter Item,Bumba's Mask,,
Boots,Warrior Tabi,0.5387596899224806,4.09626216078
Item2,Hydra's Lament,0.6132075471698113,2.95311923219
Item3,Stone Cutting Sword,0.6349206349206349,2.442002442
Item4,Jotunn's Wrath,0.5586854460093896,2.60213374967
Item5,The Executioner,0.634920634921,3.61111111111
Item6,Titan's Bane,0.558685446009,2.85544318858
Relic1,Wrath,0.581818181818,
Relic2,Blink,0.642857142857,
