Items_most_pop,Items_most_pop_L2,Items_most_pop_winrate,Items_L2,Items_L2_coef,Items_L2_winrate,Items_gold_adjusted_L2,Items_gold_adjusted_L2_coef,Items_gold_adjusted_L2_winrate
Warrior Tabi,-1.2482916688931645,0.47890818858560796,Brawler's Beat Stick,2.1589387391692374,0.6233766233766234,Brawler's Beat Stick,0.08995578079871823,2.5974025974025974
Jotunn's Wrath,0.8693570700371862,0.5045045045045045,Hydra's Lament,1.6156797812808332,0.5380116959064327,Hydra's Lament,0.07514789680375969,2.502379980960152
Bumba's Mask,-3.298474648122559,0.4120603015075377,The Executioner,1.0472961802352614,0.6363636363636364,The Executioner,0.04654649689934495,2.8282828282828283
Titan's Bane,0.8706325334081918,0.52046783625731,Titan's Bane,0.8706325334081918,0.52046783625731,Titan's Bane,0.042469879678448376,2.5388674939380973
Hydra's Lament,1.6156797812808332,0.5380116959064327,Stone Cutting Sword,0.8701319896809298,0.5353535353535354,Jotunn's Wrath,0.035629388116278124,2.067641411903707
Stone Cutting Sword,0.8701319896809298,0.5353535353535354,Jotunn's Wrath,0.8693570700371862,0.5045045045045045,Stone Cutting Sword,0.03346661498772807,2.059052059052059
