Relics_most_pop,Relics_most_pop_L2,Relics_most_pop_winrate,Relics_most_pop_wr_paired,Relics_L2,Relics_L2_coef,Relics_L2_winrate,Relics_L2_wr_paired
Purification,0.4417444653060097,0.5016949152542373,0.548387096774,Blink,1.4167208655745918,0.5508474576271186,0.548387096774
Wrath,-0.73833459883576,0.47282608695652173,,Purification,0.4417444653060097,0.5016949152542373,
