Items_most_pop,Items_most_pop_L2,Items_most_pop_winrate,Items_L2,Items_L2_coef,Items_L2_winrate,Items_gold_adjusted_L2,Items_gold_adjusted_L2_coef,Items_gold_adjusted_L2_winrate
Warrior Tabi,-0.1368517270468087,0.5042935206869633,Titan's Bane,17.19284885791876,0.5844155844155844,Titan's Bane,0.8386755540448178,2.8508077288565095
Jotunn's Wrath,1.7101801343160403,0.510941960038059,Stone Cutting Sword,12.700568489861308,0.5804597701149425,Stone Cutting Sword,0.4884834034562041,2.2325375773651635
Bumba's Mask,-9.69392204534599,0.43676222596964587,Brawler's Beat Stick,11.033404115759392,0.6056338028169014,Brawler's Beat Stick,0.45972517148997466,2.523474178403756
Hydra's Lament,7.307730470641093,0.537261698440208,Qin's Sais,8.566558923240734,0.5833333333333334,Hydra's Lament,0.33989444049493456,2.49889162065213
Titan's Bane,17.19284885791876,0.5844155844155844,Hydra's Lament,7.307730470641093,0.537261698440208,Qin's Sais,0.3172799601200272,2.1604938271604937
Stone Cutting Sword,12.700568489861308,0.5804597701149425,Mantle of Discord,2.814377897368946,0.5676855895196506,The Executioner,0.11684807773919076,2.4163969795037756
