Items_most_pop,Items_most_pop_L2,Items_most_pop_winrate,Items_L2,Items_L2_coef,Items_L2_winrate,Items_gold_adjusted_L2,Items_gold_adjusted_L2_coef,Items_gold_adjusted_L2_winrate
Warrior Tabi,7.664494148846644,0.5412371134020618,Qin's Sais,21.194107401367276,0.6857142857142857,Qin's Sais,0.7849669407913806,2.5396825396825395
Jotunn's Wrath,7.453747347616754,0.5620437956204379,Brawler's Beat Stick,17.765824783972715,0.7037037037037037,Brawler's Beat Stick,0.7402426993321964,2.932098765432099
Bumba's Mask,-21.178061999486744,0.45,Void Shield,10.938507787129332,0.6111111111111112,Warrior Tabi,0.494483493473977,3.4918523445294314
Hydra's Lament,9.785273775816075,0.5773195876288659,Hydra's Lament,9.785273775816075,0.5773195876288659,Hydra's Lament,0.45512901282865464,2.685207384320307
Titan's Bane,0.31813449106031666,0.578125,Warrior Tabi,7.664494148846644,0.5412371134020618,Void Shield,0.4051299180418272,2.263374485596708
Stone Cutting Sword,-3.3072536309059766,0.5405405405405406,Jotunn's Wrath,7.453747347616754,0.5620437956204379,Jotunn's Wrath,0.3054814486728178,2.3034581787722868
