Items_most_pop,Items_most_pop_L2,Items_most_pop_winrate,Items_L2,Items_L2_coef,Items_L2_winrate,Items_gold_adjusted_L2,Items_gold_adjusted_L2_coef,Items_gold_adjusted_L2_winrate
Warrior Tabi,-0.7937518904146003,0.4764705882352941,Mantle of Discord,14.921053873496003,0.5882352941176471,The Executioner,0.563813112289404,2.962962962962963
Jotunn's Wrath,-15.300041196420883,0.4492753623188406,The Executioner,12.68579502651159,0.6666666666666666,Mantle of Discord,0.4813243184998711,1.8975332068311195
Bumba's Mask,4.150708132302195,0.4875,Transcendence,7.475858056969431,0.5789473684210527,Transcendence,0.287533002191132,2.2267206477732793
Hydra's Lament,-12.594533717268572,0.4473684210526316,Titan's Bane,4.917482229203223,0.4931506849315068,Titan's Bane,0.23987718191235233,2.405613097226863
Titan's Bane,4.917482229203223,0.4931506849315068,Stone Cutting Sword,3.70562320426554,0.4897959183673469,Stone Cutting Sword,0.14252396939482848,1.8838304552590266
Stone Cutting Sword,3.70562320426554,0.4897959183673469,Spirit Robe,0.325229977647791,0.5,Spirit Robe,0.01322073079869069,2.032520325203252
