Relics_most_pop,Relics_most_pop_L2,Relics_most_pop_winrate,Relics_most_pop_wr_paired,Relics_L2,Relics_L2_coef,Relics_L2_winrate,Relics_L2_wr_paired
Purification,-9.661616694199541,0.3986013986013986,0.333333333333,Blink,5.906322175389684,0.47586206896551725,0.333333333333
Wrath,-2.8983058268154944,0.40384615384615385,,Relic,1.3605531887941618,0.38596491228070173,
