,recommendations,win_rate,win_rate_per_cost
Starter Item,Death's Toll,,
Boots,Ninja Tabi,0.48,3.2
Item2,The Executioner,0.45045045045045046,2.002002002
Item3,Asi,0.45180722891566266,2.53062050815
Item4,Qin's Sais,0.4472049689440994,1.66833500167
Item5,Wind Demon,0.68085106383,2.61865793781
Item6,Titan's Bane,0.553846153846,2.70168855535
Relic1,Purification,0.471428571429,
Relic2,Relic,0.44,
