,recommendations,win_rate,win_rate_per_cost
Starter Item,Death's Toll,,
Boots,Ninja Tabi,0.554621848739,3.5142118863
Item2,Qin's Sais,0.5319148936170213,1.70542635659
Item3,Asi,0.504885993485342,2.58688267573
Item4,The Executioner,0.4925373134328358,2.04651162791
Item5,Titan's Bane,0.638655462185,3.11539249846
Item6,Devourer's Gauntlet,0.593406593407,2.77935337493
Relic1,Purification,0.497967479675,
Relic2,Sanctuary,0.501138952164,
