,recommendations,win_rate,win_rate_per_cost
Starter Item,Death's Toll,,
Boots,Ninja Tabi,0.583333333333,3.62573099415
Item2,Transcendence,0.5043478260869565,1.9397993311
Item3,Qin's Sais,0.5263157894736842,1.86795491143
Item4,Asi,0.48672566371681414,2.8334147533
Item5,Titan's Bane,0.695652173913,3.3934252386
Item6,Devourer's Gauntlet,0.543859649123,2.54506892895
Relic1,Purification,0.508196721311,
Relic2,Relic,0.526315789474,
