Items_most_pop,Items_most_pop_L2,Items_most_pop_winrate,Items_L2,Items_L2_coef,Items_L2_winrate,Items_gold_adjusted_L2,Items_gold_adjusted_L2_coef,Items_gold_adjusted_L2_winrate
Warrior Tabi,-0.22886699399213775,0.36257309941520466,Hastened Fatalis,0.005405012338067078,0.5384615384615384,Hastened Fatalis,0.0002525706700031345,2.516175413371675
Transcendence,-0.1652946415522065,0.3712121212121212,Wind Demon,0.000988709675210072,0.5,Wind Demon,3.802729520038739e-05,1.9230769230769231
Qin's Sais,-0.07628421153012682,0.42452830188679247,Titan's Bane,-0.01304899452474135,0.4745762711864407,Bloodforge,-0.0005110931590267719,1.349527665317139
Asi,-0.0864358547917184,0.41,Bloodforge,-0.014566155032263,0.38461538461538464,Deathbringer,-0.0005821906717852033,1.4136904761904763
The Executioner,-0.06725775106388561,0.4125,Deathbringer,-0.018630101497126506,0.4523809523809524,Titan's Bane,-0.0006365363182800659,2.3150062009094667
Ichaival,-0.1421788983186104,0.31645569620253167,Rage,-0.024502943592301266,0.3333333333333333,Rage,-0.0010209559830125527,1.3888888888888888
