Relics_most_pop,Relics_most_pop_L2,Relics_most_pop_winrate,Relics_most_pop_wr_paired,Relics_L2,Relics_L2_coef,Relics_L2_winrate,Relics_L2_wr_paired
Purification,5.206147775726104,0.4307931570762053,0.336956521739,Purification,5.206147775726104,0.4307931570762053,0.336956521739
Sanctuary,-8.796911180447582,0.42758022549869906,,Relic,-4.114131083698853,0.33070866141732286,
