Items_most_pop,Items_most_pop_L2,Items_most_pop_winrate,Items_L2,Items_L2_coef,Items_L2_winrate,Items_gold_adjusted_L2,Items_gold_adjusted_L2_coef,Items_gold_adjusted_L2_winrate
Warrior Tabi,-58.90431174446466,0.4328147100424328,Devourer's Gauntlet,49.642725339028694,0.49032258064516127,Devourer's Gauntlet,2.4215963580013997,2.391817466561762
Asi,-4.331447147277373,0.43155893536121676,Titan's Bane,28.348579741428132,0.5531914893617021,Titan's Bane,1.3828575483623478,2.6984950700570836
Qin's Sais,-1.416706378764285,0.46975806451612906,Transcendence,14.895219786239325,0.4197002141327623,Transcendence,0.5728930687015125,1.6142315928183166
Transcendence,14.895219786239325,0.4197002141327623,Wind Demon,9.950984975607312,0.5217391304347826,Wind Demon,0.38273019136951203,2.0066889632107023
Ichaival,-12.184774548716504,0.4398034398034398,Deathbringer,6.833217959937134,0.5305164319248826,Deathbringer,0.21353806124803543,1.6578638497652582
The Executioner,-16.942349612613327,0.4483695652173913,Soul Eater,3.394821718613671,0.4868421052631579,Soul Eater,0.16974108593068357,2.4342105263157894
