Items_most_pop,Items_most_pop_L2,Items_most_pop_winrate,Items_L2,Items_L2_coef,Items_L2_winrate,Items_gold_adjusted_L2,Items_gold_adjusted_L2_coef,Items_gold_adjusted_L2_winrate
Warrior Tabi,2.9133547013294905,0.4702627939142462,Soul Eater,28.161558593168667,0.5714285714285714,Soul Eater,1.4080779296584334,2.857142857142857
Asi,-10.599565911221829,0.4619666048237477,Deathbringer,19.687887187618852,0.5743589743589743,Hastened Fatalis,0.8734260758375776,2.803738317757009
Qin's Sais,-18.358812127355613,0.47775628626692457,Hastened Fatalis,18.69131802292416,0.6,Titan's Bane,0.6412727137622083,2.6926829268292685
Transcendence,4.246747455846133,0.44672131147540983,Titan's Bane,13.14609063212527,0.552,Deathbringer,0.6152464746130891,1.794871794871795
Ichaival,7.529234733186392,0.4788732394366197,Ichaival,7.529234733186392,0.4788732394366197,Ichaival,0.4428961607756701,2.816901408450704
The Executioner,-21.103496579317643,0.46355685131195334,Devourer's Gauntlet,6.811881471181913,0.5084745762711864,Devourer's Gauntlet,0.332286901033264,2.4803637866887143
