Relics_most_pop,Relics_most_pop_L2,Relics_most_pop_winrate,Relics_most_pop_wr_paired,Relics_L2,Relics_L2_coef,Relics_L2_winrate,Relics_L2_wr_paired
Purification,-21.95339041123244,0.40294840294840295,0.0,Sanctuary,31.454877332829255,0.4494047619047619,0.0
Sanctuary,31.454877332829255,0.4494047619047619,,Relic,-10.893162102782735,0.2702702702702703,
