Items_most_pop,Items_most_pop_L2,Items_most_pop_winrate,Items_L2,Items_L2_coef,Items_L2_winrate,Items_gold_adjusted_L2,Items_gold_adjusted_L2_coef,Items_gold_adjusted_L2_winrate
Warrior Tabi,-0.9916633332060976,0.424953095684803,Ichaival,27.698565466437962,0.4716666666666667,Ichaival,1.6293273803787036,2.7745098039215685
Asi,-22.443271347267164,0.4082687338501292,Wind Demon,22.170496188386647,0.5426356589147286,Wind Demon,0.8527113918610248,2.0870602265951104
Transcendence,5.146813015074658,0.4048913043478261,Deathbringer,22.141997762971098,0.5551181102362205,Qin's Sais,0.696037829513097,1.7583750189480067
Qin's Sais,18.793021396853618,0.4747612551159618,Qin's Sais,18.793021396853618,0.4747612551159618,Deathbringer,0.6919374300928467,1.734744094488189
Ichaival,27.698565466437962,0.4716666666666667,Devourer's Gauntlet,13.897562547362675,0.4831932773109244,Devourer's Gauntlet,0.6779298803591549,2.3570403771264603
The Executioner,-10.61634282787465,0.4334677419354839,Hastened Fatalis,10.701424644013667,0.47560975609756095,Soul Eater,0.5056931142300581,2.418032786885246
