Relics_most_pop,Relics_most_pop_L2,Relics_most_pop_winrate,Relics_most_pop_wr_paired,Relics_L2,Relics_L2_coef,Relics_L2_winrate,Relics_L2_wr_paired
Purification,-2.389838008812742,0.4051355206847361,0.0,Relic,2.773394188750158,0.34959349593495936,0.0
Sanctuary,-5.473092614778938,0.40513670256835127,,Sprint,1.4321187090634808,0.41509433962264153,
