,recommendations,win_rate,win_rate_per_cost
Starter Item,Death's Toll,,
Boots,Warrior Tabi,0.35315985130111527,2.29272194082
Item2,Qin's Sais,0.4367816091954023,1.31619222528
Item3,The Executioner,0.35537190082644626,1.57943067034
Item4,Asi,0.3915343915343915,1.99647135296
Item5,Rage,0.478260869565,1.99275362319
Item6,Hastened Fatalis,0.4,1.8691588785
Relic1,Relic,0.424242424242,
Relic2,Sprint,0.3,
