,recommendations,win_rate,win_rate_per_cost
Starter Item,Death's Toll,,
Boots,Warrior Tabi,0.574626865672,2.99617277201
Item2,Qin's Sais,0.5177664974619289,1.9176536943
Item3,Transcendence,0.4505208333333333,1.99140960562
Item4,The Executioner,0.49469964664310956,2.30118443316
Item5,Deathbringer,0.517766497462,1.85546875
Item6,Wind Demon,0.576271186441,2.21010332951
Relic1,Sprint,0.474137931034,
Relic2,Purification,0.454031117397,
