Relics_most_pop,Relics_most_pop_L2,Relics_most_pop_winrate,Relics_most_pop_wr_paired,Relics_L2,Relics_L2_coef,Relics_L2_winrate,Relics_L2_wr_paired
Teleport,18.390319089542842,0.509090909090909,0.621621621622,Teleport,18.390319089542842,0.509090909090909,0.621621621622
Curse,3.1042898885512527,0.5,,Sprint,13.478687153369147,0.5909090909090909,
