Relics_most_pop,Relics_most_pop_L2,Relics_most_pop_winrate,Relics_most_pop_wr_paired,Relics_L2,Relics_L2_coef,Relics_L2_winrate,Relics_L2_wr_paired
Teleport,-2.665334700124663,0.4923702950152594,0.0,Meditation,5.9135633226289315,0.5302325581395348,0.0
Curse,1.431398794111045,0.5031847133757962,,Shell,4.320376888448578,0.5625,
