Items_most_pop,Items_most_pop_L2,Items_most_pop_winrate,Items_L2,Items_L2_coef,Items_L2_winrate,Items_gold_adjusted_L2,Items_gold_adjusted_L2_coef,Items_gold_adjusted_L2_winrate
Warrior Tabi,3.78555160470256,0.4406374501992032,Qin's Sais,18.445574273735023,0.5571030640668524,Frostbound Hammer,0.7494380835509457,2.1711007368243433
Frostbound Hammer,17.237075921671753,0.49935316946959896,Frostbound Hammer,17.237075921671753,0.49935316946959896,Qin's Sais,0.6831694175457417,2.063344681729083
Breastplate of Valor,-16.233150176971563,0.39920424403183025,Mantle of Discord,13.316843695122527,0.5787037037037037,Winged Blade,0.43678862004079105,2.9768899334116727
Death's Toll,-10.290030075684351,0.3594080338266385,Hide of the Urchin,10.09963895473874,0.5083056478405316,Ichaival,0.4310409867176073,2.8630921395106714
Qin's Sais,18.445574273735023,0.5571030640668524,Winged Blade,8.080589470754635,0.5507246376811594,Mantle of Discord,0.4295756030684686,1.8667861409796893
Bulwark of Hope,-2.971500102846605,0.4553314121037464,Ichaival,7.327696774199325,0.48672566371681414,Hide of the Urchin,0.42081828978078084,2.117940199335548
