Relics_most_pop,Relics_most_pop_L2,Relics_most_pop_winrate,Relics_most_pop_wr_paired,Relics_L2,Relics_L2_coef,Relics_L2_winrate,Relics_L2_wr_paired
Teleport,6.2764028094012,0.5588235294117647,0.714285714286,Sprint,6.563644970388813,0.6774193548387096,0.714285714286
Purification,-3.6308688585709024,0.42857142857142855,,Teleport,6.2764028094012,0.5588235294117647,
