Relics_most_pop,Relics_most_pop_L2,Relics_most_pop_winrate,Relics_most_pop_wr_paired,Relics_L2,Relics_L2_coef,Relics_L2_winrate,Relics_L2_wr_paired
Teleport,10.589012799804783,0.5198795180722892,0.557632398754,Teleport,10.589012799804783,0.5198795180722892,0.557632398754
Curse,6.338521836343689,0.5320910973084886,,Meditation,9.602743149034538,0.550561797752809,
