Relics_most_pop,Relics_most_pop_L2,Relics_most_pop_winrate,Relics_most_pop_wr_paired,Relics_L2,Relics_L2_coef,Relics_L2_winrate,Relics_L2_wr_paired
Teleport,0.029132239265641215,0.47572815533980584,1.0,Wrath,3.6092483570542644,0.7692307692307693,1.0
Curse,0.9465576058334224,0.4948453608247423,,Curse,0.9465576058334224,0.4948453608247423,
