Items_most_pop,Items_most_pop_L2,Items_most_pop_winrate,Items_L2,Items_L2_coef,Items_L2_winrate,Items_gold_adjusted_L2,Items_gold_adjusted_L2_coef,Items_gold_adjusted_L2_winrate
Warrior Tabi,9.867140943114196,0.5482456140350878,Qin's Sais,23.75706602977899,0.6627450980392157,Qin's Sais,0.8798913344362589,2.4546114742193175
Frostbound Hammer,11.443920541807588,0.5771324863883848,Frostbound Hammer,11.443920541807588,0.5771324863883848,Warrior Tabi,0.636589738265432,3.537068477645727
Breastplate of Valor,2.971276569594581,0.5542857142857143,Jotunn's Wrath,10.310955912990114,0.5895953757225434,Frostbound Hammer,0.4975617626872864,2.509271679949499
Death's Toll,-6.566500359453212,0.4801223241590214,Warrior Tabi,9.867140943114196,0.5482456140350878,Winged Blade,0.467744524552691,3.37217951896851
Qin's Sais,23.75706602977899,0.6627450980392157,Mantle of Discord,9.402672915084917,0.627906976744186,Witchblade,0.4550813180888095,2.7846351338007307
Witchblade,9.329167020820595,0.5708502024291497,Witchblade,9.329167020820595,0.5708502024291497,Jotunn's Wrath,0.4225801603684473,2.4163744906661613
