,recommendations,win_rate,win_rate_per_cost
Starter Item,Death's Toll,,
Boots,Ninja Tabi,0.615384615385,3.46666666667
Item2,Qin's Sais,0.5942028985507246,1.76638176638
Item3,Frostbound Hammer,0.5348837209302325,2.07357859532
Item4,Death's Toll,0.45569620253164556,5.96153846154
Item5,Titan's Bane,0.777777777778,3.79403794038
Item6,The Executioner,0.638888888889,2.89855072464
Relic1,Teleport,0.509090909091,
Relic2,Sprint,0.590909090909,
