Items_most_pop,Items_most_pop_L2,Items_most_pop_winrate,Items_L2,Items_L2_coef,Items_L2_winrate,Items_gold_adjusted_L2,Items_gold_adjusted_L2_coef,Items_gold_adjusted_L2_winrate
Warrior Tabi,31.16621414718903,0.4329608938547486,Winged Blade,57.50983710440176,0.5714285714285714,Winged Blade,3.108639843481176,3.088803088803089
Frostbound Hammer,23.000690391615723,0.46320346320346323,Ichaival,42.019498356120884,0.4927536231884058,Ichaival,2.4717351974188757,2.898550724637681
Breastplate of Valor,-64.90330992589102,0.40707964601769914,Mantle of Discord,32.095341211328666,0.5441176470588235,Warrior Tabi,2.0107234933670344,2.793296089385475
Death's Toll,-1.4841758009912835,0.3949579831932773,Warrior Tabi,31.16621414718903,0.4329608938547486,Titan's Bane,1.2468224671509058,2.2955523672883786
Bulwark of Hope,4.267686385251764,0.45714285714285713,Qin's Sais,26.030842279164588,0.5053763440860215,Mantle of Discord,1.035333587462215,1.7552182163187855
Witchblade,-8.53074254411669,0.4380952380952381,Titan's Bane,25.559860576593568,0.47058823529411764,Frostbound Hammer,1.0000300170267704,2.013928100884623
