,recommendations,win_rate,win_rate_per_cost
Starter Item,Death's Toll,,
Boots,Warrior Tabi,0.585365853659,3.20966127418
Item2,Qin's Sais,0.6135593220338983,1.92137530021
Item3,Frostbound Hammer,0.5360655737704918,2.25552752634
Item4,Witchblade,0.5187713310580204,2.53059185882
Item5,Winged Blade,0.576388888889,3.11561561562
Item6,The Executioner,0.565217391304,2.60162601626
Relic1,Curse,0.538167938931,
Relic2,Meditation,0.535714285714,
