,recommendations,win_rate,win_rate_per_cost
Starter Item,Death's Toll,,
Boots,Warrior Tabi,0.45529573590096284,3.78751404269
Item2,Qin's Sais,0.5870646766169154,2.1743136171
Item3,Frostbound Hammer,0.5232558139534884,2.55245511573
Item4,Bulwark of Hope,0.5258215962441315,2.32500862027
Item5,The Executioner,0.681818181818,3.0303030303
Item6,Witchblade,0.525821596244,2.48829761025
Relic1,Meditation,0.508875739645,
Relic2,Sprint,0.472972972973,
