,recommendations,win_rate,win_rate_per_cost
Starter Item,Death's Toll,,
Boots,Warrior Tabi,0.40604026845637586,2.9399755002
Item2,Witchblade,0.4948453608247423,2.22290830503
Item3,Bulwark of Hope,0.45569620253164556,1.80473743577
Item4,Frostbound Hammer,0.4720812182741117,1.98128783709
Item5,Winged Blade,0.568181818182,2.93978188715
Item6,Mantle of Discord,0.543859649123,1.83284457478
Relic1,Meditation,0.493150684932,
Relic2,Shell,0.4,
