Relics_most_pop,Relics_most_pop_L2,Relics_most_pop_winrate,Relics_most_pop_wr_paired,Relics_L2,Relics_L2_coef,Relics_L2_winrate,Relics_L2_wr_paired
Teleport,7.0895956941982945,0.5540386803185438,0.607329842932,Meditation,10.647598692506952,0.6,0.607329842932
Curse,-4.314967044368941,0.537117903930131,,Teleport,7.0895956941982945,0.5540386803185438,
