Relics_most_pop,Relics_most_pop_L2,Relics_most_pop_winrate,Relics_most_pop_wr_paired,Relics_L2,Relics_L2_coef,Relics_L2_winrate,Relics_L2_wr_paired
Teleport,-31.067868581819386,0.41414141414141414,0.0,Wrath,22.01725560894075,0.6956521739130435,0.0
Curse,-3.2188775646267724,0.4603174603174603,,Sanctuary,11.418915311711157,0.5555555555555556,
