,recommendations,win_rate,win_rate_per_cost
Starter Item,Death's Toll,,
Boots,Warrior Tabi,0.631868131868,3.44707115407
Item2,Qin's Sais,0.6413301662707839,2.37529691211
Item3,Frostbound Hammer,0.5866510538641686,2.78839202726
Item4,Witchblade,0.5871313672922251,3.12843983547
Item5,Winged Blade,0.629107981221,3.4155034155
Item6,The Executioner,0.657142857143,2.92063492063
Relic1,Curse,0.599476439791,
Relic2,Wrath,0.642857142857,
