Items_most_pop,Items_most_pop_L2,Items_most_pop_winrate,Items_L2,Items_L2_coef,Items_L2_winrate,Items_gold_adjusted_L2,Items_gold_adjusted_L2_coef,Items_gold_adjusted_L2_winrate
Warrior Tabi,4.147930202651639,0.5168815224063843,Qin's Sais,25.193416963924577,0.6239495798319328,Winged Blade,1.1152725056675377,3.466757897137644
Frostbound Hammer,15.21739610055472,0.5581395348837209,Winged Blade,20.632541354849447,0.6413502109704642,Qin's Sais,0.9330895171823916,2.310924369747899
Breastplate of Valor,-11.14623021065525,0.5061728395061729,Hide of the Urchin,18.10976334045617,0.5936675461741425,Hide of the Urchin,0.7545734725190071,2.4736147757255935
Death's Toll,-3.8206306711586695,0.4507936507936508,Frostbound Hammer,15.21739610055472,0.5581395348837209,Frostbound Hammer,0.6616259174154226,2.4266936299292214
Witchblade,-9.470640120470208,0.5112936344969199,The Executioner,13.979042288120914,0.6271186440677966,The Executioner,0.6212907683609294,2.787193973634652
Bulwark of Hope,9.192613836707135,0.5696465696465697,Mantle of Discord,10.313326643728109,0.604982206405694,Bulwark of Hope,0.36406391432503504,2.256026018402256
