Items_most_pop,Items_most_pop_L2,Items_most_pop_winrate,Items_L2,Items_L2_coef,Items_L2_winrate,Items_gold_adjusted_L2,Items_gold_adjusted_L2_coef,Items_gold_adjusted_L2_winrate
Warrior Tabi,1.5329353283101497,0.48307692307692307,Deathbringer,16.69539821476409,0.65234375,Deathbringer,0.5217311942113778,2.03857421875
Transcendence,2.8473615429946233,0.4851228978007762,Qin's Sais,9.955021908669867,0.5436507936507936,Hastened Fatalis,0.40256580539083675,2.654641986981345
Asi,0.45639704433339745,0.4931506849315068,Hastened Fatalis,8.614908235363906,0.5680933852140078,Qin's Sais,0.368704515135921,2.0135214579659024
Qin's Sais,9.955021908669867,0.5436507936507936,Wind Demon,6.7725635232047905,0.5872093023255814,Wind Demon,0.26048321243095346,2.2584973166368516
The Executioner,2.0540797025004944,0.5056497175141242,Titan's Bane,4.374430123331404,0.5580357142857143,Titan's Bane,0.21338683528445873,2.7221254355400695
Ichaival,-1.543474771164851,0.46745562130177515,Transcendence,2.8473615429946233,0.4851228978007762,Soul Eater,0.11547683147314479,2.6106194690265485
