Relics_most_pop,Relics_most_pop_L2,Relics_most_pop_winrate,Relics_most_pop_wr_paired,Relics_L2,Relics_L2_coef,Relics_L2_winrate,Relics_L2_wr_paired
Purification,1.0386221796509412,0.5458015267175572,0.666666666667,Meditation,5.033008354877424,0.6428571428571429,0.666666666667
Sanctuary,1.2843716270858574,0.546875,,Sanctuary,1.2843716270858574,0.546875,
