Relics_most_pop,Relics_most_pop_L2,Relics_most_pop_winrate,Relics_most_pop_wr_paired,Relics_L2,Relics_L2_coef,Relics_L2_winrate,Relics_L2_wr_paired
Purification,-0.953246983041136,0.42857142857142855,0.538461538462,Purification,-0.953246983041136,0.42857142857142855,0.538461538462
Sanctuary,-23.518700463514442,0.3969849246231156,,Sprint,-4.066831690996656,0.44776119402985076,
