Relics_most_pop,Relics_most_pop_L2,Relics_most_pop_winrate,Relics_most_pop_wr_paired,Relics_L2,Relics_L2_coef,Relics_L2_winrate,Relics_L2_wr_paired
Purification,-5.916713531710151,0.5214285714285715,0.611111111111,Sprint,7.697932501126245,0.6216216216216216,0.611111111111
Sanctuary,3.315168727812221,0.5447761194029851,,Sanctuary,3.315168727812221,0.5447761194029851,
