Items_most_pop,Items_most_pop_L2,Items_most_pop_winrate,Items_L2,Items_L2_coef,Items_L2_winrate,Items_gold_adjusted_L2,Items_gold_adjusted_L2_coef,Items_gold_adjusted_L2_winrate
Warrior Tabi,109.16037624050499,0.5,Rage,328.757992519662,0.6666666666666666,Soul Eater,14.201752359169076,3.409090909090909
Transcendence,-16.558336456042714,0.5060975609756098,Soul Eater,284.0350471833815,0.6818181818181818,Rage,13.69824968831925,2.7777777777777777
Qin's Sais,64.85820304968,0.525,Deathbringer,268.7806709338991,0.6538461538461539,Titan's Bane,10.999465795071806,2.926829268292683
Asi,72.0758711407312,0.4818181818181818,Titan's Bane,225.48904879897202,0.6,Ninja Tabi,10.81418017604357,3.238095238095238
The Executioner,154.9555008447409,0.5301204819277109,Bloodforge,193.04259944071498,0.6190476190476191,Deathbringer,8.399395966684347,2.043269230769231
Ichaival,-29.294570552197097,0.46153846153846156,Ninja Tabi,162.21270264065356,0.4857142857142857,Warrior Tabi,7.042604918742257,3.225806451612903
