Items_most_pop,Items_most_pop_L2,Items_most_pop_winrate,Items_L2,Items_L2_coef,Items_L2_winrate,Items_gold_adjusted_L2,Items_gold_adjusted_L2_coef,Items_gold_adjusted_L2_winrate
Warrior Tabi,-1.2732108060257155,0.5145985401459854,Wind Demon,19.941316301552707,0.723404255319149,Wind Demon,0.7669737039058734,2.7823240589198037
Transcendence,12.299520064570208,0.5446428571428571,Titan's Bane,14.487697365531144,0.6610169491525424,Titan's Bane,0.7067169446600559,3.2244729226953286
Asi,5.8629166064792475,0.5547445255474452,Transcendence,12.299520064570208,0.5446428571428571,Transcendence,0.4730584640219311,2.09478021978022
Qin's Sais,9.321456512750974,0.5725806451612904,Qin's Sais,9.321456512750974,0.5725806451612904,Soul Eater,0.348875538582244,2.9411764705882355
The Executioner,-23.563758946724064,0.4215686274509804,Deathbringer,9.067205485742514,0.5909090909090909,Qin's Sais,0.34523913010188795,2.120669056152927
Ichaival,0.08156983233503241,0.5119047619047619,Soul Eater,6.977510771644881,0.5882352941176471,Asi,0.3293773374426543,3.116542278356434
