,recommendations,win_rate,win_rate_per_cost
Starter Item,Death's Toll,,
Boots,Warrior Tabi,0.587301587302,3.4547346514
Item2,Deathbringer,0.6875,1.63194444444
Item3,Ichaival,0.5873015873015873,3.07189542484
Item4,Qin's Sais,0.5609756097560976,1.9341563786
Item5,The Executioner,0.535483870968,2.80193236715
Item6,Soul Eater,0.560975609756,3.4375
Relic1,Sanctuary,0.535947712418,
Relic2,Sprint,0.594594594595,
