Items_most_pop,Items_most_pop_L2,Items_most_pop_winrate,Items_L2,Items_L2_coef,Items_L2_winrate,Items_gold_adjusted_L2,Items_gold_adjusted_L2_coef,Items_gold_adjusted_L2_winrate
Warrior Tabi,1.827474127253602,0.5048543689320388,Asi,8.174691290496904,0.5825242718446602,Asi,0.45925231969083724,3.2726082687902256
Transcendence,2.7296022061595555,0.5165562913907285,Deathbringer,7.866524044683114,0.6333333333333333,Deathbringer,0.24582887639634732,1.9791666666666667
Asi,8.174691290496904,0.5825242718446602,Ichaival,3.960061033041985,0.5405405405405406,Ichaival,0.23294476664952854,3.179650238473768
Qin's Sais,1.138000013557478,0.5222222222222223,Wind Demon,3.678854068012486,0.6538461538461539,Wind Demon,0.14149438723124946,2.514792899408284
The Executioner,1.0912951939535047,0.5185185185185185,Bloodforge,2.999479227112014,0.5925925925925926,Warrior Tabi,0.11790155659700657,3.2571249608518635
Ichaival,3.960061033041985,0.5405405405405406,Transcendence,2.7296022061595555,0.5165562913907285,Bloodforge,0.10524488516182506,2.079272254710851
