Relics_most_pop,Relics_most_pop_L2,Relics_most_pop_winrate,Relics_most_pop_wr_paired,Relics_L2,Relics_L2_coef,Relics_L2_winrate,Relics_L2_wr_paired
Purification,1.0118001146108209,0.5160202360876898,0.568181818182,Wrath,1.3591861450056928,0.5267605633802817,0.568181818182
Wrath,1.3591861450056928,0.5267605633802817,,Purification,1.0118001146108209,0.5160202360876898,
