,recommendations,win_rate,win_rate_per_cost
Starter Item,Bumba's Mask,,
Boots,Titan's Bane,0.6552567237163814,2.84703962281
Item2,Hydra's Lament,0.6310344827586207,2.71461917524
Item3,Acorn of Yggdrasil,0.5947302383939774,3.64776951673
Item4,Jotunn's Wrath,0.5907738095238095,2.39198001097
Item5,Brawler's Beat Stick,0.594730238394,2.75641025641
Item6,Shifter's Shield,0.710144927536,2.95893719807
Relic1,Purification,0.615640599002,
Relic2,Wrath,0.605744125326,
