Items_most_pop,Items_most_pop_L2,Items_most_pop_winrate,Items_L2,Items_L2_coef,Items_L2_winrate,Items_gold_adjusted_L2,Items_gold_adjusted_L2_coef,Items_gold_adjusted_L2_winrate
Acorn of Yggdrasil,14.602313508818954,0.5838264299802761,Bloodforge,61.388022714649125,0.7297297297297297,Bloodforge,2.1539657092859343,2.5604551920341394
Jotunn's Wrath,-1.1108504619587525,0.5916601101494886,Hide of the Urchin,23.64300660970088,0.6777777777777778,Hide of the Urchin,0.9851252754042035,2.824074074074074
Titan's Bane,11.722054488477344,0.6316410861865407,Mantle of Discord,23.327540428516265,0.6686746987951807,Acorn of Yggdrasil,0.9126445943011846,3.648915187376726
Bumba's Mask,4.516079856852329,0.4984709480122324,Brawler's Beat Stick,21.557230775167156,0.6535626535626535,Brawler's Beat Stick,0.898217948965298,2.723177723177723
Hydra's Lament,14.973131553311017,0.6009615384615384,Breastplate of Valor,17.18331784641739,0.6341463414634146,Mantle of Discord,0.752501304145686,2.157015157403809
Void Shield,14.637588912433873,0.6172839506172839,Hydra's Lament,14.973131553311017,0.6009615384615384,Breastplate of Valor,0.7471007759311908,2.757158006362672
