,recommendations,win_rate,win_rate_per_cost
Starter Item,Bumba's Mask,,
Boots,Jotunn's Wrath,0.584375,2.34724292101
Item2,Bumba's Mask,0.5131578947368421,7.15909090909
Item3,Void Shield,0.5727272727272728,2.12121212121
Item4,Hydra's Lament,0.5641025641025641,2.66384778013
Item5,Mantle of Discord,0.702127659574,2.26492793411
Item6,Brawler's Beat Stick,0.637362637363,2.65567765568
Relic1,Purification,0.594501718213,
Relic2,Relic,0.551724137931,
