,recommendations,win_rate,win_rate_per_cost
Starter Item,Bumba's Mask,,
Boots,Titan's Bane,0.584070796460177,2.69576379974
Item2,Hydra's Lament,0.5903614457831325,2.57037943696
Item3,Jotunn's Wrath,0.5477707006369427,2.26488352028
Item4,Void Shield,0.5526315789473685,2.04678362573
Item5,Brawler's Beat Stick,0.673076923077,2.80448717949
Item6,Hide of the Urchin,0.769230769231,3.20512820513
Relic1,Purification,0.582191780822,
Relic2,Blink,0.714285714286,
