Items_most_pop,Items_most_pop_L2,Items_most_pop_winrate,Items_L2,Items_L2_coef,Items_L2_winrate,Items_gold_adjusted_L2,Items_gold_adjusted_L2_coef,Items_gold_adjusted_L2_winrate
Acorn of Yggdrasil,-1.4622129633138456,0.5762273901808785,Void Shield,18.716166170985296,0.6617647058823529,Titan's Bane,0.8936117765521571,3.198343304187759
Jotunn's Wrath,5.511919376400591,0.5950155763239875,Titan's Bane,18.31904141931922,0.6556603773584906,Brawler's Beat Stick,0.7315319289257801,2.933673469387755
Titan's Bane,18.31904141931922,0.6556603773584906,Brawler's Beat Stick,17.556766294218722,0.7040816326530612,Void Shield,0.693191339666122,2.450980392156863
Bumba's Mask,-13.679746179710007,0.4942528735632184,Mantle of Discord,16.114131939391,0.6966292134831461,Hydra's Lament,0.6268645109343944,2.9375764993880047
Void Shield,18.716166170985296,0.6617647058823529,Hydra's Lament,13.477586985089482,0.631578947368421,Mantle of Discord,0.5198107077222903,2.247191011235955
Hydra's Lament,13.477586985089482,0.631578947368421,Shifter's Shield,7.533137942409421,0.6470588235294118,Shifter's Shield,0.31388074760039253,2.696078431372549
