,recommendations,win_rate,win_rate_per_cost
Starter Item,Bumba's Mask,,
Boots,Jotunn's Wrath,0.5122448979591837,2.02738053715
Item2,Hydra's Lament,0.5628140703517588,2.30084116774
Item3,Acorn of Yggdrasil,0.48869565217391303,3.09175531915
Item4,Void Shield,0.4946808510638298,1.83215130024
Item5,Mantle of Discord,0.562814070352,1.98327359618
Item6,Winged Blade,0.655172413793,3.54147250699
Relic1,Blink,0.645161290323,
Relic2,Relic,0.40350877193,
