,recommendations,win_rate,win_rate_per_cost
Starter Item,Bumba's Mask,,
Boots,Hydra's Lament,0.5900990099009901,2.57128164105
Item2,Titan's Bane,0.5781021897810219,2.69671001378
Item3,Acorn of Yggdrasil,0.5382794001578532,3.45515970516
Item4,Jotunn's Wrath,0.5413105413105413,2.26567849519
Item5,Bloodforge,0.647058823529,2.27038183695
Item6,Mantle of Discord,0.578102189781,1.96609371321
Relic1,Blink,0.634920634921,
Relic2,Wrath,0.551839464883,
