Items_most_pop,Items_most_pop_L2,Items_most_pop_winrate,Items_L2,Items_L2_coef,Items_L2_winrate,Items_gold_adjusted_L2,Items_gold_adjusted_L2_coef,Items_gold_adjusted_L2_winrate
Acorn of Yggdrasil,1.6758901583062886,0.518913676042677,Bloodforge,17.339406022692224,0.6244541484716157,Titan's Bane,0.7250818740911045,2.818622103931236
Jotunn's Wrath,-1.7153433557553208,0.5231042654028436,Titan's Bane,14.86417841886764,0.5778175313059034,Hydra's Lament,0.6463143318204483,2.590037896343957
Titan's Bane,14.86417841886764,0.5778175313059034,Hydra's Lament,13.895758134139639,0.5568581477139508,Bloodforge,0.6084002113225342,2.191067187619704
Hydra's Lament,13.895758134139639,0.5568581477139508,Shifter's Shield,12.927118112499885,0.6157407407407407,Shifter's Shield,0.5386299213541619,2.565586419753086
Bumba's Mask,-13.405527890657273,0.4344660194174757,Mantle of Discord,11.994818445898602,0.5967078189300411,Brawler's Beat Stick,0.4715637070821332,2.4193548387096775
Void Shield,3.2613940380378486,0.5359195402298851,Brawler's Beat Stick,11.317528969971198,0.5806451612903226,Mantle of Discord,0.38692962728705166,1.9248639320323908
