Items_most_pop,Items_most_pop_L2,Items_most_pop_winrate,Items_L2,Items_L2_coef,Items_L2_winrate,Items_gold_adjusted_L2,Items_gold_adjusted_L2_coef,Items_gold_adjusted_L2_winrate
Acorn of Yggdrasil,1.3903133884098575,0.5160202360876898,Bloodforge,12.19919410780427,0.664179104477612,Titan's Bane,0.449947728836108,2.748306776807736
Jotunn's Wrath,-0.9312490516797645,0.5196687370600414,Titan's Bane,9.223928441140213,0.5634028892455859,Bloodforge,0.4280418985194481,2.3304529981670594
Titan's Bane,9.223928441140213,0.5634028892455859,Transcendence,6.5432456361534665,0.6338028169014085,Brawler's Beat Stick,0.25213526945407844,2.4038461538461537
Bumba's Mask,-13.96200164520009,0.4367816091954023,Brawler's Beat Stick,6.051246466897883,0.5769230769230769,Transcendence,0.2516632936982102,2.4377031419284942
Hydra's Lament,3.0384287150234384,0.5304518664047151,Hide of the Urchin,5.976434020578141,0.6375,Hide of the Urchin,0.24901808419075588,2.65625
Void Shield,5.139398081533503,0.5497382198952879,Void Shield,5.139398081533503,0.5497382198952879,Void Shield,0.19034807709383345,2.036067481093659
