,recommendations,win_rate,win_rate_per_cost
Starter Item,Bumba's Mask,,
Boots,Titan's Bane,0.5164473684210527,2.22471680784
Item2,Hydra's Lament,0.49105145413870244,2.12124160747
Item3,Jotunn's Wrath,0.46419236800836383,1.86912682626
Item4,Void Shield,0.4560669456066946,1.68913683558
Item5,Brawler's Beat Stick,0.52752293578,2.19801223242
Item6,Winged Blade,0.526717557252,3.07027027027
Relic1,Curse,0.52380952381,
Relic2,Sprint,0.503597122302,
