Items_most_pop,Items_most_pop_L2,Items_most_pop_winrate,Items_L2,Items_L2_coef,Items_L2_winrate,Items_gold_adjusted_L2,Items_gold_adjusted_L2_coef,Items_gold_adjusted_L2_winrate
Acorn of Yggdrasil,5.546450958611281,0.5818833162743091,Brawler's Beat Stick,20.531757247930198,0.6522556390977443,Brawler's Beat Stick,0.8554898853304248,2.717731829573935
Jotunn's Wrath,12.43105750232661,0.5948275862068966,Bloodforge,14.355965809433698,0.6437246963562753,Hydra's Lament,0.6584383194455288,2.854681924449366
Titan's Bane,3.2829738988616115,0.6166044776119403,Hydra's Lament,14.156423868078868,0.6137566137566137,Shifter's Shield,0.5114644874142249,2.6564774381368266
Bumba's Mask,-15.228490574997661,0.5050251256281407,Void Shield,12.840760594068051,0.6248037676609105,Jotunn's Wrath,0.509469569767484,2.4378179762577727
Hydra's Lament,14.156423868078868,0.6137566137566137,Jotunn's Wrath,12.43105750232661,0.5948275862068966,Bloodforge,0.503718098576621,2.258683145109738
Void Shield,12.840760594068051,0.6248037676609105,Shifter's Shield,12.275147697941398,0.6375545851528385,Void Shield,0.47558372570622415,2.314088028373743
