,recommendations,win_rate,win_rate_per_cost
Starter Item,Bumba's Mask,,
Boots,Titan's Bane,0.5542857142857143,2.55090624301
Item2,Jotunn's Wrath,0.5266903914590747,2.14317942548
Item3,Acorn of Yggdrasil,0.5179640718562875,3.26834862385
Item4,Hydra's Lament,0.5275590551181102,2.43225944101
Item5,Mantle of Discord,0.517964071856,1.98156682028
Item6,Winged Blade,0.604651162791,3.51351351351
Relic1,Sanctuary,0.543624161074,
Relic2,Curse,0.625,
