,recommendations,win_rate,win_rate_per_cost
Starter Item,Bumba's Mask,,
Boots,Titan's Bane,0.6159420289855072,2.83118125299
Item2,Jotunn's Wrath,0.5658914728682171,2.37865638059
Item3,Hydra's Lament,0.5828220858895705,2.69949840401
Item4,Void Shield,0.5803921568627451,2.14960058097
Item5,Brawler's Beat Stick,0.615942028986,2.68115942029
Item6,Shifter's Shield,0.646408839779,2.77777777778
Relic1,Wrath,0.567123287671,
Relic2,Relic,0.474576271186,
