Items_most_pop,Items_most_pop_L2,Items_most_pop_winrate,Items_L2,Items_L2_coef,Items_L2_winrate,Items_gold_adjusted_L2,Items_gold_adjusted_L2_coef,Items_gold_adjusted_L2_winrate
Acorn of Yggdrasil,4.725063068623194,0.5155807365439093,Titan's Bane,16.831393154539683,0.5793226381461676,Titan's Bane,0.821043568514131,2.8259640885178907
Jotunn's Wrath,5.37261222147214,0.5250836120401338,Brawler's Beat Stick,15.72954222265378,0.5917721518987342,Brawler's Beat Stick,0.6553975926105742,2.465717299578059
Titan's Bane,16.831393154539683,0.5793226381461676,Bulwark of Hope,14.108523598798461,0.6666666666666666,Winged Blade,0.6250479825817092,3.6363636363636362
Bumba's Mask,-7.771784514008615,0.44353182751540043,Bloodforge,12.894770108448023,0.6062992125984252,Bulwark of Hope,0.5587534098534044,2.6402640264026402
Hydra's Lament,7.980703743363414,0.538083538083538,Winged Blade,11.56338767776162,0.6727272727272727,Bloodforge,0.45244807398063236,2.1273656582400884
Void Shield,2.8659764032592427,0.5294117647058824,Transcendence,9.801078925980388,0.5970149253731343,Transcendence,0.3769645740761688,2.296211251435132
