Relics_most_pop,Relics_most_pop_L2,Relics_most_pop_winrate,Relics_most_pop_wr_paired,Relics_L2,Relics_L2_coef,Relics_L2_winrate,Relics_L2_wr_paired
Teleport,0.9618373552976008,0.4641434262948207,0.0,Meditation,2.847909034669155,0.48705882352941177,0.0
Curse,-1.1097220655869104,0.46153846153846156,,Sprint,1.9649286218522761,0.4844961240310077,
