Relics_most_pop,Relics_most_pop_L2,Relics_most_pop_winrate,Relics_most_pop_wr_paired,Relics_L2,Relics_L2_coef,Relics_L2_winrate,Relics_L2_wr_paired
Teleport,0.6237529609971492,0.5109489051094891,0.0,Curse,6.176926840366896,0.574468085106383,0.0
Curse,6.176926840366896,0.574468085106383,,Relic,0.9380016177594428,0.5,
