,recommendations,win_rate,win_rate_per_cost
Starter Item,Death's Toll,,
Boots,Warrior Tabi,0.586956521739,2.82008646492
Item2,Qin's Sais,0.5277777777777778,1.50557061126
Item3,Death's Toll,0.3817204301075269,5.08130081301
Item4,Frostbound Hammer,0.4384057971014493,1.76740897844
Item5,Mantle of Discord,0.437113402062,1.89340813464
Item6,Bulwark of Hope,0.495575221239,1.96267414352
Relic1,Meditation,0.457317073171,
Relic2,Relic,0.394736842105,
