,recommendations,win_rate,win_rate_per_cost
Starter Item,Death's Toll,,
Boots,Warrior Tabi,0.6,2.84946236559
Item2,Qin's Sais,0.5393258426966292,1.62037037037
Item3,Frostbound Hammer,0.4652777777777778,1.90217391304
Item4,Death's Toll,0.3888888888888889,5.46875
Item5,Spirit Robe,0.441666666667,2.43902439024
Item6,Breastplate of Valor,0.477272727273,1.90217391304
Relic1,Shell,0.636363636364,
Relic2,Purification,0.47619047619,
