Relics_most_pop,Relics_most_pop_L2,Relics_most_pop_winrate,Relics_most_pop_wr_paired,Relics_L2,Relics_L2_coef,Relics_L2_winrate,Relics_L2_wr_paired
Teleport,4.100320251137795,0.48466257668711654,0.557692307692,Meditation,10.879123174528035,0.5471698113207547,0.557692307692
Meditation,10.879123174528035,0.5471698113207547,,Teleport,4.100320251137795,0.48466257668711654,
