Items_most_pop,Items_most_pop_L2,Items_most_pop_winrate,Items_L2,Items_L2_coef,Items_L2_winrate,Items_gold_adjusted_L2,Items_gold_adjusted_L2_coef,Items_gold_adjusted_L2_winrate
Warrior Tabi,6.752289591550556,0.49295774647887325,Witchblade,21.342747934021773,0.5614035087719298,Witchblade,1.0411096553181352,2.738553701326487
Breastplate of Valor,3.300774765705434,0.488,Ichaival,17.45436427068868,0.8888888888888888,Ichaival,1.0267273100405103,5.228758169934641
Frostbound Hammer,14.520200510485006,0.5432098765432098,Jotunn's Wrath,15.781482589701342,0.7142857142857143,Jotunn's Wrath,0.6467820733484156,2.927400468384075
Qin's Sais,11.367366588178262,0.5483870967741935,Frostbound Hammer,14.520200510485006,0.5432098765432098,Frostbound Hammer,0.6313130656732612,2.3617820719269993
Witchblade,21.342747934021773,0.5614035087719298,Qin's Sais,11.367366588178262,0.5483870967741935,Winged Blade,0.5222248139990591,3.063063063063063
Pestilence,-9.423109355180182,0.46808510638297873,Winged Blade,9.661159058982593,0.5666666666666667,Warrior Tabi,0.43563158655164874,3.1803725579282145
