Relics_most_pop,Relics_most_pop_L2,Relics_most_pop_winrate,Relics_most_pop_wr_paired,Relics_L2,Relics_L2_coef,Relics_L2_winrate,Relics_L2_wr_paired
Teleport,2.482315365899599,0.4592668024439919,0.493103448276,Curse,8.674112599439963,0.495114006514658,0.493103448276
Curse,8.674112599439963,0.495114006514658,,Teleport,2.482315365899599,0.4592668024439919,
