Relics_most_pop,Relics_most_pop_L2,Relics_most_pop_winrate,Relics_most_pop_wr_paired,Relics_L2,Relics_L2_coef,Relics_L2_winrate,Relics_L2_wr_paired
Teleport,2.880418222531687,0.5181907571288102,0.5,Relic,5.604050515514566,0.52,0.5
Curse,3.557812742590779,0.5419354838709678,,Wrath,4.058389730340043,0.5818181818181818,
