Items_most_pop,Items_most_pop_L2,Items_most_pop_winrate,Items_L2,Items_L2_coef,Items_L2_winrate,Items_gold_adjusted_L2,Items_gold_adjusted_L2_coef,Items_gold_adjusted_L2_winrate
Warrior Tabi,0.9834418142849349,0.48641655886157825,Frostbound Hammer,7.964378944079259,0.5306122448979592,Frostbound Hammer,0.3462773453947504,2.3070097604259097
Breastplate of Valor,-2.4058071483659975,0.4771986970684039,Qin's Sais,5.650361427065777,0.5405405405405406,Qin's Sais,0.20927264544688065,2.002002002002002
Frostbound Hammer,7.964378944079259,0.5306122448979592,Mantle of Discord,5.121882083934938,0.5826771653543307,Mantle of Discord,0.16522200270757864,1.8796037592075183
Death's Toll,-4.022392539054657,0.43703703703703706,Ichaival,1.978279063894731,0.5625,Ichaival,0.11636935669969006,3.3088235294117645
Qin's Sais,5.650361427065777,0.5405405405405406,Witchblade,1.7983404213020093,0.5060240963855421,Witchblade,0.08772392299034192,2.4684102262709375
Witchblade,1.7983404213020093,0.5060240963855421,Jotunn's Wrath,1.7625111233027446,0.5227272727272727,Hide of the Nemean Lion,0.07740440104328128,2.4955436720142603
