,recommendations,win_rate,win_rate_per_cost
Starter Item,Death's Toll,,
Boots,Warrior Tabi,0.576763485477,3.20788530466
Item2,Qin's Sais,0.5767634854771784,1.84156378601
Item3,Frostbound Hammer,0.5209713024282561,2.16183574879
Item4,Witchblade,0.5140562248995983,2.42547425474
Item5,Ichaival,0.520971302428,3.34685598377
Item6,Winged Blade,0.568965517241,2.85938112025
Relic1,Meditation,0.523206751055,
Relic2,Wrath,0.520833333333,
