,recommendations,win_rate,win_rate_per_cost
Starter Item,Death's Toll,,
Boots,Warrior Tabi,0.463855421686747,3.1541218638
Item2,Death's Toll,0.47058823529411764,6.11111111111
Item3,Frostbound Hammer,0.5263157894736842,2.12560386473
Item4,Witchblade,0.4888888888888889,2.38482384824
Item5,The Executioner,0.727272727273,3.23232323232
Item6,Jotunn's Wrath,0.526315789474,2.24748810153
Relic1,Wrath,0.6,
Relic2,Meditation,0.454545454545,
