,recommendations,win_rate,win_rate_per_cost
Starter Item,Death's Toll,,
Boots,Warrior Tabi,0.5,2.78304870335
Item2,Qin's Sais,0.5,1.59767610748
Item3,Frostbound Hammer,0.4716981132075472,1.87553282182
Item4,Witchblade,0.4251012145748988,2.10425633668
Item5,Genji's Guard,0.469135802469,2.51450676983
Item6,Jotunn's Wrath,0.43137254902,1.92268771504
Relic1,Relic,0.392857142857,
Relic2,Wrath,0.518518518519,
