,recommendations,win_rate,win_rate_per_cost
Starter Item,Death's Toll,,
Boots,Warrior Tabi,0.601307189542,3.10427445397
Item2,Frostbound Hammer,0.5075757575757576,2.09201104507
Item3,Qin's Sais,0.5083612040133779,1.78208348284
Item4,Breastplate of Valor,0.4726775956284153,2.09201104507
Item5,The Executioner,0.6,2.66666666667
Item6,Mantle of Discord,0.481162540366,1.93970061143
Relic1,Teleport,0.476097560976,
Relic2,Relic,0.41935483871,
