,recommendations,win_rate,win_rate_per_cost
Starter Item,Death's Toll,,
Boots,Warrior Tabi,0.612244897959,3.58760755222
Item2,Qin's Sais,0.6122448979591837,2.05955248368
Item3,Frostbound Hammer,0.583732057416268,2.41773552432
Item4,Witchblade,0.5801749271137027,2.71258131997
Item5,Mantle of Discord,0.556079170594,2.09046675077
Item6,Ichaival,0.583732057416,3.56037151703
Relic1,Teleport,0.546589018303,
Relic2,Wrath,0.578947368421,
