,recommendations,win_rate,win_rate_per_cost
Starter Item,Death's Toll,,
Boots,Warrior Tabi,0.4591914569031274,3.34740004292
Item2,Frostbound Hammer,0.5328859060402684,2.25585655066
Item3,Qin's Sais,0.546236559139785,1.92165558019
Item4,Witchblade,0.5188470066518847,2.53096100806
Item5,Mantle of Discord,0.518847006652,2.05278592375
Item6,Winged Blade,0.53305785124,2.88139379048
Relic1,Meditation,0.487058823529,
Relic2,Sprint,0.484496124031,
