Items_most_pop,Items_most_pop_L2,Items_most_pop_winrate,Items_L2,Items_L2_coef,Items_L2_winrate,Items_gold_adjusted_L2,Items_gold_adjusted_L2_coef,Items_gold_adjusted_L2_winrate
Warrior Tabi,19.559842829731185,0.49722222222222223,Qin's Sais,31.6792213079638,0.5767634854771784,Warrior Tabi,1.2619253438536246,3.207885304659498
Breastplate of Valor,-11.334317991993238,0.47635135135135137,Warrior Tabi,19.559842829731185,0.49722222222222223,Qin's Sais,1.173304492887548,2.136161057322883
Frostbound Hammer,15.379507440106895,0.5209713024282561,Frostbound Hammer,15.379507440106895,0.5209713024282561,Ichaival,0.7999637629856416,3.3468559837728193
Death's Toll,-13.654373770300426,0.4148148148148148,Ichaival,13.599383970755907,0.5689655172413793,Winged Blade,0.6736899873207652,2.8593811202506854
Witchblade,5.6968723898505935,0.5140562248995983,Winged Blade,12.463264765434158,0.5289855072463768,Frostbound Hammer,0.6686742365263867,2.2650926192532874
Qin's Sais,31.6792213079638,0.5767634854771784,Mantle of Discord,11.52324699539652,0.5714285714285714,The Executioner,0.5052734245134255,2.4603174603174605
