Relics_most_pop,Relics_most_pop_L2,Relics_most_pop_winrate,Relics_most_pop_wr_paired,Relics_L2,Relics_L2_coef,Relics_L2_winrate,Relics_L2_wr_paired
Teleport,0.11748768816525447,0.42105263157894735,1.0,Wrath,89.55202021621788,0.75,1.0
Curse,3.7016549618931958,0.47368421052631576,,Relic,21.84137304680691,0.46153846153846156,
