,recommendations,win_rate,win_rate_per_cost
Starter Item,Watcher's Gift,,
Boots,Shoes of Focus,0.557142857143,3.59477124183
Item2,Hide of the Urchin,0.6119402985074627,2.10674157303
Item3,Heartward Amulet,0.5571428571428572,2.4077046549
Item4,Sovereignty,0.5405405405405406,2.4077046549
Item5,Spirit Robe,0.539215686275,2.86944045911
Item6,Midgardian Mail,0.8,3.55555555556
Relic1,Shell,0.549019607843,
Relic2,Relic,0.576923076923,
