,recommendations,win_rate,win_rate_per_cost
Starter Item,Watcher's Gift,,
Boots,Reinforced Shoes,0.68253968254,4.5393858478
Item2,Hide of the Urchin,0.5948275862068966,2.16322517207
Item3,Breastplate of Valor,0.5708333333333333,2.25727844043
Item4,Sovereignty,0.5387596899224806,2.47225733951
Item5,Mantle of Discord,0.594827586207,2.20174091142
Item6,Winged Blade,0.613861386139,3.3181696548
Relic1,Blink,0.842105263158,
Relic2,Meditation,0.553444180523,
