,recommendations,win_rate,win_rate_per_cost
Starter Item,Watcher's Gift,,
Boots,Shoes of Focus,0.662337662338,4.41558441558
Item2,Sovereignty,0.6216216216216216,2.46305418719
Item3,Breastplate of Valor,0.6296296296296297,2.24887556222
Item4,Heartward Amulet,0.5735294117647058,2.46305418719
Item5,Winged Blade,0.62962962963,3.45345345345
Item6,Void Stone,0.875,3.97727272727
Relic1,Meditation,0.590476190476,
Relic2,Sprint,0.59649122807,
