,recommendations,win_rate,win_rate_per_cost
Starter Item,Watcher's Gift,,
Boots,Shoes of Focus,0.617647058824,3.57843137255
Item2,Sovereignty,0.6129032258064516,2.34644582471
Item3,Heartward Amulet,0.5927601809954751,2.34644582471
Item4,Hide of the Urchin,0.5418502202643172,2.05314009662
Item5,Bulwark of Hope,0.617021276596,2.44364862018
Item6,Winged Blade,0.675,3.34041907076
Relic1,Wrath,0.68,
Relic2,Meditation,0.532828282828,
