Relics_most_pop,Relics_most_pop_L2,Relics_most_pop_winrate,Relics_most_pop_wr_paired,Relics_L2,Relics_L2_coef,Relics_L2_winrate,Relics_L2_wr_paired
Meditation,6.649053801934192,0.5494186046511628,0.833333333333,Wrath,22.250228540545223,0.7142857142857143,0.833333333333
Sprint,-2.4145911685357233,0.54375,,Meditation,6.649053801934192,0.5494186046511628,
