Items_most_pop,Items_most_pop_L2,Items_most_pop_winrate,Items_L2,Items_L2_coef,Items_L2_winrate,Items_gold_adjusted_L2,Items_gold_adjusted_L2_coef,Items_gold_adjusted_L2_winrate
Watcher's Gift,-9.817752755935699,0.41755888650963596,Sovereignty,12.986967649225226,0.5147058823529411,Sovereignty,0.6184270309154869,2.450980392156863
Shoes of Focus,-1.8338047912828326,0.4543269230769231,Heartward Amulet,10.491660359775421,0.5208333333333334,Heartward Amulet,0.4996028742750201,2.4801587301587302
Sovereignty,12.986967649225226,0.5147058823529411,Mantle of Discord,9.612307889020464,0.5773195876288659,Mantle of Discord,0.3100744480329182,1.8623212504156967
Hide of the Urchin,1.9216219789524276,0.47147147147147145,Bulwark of Hope,6.3241755761022365,0.5182481751824818,Bulwark of Hope,0.25046239905355394,2.0524680205246804
Breastplate of Valor,1.2646029025114833,0.46779661016949153,Winged Blade,3.6054607038361373,0.5149253731343284,Winged Blade,0.19488976777492634,2.7833803953206937
Heartward Amulet,10.491660359775421,0.5208333333333334,Pestilence,3.1454946455807016,0.5180722891566265,Travelers Shoes,0.15510419561092498,3.4285714285714284
