Items_most_pop,Items_most_pop_L2,Items_most_pop_winrate,Items_L2,Items_L2_coef,Items_L2_winrate,Items_gold_adjusted_L2,Items_gold_adjusted_L2_coef,Items_gold_adjusted_L2_winrate
Watcher's Gift,-7.783426285261069,0.4228855721393035,Hide of the Urchin,11.510728257898679,0.5422535211267606,Sovereignty,0.5407124463695441,2.606177606177606
Shoes of Focus,-4.945828250294586,0.4388888888888889,Sovereignty,11.354961373760425,0.5472972972972973,Winged Blade,0.4810998864289787,3.413940256045519
Sovereignty,11.354961373760425,0.5472972972972973,Winged Blade,8.900347898936106,0.631578947368421,Hide of the Urchin,0.479613677412445,2.2593896713615025
Hide of the Urchin,11.510728257898679,0.5422535211267606,Breastplate of Valor,4.518192274203997,0.5126050420168067,Reinforced Shoes,0.27632464914915233,3.787878787878788
Heartward Amulet,2.51526815985753,0.5035460992907801,Reinforced Shoes,3.868545088088133,0.5303030303030303,Breastplate of Valor,0.19644314235669552,2.228717573986116
Breastplate of Valor,4.518192274203997,0.5126050420168067,Pestilence,3.809990442632095,0.59375,Pestilence,0.17720885779684162,2.761627906976744
