,recommendations,win_rate,win_rate_per_cost
Starter Item,Watcher's Gift,,
Boots,Shoes of Focus,0.5394495412844037,3.98676592225
Item2,Sovereignty,0.600896860986547,2.84768994446
Item3,Hide of the Urchin,0.594272076372315,2.49172870141
Item4,Heartward Amulet,0.598014888337469,2.84768994446
Item5,Bulwark of Hope,0.691489361702,2.73857172951
Item6,Winged Blade,0.695652173913,3.49571128014
Relic1,Meditation,0.565562913907,
Relic2,Sprint,0.584487534626,
