Relics_most_pop,Relics_most_pop_L2,Relics_most_pop_winrate,Relics_most_pop_wr_paired,Relics_L2,Relics_L2_coef,Relics_L2_winrate,Relics_L2_wr_paired
Meditation,12.393494352531027,0.5918367346938775,0.645161290323,Meditation,12.393494352531027,0.5918367346938775,0.645161290323
Sprint,-2.255222589825887,0.5470085470085471,,Shell,6.311964448068953,0.6224489795918368,
