Relics_most_pop,Relics_most_pop_L2,Relics_most_pop_winrate,Relics_most_pop_wr_paired,Relics_L2,Relics_L2_coef,Relics_L2_winrate,Relics_L2_wr_paired
Meditation,3.880650507731071,0.5520231213872833,0.625,Curse,5.553000756934092,0.6296296296296297,0.625
Sprint,2.977894180450173,0.576,,Meditation,3.880650507731071,0.5520231213872833,
