Items_most_pop,Items_most_pop_L2,Items_most_pop_winrate,Items_L2,Items_L2_coef,Items_L2_winrate,Items_gold_adjusted_L2,Items_gold_adjusted_L2_coef,Items_gold_adjusted_L2_winrate
Watcher's Gift,-4.147935967253915,0.4636118598382749,Winged Blade,6.946464571944358,0.7070707070707071,Winged Blade,0.3754845714564518,3.822003822003822
Shoes of Focus,1.4230038536660907,0.514367816091954,Mantle of Discord,6.44300903339603,0.75,Heartward Amulet,0.25063567210719284,2.732919254658385
Sovereignty,1.6319629274333713,0.5231316725978647,Heartward Amulet,5.26334911425105,0.5739130434782609,Mantle of Discord,0.20783900107729128,2.4193548387096775
Hide of the Urchin,4.009238476063648,0.5525291828793775,Hide of the Urchin,4.009238476063648,0.5525291828793775,Hide of the Urchin,0.16705160316931866,2.3022049286640724
Breastplate of Valor,1.460920308082711,0.5234375,Sovereignty,1.6319629274333713,0.5231316725978647,Shoes of Focus,0.09486692357773939,3.42911877394636
Heartward Amulet,5.26334911425105,0.5739130434782609,Breastplate of Valor,1.460920308082711,0.5234375,Sovereignty,0.07771252035397007,2.491103202846975
