Items_most_pop,Items_most_pop_L2,Items_most_pop_winrate,Items_L2,Items_L2_coef,Items_L2_winrate,Items_gold_adjusted_L2,Items_gold_adjusted_L2_coef,Items_gold_adjusted_L2_winrate
Watcher's Gift,-1.6199112789429044,0.4528301886792453,Hide of the Urchin,6.223162377315565,0.5227272727272727,Travelers Shoes,0.2739354604908905,3.9682539682539684
Shoes of Focus,-6.095368516153666,0.4326923076923077,Breastplate of Valor,5.1862738060959135,0.52,Hide of the Urchin,0.25929843238814854,2.178030303030303
Hide of the Urchin,6.223162377315565,0.5227272727272727,Pestilence,4.601784063763802,0.625,Breastplate of Valor,0.225490165482431,2.260869565217391
Sovereignty,2.328063138177846,0.5,Spirit Robe,4.436810051808374,0.5925925925925926,Pestilence,0.21403646808203727,2.9069767441860463
Breastplate of Valor,5.1862738060959135,0.52,Mystical Mail,4.34327834510747,0.7,Spirit Robe,0.1803581321873323,2.408912978018669
Heartward Amulet,1.9267197130130413,0.5072463768115942,Travelers Shoes,3.835096446872467,0.5555555555555556,Reinforced Shoes,0.16636760092490338,3.6443148688046647
