Items_most_pop,Items_most_pop_L2,Items_most_pop_winrate,Items_L2,Items_L2_coef,Items_L2_winrate,Items_gold_adjusted_L2,Items_gold_adjusted_L2_coef,Items_gold_adjusted_L2_winrate
Watcher's Gift,-3.2694755826674284,0.5525423728813559,Bulwark of Hope,16.466556188680492,0.7078651685393258,Winged Blade,0.6901956500061105,3.7422037422037424
Shoes of Focus,-2.408374717474864,0.5616438356164384,Winged Blade,12.768619525113046,0.6923076923076923,Bulwark of Hope,0.6521408391556631,2.803426410056736
Sovereignty,9.250607457687114,0.6026785714285714,Mantle of Discord,12.675611339322346,0.6944444444444444,Travelers Shoes,0.4591887829820288,4.446064139941691
Hide of the Urchin,10.962195600599738,0.6113744075829384,Hide of the Urchin,10.962195600599738,0.6113744075829384,Hide of the Urchin,0.45675815002498904,2.5473933649289098
Breastplate of Valor,-0.7670224737233093,0.5776699029126213,Sovereignty,9.250607457687114,0.6026785714285714,Sovereignty,0.4405051170327197,2.8698979591836733
Heartward Amulet,1.4439064254027738,0.5812807881773399,Travelers Shoes,6.428642961748403,0.6224489795918368,Mantle of Discord,0.40889068836523695,2.240143369175627
