,recommendations,win_rate,win_rate_per_cost
Starter Item,Watcher's Gift,,
Boots,Shoes of Focus,0.5625,3.44827586207
Item2,Sovereignty,0.625,2.77777777778
Item3,Heartward Amulet,0.5833333333333334,2.77777777778
Item4,Hide of the Urchin,0.5434782608695652,2.43055555556
Item5,Genji's Guard,0.75,3.40909090909
Item6,Spirit Robe,0.54347826087,2.84552845528
Relic1,Shell,0.586206896552,
Relic2,Sprint,0.542857142857,
