Items_most_pop,Items_most_pop_L2,Items_most_pop_winrate,Items_L2,Items_L2_coef,Items_L2_winrate,Items_gold_adjusted_L2,Items_gold_adjusted_L2_coef,Items_gold_adjusted_L2_winrate
Watcher's Gift,-3.536694130429917,0.5416666666666666,Bulwark of Hope,14.993836951546378,0.6721311475409836,Bulwark of Hope,0.5938153248137179,2.6619055348157765
Shoes of Focus,7.059616565858011,0.580110497237569,Sovereignty,12.046154693305695,0.6062992125984252,Sovereignty,0.5736264139669379,2.8871391076115485
Sovereignty,12.046154693305695,0.6062992125984252,Mystical Mail,11.901920021491312,0.8,Shoes of Focus,0.470641104390534,3.867403314917127
Hide of the Urchin,10.20771682650391,0.6031746031746031,Hide of the Urchin,10.20771682650391,0.6031746031746031,Winged Blade,0.4640934657153397,3.5596572181938035
Breastplate of Valor,3.36675104282784,0.584,Winged Blade,8.585729115733786,0.6585365853658537,Mystical Mail,0.44081185264782635,2.962962962962963
Heartward Amulet,5.238906615884379,0.5945945945945946,Shoes of Focus,7.059616565858011,0.580110497237569,Hide of the Urchin,0.4253215344376629,2.513227513227513
