Relics_most_pop,Relics_most_pop_L2,Relics_most_pop_winrate,Relics_most_pop_wr_paired,Relics_L2,Relics_L2_coef,Relics_L2_winrate,Relics_L2_wr_paired
Meditation,2.7764901556137014,0.5603217158176944,0.666666666667,Wrath,14.537181233884928,0.6470588235294118,0.666666666667
Blink,2.9214319744153547,0.5808080808080808,,Curse,12.83689492671319,0.6183206106870229,
