Items_most_pop,Items_most_pop_L2,Items_most_pop_winrate,Items_L2,Items_L2_coef,Items_L2_winrate,Items_gold_adjusted_L2,Items_gold_adjusted_L2_coef,Items_gold_adjusted_L2_winrate
Watcher's Gift,41.02045730071352,0.6666666666666666,Mantle of Discord,36.598526219912166,0.7037037037037037,Heartward Amulet,1.583386411887459,3.6281179138321997
Breastplate of Valor,28.243546376390245,0.6428571428571429,Heartward Amulet,33.251114649636634,0.7619047619047619,Shoes of the Magi,1.4821845143937018,3.9583333333333335
Shoes of Focus,0.2513002345055731,0.5849056603773585,Breastplate of Valor,28.243546376390245,0.6428571428571429,Breastplate of Valor,1.2279802772343584,2.7950310559006213
Hide of the Urchin,-11.467951618837652,0.5510204081632653,Shoes of the Magi,23.71495223029923,0.6333333333333333,Mantle of Discord,1.1805976199971668,2.270011947431302
Sovereignty,6.153127290760057,0.6,Winged Blade,21.254102878896806,0.6666666666666666,Winged Blade,1.1488704258863138,3.6036036036036037
Shoes of the Magi,23.71495223029923,0.6333333333333333,Sovereignty,6.153127290760057,0.6,Sovereignty,0.29300606146476466,2.857142857142857
