Items_most_pop,Items_most_pop_L2,Items_most_pop_winrate,Items_L2,Items_L2_coef,Items_L2_winrate,Items_gold_adjusted_L2,Items_gold_adjusted_L2_coef,Items_gold_adjusted_L2_winrate
Breastplate of Valor,-0.12199656781813328,0.5088757396449705,Sovereignty,1.7170483002500285,0.6307692307692307,Sovereignty,0.08176420477381088,3.0036630036630036
Shoes of Focus,0.17059825543745327,0.5172413793103449,Void Stone,1.3946858178962984,0.5773195876288659,Void Stone,0.0633948099043772,2.624179943767573
Hide of the Urchin,1.1634203519861739,0.5631067961165048,Mantle of Discord,1.2525903904277875,0.6428571428571429,Travelers Shoes,0.05334619509059573,4.571428571428571
Shoes of the Magi,0.3166875328273089,0.5247524752475248,Hide of the Urchin,1.1634203519861739,0.5631067961165048,Hide of the Urchin,0.04847584799942391,2.3462783171521036
Void Stone,1.3946858178962984,0.5773195876288659,Gem of Isolation,1.1338483229440928,0.627906976744186,Heartward Amulet,0.04511230232528184,2.821869488536155
Watcher's Gift,0.49643487607538483,0.5340909090909091,Heartward Amulet,0.9473583488309187,0.5925925925925926,Gem of Isolation,0.041994382331262695,2.3255813953488373
