Items_most_pop,Items_most_pop_L2,Items_most_pop_winrate,Items_L2,Items_L2_coef,Items_L2_winrate,Items_gold_adjusted_L2,Items_gold_adjusted_L2_coef,Items_gold_adjusted_L2_winrate
Breastplate of Valor,14.478570608159428,0.6208530805687204,Breastplate of Valor,14.478570608159428,0.6208530805687204,Shoes of Focus,0.7243066709454736,4.006410256410256
Shoes of Focus,10.864600064182104,0.6009615384615384,Shoes of Focus,10.864600064182104,0.6009615384615384,Breastplate of Valor,0.6295030699199751,2.699361219864002
Hide of the Urchin,-0.9152185031916411,0.5471698113207547,Void Stone,9.49701717321549,0.6293103448275862,Reinforced Shoes,0.5167646036837111,4.5822102425876015
Watcher's Gift,-7.159992540624083,0.5,Mystical Mail,9.443498488827084,0.6792452830188679,Void Stone,0.43168259878252224,2.8605015673981193
Shoes of the Magi,-11.334261954055808,0.4793388429752066,Bulwark of Hope,7.990693125469677,0.6615384615384615,Sovereignty,0.37729427657601783,2.9265873015873014
Void Stone,9.49701717321549,0.6293103448275862,Sovereignty,7.923179808096374,0.6145833333333334,Mystical Mail,0.34975920328989196,2.5157232704402515
