,recommendations,win_rate,win_rate_per_cost
Starter Item,Watcher's Gift,,
Boots,Shoes of the Magi,0.4444444444444444,3.52112676056
Item2,Void Stone,0.5633802816901409,2.56081946223
Item3,Hide of the Urchin,0.5232558139534884,2.34741784038
Item4,Breastplate of Valor,0.4453125,2.44947948561
Item5,Sovereignty,0.638888888889,2.5974025974
Item6,Gem of Isolation,0.65625,2.43055555556
Relic1,Blink,0.507042253521,
Relic2,Meditation,0.462686567164,
