Items_most_pop,Items_most_pop_L2,Items_most_pop_winrate,Items_L2,Items_L2_coef,Items_L2_winrate,Items_gold_adjusted_L2,Items_gold_adjusted_L2_coef,Items_gold_adjusted_L2_winrate
Breastplate of Valor,6.79221290208244,0.5088757396449705,Mantle of Discord,25.026667146967373,0.68,Shoes of Focus,1.1283026859541643,3.4895833333333335
Shoes of Focus,16.924540289312464,0.5234375,Celestial Legion Helm,24.802736541305652,0.75,Celestial Legion Helm,1.078379849621985,3.260869565217391
Shoes of the Magi,-10.536671564007575,0.46226415094339623,Winged Blade,19.19588085391637,0.6521739130434783,Winged Blade,1.0376151812927767,3.525264394829612
Void Stone,15.954262946036021,0.5454545454545454,Shoes of Focus,16.924540289312464,0.5234375,Mantle of Discord,0.8073118434505605,2.193548387096774
Mark of the Vanguard,-25.787522177798255,0.40860215053763443,Void Stone,15.954262946036021,0.5454545454545454,Void Stone,0.7251937702743646,2.479338842975207
Hide of the Urchin,7.504691296815855,0.53125,Mystical Mail,13.616591413973461,0.54,Mystical Mail,0.5043182005175356,2.0
