Relics_most_pop,Relics_most_pop_L2,Relics_most_pop_winrate,Relics_most_pop_wr_paired,Relics_L2,Relics_L2_coef,Relics_L2_winrate,Relics_L2_wr_paired
Meditation,2.6997680418465544,0.4350282485875706,0.611111111111,Curse,21.52391824457056,0.5058823529411764,0.611111111111
Blink,-9.23043771839696,0.4146341463414634,,Teleport,4.838665997733825,0.46846846846846846,
