,recommendations,win_rate,win_rate_per_cost
Starter Item,Watcher's Gift,,
Boots,Travelers Shoes,0.653846153846,5.49450549451
Item2,Void Stone,0.6530612244897959,2.36127508855
Item3,Breastplate of Valor,0.5232558139534884,2.25861095426
Item4,Hide of the Urchin,0.4925373134328358,2.1645021645
Item5,Genji's Guard,0.8,3.63636363636
Item6,Mantle of Discord,0.519480519481,2.10918114144
Relic1,Sprint,0.58064516129,
Relic2,Wrath,0.6,
