Items_most_pop,Items_most_pop_L2,Items_most_pop_winrate,Items_L2,Items_L2_coef,Items_L2_winrate,Items_gold_adjusted_L2,Items_gold_adjusted_L2_coef,Items_gold_adjusted_L2_winrate
Breastplate of Valor,-6.305164448402854,0.5217391304347826,Mantle of Discord,12.712831599230457,0.723404255319149,Void Stone,0.41732931542600166,2.7534965034965033
Shoes of Focus,4.274810604183331,0.5693430656934306,Mystical Mail,10.113608282064996,0.7,Sovereignty,0.41347309133564986,3.209109730848861
Void Stone,9.181244939372037,0.6057692307692307,Void Stone,9.181244939372037,0.6057692307692307,Mantle of Discord,0.4100913419106599,2.3335621139327385
Hide of the Urchin,6.461566671767183,0.59,Sovereignty,8.682934918048648,0.6739130434782609,Mystical Mail,0.37457808452092584,2.5925925925925926
Shoes of the Magi,-3.518937178776634,0.52,Hide of the Urchin,6.461566671767183,0.59,Reinforced Shoes,0.3567129486467387,4.395604395604396
Mark of the Vanguard,-6.000484867456994,0.48863636363636365,Heartward Amulet,6.25029152228134,0.6326530612244898,Heartward Amulet,0.29763292963244475,3.012633624878523
