,recommendations,win_rate,win_rate_per_cost
Starter Item,Mark of the Vanguard,,
Boots,Reinforced Shoes,0.7,6.12244897959
Item2,Mark of the Vanguard,0.5882352941176471,6.49038461538
Item3,Breastplate of Valor,0.45588235294117646,2.25752508361
Item4,Gem of Isolation,0.5185185185185185,1.92307692308
Item5,Dynasty Plate Helm,0.727272727273,4.11764705882
Item6,Warlock's Sash,0.714285714286,2.74442538593
Relic1,Sunder,1.0,
Relic2,Blink,0.642857142857,
