,recommendations,win_rate,win_rate_per_cost
Starter Item,Watcher's Gift,,
Boots,Shoes of Focus,0.38392857142857145,2.66666666667
Item2,Sovereignty,0.47058823529411764,1.90476190476
Item3,Breastplate of Valor,0.44954128440366975,1.73913043478
Item4,Hide of the Urchin,0.4444444444444444,1.66666666667
Item5,Gem of Isolation,0.588235294118,2.17864923747
Item6,Void Stone,0.525,2.38636363636
Relic1,Teleport,0.4,
Relic2,Curse,0.472727272727,
