Items_most_pop,Items_most_pop_L2,Items_most_pop_winrate,Items_L2,Items_L2_coef,Items_L2_winrate,Items_gold_adjusted_L2,Items_gold_adjusted_L2_coef,Items_gold_adjusted_L2_winrate
Breastplate of Valor,0.15897484153845595,0.5329341317365269,Mantle of Discord,0.32984237768970553,0.6666666666666666,Winged Blade,0.01381847405856244,3.823335530652604
Shoes of Focus,0.20447235476799389,0.5443037974683544,Winged Blade,0.25564177008340516,0.7073170731707317,Shoes of Focus,0.013631490317866259,3.628691983122363
Watcher's Gift,-0.09387219523671386,0.47368421052631576,Heartward Amulet,0.25423292218358096,0.6307692307692307,Heartward Amulet,0.01210632962778957,3.0036630036630036
Shoes of the Magi,-0.09567918767866405,0.4722222222222222,Gem of Isolation,0.2102704576817983,0.675,Mantle of Discord,0.01064007669966792,2.150537634408602
Hide of the Urchin,0.14631830493634612,0.5480769230769231,Mystical Mail,0.2102058021802149,0.6590909090909091,Gem of Isolation,0.007787794728955493,2.5
Sovereignty,0.11639423662620395,0.5444444444444444,Shoes of Focus,0.20447235476799389,0.5443037974683544,Mystical Mail,0.0077854000807487,2.441077441077441
