Relics_most_pop,Relics_most_pop_L2,Relics_most_pop_winrate,Relics_most_pop_wr_paired,Relics_L2,Relics_L2_coef,Relics_L2_winrate,Relics_L2_wr_paired
Meditation,-0.2807804661227024,0.49122807017543857,0.75,Curse,16.97151287576378,0.5849056603773585,0.75
Teleport,-13.094167434517082,0.43478260869565216,,Blink,7.933245975405886,0.5287356321839081,
