Relics_most_pop,Relics_most_pop_L2,Relics_most_pop_winrate,Relics_most_pop_wr_paired,Relics_L2,Relics_L2_coef,Relics_L2_winrate,Relics_L2_wr_paired
Meditation,5.377766105304416,0.5740740740740741,0.8,Meditation,5.377766105304416,0.5740740740740741,0.8
Blink,-4.338833783769062,0.4935064935064935,,Teleport,4.722981330640401,0.589041095890411,
