Relics_most_pop,Relics_most_pop_L2,Relics_most_pop_winrate,Relics_most_pop_wr_paired,Relics_L2,Relics_L2_coef,Relics_L2_winrate,Relics_L2_wr_paired
Purification,17.543295434162953,0.5705782312925171,0.577868852459,Purification,17.543295434162953,0.5705782312925171,0.577868852459
Sanctuary,4.04077983384097,0.5668849391955099,,Sanctuary,4.04077983384097,0.5668849391955099,
