Items_most_pop,Items_most_pop_L2,Items_most_pop_winrate,Items_L2,Items_L2_coef,Items_L2_winrate,Items_gold_adjusted_L2,Items_gold_adjusted_L2_coef,Items_gold_adjusted_L2_winrate
Shoes of the Magi,-2.716473525643085,0.4864,Rod of Tahuti,18.811230013517307,0.5786516853932584,Rod of Tahuti,0.5666033136601599,1.7429267632327061
Obsidian Shard,6.556539694514085,0.520935960591133,Polynomicon,10.73075569692542,0.5309033280507132,Polynomicon,0.46655459551849654,2.3082753393509265
Polynomicon,10.73075569692542,0.5309033280507132,Warlock's Sash,10.525887697429404,0.5393700787401575,Warlock's Sash,0.3972033093369586,2.0353587876987076
Rod of Tahuti,18.811230013517307,0.5786516853932584,Obsidian Shard,6.556539694514085,0.520935960591133,Dynasty Plate Helm,0.3223507890251167,3.0477408354646207
Telkhines Ring,3.313728361080458,0.5109780439121756,Dynasty Plate Helm,5.479963413426984,0.5181159420289855,Obsidian Shard,0.3198312046104432,2.5411510272738194
Soul Stone,-3.0813244203637633,0.44136460554371004,Book of Thoth,3.602158917672021,0.5011086474501109,Telkhines Ring,0.15594015816849216,2.404602559586709
