Items_most_pop,Items_most_pop_L2,Items_most_pop_winrate,Items_L2,Items_L2_coef,Items_L2_winrate,Items_gold_adjusted_L2,Items_gold_adjusted_L2_coef,Items_gold_adjusted_L2_winrate
Shoes of the Magi,-1.6983099051816104,0.49435665914221216,Rod of Tahuti,7.291089494805822,0.5743440233236151,Obsidian Shard,0.2386772929211414,2.5954263008834593
Obsidian Shard,4.8928845048833995,0.5320623916811091,Obsidian Shard,4.8928845048833995,0.5320623916811091,Dynasty Plate Helm,0.2365096377656449,3.258768296050815
Polynomicon,2.080286107386339,0.5203836930455635,Dynasty Plate Helm,4.0206638420159635,0.5539906103286385,Rod of Tahuti,0.21961112936162114,1.7299518774807685
Soul Stone,-3.023293576377252,0.46194225721784776,Celestial Legion Helm,2.6527495100770735,0.5631067961165048,Celestial Legion Helm,0.11533693522074231,2.448290417897847
Book of Thoth,1.471018558871753,0.5113636363636364,Polynomicon,2.080286107386339,0.5203836930455635,Polynomicon,0.0904472220602756,2.2625377958502764
Rod of Tahuti,7.291089494805822,0.5743440233236151,Book of Thoth,1.471018558871753,0.5113636363636364,Book of Thoth,0.055510134297047285,1.9296740994854202
