Items_most_pop,Items_most_pop_L2,Items_most_pop_winrate,Items_L2,Items_L2_coef,Items_L2_winrate,Items_gold_adjusted_L2,Items_gold_adjusted_L2_coef,Items_gold_adjusted_L2_winrate
Shoes of the Magi,-5.445978895311204,0.42917251051893407,Rod of Tahuti,49.79363755203447,0.5277777777777778,Dynasty Plate Helm,2.4012038371372384,2.8803245436105476
Obsidian Shard,-10.793364886889364,0.4697286012526096,Celestial Legion Helm,42.280706677664995,0.5048543689320388,Celestial Legion Helm,1.8382915946810867,2.1950189953566905
Polynomicon,6.777252876840629,0.4582210242587601,Dynasty Plate Helm,40.82046523133305,0.4896551724137931,Warlock's Sash,1.5137934029542814,1.741654571843251
Rod of Tahuti,49.79363755203447,0.5277777777777778,Warlock's Sash,40.11552517828846,0.46153846153846156,Rod of Tahuti,1.4998083600010383,1.5896921017402945
Telkhines Ring,6.754833865945907,0.44932432432432434,Book of Thoth,36.543338129265294,0.45348837209302323,Book of Thoth,1.3789938916703885,1.7112768758227292
Book of Thoth,36.543338129265294,0.45348837209302323,Polynomicon,6.777252876840629,0.4582210242587601,Telkhines Ring,0.3178745348680427,2.1144674085850554
