,recommendations,win_rate,win_rate_per_cost
Starter Item,Soul Stone,,
Boots,Shoes of the Magi,0.4601366742596811,2.22701149425
Item2,Rod of Tahuti,0.6201117318435754,1.07325855145
Item3,Book of Thoth,0.5047619047619047,1.34461071351
Item4,Obsidian Shard,0.5054945054945055,1.73815531259
Item5,Celestial Legion Helm,0.504761904762,2.58799171843
Item6,Dynasty Plate Helm,0.595238095238,2.90812954395
Relic1,Relic,0.447368421053,
Relic2,Sprint,0.477272727273,
