,recommendations,win_rate,win_rate_per_cost
Starter Item,Soul Stone,,
Boots,Shoes of the Magi,0.563706563707,3.3935546875
Item2,Rod of Tahuti,0.6158536585365854,1.85498089921
Item3,Obsidian Shard,0.5719844357976653,3.00416418798
Item4,Soul Stone,0.5255474452554745,7.69817073171
Item5,Warlock's Sash,0.589743589744,2.22544750847
Item6,Demonic Grip,0.54296875,2.47239720924
Relic1,Purification,0.544836956522,
Relic2,Teleport,0.586666666667,
