Relics_most_pop,Relics_most_pop_L2,Relics_most_pop_winrate,Relics_most_pop_wr_paired,Relics_L2,Relics_L2_coef,Relics_L2_winrate,Relics_L2_wr_paired
Purification,-2.3087495951875647,0.46153846153846156,0.0,Relic,8.358065969230061,0.4473684210526316,0.0
Sanctuary,-16.056629951433372,0.4466501240694789,,Sprint,-1.5730019158371928,0.4772727272727273,
