Items_most_pop,Items_most_pop_L2,Items_most_pop_winrate,Items_L2,Items_L2_coef,Items_L2_winrate,Items_gold_adjusted_L2,Items_gold_adjusted_L2_coef,Items_gold_adjusted_L2_winrate
Shoes of the Magi,1.9585454416980084,0.5449172576832151,Rod of Tahuti,12.527593982646723,0.6411764705882353,Obsidian Shard,0.37762534282695737,2.8440609315840453
Obsidian Shard,7.7413195279526255,0.5830324909747292,Obsidian Shard,7.7413195279526255,0.5830324909747292,Rod of Tahuti,0.3773371681520097,1.9312544294826364
Polynomicon,5.2691761888573945,0.5746606334841629,Polynomicon,5.2691761888573945,0.5746606334841629,Dynasty Plate Helm,0.3056187631309394,3.5232843137254903
Book of Thoth,-2.0293154420995827,0.5263157894736842,Dynasty Plate Helm,5.195518973225969,0.5989583333333334,Polynomicon,0.22909461690684324,2.4985244934094037
Rod of Tahuti,12.527593982646723,0.6411764705882353,Warlock's Sash,3.017864261691871,0.5759493670886076,Demonic Grip,0.1296631227521208,2.4803387779794313
Soul Stone,-2.9882243787306253,0.49698795180722893,Demonic Grip,2.9563191987483544,0.5655172413793104,Shoes of the Magi,0.12240909010612552,3.4057328605200947
