,recommendations,win_rate,win_rate_per_cost
Starter Item,Soul Stone,,
Boots,Shoes of the Magi,0.530805687204,3.31753554502
Item2,Rod of Tahuti,0.5971074380165289,1.58192451504
Item3,Soul Stone,0.5251989389920424,6.5649867374
Item4,Book of Thoth,0.5480984340044742,1.98188278865
Item5,Telkhines Ring,0.597107438017,2.74833900502
Item6,Polynomicon,0.551210428305,2.39656707959
Relic1,Sanctuary,0.530612244898,
Relic2,Teleport,0.52,
