Items_most_pop,Items_most_pop_L2,Items_most_pop_winrate,Items_L2,Items_L2_coef,Items_L2_winrate,Items_gold_adjusted_L2,Items_gold_adjusted_L2_coef,Items_gold_adjusted_L2_winrate
Shoes of the Magi,2.4449310345984916,0.4451219512195122,Dynasty Plate Helm,17.581472244703267,0.6470588235294118,Dynasty Plate Helm,1.0342042496884274,3.8062283737024223
Obsidian Shard,6.617334786345731,0.47959183673469385,Demonic Grip,14.107619633014917,0.5185185185185185,Demonic Grip,0.6187552470620578,2.2742040285899936
Polynomicon,1.0599762108217654,0.4606741573033708,Chronos' Pendant,9.779097039705453,0.5294117647058824,Chronos' Pendant,0.4074623766543939,2.2058823529411766
Book of Thoth,-14.039011772670781,0.4074074074074074,Warlock's Sash,8.238817937284129,0.48717948717948717,Obsidian Shard,0.3227968188461332,2.33947237431558
Soul Stone,-15.373881330605133,0.3815789473684211,Obsidian Shard,6.617334786345731,0.47959183673469385,Warlock's Sash,0.3108987900861936,1.838413159167876
Rod of Tahuti,-0.08157597365363274,0.4696969696969697,Celestial Legion Helm,4.799118758311322,0.5384615384615384,Celestial Legion Helm,0.20865733731788355,2.3411371237458196
