Items_most_pop,Items_most_pop_L2,Items_most_pop_winrate,Items_L2,Items_L2_coef,Items_L2_winrate,Items_gold_adjusted_L2,Items_gold_adjusted_L2_coef,Items_gold_adjusted_L2_winrate
Shoes of the Magi,0.38353023667214486,0.5191815856777494,Rod of Tahuti,4.57116226263947,0.5755395683453237,Dynasty Plate Helm,0.1714861091761516,3.3333333333333335
Obsidian Shard,-0.3096348071939916,0.5214007782101168,Book of Thoth,3.4223197550944717,0.5527950310559007,Rod of Tahuti,0.13768561032046597,1.7335529167027823
Polynomicon,1.4471432396517676,0.5340909090909091,Warlock's Sash,2.9782720696208,0.5666666666666667,Book of Thoth,0.12914414170167818,2.086018985116606
Soul Stone,1.6395821148954117,0.5276073619631901,Dynasty Plate Helm,2.915263855994577,0.5666666666666667,Warlock's Sash,0.11238762526870942,2.138364779874214
Book of Thoth,3.4223197550944717,0.5527950310559007,Demonic Grip,1.6177669758547815,0.5403225806451613,Demonic Grip,0.07095469192345533,2.369835880022637
Rod of Tahuti,4.57116226263947,0.5755395683453237,Polynomicon,1.4471432396517676,0.5340909090909091,Polynomicon,0.06291927128920728,2.322134387351779
