Items_most_pop,Items_most_pop_L2,Items_most_pop_winrate,Items_L2,Items_L2_coef,Items_L2_winrate,Items_gold_adjusted_L2,Items_gold_adjusted_L2_coef,Items_gold_adjusted_L2_winrate
Shoes of the Magi,3.9895099754290917,0.5375939849624061,Rod of Tahuti,18.07807737680229,0.6121212121212121,Obsidian Shard,0.6898435107020027,2.82115393687786
Obsidian Shard,14.141791969391054,0.5783365570599613,Warlock's Sash,14.21225391166815,0.6,Rod of Tahuti,0.5445204029157318,1.8437385907265424
Polynomicon,-3.7282958886783604,0.5398457583547558,Obsidian Shard,14.141791969391054,0.5783365570599613,Warlock's Sash,0.5363114683648358,2.2641509433962264
Book of Thoth,4.451438480585535,0.5432835820895522,Dynasty Plate Helm,7.749820423334117,0.5751295336787565,Dynasty Plate Helm,0.4558717896078892,3.383114903992685
Rod of Tahuti,18.07807737680229,0.6121212121212121,Book of Thoth,4.451438480585535,0.5432835820895522,Shoes of the Magi,0.24934437346431826,3.3599624060150375
Soul Stone,-0.3244033197341023,0.4968152866242038,Demonic Grip,4.1213824794325085,0.5595238095238095,Demonic Grip,0.18076238944879422,2.454051796157059
