Relics_most_pop,Relics_most_pop_L2,Relics_most_pop_winrate,Relics_most_pop_wr_paired,Relics_L2,Relics_L2_coef,Relics_L2_winrate,Relics_L2_wr_paired
Purification,-4.249670015919903,0.5170731707317073,0.5,Sanctuary,6.964146192530387,0.5492227979274611,0.5
Sanctuary,6.964146192530387,0.5492227979274611,,Teleport,3.1327252868026485,0.6666666666666666,
