Items_most_pop,Items_most_pop_L2,Items_most_pop_winrate,Items_L2,Items_L2_coef,Items_L2_winrate,Items_gold_adjusted_L2,Items_gold_adjusted_L2_coef,Items_gold_adjusted_L2_winrate
Shoes of the Magi,86.55307954092287,0.5518867924528302,Doom Orb,117.79115332580909,0.5384615384615384,Doom Orb,5.745909918332151,2.626641651031895
Obsidian Shard,54.32744251371061,0.5338345864661654,Shoes of the Magi,86.55307954092287,0.5518867924528302,Shoes of the Magi,5.40956747130768,3.4492924528301887
Polynomicon,-39.760844759155134,0.544,Soul Reaver,65.41814055447284,0.6875,Obsidian Shard,2.650119147010274,2.6040711534934897
Rod of Tahuti,50.39686714428756,0.5555555555555556,Obsidian Shard,54.32744251371061,0.5338345864661654,Soul Reaver,2.225106821580709,2.3384353741496597
Book of Thoth,-35.850648100974794,0.550561797752809,Rod of Tahuti,50.39686714428756,0.5555555555555556,Rod of Tahuti,1.517977926032758,1.6733601070950468
Soul Stone,57.004961388347965,0.5974025974025974,Warlock's Sash,39.270183027975705,0.5609756097560976,Warlock's Sash,1.4818936991688947,2.116889093419236
