,recommendations,win_rate,win_rate_per_cost
Starter Item,Soul Stone,,
Boots,Shoes of the Magi,0.5590421139554087,3.515625
Item2,Rod of Tahuti,0.6112224448897795,1.69427710843
Item3,Soul Stone,0.5625,7.03125
Item4,Book of Thoth,0.5739299610894941,2.12264150943
Item5,Dynasty Plate Helm,0.61122244489,3.52941176471
Item6,Warlock's Sash,0.582278481013,2.19727728684
Relic1,Purification,0.570578231293,
Relic2,Sanctuary,0.566884939196,
