Items_most_pop,Items_most_pop_L2,Items_most_pop_winrate,Items_L2,Items_L2_coef,Items_L2_winrate,Items_gold_adjusted_L2,Items_gold_adjusted_L2_coef,Items_gold_adjusted_L2_winrate
Shoes of the Magi,-1.4545609665426407,0.4732620320855615,Rod of Tahuti,22.295099225723273,0.6,Rod of Tahuti,0.6715391333049179,1.8072289156626506
Obsidian Shard,7.256143862340693,0.5174537987679672,Book of Thoth,7.336910080067158,0.5138461538461538,Obsidian Shard,0.3539582371873509,2.524164872038864
Polynomicon,-3.157534045502114,0.47757255936675463,Obsidian Shard,7.256143862340693,0.5174537987679672,Celestial Legion Helm,0.2821454714651869,2.5815217391304346
Book of Thoth,7.336910080067158,0.5138461538461538,Celestial Legion Helm,6.489345843699298,0.59375,Book of Thoth,0.276864531323289,1.939042089985486
Rod of Tahuti,22.295099225723273,0.6,Warlock's Sash,3.7903685636962696,0.5,Telkhines Ring,0.14815765902456685,2.383765733367583
Soul Stone,-7.050996021816477,0.40636042402826855,Telkhines Ring,3.1483502542720454,0.5065502183406113,Warlock's Sash,0.14303277598853847,1.8867924528301887
