,recommendations,win_rate,win_rate_per_cost
Starter Item,Soul Stone,,
Boots,Shoes of the Magi,0.4457013574660634,2.2265625
Item2,Rod of Tahuti,0.5729166666666666,1.07304216867
Item3,Obsidian Shard,0.4916387959866221,1.73780487805
Item4,Polynomicon,0.45622119815668205,1.54891304348
Item5,Telkhines Ring,0.625,2.3198011599
Item6,Soul Reaver,0.492957746479,2.12585034014
Relic1,Relic,0.333333333333,
Relic2,Sprint,0.344827586207,
