Relics_most_pop,Relics_most_pop_L2,Relics_most_pop_winrate,Relics_most_pop_wr_paired,Relics_L2,Relics_L2_coef,Relics_L2_winrate,Relics_L2_wr_paired
Purification,19.480629084187168,0.5886792452830188,0.882352941176,Purification,19.480629084187168,0.5886792452830188,0.882352941176
Sanctuary,-21.417746671484263,0.5672514619883041,,Teleport,5.9467911369799005,0.6571428571428571,
