Items_most_pop,Items_most_pop_L2,Items_most_pop_winrate,Items_L2,Items_L2_coef,Items_L2_winrate,Items_gold_adjusted_L2,Items_gold_adjusted_L2_coef,Items_gold_adjusted_L2_winrate
Shoes of the Magi,-1.777271036210934,0.5203735144312394,Rod of Tahuti,17.28403932641696,0.6012396694214877,Obsidian Shard,0.5736668090966848,2.734946889698782
Obsidian Shard,11.760169586482037,0.5606641123882503,Obsidian Shard,11.760169586482037,0.5606641123882503,Rod of Tahuti,0.5206035941691854,1.8109628597032759
Polynomicon,6.628304489579281,0.5547945205479452,Book of Thoth,9.60287182579219,0.5594541910331384,Book of Thoth,0.36237252172800716,2.1111478906910883
Book of Thoth,9.60287182579219,0.5594541910331384,Warlock's Sash,7.7540815506071645,0.5517241379310345,Warlock's Sash,0.2926068509663081,2.0819778789850356
Rod of Tahuti,17.28403932641696,0.6012396694214877,Polynomicon,6.628304489579281,0.5547945205479452,Polynomicon,0.28818715172083836,2.4121500893388923
Soul Stone,-1.5385641952534126,0.48434237995824636,Dynasty Plate Helm,0.8331647654086427,0.5234375,Dynasty Plate Helm,0.049009692082861336,3.079044117647059
