Relics_most_pop,Relics_most_pop_L2,Relics_most_pop_winrate,Relics_most_pop_wr_paired,Relics_L2,Relics_L2_coef,Relics_L2_winrate,Relics_L2_wr_paired
Purification,0.6866759737307265,0.5309417040358745,0.5625,Teleport,2.8615063048745553,0.5892857142857143,0.5625
Sanctuary,-0.4251250660673241,0.5312800769971127,,Purification,0.6866759737307265,0.5309417040358745,
