Relics_most_pop,Relics_most_pop_L2,Relics_most_pop_winrate,Relics_most_pop_wr_paired,Relics_L2,Relics_L2_coef,Relics_L2_winrate,Relics_L2_wr_paired
Purification,-0.2649608457907423,0.47652916073968704,0.333333333333,Teleport,0.8231716070463122,0.4909090909090909,0.333333333333
Sanctuary,-3.8031187237786077,0.47297297297297297,,Sprint,0.33692363428937994,0.47297297297297297,
