Items_most_pop,Items_most_pop_L2,Items_most_pop_winrate,Items_L2,Items_L2_coef,Items_L2_winrate,Items_gold_adjusted_L2,Items_gold_adjusted_L2_coef,Items_gold_adjusted_L2_winrate
Warrior Tabi,64.603031416876,0.5364583333333334,Titan's Bane,104.67758642699599,0.5857142857142857,Titan's Bane,5.106223728146146,2.857142857142857
Transcendence,0.9641366459784275,0.4860335195530726,Warrior Tabi,64.603031416876,0.5364583333333334,Warrior Tabi,4.167937510766193,3.461021505376344
Asi,-19.97441137325272,0.48091603053435117,Soul Eater,55.990370281982074,0.5769230769230769,Soul Eater,2.7995185140991032,2.8846153846153846
Qin's Sais,-188.27758335662816,0.4645669291338583,Transcendence,0.9641366459784275,0.4860335195530726,Transcendence,0.03708217869147798,1.8693596905887409
The Executioner,-18.705361174358217,0.5172413793103449,Jotunn's Wrath,-1.3264608341914255,0.47058823529411764,Jotunn's Wrath,-0.05436314894227153,1.9286403085824493
Titan's Bane,104.67758642699599,0.5857142857142857,Wind Demon,-5.273406792622408,0.45454545454545453,Wind Demon,-0.20282333817778495,1.7482517482517483
