,recommendations,win_rate,win_rate_per_cost
Starter Item,Death's Toll,,
Boots,Ninja Tabi,0.642857142857,3.83333333333
Item2,Titan's Bane,0.6078431372549019,2.60009203866
Item3,Transcendence,0.5338078291814946,2.05007256894
Item4,Asi,0.5330188679245284,2.99448802205
Item5,Devourer's Gauntlet,0.761904761905,3.71660859466
Item6,Soul Eater,0.68,3.4
Relic1,Purification,0.562874251497,
Relic2,Sprint,0.518518518519,
