Relics_most_pop,Relics_most_pop_L2,Relics_most_pop_winrate,Relics_most_pop_wr_paired,Relics_L2,Relics_L2_coef,Relics_L2_winrate,Relics_L2_wr_paired
Purification,8.768829515728562,0.4743083003952569,0.6,Purification,8.768829515728562,0.4743083003952569,0.6
Sanctuary,-6.401519309273889,0.4585152838427948,,Curse,3.8096382466492176,0.5555555555555556,
