Relics_most_pop,Relics_most_pop_L2,Relics_most_pop_winrate,Relics_most_pop_wr_paired,Relics_L2,Relics_L2_coef,Relics_L2_winrate,Relics_L2_wr_paired
Purification,0.17321813130843994,0.5104166666666666,0.519480519481,Purification,0.17321813130843994,0.5104166666666666,0.519480519481
Sanctuary,-0.16777554043001425,0.48314606741573035,,Sanctuary,-0.16777554043001425,0.48314606741573035,
