Relics_most_pop,Relics_most_pop_L2,Relics_most_pop_winrate,Relics_most_pop_wr_paired,Relics_L2,Relics_L2_coef,Relics_L2_winrate,Relics_L2_wr_paired
Purification,-0.8088570206981421,0.4649122807017544,0.47619047619,Sprint,0.41779428296180876,0.48,0.47619047619
Sanctuary,-1.3277746700492237,0.46153846153846156,,Purification,-0.8088570206981421,0.4649122807017544,
