,recommendations,win_rate,win_rate_per_cost
Starter Item,Death's Toll,,
Boots,Ninja Tabi,0.483333333333,3.1884057971
Item2,Qin's Sais,0.48333333333333334,1.79012345679
Item3,Asi,0.44642857142857145,2.71535580524
Item4,The Executioner,0.3695652173913043,2.14814814815
Item5,Ichaival,0.588235294118,3.06905370844
Item6,Wind Demon,0.521739130435,2.26244343891
Relic1,Sprint,0.526315789474,
Relic2,Sanctuary,0.414634146341,
