Items_most_pop,Items_most_pop_L2,Items_most_pop_winrate,Items_L2,Items_L2_coef,Items_L2_winrate,Items_gold_adjusted_L2,Items_gold_adjusted_L2_coef,Items_gold_adjusted_L2_winrate
Transcendence,5.712803497643888,0.5064102564102564,Titan's Bane,11.623081788854243,0.6060606060606061,Titan's Bane,0.5669795994563045,2.9563932002956395
Warrior Tabi,-6.719584763155506,0.47297297297297297,Qin's Sais,8.959743831099672,0.5555555555555556,Asi,0.41945048760199843,3.0288226673180265
Asi,7.466218679315571,0.5391304347826087,Asi,7.466218679315571,0.5391304347826087,Qin's Sais,0.3318423641148026,2.05761316872428
Qin's Sais,8.959743831099672,0.5555555555555556,Deathbringer,7.013328214817712,0.6052631578947368,Transcendence,0.21972321144784185,1.9477317554240632
Titan's Bane,11.623081788854243,0.6060606060606061,Transcendence,5.712803497643888,0.5064102564102564,Deathbringer,0.2191665067130535,1.8914473684210527
The Executioner,0.8821486199667914,0.5084745762711864,Jotunn's Wrath,4.802797081363527,0.6153846153846154,Jotunn's Wrath,0.19683594595752157,2.5220680958385877
