Items_most_pop,Items_most_pop_L2,Items_most_pop_winrate,Items_L2,Items_L2_coef,Items_L2_winrate,Items_gold_adjusted_L2,Items_gold_adjusted_L2_coef,Items_gold_adjusted_L2_winrate
Transcendence,3.637731021085492,0.5894736842105263,Titan's Bane,5.903479219469843,0.7021276595744681,Titan's Bane,0.2879745960716997,3.4250129735339905
Warrior Tabi,3.921910954361558,0.6,Warrior Tabi,3.921910954361558,0.6,Warrior Tabi,0.2530265131846166,3.870967741935484
Asi,1.3946805840048753,0.574468085106383,Bloodforge,3.7264790523099993,0.8571428571428571,The Crusher,0.14369869963142629,3.260869565217391
Titan's Bane,5.903479219469843,0.7021276595744681,Transcendence,3.637731021085492,0.5894736842105263,Transcendence,0.13991273158021122,2.2672064777327936
Qin's Sais,-1.799317595911439,0.4888888888888889,The Crusher,3.305070091522804,0.75,Bloodforge,0.1307536509582456,3.007518796992481
Ninja Tabi,-0.3929090751665963,0.5151515151515151,Brawler's Beat Stick,1.939481607924393,0.7142857142857143,Brawler's Beat Stick,0.08081173366351638,2.9761904761904763
