,recommendations,win_rate,win_rate_per_cost
Starter Item,Death's Toll,,
Boots,Warrior Tabi,0.578947368421,3.39239739512
Item2,Qin's Sais,0.5789473684210527,1.94003527337
Item3,Transcendence,0.5238095238095238,2.01465201465
Item4,Jotunn's Wrath,0.5846153846153846,2.14676034348
Item5,Brawler's Beat Stick,0.666666666667,2.77777777778
Item6,Asi,0.526717557252,2.95908740029
Relic1,Teleport,0.538461538462,
Relic2,Meditation,0.583333333333,
