Items_most_pop,Items_most_pop_L2,Items_most_pop_winrate,Items_L2,Items_L2_coef,Items_L2_winrate,Items_gold_adjusted_L2,Items_gold_adjusted_L2_coef,Items_gold_adjusted_L2_winrate
Transcendence,29.285666385020587,0.6413043478260869,Titan's Bane,39.45952290822469,0.7674418604651163,Titan's Bane,1.9248547760109607,3.7436188315371526
Warrior Tabi,12.77439219979728,0.625,Transcendence,29.285666385020587,0.6413043478260869,Transcendence,1.1263717840392533,2.4665551839464883
Asi,9.615094625425442,0.6153846153846154,Brawler's Beat Stick,15.35578262548114,0.8,Warrior Tabi,0.8241543354707923,4.032258064516129
Qin's Sais,0.7396823071595791,0.6086956521739131,Warrior Tabi,12.77439219979728,0.625,Brawler's Beat Stick,0.6398242760617142,3.3333333333333335
Ninja Tabi,-12.266153600738333,0.5227272727272727,Asi,9.615094625425442,0.6153846153846154,Asi,0.54017385536098,3.4572169403630078
Titan's Bane,39.45952290822469,0.7674418604651163,Hastened Fatalis,9.342498489613513,0.7272727272727273,Hastened Fatalis,0.43656534998193985,3.398470688190314
