Relics_most_pop,Relics_most_pop_L2,Relics_most_pop_winrate,Relics_most_pop_wr_paired,Relics_L2,Relics_L2_coef,Relics_L2_winrate,Relics_L2_wr_paired
Purification,1.3246696151350479,0.5325077399380805,0.545454545455,Teleport,4.397883708722853,0.5730337078651685,0.545454545455
Sanctuary,0.46357172498383264,0.5328947368421053,,Sprint,1.971801544392287,0.543046357615894,
