Relics_most_pop,Relics_most_pop_L2,Relics_most_pop_winrate,Relics_most_pop_wr_paired,Relics_L2,Relics_L2_coef,Relics_L2_winrate,Relics_L2_wr_paired
Purification,0.2642710700670823,0.6014760147601476,0.575163398693,Purification,0.2642710700670823,0.6014760147601476,0.575163398693
Sanctuary,0.1406217394311443,0.5604838709677419,,Sanctuary,0.1406217394311443,0.5604838709677419,
