Relics_most_pop,Relics_most_pop_L2,Relics_most_pop_winrate,Relics_most_pop_wr_paired,Relics_L2,Relics_L2_coef,Relics_L2_winrate,Relics_L2_wr_paired
Purification,3.75577271886526,0.6049382716049383,0.75,Sanctuary,32.28918694164183,0.6617647058823529,0.75
Sanctuary,32.28918694164183,0.6617647058823529,,Teleport,8.520851167966615,0.6842105263157895,
