Items_most_pop,Items_most_pop_L2,Items_most_pop_winrate,Items_L2,Items_L2_coef,Items_L2_winrate,Items_gold_adjusted_L2,Items_gold_adjusted_L2_coef,Items_gold_adjusted_L2_winrate
Transcendence,2.786236803475757,0.5441941074523396,Titan's Bane,2.936215025419774,0.5938697318007663,Titan's Bane,0.14323000123998897,2.8969255209793476
Warrior Tabi,1.1655889412808915,0.5272045028142589,Transcendence,2.786236803475757,0.5441941074523396,Transcendence,0.10716295397983681,2.093054259432076
Asi,0.6824718738807224,0.5288461538461539,Jotunn's Wrath,1.9678695774119244,0.5950920245398773,The Crusher,0.08190978901497309,2.737520128824477
Qin's Sais,1.6384050494841782,0.5518394648829431,The Crusher,1.883925147344381,0.6296296296296297,Jotunn's Wrath,0.08065039251688215,2.43890173991753
Titan's Bane,2.936215025419774,0.5938697318007663,Brawler's Beat Stick,1.7280469289673643,0.6582278481012658,Warrior Tabi,0.07519928653425106,3.4013193729952187
Ninja Tabi,0.03865175360838839,0.5097087378640777,Qin's Sais,1.6384050494841782,0.5518394648829431,Brawler's Beat Stick,0.07200195537364017,2.742616033755274
