,recommendations,win_rate,win_rate_per_cost
Starter Item,Death's Toll,,
Boots,Ninja Tabi,0.660714285714,3.76811594203
Item2,Transcendence,0.565947242206235,2.08200890019
Item3,Titan's Bane,0.5944444444444444,2.6405966539
Item4,Asi,0.5413223140495868,3.04113659578
Item5,Soul Eater,0.623188405797,3.11594202899
Item6,Brawler's Beat Stick,0.565217391304,2.75297619048
Relic1,Meditation,0.59375,
Relic2,Teleport,0.551401869159,
