,recommendations,win_rate,win_rate_per_cost
Starter Item,Death's Toll,,
Boots,Warrior Tabi,0.5755102040816327,3.399236906
Item2,Transcendence,0.5797665369649806,2.0264681555
Item3,Titan's Bane,0.6694915254237288,2.57015473381
Item4,Asi,0.5606060606060606,2.96000966534
Item5,The Crusher,0.727272727273,3.16205533597
Item6,Ichaival,0.758620689655,3.73608903021
Relic1,Sanctuary,0.58883248731,
Relic2,Meditation,0.608695652174,
