Relics_most_pop,Relics_most_pop_L2,Relics_most_pop_winrate,Relics_most_pop_wr_paired,Relics_L2,Relics_L2_coef,Relics_L2_winrate,Relics_L2_wr_paired
Purification,7.168834039469838,0.5397727272727273,0.655172413793,Purification,7.168834039469838,0.5397727272727273,0.655172413793
Sanctuary,-7.82844713817931,0.487012987012987,,Teleport,1.6720822155369444,0.55,
