Items_most_pop,Items_most_pop_L2,Items_most_pop_winrate,Items_L2,Items_L2_coef,Items_L2_winrate,Items_gold_adjusted_L2,Items_gold_adjusted_L2_coef,Items_gold_adjusted_L2_winrate
Transcendence,1.266980143676074,0.5529411764705883,Qin's Sais,2.1772457643495198,0.6521739130434783,Warrior Tabi,0.09396887452581874,3.673835125448029
Warrior Tabi,1.4565175551501905,0.5694444444444444,Warrior Tabi,1.4565175551501905,0.5694444444444444,Qin's Sais,0.08063873201294516,2.4154589371980677
Qin's Sais,2.1772457643495198,0.6521739130434783,Transcendence,1.266980143676074,0.5529411764705883,Transcendence,0.04873000552600284,2.1266968325791855
Titan's Bane,-0.29116425855915484,0.4864864864864865,Soul Eater,0.9542446886243737,0.7142857142857143,Soul Eater,0.04771223443121869,3.5714285714285716
Asi,0.7268331788588479,0.5675675675675675,Asi,0.7268331788588479,0.5675675675675675,Asi,0.040833324654991454,3.1885818402672337
Ninja Tabi,-0.9062008645161761,0.42857142857142855,The Crusher,0.6440700122341457,0.6666666666666666,The Crusher,0.028003044010180247,2.898550724637681
