Items_most_pop,Items_most_pop_L2,Items_most_pop_winrate,Items_L2,Items_L2_coef,Items_L2_winrate,Items_gold_adjusted_L2,Items_gold_adjusted_L2_coef,Items_gold_adjusted_L2_winrate
Transcendence,18.967137650268455,0.48717948717948717,Asi,88.29337319309506,0.5964912280701754,Asi,4.960301864780622,3.3510743150009854
Warrior Tabi,-12.203541669470347,0.5,Soul Eater,46.2538966718091,0.5,Soul Eater,2.3126948335904554,2.5
Ninja Tabi,7.031241410125276,0.484375,Wind Demon,28.27042109442397,0.6470588235294118,Wind Demon,1.0873238882470757,2.48868778280543
Qin's Sais,15.1365307434723,0.5625,Hastened Fatalis,23.156698769403675,0.6,Hastened Fatalis,1.0820887275422277,2.803738317757009
Titan's Bane,-6.4186496274856895,0.5,Transcendence,18.967137650268455,0.48717948717948717,Transcendence,0.7295052942410944,1.873767258382643
Asi,88.29337319309506,0.5964912280701754,Bloodforge,17.614604505542765,0.5,Bloodforge,0.618056298440097,1.7543859649122806
