Items_most_pop,Items_most_pop_L2,Items_most_pop_winrate,Items_L2,Items_L2_coef,Items_L2_winrate,Items_gold_adjusted_L2,Items_gold_adjusted_L2_coef,Items_gold_adjusted_L2_winrate
Transcendence,5.157589440670502,0.5375,Bloodforge,12.04080708546286,0.6956521739130435,Ichaival,0.6745514817654056,3.485838779956427
Warrior Tabi,8.87377947875725,0.5563380281690141,Ichaival,11.467375190011895,0.5925925925925926,Warrior Tabi,0.5725019018553065,3.5892776010904135
Asi,4.959612800715458,0.5697674418604651,Qin's Sais,11.365762491337932,0.5903614457831325,Hastened Fatalis,0.47677067810391927,3.0615533354817916
Qin's Sais,11.365762491337932,0.5903614457831325,Hastened Fatalis,10.202892511423872,0.6551724137931034,Titan's Bane,0.4262511759866867,2.9401937854994986
Titan's Bane,8.738149107727079,0.6027397260273972,Warrior Tabi,8.87377947875725,0.5563380281690141,Bloodforge,0.42248445913904775,2.440884820747521
Ninja Tabi,-4.570170704027894,0.47619047619047616,Titan's Bane,8.738149107727079,0.6027397260273972,Qin's Sais,0.42095416634584937,2.186523873270861
