Relics_most_pop,Relics_most_pop_L2,Relics_most_pop_winrate,Relics_most_pop_wr_paired,Relics_L2,Relics_L2_coef,Relics_L2_winrate,Relics_L2_wr_paired
Teleport,0.9169930794353262,0.5219298245614035,0.0,Sprint,3.9856520539995275,0.6046511627906976,0.0
Meditation,-1.4435201398746318,0.5072463768115942,,Curse,1.8089933781241045,0.5555555555555556,
