Items_most_pop,Items_most_pop_L2,Items_most_pop_winrate,Items_L2,Items_L2_coef,Items_L2_winrate,Items_gold_adjusted_L2,Items_gold_adjusted_L2_coef,Items_gold_adjusted_L2_winrate
Warrior Tabi,-5.378442203992076,0.4121951219512195,Frostbound Hammer,17.87464080194029,0.5,Frostbound Hammer,0.7771582957365345,2.1739130434782608
Breastplate of Valor,-0.9324413398734978,0.4177215189873418,Titan's Bane,14.389775036486277,0.7391304347826086,Titan's Bane,0.7019402456822573,3.605514316012725
Frostbound Hammer,17.87464080194029,0.5,Genji's Guard,5.961954434863727,0.525,Genji's Guard,0.2709979288574421,2.3863636363636362
Bulwark of Hope,-5.418347951490325,0.408,Hide of the Urchin,5.735688455182482,0.4915254237288136,Hide of the Urchin,0.23898701896593674,2.0480225988700567
Death's Toll,3.9187401825359576,0.411214953271028,Void Shield,4.60816702431139,0.475,Winged Blade,0.19872667891209206,2.457002457002457
Winged Blade,3.676443559873703,0.45454545454545453,Qin's Sais,4.286064618637952,0.49019607843137253,Void Shield,0.17067285275227373,1.7592592592592593
