,recommendations,win_rate,win_rate_per_cost
Starter Item,Death's Toll,,
Boots,Warrior Tabi,0.666666666667,3.50806451613
Item2,Bulwark of Hope,0.7045454545454546,1.28943126871
Item3,Frostbound Hammer,0.647887323943662,1.41557128413
Item4,Breastplate of Valor,0.5639097744360902,1.41557128413
Item5,Qin's Sais,0.714285714286,2.6455026455
Item6,Winged Blade,0.563909774436,3.40775558167
Relic1,Shell,0.785714285714,
Relic2,Sprint,0.631578947368,
