Items_most_pop,Items_most_pop_L2,Items_most_pop_winrate,Items_L2,Items_L2_coef,Items_L2_winrate,Items_gold_adjusted_L2,Items_gold_adjusted_L2_coef,Items_gold_adjusted_L2_winrate
Warrior Tabi,5.577721848973819,0.5185185185185185,Bulwark of Hope,30.07451528513939,0.7,Bulwark of Hope,1.1910699122827482,2.772277227722772
Breastplate of Valor,-0.23835400271290558,0.5185185185185185,Qin's Sais,15.19978029057311,0.6875,Winged Blade,0.7196679441422412,3.4197462768891342
Frostbound Hammer,-0.6780158207755149,0.5288461538461539,Winged Blade,13.313856966631462,0.6326530612244898,Qin's Sais,0.5629548255767818,2.5462962962962963
Bulwark of Hope,30.07451528513939,0.7,Pestilence,7.729973789592316,0.5869565217391305,Shield of Regrowth,0.38841941803700614,3.8461538461538463
Death's Toll,-15.534663377463568,0.3684210526315789,Shield of Regrowth,6.991549524666111,0.6923076923076923,Warrior Tabi,0.3598530225144399,3.3452807646356035
Bluestone Pendant,14.060907120246085,0.5961538461538461,Warrior Tabi,5.577721848973819,0.5185185185185185,Pestilence,0.3595336646322007,2.730030333670374
