Relics_most_pop,Relics_most_pop_L2,Relics_most_pop_winrate,Relics_most_pop_wr_paired,Relics_L2,Relics_L2_coef,Relics_L2_winrate,Relics_L2_wr_paired
Teleport,2.310359999778171,0.49787835926449786,0.75,Curse,12.866141568878719,0.5755813953488372,0.75
Meditation,7.623730479646261,0.5235849056603774,,Meditation,7.623730479646261,0.5235849056603774,
