Items_most_pop,Items_most_pop_L2,Items_most_pop_winrate,Items_L2,Items_L2_coef,Items_L2_winrate,Items_gold_adjusted_L2,Items_gold_adjusted_L2_coef,Items_gold_adjusted_L2_winrate
Warrior Tabi,-0.14965462691735842,0.49318463444857497,Frostbound Hammer,0.7158958436118394,0.5697674418604651,Frostbound Hammer,0.031125906243993022,2.4772497472194135
Breastplate of Valor,0.20413233872787323,0.510236220472441,Mantle of Discord,0.5686526732357275,0.6376811594202898,Winged Blade,0.02165669780552407,3.027027027027027
Frostbound Hammer,0.7158958436118394,0.5697674418604651,Pestilence,0.43502916276302067,0.5751295336787565,Pestilence,0.02023391454711724,2.675021086877937
Winged Blade,0.4006489094021953,0.56,Winged Blade,0.4006489094021953,0.56,Mantle of Discord,0.01834363462050734,2.057035998129967
Death's Toll,-0.6480059413840336,0.39908256880733944,Hide of the Urchin,0.37514826616992347,0.5925925925925926,Witchblade,0.017620204134173364,2.882483370288248
Bulwark of Hope,0.19355079812661163,0.5320197044334976,Witchblade,0.36121418475055395,0.5909090909090909,Titan's Bane,0.016937221448566204,3.458980044345898
