Items_most_pop,Items_most_pop_L2,Items_most_pop_winrate,Items_L2,Items_L2_coef,Items_L2_winrate,Items_gold_adjusted_L2,Items_gold_adjusted_L2_coef,Items_gold_adjusted_L2_winrate
Warrior Tabi,-1.0158849032566377,0.5226277372262774,Frostbound Hammer,34.681249508254375,0.6306620209059234,Frostbound Hammer,1.507880413402364,2.7420087865474927
Breastplate of Valor,16.297808369373083,0.553072625698324,Hide of the Urchin,23.913041256737973,0.6356589147286822,Hide of the Urchin,0.996376719030749,2.648578811369509
Frostbound Hammer,34.681249508254375,0.6306620209059234,Breastplate of Valor,16.297808369373083,0.553072625698324,Winged Blade,0.8505922840929516,3.205215265516773
Winged Blade,15.735957255719605,0.592964824120603,Winged Blade,15.735957255719605,0.592964824120603,Breastplate of Valor,0.7086003638857862,2.404663589992713
Bulwark of Hope,-4.401579542842539,0.5307262569832403,Mantle of Discord,15.142642022146175,0.6260869565217392,Mantle of Discord,0.48847232329503787,2.0196353436185133
Death's Toll,2.340084358552182,0.49142857142857144,Qin's Sais,7.3220466050839885,0.6022727272727273,Genji's Guard,0.3235819071316404,2.7528809218950063
