,recommendations,win_rate,win_rate_per_cost
Starter Item,Death's Toll,,
Boots,Warrior Tabi,0.548854041013269,3.91810281337
Item2,Frostbound Hammer,0.6256684491978609,2.64046059162
Item3,Winged Blade,0.6106194690265486,3.28273478958
Item4,Breastplate of Valor,0.5610510046367851,2.64046059162
Item5,Qin's Sais,0.625668449198,2.6455026455
Item6,Hide of the Urchin,0.642424242424,2.67676767677
Relic1,Meditation,0.634920634921,
Relic2,Wrath,0.65306122449,
