Items_most_pop,Items_most_pop_L2,Items_most_pop_winrate,Items_L2,Items_L2_coef,Items_L2_winrate,Items_gold_adjusted_L2,Items_gold_adjusted_L2_coef,Items_gold_adjusted_L2_winrate
Warrior Tabi,0.25290735755320276,0.5299145299145299,Mantle of Discord,0.4182650321378793,0.72,Warrior Tabi,0.016316603713109855,3.4188034188034186
Breastplate of Valor,0.2552172495526707,0.5402298850574713,Pestilence,0.26574842318866193,0.6666666666666666,Winged Blade,0.014186347212757612,3.214024835646457
Frostbound Hammer,0.1451652123187742,0.5344827586206896,Winged Blade,0.26244742343601585,0.5945945945945946,Mantle of Discord,0.013492420391544493,2.3225806451612905
Winged Blade,0.26244742343601585,0.5945945945945946,Breastplate of Valor,0.2552172495526707,0.5402298850574713,Pestilence,0.012360391776216834,3.10077519379845
Bulwark of Hope,-0.15970953394781456,0.4375,Warrior Tabi,0.25290735755320276,0.5299145299145299,Breastplate of Valor,0.011096402154463945,2.348825587206397
Bluestone Pendant,-0.1948429116965422,0.4074074074074074,Spirit Robe,0.1518465549738718,0.6428571428571429,Frostbound Hammer,0.006311530970381487,2.3238380809595203
