,recommendations,win_rate,win_rate_per_cost
Starter Item,Bluestone Pendant,,
Boots,Warrior Tabi,0.664285714286,3.70820923696
Item2,Frostbound Hammer,0.6153846153846154,2.49901057274
Item3,Breastplate of Valor,0.5743243243243243,2.49901057274
Item4,Bluestone Pendant,0.5297297297297298,7.18465539662
Item5,Titan's Bane,0.666666666667,3.60551431601
Item6,Qin's Sais,0.615384615385,2.46913580247
Relic1,Wrath,0.7,
Relic2,Meditation,0.603524229075,
