Items_most_pop,Items_most_pop_L2,Items_most_pop_winrate,Items_L2,Items_L2_coef,Items_L2_winrate,Items_gold_adjusted_L2,Items_gold_adjusted_L2_coef,Items_gold_adjusted_L2_winrate
Shoes of the Magi,2.927543015517484,0.4629156010230179,Rod of Tahuti,24.00033413206485,0.5882352941176471,Rod of Tahuti,0.722901630483881,1.7717930545712262
Obsidian Shard,-0.2840162548716855,0.48299319727891155,Soul Reaver,19.264032910346014,0.6413043478260869,Soul Reaver,0.6552392146376196,2.181307305530908
Book of Thoth,12.414064700368293,0.5057471264367817,Book of Thoth,12.414064700368293,0.5057471264367817,Bancroft's Talon,0.4714932466502711,2.4305555555555554
Rod of Tahuti,24.00033413206485,0.5882352941176471,Bancroft's Talon,11.315837919606505,0.5833333333333334,Book of Thoth,0.4684552717120111,1.9084797224029495
Soul Stone,-15.572460670224816,0.3522727272727273,Dynasty Plate Helm,7.860726994783872,0.5,Dynasty Plate Helm,0.4623957055755219,2.9411764705882355
Chronos' Pendant,-11.103069681861868,0.41379310344827586,Doom Orb,4.982640112254456,0.5666666666666667,Doom Orb,0.2430556152319247,2.7642276422764227
