Items_most_pop,Items_most_pop_L2,Items_most_pop_winrate,Items_L2,Items_L2_coef,Items_L2_winrate,Items_gold_adjusted_L2,Items_gold_adjusted_L2_coef,Items_gold_adjusted_L2_winrate
Shoes of the Magi,-0.1717874618369484,0.4895591647331787,Rod of Tahuti,0.8929237528791971,0.6096256684491979,Rod of Tahuti,0.0268952937614216,1.8362218929192706
Obsidian Shard,0.5096778263382324,0.5356037151702786,Soul Reaver,0.5458886591795011,0.6470588235294118,Obsidian Shard,0.0248623329921089,2.612701049611115
Book of Thoth,0.16761310925254713,0.5128205128205128,Obsidian Shard,0.5096778263382324,0.5356037151702786,Soul Reaver,0.018567641468690516,2.200880352140856
Soul Stone,-0.7823960997688225,0.4106280193236715,Dynasty Plate Helm,0.22394551472405158,0.5409836065573771,Dynasty Plate Helm,0.013173265572003035,3.1822565091610415
Rod of Tahuti,0.8929237528791971,0.6096256684491979,Book of Thoth,0.16761310925254713,0.5128205128205128,Book of Thoth,0.006325022990662155,1.9351717464925011
Warlock's Sash,0.16191431236608014,0.5228758169934641,Warlock's Sash,0.16191431236608014,0.5228758169934641,Warlock's Sash,0.0061099740515501945,1.9731162905413737
