Items_most_pop,Items_most_pop_L2,Items_most_pop_winrate,Items_L2,Items_L2_coef,Items_L2_winrate,Items_gold_adjusted_L2,Items_gold_adjusted_L2_coef,Items_gold_adjusted_L2_winrate
Shoes of the Magi,-9.674694702773037,0.4520547945205479,Rod of Tahuti,24.355347059639534,0.5314685314685315,Book of Thoth,0.8711615240211854,1.9064465408805031
Obsidian Shard,-20.667602050934256,0.4444444444444444,Book of Thoth,23.085780386561414,0.5052083333333334,Rod of Tahuti,0.7335947909529981,1.6008088297244925
Book of Thoth,23.085780386561414,0.5052083333333334,Dynasty Plate Helm,12.166135534442056,0.5113636363636364,Dynasty Plate Helm,0.715655031437768,3.0080213903743314
Soul Stone,11.581020352447098,0.46853146853146854,Bancroft's Talon,12.03066889153979,0.5102040816326531,Bancroft's Talon,0.5012778704808246,2.1258503401360542
Rod of Tahuti,24.355347059639534,0.5314685314685315,Spear of Desolation,9.589045964462075,0.5882352941176471,Shoes of Focus,0.26394573438160696,3.076923076923077
Warlock's Sash,-9.556957251851749,0.41414141414141414,Shoes of Focus,3.959186015724104,0.46153846153846156,Spear of Desolation,0.2523433148542651,1.5479876160990713
