Relics_most_pop,Relics_most_pop_L2,Relics_most_pop_winrate,Relics_most_pop_wr_paired,Relics_L2,Relics_L2_coef,Relics_L2_winrate,Relics_L2_wr_paired
Purification,-2.1571233478324325,0.4435483870967742,0.448888888889,Purification,-2.1571233478324325,0.4435483870967742,0.448888888889
Sanctuary,-5.071914714900781,0.43621399176954734,,Sanctuary,-5.071914714900781,0.43621399176954734,
