,recommendations,win_rate,win_rate_per_cost
Starter Item,Soul Stone,,
Boots,Shoes of Focus,0.529411764706,3.52941176471
Item2,Rod of Tahuti,0.551219512195122,1.00401606426
Item3,Book of Thoth,0.45874587458745875,1.25786163522
Item4,Warlock's Sash,0.4397590361445783,1.25786163522
Item5,Soul Reaver,0.621359223301,2.11346674592
Item6,Dynasty Plate Helm,0.439759036145,2.50797993616
Relic1,Sprint,0.526315789474,
Relic2,Sanctuary,0.426160337553,
