,recommendations,win_rate,win_rate_per_cost
Starter Item,Soul Stone,,
Boots,Shoes of the Magi,0.4158415841584158,2.79605263158
Item2,Rod of Tahuti,0.5317460317460317,1.34749524413
Item3,Obsidian Shard,0.4660633484162896,2.18228498074
Item4,Book of Thoth,0.45408163265306123,1.68818272095
Item5,Soul Reaver,0.578125,1.96641156463
Item6,Bancroft's Talon,0.454081632653,2.27272727273
Relic1,Sanctuary,0.44,
Relic2,Purification,0.424050632911,
