,recommendations,win_rate,win_rate_per_cost
Starter Item,Soul Stone,,
Boots,Shoes of the Magi,0.4547677261613692,2.97067901235
Item2,Book of Thoth,0.48872180451127817,1.79361751689
Item3,Rod of Tahuti,0.5170731707317073,1.43165253607
Item4,Warlock's Sash,0.47530864197530864,1.79361751689
Item5,Dynasty Plate Helm,0.585365853659,3.0779753762
Item6,Soul Reaver,0.488721804511,1.99104031857
Relic1,Sprint,0.586206896552,
Relic2,Relic,0.423076923077,
