,recommendations,win_rate,win_rate_per_cost
Starter Item,Soul Stone,,
Boots,Shoes of the Magi,0.37272727272727274,2.48287671233
Item2,Rod of Tahuti,0.5360824742268041,1.19656709028
Item3,Book of Thoth,0.41353383458646614,1.49909537348
Item4,Warlock's Sash,0.3972602739726027,1.49909537348
Item5,Doom Orb,0.642857142857,3.13588850174
Item6,Soul Reaver,0.538461538462,1.8315018315
Relic1,Purification,0.395454545455,
Relic2,Sprint,0.384615384615,
