,recommendations,win_rate,win_rate_per_cost
Starter Item,Soul Stone,,
Boots,Shoes of the Magi,0.4119047619047619,3.03697183099
Item2,Rod of Tahuti,0.5491329479768786,1.4636008824
Item3,Chronos' Pendant,0.4859154929577465,2.02464788732
Item4,Soul Stone,0.35023041474654376,6.07394366197
Item5,Dynasty Plate Helm,0.446601941748,2.62707024557
Item6,Doom Orb,0.41935483871,2.04563335956
Relic1,Purification,0.412177985948,
Relic2,Sanctuary,0.42039800995,
