,recommendations,win_rate,win_rate_per_cost
Starter Item,Soul Stone,,
Boots,Shoes of the Magi,0.30597014925373134,2.36111111111
Item2,Rod of Tahuti,0.4492753623188406,1.13788487282
Item3,Warlock's Sash,0.37777777777777777,1.42557651992
Item4,Book of Thoth,0.3333333333333333,1.42557651992
Item5,Polynomicon,0.5,2.17391304348
Item6,Spear of Desolation,0.5,1.31578947368
Relic1,Sprint,0.6,
Relic2,Relic,0.0,
