,recommendations,win_rate,win_rate_per_cost
Starter Item,Soul Stone,,
Boots,Shoes of Focus,0.462962962963,3.52941176471
Item2,Rod of Tahuti,0.6233766233766234,1.39446675591
Item3,Book of Thoth,0.46296296296296297,1.74703004892
Item4,Warlock's Sash,0.4090909090909091,1.74703004892
Item5,Bancroft's Talon,0.608695652174,2.53623188406
Item6,Soul Reaver,0.529411764706,1.9436345967
Relic1,Relic,0.272727272727,
Relic2,Purification,0.423529411765,
