Relics_most_pop,Relics_most_pop_L2,Relics_most_pop_winrate,Relics_most_pop_wr_paired,Relics_L2,Relics_L2_coef,Relics_L2_winrate,Relics_L2_wr_paired
Purification,1.4095048845614024,0.5197424892703862,0.528672032193,Purification,1.4095048845614024,0.5197424892703862,0.528672032193
Sanctuary,1.2476255823633,0.5239005736137667,,Sanctuary,1.2476255823633,0.5239005736137667,
