,recommendations,win_rate,win_rate_per_cost
Starter Item,Death's Toll,,
Boots,Warrior Tabi,0.5347758887171561,3.6191974823
Item2,Wind Demon,0.6394472361809045,2.15759849906
Item3,Qin's Sais,0.5931842385516507,2.07768744354
Item4,Devourer's Gauntlet,0.538163001293661,2.73646638905
Item5,Deathbringer,0.639447236181,2.09528688525
Item6,Titan's Bane,0.603448275862,2.94365012616
Relic1,Relic,0.43023255814,
Relic2,Sprint,0.567415730337,
