Relics_most_pop,Relics_most_pop_L2,Relics_most_pop_winrate,Relics_most_pop_wr_paired,Relics_L2,Relics_L2_coef,Relics_L2_winrate,Relics_L2_wr_paired
Purification,14.08898932237502,0.5524475524475524,0.642857142857,Purification,14.08898932237502,0.5524475524475524,0.642857142857
Sanctuary,-13.41604854465211,0.5476190476190477,,Sprint,8.843632986977386,0.6129032258064516,
