Relics_most_pop,Relics_most_pop_L2,Relics_most_pop_winrate,Relics_most_pop_wr_paired,Relics_L2,Relics_L2_coef,Relics_L2_winrate,Relics_L2_wr_paired
Purification,10.231146214413602,0.5271173848439822,0.436241610738,Purification,10.231146214413602,0.5271173848439822,0.436241610738
Sanctuary,-4.206630565912842,0.5274725274725275,,Relic,9.300998087760656,0.44808743169398907,
