Items_most_pop,Items_most_pop_L2,Items_most_pop_winrate,Items_L2,Items_L2_coef,Items_L2_winrate,Items_gold_adjusted_L2,Items_gold_adjusted_L2_coef,Items_gold_adjusted_L2_winrate
Warrior Tabi,-3.498316584103852,0.48315248429468877,Deathbringer,17.432458891197854,0.6183699870633894,Deathbringer,0.5447643403499329,1.9324062095730918
Ichaival,-2.5395171633348643,0.47578785549577246,Wind Demon,12.021184165588977,0.570877531340405,Wind Demon,0.46235323713803755,2.1956828128477115
Qin's Sais,2.463378530466375,0.515527950310559,Ninja Tabi,4.479030691407473,0.5475206611570248,Ninja Tabi,0.29860204609383156,3.650137741046832
Wind Demon,12.021184165588977,0.570877531340405,The Executioner,2.4829345763044577,0.5202558635394456,The Executioner,0.11035264783575367,2.3122482823975363
Devourer's Gauntlet,-0.37453126168864226,0.4950884086444008,Qin's Sais,2.463378530466375,0.515527950310559,Qin's Sais,0.09123624186912499,1.9093627789279963
The Executioner,2.4829345763044577,0.5202558635394456,Transcendence,0.8784802849081237,0.5175438596491229,Asi,0.04831580985429857,2.829973738803017
