Relics_most_pop,Relics_most_pop_L2,Relics_most_pop_winrate,Relics_most_pop_wr_paired,Relics_L2,Relics_L2_coef,Relics_L2_winrate,Relics_L2_wr_paired
Purification,-0.5995963950511942,0.48547008547008547,0.0,Relic,-0.16765611229072394,0.45714285714285713,0.0
Sanctuary,-1.1460454964629334,0.4796116504854369,,Sprint,-0.20300110088246553,0.4727272727272727,
