Items_most_pop,Items_most_pop_L2,Items_most_pop_winrate,Items_L2,Items_L2_coef,Items_L2_winrate,Items_gold_adjusted_L2,Items_gold_adjusted_L2_coef,Items_gold_adjusted_L2_winrate
Warrior Tabi,-0.8024061171303316,0.5427319211102994,Deathbringer,38.46264394784998,0.6773648648648649,Deathbringer,1.201957623370312,2.1167652027027026
Ichaival,18.557066993681214,0.5521821631878557,Wind Demon,19.452499967031848,0.6208651399491094,Ichaival,1.091592176098895,3.2481303716932692
Qin's Sais,10.761610451458093,0.5840886203423967,Ichaival,18.557066993681214,0.5521821631878557,Titan's Bane,0.7996473701649746,3.0290128337692352
Wind Demon,19.452499967031848,0.6208651399491094,Titan's Bane,16.392771088381977,0.6209476309226932,Wind Demon,0.7481730756550711,2.387942845958113
Asi,-5.119530831819328,0.5512321660181583,Qin's Sais,10.761610451458093,0.5840886203423967,Qin's Sais,0.39857816486881825,2.1632911864533213
Devourer's Gauntlet,7.923854194539549,0.5578673602080624,Devourer's Gauntlet,7.923854194539549,0.5578673602080624,Devourer's Gauntlet,0.38652947290436823,2.72130419613689
