Items_most_pop,Items_most_pop_L2,Items_most_pop_winrate,Items_L2,Items_L2_coef,Items_L2_winrate,Items_gold_adjusted_L2,Items_gold_adjusted_L2_coef,Items_gold_adjusted_L2_winrate
Warrior Tabi,-1.3576495934800328,0.4790697674418605,Wind Demon,7.014582277308544,0.6130790190735694,Wind Demon,0.26979162605032864,2.3579962272060366
Ichaival,-0.23307438537836073,0.484472049689441,Deathbringer,6.9437589302324,0.6387959866220736,Deathbringer,0.21699246656976254,1.99623745819398
Qin's Sais,1.5926568467266786,0.5218446601941747,Qin's Sais,1.5926568467266786,0.5218446601941747,Asi,0.07700777750572582,2.9281579843377594
Devourer's Gauntlet,-0.14289655982384009,0.4883720930232558,Asi,1.3707384396019195,0.5212121212121212,Titan's Bane,0.06521635601969289,2.6815004992155185
Wind Demon,7.014582277308544,0.6130790190735694,Titan's Bane,1.336935298403704,0.5497076023391813,Qin's Sais,0.05898729061950662,1.9327580007191658
The Executioner,0.6349362929417324,0.5115606936416185,The Executioner,0.6349362929417324,0.5115606936416185,The Executioner,0.028219390797410326,2.2736030828516376
