Relics_most_pop,Relics_most_pop_L2,Relics_most_pop_winrate,Relics_most_pop_wr_paired,Relics_L2,Relics_L2_coef,Relics_L2_winrate,Relics_L2_wr_paired
Purification,-2.1909431852100836,0.4926605504587156,0.558139534884,Sprint,1.7907602380511196,0.5353535353535354,0.558139534884
Sanctuary,-0.48453656193678935,0.49697885196374625,,Sanctuary,-0.48453656193678935,0.49697885196374625,
