,recommendations,win_rate,win_rate_per_cost
Starter Item,Bumba's Mask,,
Boots,Warrior Tabi,0.615384615385,3.39817778872
Item2,Jotunn's Wrath,0.5588235294117647,2.24043715847
Item3,Brawler's Beat Stick,0.6153846153846154,2.27777777778
Item4,Titan's Bane,0.5466666666666666,2.66666666667
Item5,Breastplate of Valor,0.875,3.10559006211
Item6,Mantle of Discord,0.714285714286,2.15053763441
Relic1,Teleport,0.8,
Relic2,Wrath,0.535714285714,
