Relics_most_pop,Relics_most_pop_L2,Relics_most_pop_winrate,Relics_most_pop_wr_paired,Relics_L2,Relics_L2_coef,Relics_L2_winrate,Relics_L2_wr_paired
Purification,-1.7442126947429946,0.42660550458715596,1.0,Sprint,6.362835232444337,0.6666666666666666,1.0
Sanctuary,-21.81155035480177,0.3333333333333333,,Wrath,4.3748902319230485,0.4772727272727273,
