Items_most_pop,Items_most_pop_L2,Items_most_pop_winrate,Items_L2,Items_L2_coef,Items_L2_winrate,Items_gold_adjusted_L2,Items_gold_adjusted_L2_coef,Items_gold_adjusted_L2_winrate
Warrior Tabi,-0.29340838689817794,0.5078740157480315,Brawler's Beat Stick,4.851127634171651,0.6067415730337079,Titan's Bane,0.22276114965956156,2.7777777777777777
Jotunn's Wrath,0.6409874750834386,0.5141509433962265,Titan's Bane,4.566603568021012,0.5694444444444444,Brawler's Beat Stick,0.20213031809048546,2.5280898876404496
Titan's Bane,4.566603568021012,0.5694444444444444,Mantle of Discord,4.335254381851711,0.6666666666666666,Mantle of Discord,0.13984691554360357,2.150537634408602
Hydra's Lament,1.0465453742410225,0.5294117647058824,Void Shield,3.2834999923443235,0.5932203389830508,Void Shield,0.12161111082756754,2.197112366603892
Bumba's Mask,-2.989457769786393,0.4519230769230769,Bloodforge,1.580900996276257,0.6666666666666666,Bulwark of Hope,0.06204147189843368,2.7418126428027416
Brawler's Beat Stick,4.851127634171651,0.6067415730337079,Bulwark of Hope,1.5665471654354506,0.6923076923076923,Bloodforge,0.055470210395658144,2.3391812865497075
