Relics_most_pop,Relics_most_pop_L2,Relics_most_pop_winrate,Relics_most_pop_wr_paired,Relics_L2,Relics_L2_coef,Relics_L2_winrate,Relics_L2_wr_paired
Purification,1.45935262842533,0.5213270142180095,0.666666666667,Blink,2.5565928997239733,0.6097560975609756,0.666666666667
Sanctuary,1.5584748302363125,0.5353535353535354,,Sanctuary,1.5584748302363125,0.5353535353535354,
