Items_most_pop,Items_most_pop_L2,Items_most_pop_winrate,Items_L2,Items_L2_coef,Items_L2_winrate,Items_gold_adjusted_L2,Items_gold_adjusted_L2_coef,Items_gold_adjusted_L2_winrate
Warrior Tabi,-1.8533465565355047,0.4728682170542636,Brawler's Beat Stick,10.53798227836922,0.6739130434782609,Brawler's Beat Stick,0.4390825949320508,2.8079710144927534
Jotunn's Wrath,2.5979716420747545,0.5102040816326531,Hydra's Lament,4.5749486752724575,0.5652173913043478,Hydra's Lament,0.21278831047778873,2.62891809908999
Titan's Bane,4.111234936002991,0.5538461538461539,Titan's Bane,4.111234936002991,0.5538461538461539,Titan's Bane,0.2005480456586825,2.7016885553470917
Bumba's Mask,-11.920029467771565,0.2708333333333333,Void Shield,3.9119936527191874,0.5609756097560976,Void Shield,0.14488865380441435,2.077687443541102
Hydra's Lament,4.5749486752724575,0.5652173913043478,Shifter's Shield,2.7258321793032296,0.7,Shifter's Shield,0.11357634080430123,2.9166666666666665
Brawler's Beat Stick,10.53798227836922,0.6739130434782609,Jotunn's Wrath,2.5979716420747545,0.5102040816326531,Jotunn's Wrath,0.10647424762601451,2.0910003345600536
