,recommendations,win_rate,win_rate_per_cost
Starter Item,Bumba's Mask,,
Boots,Warrior Tabi,0.5080831408775982,2.13657310432
Item2,Titan's Bane,0.5938697318007663,1.61545771302
Item3,Brawler's Beat Stick,0.6163522012578616,1.37987012987
Item4,Jotunn's Wrath,0.5260273972602739,1.35724930807
Item5,Shifter's Shield,0.692307692308,2.88461538462
Item6,Void Shield,0.52602739726,2.13137665968
Relic1,Blink,0.703703703704,
Relic2,Purification,0.533519553073,
