Relics_most_pop,Relics_most_pop_L2,Relics_most_pop_winrate,Relics_most_pop_wr_paired,Relics_L2,Relics_L2_coef,Relics_L2_winrate,Relics_L2_wr_paired
Purification,8.069298490844568,0.4354243542435424,0.583333333333,Blink,16.632504694493626,0.5454545454545454,0.583333333333
Sanctuary,-12.555510994006411,0.40522875816993464,,Purification,8.069298490844568,0.4354243542435424,
