,recommendations,win_rate,win_rate_per_cost
Starter Item,Bumba's Mask,,
Boots,Warrior Tabi,0.46956521739130436,1.93548387097
Item2,Brawler's Beat Stick,0.6595744680851063,1.25
Item3,Titan's Bane,0.6086956521739131,1.46341463415
Item4,Hydra's Lament,0.5185185185185185,1.39534883721
Item5,Mantle of Discord,0.608695652174,2.1935483871
Item6,Winged Blade,0.666666666667,3.861003861
Relic1,Purification,0.516129032258,
Relic2,Sunder,0.75,
