,recommendations,win_rate,win_rate_per_cost
Starter Item,Bumba's Mask,,
Boots,Warrior Tabi,0.4940119760479042,2.18362282878
Item2,Brawler's Beat Stick,0.6370370370370371,1.41025641026
Item3,Titan's Bane,0.5728643216080402,1.65103189493
Item4,Hydra's Lament,0.5486111111111112,1.57423971377
Item5,Mantle of Discord,0.616666666667,1.98924731183
Item6,Transcendence,0.585365853659,2.25140712946
Relic1,Purification,0.525096525097,
Relic2,Teleport,0.52380952381,
