Items_most_pop,Items_most_pop_L2,Items_most_pop_winrate,Items_L2,Items_L2_coef,Items_L2_winrate,Items_gold_adjusted_L2,Items_gold_adjusted_L2_coef,Items_gold_adjusted_L2_winrate
Warrior Tabi,-0.7820946334968071,0.4823529411764706,Brawler's Beat Stick,3.785726743205706,0.6242424242424243,Brawler's Beat Stick,0.15773861430023775,2.601010101010101
Jotunn's Wrath,0.5936090829599621,0.5029411764705882,Titan's Bane,2.955738916176288,0.5707964601769911,Titan's Bane,0.14418238615494086,2.7843729764731275
Titan's Bane,2.955738916176288,0.5707964601769911,Mantle of Discord,1.454290365024596,0.6142857142857143,Shifter's Shield,0.05974324294361602,2.9761904761904763
Hydra's Lament,1.2369605453883972,0.5287958115183246,Shifter's Shield,1.4338378306467847,0.7142857142857143,Hydra's Lament,0.05753304862271615,2.4595154024108123
Bumba's Mask,-4.40436046836202,0.34831460674157305,Hydra's Lament,1.2369605453883972,0.5287958115183246,Mantle of Discord,0.04691259242014825,1.9815668202764978
Brawler's Beat Stick,3.785726743205706,0.6242424242424243,Transcendence,0.6474335431205392,0.5517241379310345,Transcendence,0.02490129012002074,2.1220159151193636
