,recommendations,win_rate,win_rate_per_cost
Starter Item,Watcher's Gift,,
Boots,Shoes of Focus,0.6,3.46516007533
Item2,Sovereignty,0.5296610169491526,2.30463980464
Item3,Heartward Amulet,0.5168539325842697,2.30463980464
Item4,Hide of the Urchin,0.483974358974359,2.01655982906
Item5,Pestilence,0.628571428571,2.92358803987
Item6,Mantle of Discord,0.519774011299,1.93548387097
Relic1,Meditation,0.507281553398,
Relic2,Curse,0.5,
