Relics_most_pop,Relics_most_pop_L2,Relics_most_pop_winrate,Relics_most_pop_wr_paired,Relics_L2,Relics_L2_coef,Relics_L2_winrate,Relics_L2_wr_paired
Meditation,24.592381645515534,0.4720812182741117,0.631578947368,Meditation,24.592381645515534,0.4720812182741117,0.631578947368
Shell,-4.709465791602343,0.45,,Curse,19.73091331386708,0.5,
