Items_most_pop,Items_most_pop_L2,Items_most_pop_winrate,Items_L2,Items_L2_coef,Items_L2_winrate,Items_gold_adjusted_L2,Items_gold_adjusted_L2_coef,Items_gold_adjusted_L2_winrate
Watcher's Gift,-25.37813755093398,0.37714285714285717,Hide of the Urchin,37.21958397155588,0.5070422535211268,Hide of the Urchin,1.5508159988148282,2.112676056338028
Hide of the Urchin,37.21958397155588,0.5070422535211268,Breastplate of Valor,29.61233947755136,0.49038461538461536,Breastplate of Valor,1.2874930207631026,2.132107023411371
Sovereignty,12.304964443803067,0.48623853211009177,Heartward Amulet,24.368672662617925,0.5444444444444444,Heartward Amulet,1.160412983934187,2.5925925925925926
Breastplate of Valor,29.61233947755136,0.49038461538461536,Mantle of Discord,20.490296070030027,0.6046511627906976,Shoes of the Magi,1.016607037335328,2.96474358974359
Heartward Amulet,24.368672662617925,0.5444444444444444,Winged Blade,17.946530971511102,0.6052631578947368,Winged Blade,0.9700827552168163,3.271692745376956
Shoes of the Magi,16.265712597365248,0.47435897435897434,Shoes of the Magi,16.265712597365248,0.47435897435897434,Mantle of Discord,0.6609772925816138,1.9504876219054763
