Items_most_pop,Items_most_pop_L2,Items_most_pop_winrate,Items_L2,Items_L2_coef,Items_L2_winrate,Items_gold_adjusted_L2,Items_gold_adjusted_L2_coef,Items_gold_adjusted_L2_winrate
Watcher's Gift,-9.616284446004148,0.4218455743879473,Heartward Amulet,12.436681589194505,0.5663430420711975,Heartward Amulet,0.5922229328187859,2.696871628910464
Hide of the Urchin,2.8377297170815026,0.4874274661508704,Sovereignty,10.639339639920118,0.5403422982885085,Sovereignty,0.5066352209485772,2.5730585632786123
Sovereignty,10.639339639920118,0.5403422982885085,Mantle of Discord,6.467137621457584,0.5705882352941176,Winged Blade,0.30197231083102316,3.0405405405405403
Breastplate of Valor,-0.7741223295398368,0.4726775956284153,Void Stone,6.335192252696921,0.5663716814159292,Void Stone,0.28796328421349643,2.574416733708769
Heartward Amulet,12.436681589194505,0.5663430420711975,Winged Blade,5.586487750373928,0.5625,Mantle of Discord,0.20861734262766402,1.840607210626186
Shoes of Focus,0.5555320728105794,0.47796610169491527,Pestilence,4.457712507413407,0.5342465753424658,Pestilence,0.20733546546108872,2.4848677922905384
