Relics_most_pop,Relics_most_pop_L2,Relics_most_pop_winrate,Relics_most_pop_wr_paired,Relics_L2,Relics_L2_coef,Relics_L2_winrate,Relics_L2_wr_paired
Meditation,-0.5641989675305639,0.503448275862069,0.666666666667,Shell,9.336478874215437,0.56,0.666666666667
Shell,9.336478874215437,0.56,,Wrath,5.00743134611552,0.5882352941176471,
