Items_most_pop,Items_most_pop_L2,Items_most_pop_winrate,Items_L2,Items_L2_coef,Items_L2_winrate,Items_gold_adjusted_L2,Items_gold_adjusted_L2_coef,Items_gold_adjusted_L2_winrate
Watcher's Gift,-32.8022224503252,0.30612244897959184,Hide of the Urchin,19.483901341151014,0.5119453924914675,Hide of the Urchin,0.8118292225479589,2.1331058020477816
Hide of the Urchin,19.483901341151014,0.5119453924914675,Sovereignty,12.04049039703039,0.5,Sovereignty,0.5733566855728757,2.380952380952381
Sovereignty,12.04049039703039,0.5,Mantle of Discord,8.463611777017208,0.5729166666666666,Shoes of Focus,0.3550043800812498,3.2083333333333335
Breastplate of Valor,-0.8155254662351938,0.44907407407407407,Shoes of Focus,5.325065701218747,0.48125,Mantle of Discord,0.2730197347424906,1.8481182795698925
Heartward Amulet,0.43176465387838037,0.46774193548387094,Winged Blade,4.338151185177318,0.5277777777777778,Winged Blade,0.23449465865823338,2.8528528528528527
Shoes of the Magi,-0.9937532692993665,0.43209876543209874,Pestilence,4.333026914337764,0.5223880597014925,Pestilence,0.2015361355505937,2.4297119055883374
