,recommendations,win_rate,win_rate_per_cost
Starter Item,Watcher's Gift,,
Boots,Reinforced Shoes,0.5960591133,3.96461336828
Item2,Sovereignty,0.5587583148558758,2.33029381966
Item3,Hide of the Urchin,0.5033557046979866,2.0390070922
Item4,Heartward Amulet,0.5153061224489796,2.33029381966
Item5,Void Stone,0.634615384615,2.88461538462
Item6,Mantle of Discord,0.55504587156,1.92277133323
Relic1,Meditation,0.52331002331,
Relic2,Sprint,0.535294117647,
