,recommendations,win_rate,win_rate_per_cost
Starter Item,Watcher's Gift,,
Boots,Shoes of Focus,0.55033557047,3.48370927318
Item2,Sovereignty,0.5632183908045977,2.64349085642
Item3,Heartward Amulet,0.5551330798479087,2.64349085642
Item4,Breastplate of Valor,0.5015105740181269,2.4136220863
Item5,Void Stone,0.646017699115,2.93644408689
Item6,Mantle of Discord,0.555133079848,1.96443341605
Relic1,Sprint,0.55,
Relic2,Shell,0.538709677419,
