Relics_most_pop,Relics_most_pop_L2,Relics_most_pop_winrate,Relics_most_pop_wr_paired,Relics_L2,Relics_L2_coef,Relics_L2_winrate,Relics_L2_wr_paired
Meditation,-7.388424336212547,0.5144230769230769,0.6,Sprint,14.866315980278886,0.564748201438849,0.6
Shell,7.034534430069711,0.5559006211180124,,Wrath,13.21916022122249,0.5882352941176471,
