Relics_most_pop,Relics_most_pop_L2,Relics_most_pop_winrate,Relics_most_pop_wr_paired,Relics_L2,Relics_L2_coef,Relics_L2_winrate,Relics_L2_wr_paired
Teleport,3.242883834363209,0.5482041587901701,1.0,Meditation,16.164403291260896,0.6328125,1.0
Curse,-0.9437984667831791,0.5294117647058824,,Wrath,11.089537362207642,0.6195652173913043,
