Items_most_pop,Items_most_pop_L2,Items_most_pop_winrate,Items_L2,Items_L2_coef,Items_L2_winrate,Items_gold_adjusted_L2,Items_gold_adjusted_L2_coef,Items_gold_adjusted_L2_winrate
Warrior Tabi,-9.815919871578826,0.5130718954248366,Mantle of Discord,20.200364341698027,0.6855345911949685,Frostbound Hammer,0.8514137610072771,2.8458498023715415
Qin's Sais,20.182502646035662,0.5936842105263158,Qin's Sais,20.182502646035662,0.5936842105263158,Qin's Sais,0.7475000980013209,2.198830409356725
Breastplate of Valor,7.861757908305157,0.5546448087431693,Frostbound Hammer,19.582516503167373,0.6545454545454545,Mantle of Discord,0.6516246561838074,2.2114019070805435
Witchblade,4.567902093222024,0.5574324324324325,The Executioner,11.705862512393498,0.6216216216216216,Ninja Tabi,0.6266950264475633,3.9080459770114944
Death's Toll,-6.730139006683408,0.45528455284552843,Winged Blade,10.871492692690923,0.6190476190476191,Winged Blade,0.5876482536589689,3.346203346203346
Ichaival,5.383029539122029,0.5428571428571428,Ninja Tabi,9.40042539671345,0.5862068965517241,The Executioner,0.5202605561063777,2.7627627627627627
