Items_most_pop,Items_most_pop_L2,Items_most_pop_winrate,Items_L2,Items_L2_coef,Items_L2_winrate,Items_gold_adjusted_L2,Items_gold_adjusted_L2_coef,Items_gold_adjusted_L2_winrate
Warrior Tabi,0.9147705162181854,0.5081967213114754,Mantle of Discord,11.678964943487827,0.7619047619047619,Reinforced Greaves,0.39477402996130073,4.621848739495798
Qin's Sais,8.303033723443928,0.5849056603773585,Qin's Sais,8.303033723443928,0.5849056603773585,Mantle of Discord,0.37674080462863957,2.457757296466974
The Executioner,1.8757799287966823,0.5483870967741935,Frostbound Hammer,7.915539581110834,0.7058823529411765,Ichaival,0.3739789527363584,3.5294117647058822
Ichaival,6.357642196518093,0.6,Ichaival,6.357642196518093,0.6,Frostbound Hammer,0.3441538948309058,3.0690537084398977
Hide of the Urchin,-4.013557496310867,0.43333333333333335,Reinforced Greaves,5.526836419458211,0.6470588235294118,Qin's Sais,0.3075197675349603,2.1663172606568835
Winged Blade,3.80910628471939,0.5714285714285714,Sovereignty,3.8600611330872914,0.5652173913043478,Winged Blade,0.20589763701185892,3.088803088803089
