Items_most_pop,Items_most_pop_L2,Items_most_pop_winrate,Items_L2,Items_L2_coef,Items_L2_winrate,Items_gold_adjusted_L2,Items_gold_adjusted_L2_coef,Items_gold_adjusted_L2_winrate
Warrior Tabi,6.810177789575378,0.5616438356164384,Mantle of Discord,22.7194408940174,0.7063492063492064,Qin's Sais,0.8347221931152742,2.2955684331345707
Qin's Sais,22.537499214112405,0.6198034769463341,Qin's Sais,22.537499214112405,0.6198034769463341,Mantle of Discord,0.7328851901295935,2.2785458269329237
Breastplate of Valor,-11.465700902773044,0.5314995563442768,The Executioner,16.301011852853524,0.6566125290023201,The Executioner,0.7244894156823789,2.9182779066769786
Witchblade,8.8929965003761,0.6004319654427646,Frostbound Hammer,14.547368061059265,0.6323529411764706,Winged Blade,0.6427872791765733,3.4127347686669722
Death's Toll,1.4189963822372083,0.503209242618742,Winged Blade,11.891564664766605,0.6313559322033898,Frostbound Hammer,0.6324942635243158,2.7493606138107416
Ichaival,3.6263344619687756,0.5683139534883721,Bulwark of Hope,10.226163567146527,0.6197183098591549,Warrior Tabi,0.43936630900486306,3.6235086168802475
