Items_most_pop,Items_most_pop_L2,Items_most_pop_winrate,Items_L2,Items_L2_coef,Items_L2_winrate,Items_gold_adjusted_L2,Items_gold_adjusted_L2_coef,Items_gold_adjusted_L2_winrate
Warrior Tabi,-1.817468466995721,0.5512367491166078,Stone Cutting Sword,26.331028441210403,0.8571428571428571,Stone Cutting Sword,1.012731863123477,3.2967032967032965
Qin's Sais,7.867348888735508,0.5951219512195122,Mantle of Discord,20.370037617201863,0.7123287671232876,Ninja Tabi,0.8732944803966777,4.285714285714286
Ichaival,-3.954711010366578,0.5337423312883436,The Executioner,16.295490023334377,0.6530612244897959,The Executioner,0.7242440010370834,2.9024943310657596
Hide of the Urchin,8.274488794270177,0.6068376068376068,Ninja Tabi,13.099417205950164,0.6428571428571429,Mantle of Discord,0.657097987651673,2.2978347326557667
Bumba's Mask,-8.426400004661158,0.47115384615384615,Void Shield,12.2842370934885,0.6744186046511628,Witchblade,0.46206914370555785,3.042223970626803
The Executioner,16.295490023334377,0.6530612244897959,Witchblade,9.472417445963936,0.6236559139784946,Void Shield,0.4549717442032778,2.4978466838931954
