Relics_most_pop,Relics_most_pop_L2,Relics_most_pop_winrate,Relics_most_pop_wr_paired,Relics_L2,Relics_L2_coef,Relics_L2_winrate,Relics_L2_wr_paired
Teleport,5.8108442097853885,0.5583468395461912,0.75,Meditation,21.001798295400466,0.6056338028169014,0.75
Curse,-5.06553746530883,0.5340599455040872,,Wrath,12.749614208662937,0.6068376068376068,
