Items_most_pop,Items_most_pop_L2,Items_most_pop_winrate,Items_L2,Items_L2_coef,Items_L2_winrate,Items_gold_adjusted_L2,Items_gold_adjusted_L2_coef,Items_gold_adjusted_L2_winrate
Warrior Tabi,-2.356841054524474,0.542192046556741,Stone Cutting Sword,34.0746696831775,0.6923076923076923,Winged Blade,1.8364542908299293,3.587658454915092
Qin's Sais,32.213344830853714,0.6138211382113821,Winged Blade,33.97440438035369,0.6637168141592921,The Executioner,1.4889744936554559,2.9399048854301775
Breastplate of Valor,-10.322323949792544,0.5447284345047924,The Executioner,33.50192610724776,0.6614785992217899,Stone Cutting Sword,1.3105642185837498,2.662721893491124
Witchblade,4.091933706263295,0.5705765407554672,Qin's Sais,32.213344830853714,0.6138211382113821,Qin's Sais,1.1930868455871746,2.273411623005119
Death's Toll,7.782626170309534,0.4752252252252252,Frostbound Hammer,20.876039903149437,0.6242236024844721,Frostbound Hammer,0.9076539088325843,2.7140156629759655
Ichaival,9.542336765450878,0.5517241379310345,Mantle of Discord,17.755862236329712,0.6531531531531531,Hide of the Urchin,0.634381532393198,2.6604068857589986
