,recommendations,win_rate,win_rate_per_cost
Starter Item,Death's Toll,,
Boots,Warrior Tabi,0.5315315315315315,3.95894428152
Item2,Qin's Sais,0.6358024691358025,2.27272727273
Item3,Ichaival,0.6136363636363636,3.60962566845
Item4,Witchblade,0.6132075471698113,2.9933481153
Item5,Winged Blade,0.647058823529,3.33333333333
Item6,Stone Cutting Sword,0.616666666667,2.48868778281
Relic1,Relic,0.52380952381,
Relic2,Sprint,0.555555555556,
