Items_most_pop,Items_most_pop_L2,Items_most_pop_winrate,Items_L2,Items_L2_coef,Items_L2_winrate,Items_gold_adjusted_L2,Items_gold_adjusted_L2_coef,Items_gold_adjusted_L2_winrate
Watcher's Gift,-3.206865123464122,0.4525691699604743,Sovereignty,3.4798543011849716,0.538235294117647,Sovereignty,0.16570734767547485,2.563025210084034
Shoes of Focus,0.5037951987582248,0.49038461538461536,Winged Blade,2.387261501499339,0.631578947368421,Winged Blade,0.1290411622432075,3.413940256045519
Hide of the Urchin,0.16795316444375447,0.4888888888888889,Rod of Asclepius,2.2964141610906355,0.6091954022988506,Reinforced Shoes,0.09681611343585263,3.6983321247280636
Sovereignty,3.4798543011849716,0.538235294117647,Reinforced Shoes,1.3554255881019368,0.5177664974619289,Rod of Asclepius,0.08633135943949757,2.2902082793189873
Heartward Amulet,0.6304972587332314,0.5033557046979866,Heartward Amulet,0.6304972587332314,0.5033557046979866,Shoes of Focus,0.03358634658388165,3.269230769230769
Breastplate of Valor,-4.021638569500969,0.4217687074829932,Spirit Robe,0.5397860643881038,0.5104895104895105,Heartward Amulet,0.030023678987296732,2.3969319271332696
