,recommendations,win_rate,win_rate_per_cost
Starter Item,Watcher's Gift,,
Boots,Shoes of Focus,0.548387096774,3.43137254902
Item2,Sovereignty,0.5483870967741935,2.13089802131
Item3,Heartward Amulet,0.5555555555555556,2.13089802131
Item4,Hide of the Urchin,0.48484848484848486,1.86453576865
Item5,Winged Blade,0.631578947368,3.41394025605
Item6,Rod of Asclepius,0.514705882353,2.32198142415
Relic1,Meditation,0.521739130435,
Relic2,Shell,0.51677852349,
