,recommendations,win_rate,win_rate_per_cost
Starter Item,Watcher's Gift,,
Boots,Shoes of Focus,0.666666666667,3.66876310273
Item2,Sovereignty,0.6,2.54951538137
Item3,Heartward Amulet,0.5833333333333334,2.54951538137
Item4,Hide of the Urchin,0.5353982300884956,2.2308259587
Item5,Rod of Asclepius,0.6,2.73003938417
Item6,Lotus Crown,0.615853658537,3.00416418798
Relic1,Shell,0.582159624413,
Relic2,Meditation,0.535108958838,
