Items_most_pop,Items_most_pop_L2,Items_most_pop_winrate,Items_L2,Items_L2_coef,Items_L2_winrate,Items_gold_adjusted_L2,Items_gold_adjusted_L2_coef,Items_gold_adjusted_L2_winrate
Watcher's Gift,-15.53073061338465,0.4911660777385159,Heartward Amulet,47.63196735620406,0.6748466257668712,Heartward Amulet,2.2681889217240028,3.213555360794625
Shoes of Focus,3.673671350202934,0.5275229357798165,Rod of Asclepius,42.53804087838689,0.7555555555555555,Rod of Asclepius,1.5991744691122889,2.8404344193817876
Sovereignty,2.28396480582964,0.583756345177665,Winged Blade,23.62577801505653,0.6590909090909091,Winged Blade,1.2770690818949475,3.5626535626535625
Hide of the Urchin,-3.563458573266909,0.5405405405405406,Mantle of Discord,15.223857201051723,0.6666666666666666,Mantle of Discord,0.49109216777586207,2.150537634408602
Heartward Amulet,47.63196735620406,0.6748466257668712,Lotus Crown,4.204425846674181,0.5701754385964912,Travelers Shoes,0.296546516222824,4.0500736377025035
Breastplate of Valor,-2.452260736503538,0.5343511450381679,Travelers Shoes,4.151651227119537,0.5670103092783505,Shoes of Focus,0.24491142334686228,3.5168195718654434
