Items_most_pop,Items_most_pop_L2,Items_most_pop_winrate,Items_L2,Items_L2_coef,Items_L2_winrate,Items_gold_adjusted_L2,Items_gold_adjusted_L2_coef,Items_gold_adjusted_L2_winrate
Watcher's Gift,98.90185100682078,0.5081967213114754,Heartward Amulet,340.55856810306244,0.6176470588235294,Heartward Amulet,16.217074671574405,2.9411764705882355
Shoes of Focus,120.14952033221984,0.6530612244897959,Bulwark of Hope,212.9119412549488,0.5263157894736842,Bulwark of Hope,8.432156089304902,2.084418968212611
Breastplate of Valor,-228.2917687808841,0.46808510638297873,Rod of Asclepius,205.2001615299134,0.5555555555555556,Shoes of Focus,8.009968022147989,4.35374149659864
Sovereignty,45.96744134339127,0.5869565217391305,Shoes of Focus,120.14952033221984,0.6530612244897959,Rod of Asclepius,7.71429178683885,2.0885547201336676
Hide of the Urchin,86.93679469992789,0.5454545454545454,Hide of the Urchin,86.93679469992789,0.5454545454545454,Hide of the Urchin,3.6223664458303286,2.272727272727273
Heartward Amulet,340.55856810306244,0.6176470588235294,Spirit Robe,48.65276305104134,0.5882352941176471,Sovereignty,2.1889257782567273,2.7950310559006213
