Relics_most_pop,Relics_most_pop_L2,Relics_most_pop_winrate,Relics_most_pop_wr_paired,Relics_L2,Relics_L2_coef,Relics_L2_winrate,Relics_L2_wr_paired
Meditation,3.889870093286439,0.5553571428571429,1.0,Curse,20.32764752554471,0.6021505376344086,1.0
Shell,-4.261807658896925,0.5457142857142857,,Wrath,13.008108943544306,0.6417910447761194,
