Items_most_pop,Items_most_pop_L2,Items_most_pop_winrate,Items_L2,Items_L2_coef,Items_L2_winrate,Items_gold_adjusted_L2,Items_gold_adjusted_L2_coef,Items_gold_adjusted_L2_winrate
Watcher's Gift,-8.71924334240575,0.49759229534510435,Rod of Asclepius,18.88880293436152,0.6885245901639344,Sovereignty,0.8923500701652914,2.784048156508653
Shoes of Focus,2.477459637922904,0.5320754716981132,Sovereignty,18.739351473471118,0.5846501128668171,Rod of Asclepius,0.7101053734722377,2.5884383088869716
Sovereignty,18.739351473471118,0.5846501128668171,Mantle of Discord,17.377201549177066,0.6690647482014388,Mantle of Discord,0.5605548886831312,2.158273381294964
Hide of the Urchin,2.1646035105748065,0.5295508274231678,Heartward Amulet,4.992020989196358,0.5606936416184971,Reinforced Shoes,0.32780386872381206,3.848396501457726
Heartward Amulet,4.992020989196358,0.5606936416184971,Reinforced Shoes,4.5892541621333685,0.5387755102040817,Heartward Amulet,0.23771528519982657,2.6699697219928433
Breastplate of Valor,-4.73965933204795,0.5073313782991202,Lotus Crown,4.164889560512179,0.5589225589225589,Lotus Crown,0.20316534441522827,2.726451506939312
