,recommendations,win_rate,win_rate_per_cost
Starter Item,Watcher's Gift,,
Boots,Reinforced Shoes,0.527093596059,3.76495425757
Item2,Sovereignty,0.5694444444444444,2.75689223058
Item3,Heartward Amulet,0.5789473684210527,2.75689223058
Item4,Hide of the Urchin,0.5068870523415978,2.41228070175
Item5,Rod of Asclepius,0.663865546218,2.75689223058
Item6,Lotus Crown,0.578947368421,2.82633727625
Relic1,Shell,0.539295392954,
Relic2,Wrath,0.588235294118,
