,recommendations,win_rate,win_rate_per_cost
Starter Item,Watcher's Gift,,
Boots,Reinforced Shoes,0.65306122449,4.62487153135
Item2,Watcher's Gift,0.5833333333333334,7.3606271777
Item3,Hide of the Urchin,0.5862068965517241,2.45354239257
Item4,Sovereignty,0.5914396887159533,2.80404844865
Item5,Winged Blade,0.706896551724,3.82106244175
Item6,Rod of Asclepius,0.647482014388,2.4551173853
Relic1,Phantom,0.578947368421,
Relic2,Meditation,0.594458438287,
