Items_most_pop,Items_most_pop_L2,Items_most_pop_winrate,Items_L2,Items_L2_coef,Items_L2_winrate,Items_gold_adjusted_L2,Items_gold_adjusted_L2_coef,Items_gold_adjusted_L2_winrate
Watcher's Gift,0.25587209230964114,0.5238095238095238,Rod of Asclepius,4.835168715765359,0.8260869565217391,Rod of Asclepius,0.1817732599911789,3.1055900621118013
Hide of the Urchin,2.6624546864970378,0.5797101449275363,Winged Blade,2.795367070103045,0.7368421052631579,Winged Blade,0.1511009227082727,3.9829302987197726
Shoes of Focus,-0.26523712022052337,0.5151515151515151,Hide of the Urchin,2.6624546864970378,0.5797101449275363,Hide of the Urchin,0.11093561193737658,2.4154589371980677
Sovereignty,-1.8052183567349338,0.4745762711864407,Breastplate of Valor,2.1568635469614086,0.6052631578947368,Travelers Shoes,0.09555098345169503,4.285714285714286
Heartward Amulet,0.38231989074693207,0.5319148936170213,Spirit Robe,1.6762383177917326,0.6153846153846154,Breastplate of Valor,0.09377667595484385,2.6315789473684212
Lotus Crown,0.7526468442420542,0.5526315789473685,Travelers Shoes,1.3377137683237306,0.6,Reinforced Shoes,0.06895018887358452,4.017857142857143
