Items_most_pop,Items_most_pop_L2,Items_most_pop_winrate,Items_L2,Items_L2_coef,Items_L2_winrate,Items_gold_adjusted_L2,Items_gold_adjusted_L2_coef,Items_gold_adjusted_L2_winrate
Shoes of Focus,0.06396487896423132,0.5866666666666667,Hide of the Urchin,0.09432637546971594,0.7111111111111111,Shoes of Focus,0.004264325264282089,3.911111111111111
Watcher's Gift,0.04403754032020852,0.5671641791044776,Rod of Asclepius,0.06971261038745512,0.85,Hide of the Urchin,0.003930265644571498,2.962962962962963
Breastplate of Valor,0.05916907948508031,0.6,Shoes of Focus,0.06396487896423132,0.5866666666666667,Travelers Shoes,0.003547961263126414,5.194805194805195
Hide of the Urchin,0.09432637546971594,0.7111111111111111,Breastplate of Valor,0.05916907948508031,0.6,Rod of Asclepius,0.002620774826596057,3.1954887218045114
Sovereignty,0.029374162911223495,0.5681818181818182,Travelers Shoes,0.04967145768376979,0.7272727272727273,Breastplate of Valor,0.0025725686732643613,2.608695652173913
Heartward Amulet,0.024384654215813945,0.5581395348837209,Lotus Crown,0.04950031835215124,0.6470588235294118,Lotus Crown,0.0024146496757146948,3.1563845050215207
