,recommendations,win_rate,win_rate_per_cost
Starter Item,Watcher's Gift,,
Boots,Reinforced Shoes,0.67032967033,4.78806907378
Item2,Sovereignty,0.6149068322981367,2.6862026862
Item3,Breastplate of Valor,0.6090225563909775,2.45261984392
Item4,Hide of the Urchin,0.6193548387096774,2.35042735043
Item5,Rod of Asclepius,0.6875,2.58458646617
Item6,Lotus Crown,0.614906832298,3.08611249378
Relic1,Sprint,0.643835616438,
Relic2,Meditation,0.601659751037,
