Items_most_pop,Items_most_pop_L2,Items_most_pop_winrate,Items_L2,Items_L2_coef,Items_L2_winrate,Items_gold_adjusted_L2,Items_gold_adjusted_L2_coef,Items_gold_adjusted_L2_winrate
Watcher's Gift,0.024709191245151113,0.5213675213675214,Sovereignty,0.05966982596880572,0.581081081081081,Shoes of Focus,0.0036423255789056292,3.6825396825396823
Shoes of Focus,0.05463488368358444,0.5523809523809524,Shoes of Focus,0.05463488368358444,0.5523809523809524,Sovereignty,0.002841420284228844,2.767052767052767
Breastplate of Valor,0.01479847664741332,0.5180722891566265,Heartward Amulet,0.049698061583554096,0.5714285714285714,Heartward Amulet,0.0023665743611216233,2.7210884353741496
Hide of the Urchin,-0.05507165284683652,0.43209876543209874,Spirit Robe,0.014939172608601732,0.5555555555555556,Breastplate of Valor,0.0006434120281484052,2.252488213724463
Sovereignty,0.05966982596880572,0.581081081081081,Breastplate of Valor,0.01479847664741332,0.5180722891566265,Spirit Robe,0.0006072834393740541,2.2583559168925023
Heartward Amulet,0.049698061583554096,0.5714285714285714,Winged Blade,0.009964790777017766,0.5714285714285714,Winged Blade,0.0005386373392982576,3.088803088803089
