Items_most_pop,Items_most_pop_L2,Items_most_pop_winrate,Items_L2,Items_L2_coef,Items_L2_winrate,Items_gold_adjusted_L2,Items_gold_adjusted_L2_coef,Items_gold_adjusted_L2_winrate
Watcher's Gift,-1.721541587849594,0.5,Sovereignty,7.628940777867143,0.587360594795539,Sovereignty,0.36328289418414966,2.7969552133120907
Hide of the Urchin,2.225929121442987,0.5342465753424658,Rod of Asclepius,5.103718549379616,0.6984126984126984,Travelers Shoes,0.2740765589354721,4.189044038668099
Shoes of Focus,-1.3384284099540324,0.5,Lotus Crown,4.2134606257023615,0.5783132530120482,Lotus Crown,0.20553466466840786,2.821040258595357
Sovereignty,7.628940777867143,0.587360594795539,Travelers Shoes,3.83707182509661,0.5864661654135338,Rod of Asclepius,0.19186911839772994,2.625611648168039
Heartward Amulet,0.8959836688800596,0.5352112676056338,Hide of the Urchin,2.225929121442987,0.5342465753424658,Hide of the Urchin,0.09274704672679113,2.2260273972602738
Breastplate of Valor,-1.2162373903862296,0.4945652173913043,Mantle of Discord,1.4574148638554703,0.5609756097560976,Pestilence,0.058236400370575044,2.570379436964504
