Relics_most_pop,Relics_most_pop_L2,Relics_most_pop_winrate,Relics_most_pop_wr_paired,Relics_L2,Relics_L2_coef,Relics_L2_winrate,Relics_L2_wr_paired
Meditation,3.8397097680305268,0.5414507772020726,0.604651162791,Sprint,6.797680381734526,0.59375,0.604651162791
Shell,3.975898964680466,0.5613207547169812,,Shell,3.975898964680466,0.5613207547169812,
