Relics_most_pop,Relics_most_pop_L2,Relics_most_pop_winrate,Relics_most_pop_wr_paired,Relics_L2,Relics_L2_coef,Relics_L2_winrate,Relics_L2_wr_paired
Meditation,3.761439938233456,0.5304347826086957,0.571428571429,Meditation,3.761439938233456,0.5304347826086957,0.571428571429
Shell,-1.0950845630748725,0.48847926267281105,,Phantom,1.353312360656789,0.6842105263157895,
