,recommendations,win_rate,win_rate_per_cost
Starter Item,Watcher's Gift,,
Boots,Shoes of Focus,0.5123595505617977,3.74695863747
Item2,Hide of the Urchin,0.5403225806451613,2.34184914842
Item3,Breastplate of Valor,0.5620437956204379,2.44366867661
Item4,Sovereignty,0.5310173697270472,2.67639902676
Item5,Rod of Asclepius,0.69387755102,2.60856222188
Item6,Lotus Crown,0.570135746606,2.78114998345
Relic1,Meditation,0.522108843537,
Relic2,Wrath,0.561643835616,
