Items_most_pop,Items_most_pop_L2,Items_most_pop_winrate,Items_L2,Items_L2_coef,Items_L2_winrate,Items_gold_adjusted_L2,Items_gold_adjusted_L2_coef,Items_gold_adjusted_L2_winrate
Watcher's Gift,-11.731147653027437,0.42528735632183906,Heartward Amulet,11.504427518237552,0.5430622009569378,Heartward Amulet,0.5478298818208358,2.5860104807473228
Shoes of Focus,-3.307444232865584,0.4540540540540541,Sovereignty,9.717789174611367,0.5210420841683366,Reinforced Shoes,0.5284706492815934,3.7378392217101895
Sovereignty,9.717789174611367,0.5210420841683366,Rod of Asclepius,9.17136532295307,0.5859375,Sovereignty,0.46275186545768415,2.481152781753984
Hide of the Urchin,1.5572955345105193,0.4793028322440087,Lotus Crown,8.520473317841896,0.5324675324675324,Lotus Crown,0.41563284477277535,2.5974025974025974
Heartward Amulet,11.504427518237552,0.5430622009569378,Reinforced Shoes,7.398589089942307,0.5232974910394266,Winged Blade,0.3670831088293962,3.103103103103103
Breastplate of Valor,-4.3549144985906025,0.456359102244389,Winged Blade,6.79103751334383,0.5740740740740741,Rod of Asclepius,0.3447881700358297,2.2027725563909772
