Items_most_pop,Items_most_pop_L2,Items_most_pop_winrate,Items_L2,Items_L2_coef,Items_L2_winrate,Items_gold_adjusted_L2,Items_gold_adjusted_L2_coef,Items_gold_adjusted_L2_winrate
Watcher's Gift,-0.15243790549665723,0.484375,Shoes of Focus,0.45816096526701416,0.5789473684210527,Shoes of Focus,0.030544064351134277,3.8596491228070176
Shoes of Focus,0.45816096526701416,0.5789473684210527,Bulwark of Hope,0.40761868460819334,0.6857142857142857,Bulwark of Hope,0.016143314241908648,2.7157001414427158
Sovereignty,0.11142976748727122,0.525,Heartward Amulet,0.2114833824581588,0.5555555555555556,Heartward Amulet,0.010070637259912323,2.6455026455026456
Hide of the Urchin,-0.07715580514459944,0.48717948717948717,Rod of Asclepius,0.122308212226768,0.5833333333333334,Reinforced Shoes,0.008545398623399113,3.857142857142857
Breastplate of Valor,-0.17331719964599324,0.463768115942029,Reinforced Shoes,0.11963558072758758,0.54,Sovereignty,0.0053061794041557725,2.5
Heartward Amulet,0.2114833824581588,0.5555555555555556,Sovereignty,0.11142976748727122,0.525,Rod of Asclepius,0.00459805309123188,2.192982456140351
