,recommendations,win_rate,win_rate_per_cost
Starter Item,Watcher's Gift,,
Boots,Shoes of Focus,0.711111111111,3.91111111111
Item2,Hide of the Urchin,0.7111111111111111,2.44444444444
Item3,Breastplate of Valor,0.6,2.55072463768
Item4,Watcher's Gift,0.5671641791044776,7.33333333333
Item5,Rod of Asclepius,0.6,3.1954887218
Item6,Lotus Crown,0.647058823529,3.15638450502
Relic1,Meditation,0.666666666667,
Relic2,Shell,0.648148148148,
