Relics_most_pop,Relics_most_pop_L2,Relics_most_pop_winrate,Relics_most_pop_wr_paired,Relics_L2,Relics_L2_coef,Relics_L2_winrate,Relics_L2_wr_paired
Meditation,14.820950481718207,0.5799522673031027,0.655172413793,Curse,16.64197080761173,0.6198830409356725,0.655172413793
Shell,-1.9687530435708422,0.5376712328767124,,Meditation,14.820950481718207,0.5799522673031027,
