Items_most_pop,Items_most_pop_L2,Items_most_pop_winrate,Items_L2,Items_L2_coef,Items_L2_winrate,Items_gold_adjusted_L2,Items_gold_adjusted_L2_coef,Items_gold_adjusted_L2_winrate
Warrior Tabi,-0.09221463038904344,0.5603448275862069,Wind Demon,12.007161661851407,0.6582278481012658,Ninja Tabi,0.60101842190324,4.293785310734464
Qin's Sais,9.285418581132445,0.6052631578947368,Deathbringer,10.563607868660494,0.6575342465753424,Ichaival,0.5067754790304605,3.520499108734403
Ichaival,8.615183143517829,0.5984848484848485,Qin's Sais,9.285418581132445,0.6052631578947368,Wind Demon,0.461813910071208,2.5316455696202533
Asi,-1.1957401898710145,0.568,The Executioner,9.210385061237407,0.6338028169014085,The Executioner,0.40935044716610697,2.816901408450704
Death's Toll,-0.1939106161146777,0.5454545454545454,Ninja Tabi,9.0152763285486,0.6440677966101694,Qin's Sais,0.3439043918937943,2.2417153996101367
Devourer's Gauntlet,3.907421123438858,0.5888888888888889,Ichaival,8.615183143517829,0.5984848484848485,Deathbringer,0.3301127458956404,2.0547945205479454
