Relics_most_pop,Relics_most_pop_L2,Relics_most_pop_winrate,Relics_most_pop_wr_paired,Relics_L2,Relics_L2_coef,Relics_L2_winrate,Relics_L2_wr_paired
Purification,14.22820786265993,0.5385964912280702,0.661016949153,Purification,14.22820786265993,0.5385964912280702,0.661016949153
Sanctuary,-10.971279872278684,0.5049900199600799,,Sprint,3.7899290243899744,0.5652173913043478,
