Relics_most_pop,Relics_most_pop_L2,Relics_most_pop_winrate,Relics_most_pop_wr_paired,Relics_L2,Relics_L2_coef,Relics_L2_winrate,Relics_L2_wr_paired
Purification,0.9141322929076979,0.5188118811881188,0.536269430052,Sanctuary,1.8033015247023645,0.5317647058823529,0.536269430052
Sanctuary,1.8033015247023645,0.5317647058823529,,Purification,0.9141322929076979,0.5188118811881188,
