Items_most_pop,Items_most_pop_L2,Items_most_pop_winrate,Items_L2,Items_L2_coef,Items_L2_winrate,Items_gold_adjusted_L2,Items_gold_adjusted_L2_coef,Items_gold_adjusted_L2_winrate
Warrior Tabi,3.1161842671109383,0.4896551724137931,Asi,10.648435805262686,0.5555555555555556,Asi,0.5982267306327352,3.1210986267166043
Qin's Sais,3.6129396681998447,0.5025641025641026,Transcendence,8.136234677580685,0.5632183908045977,Ichaival,0.3704937830615302,3.033666296707362
Asi,10.648435805262686,0.5555555555555556,Ichaival,6.298394312046013,0.5157232704402516,Transcendence,0.3129321029838725,2.1662245800176834
Ichaival,6.298394312046013,0.5157232704402516,Wind Demon,4.028493490540711,0.5185185185185185,Warrior Tabi,0.20104414626522182,3.1590656284760845
Titan's Bane,1.077163453841157,0.5086206896551724,Qin's Sais,3.6129396681998447,0.5025641025641026,Wind Demon,0.1549420573284889,1.9943019943019944
Wind Demon,4.028493490540711,0.5185185185185185,Warrior Tabi,3.1161842671109383,0.4896551724137931,Qin's Sais,0.13381258030369794,1.8613485280151947
