,recommendations,win_rate,win_rate_per_cost
Starter Item,Death's Toll,,
Boots,Ninja Tabi,0.529411764706,4.3137254902
Item2,Titan's Bane,0.6216216216216216,2.5824964132
Item3,Ichaival,0.5294117647058824,3.11418685121
Item4,Asi,0.5,2.97422339722
Item5,Wind Demon,0.647058823529,2.50836120401
Item6,Brawler's Beat Stick,0.666666666667,2.77777777778
Relic1,Purification,0.516483516484,
Relic2,Sanctuary,0.506024096386,
