,recommendations,win_rate,win_rate_per_cost
Starter Item,Death's Toll,,
Boots,Ninja Tabi,0.538258575198,3.88489208633
Item2,Wind Demon,0.6086956521739131,1.87038988409
Item3,Qin's Sais,0.5382585751978892,1.80111618468
Item4,Titan's Bane,0.547945205479452,2.37220180421
Item5,The Executioner,0.603174603175,2.68077601411
Item6,Deathbringer,0.608695652174,1.94672131148
Relic1,Sanctuary,0.526022304833,
Relic2,Relic,0.489361702128,
