Relics_most_pop,Relics_most_pop_L2,Relics_most_pop_winrate,Relics_most_pop_wr_paired,Relics_L2,Relics_L2_coef,Relics_L2_winrate,Relics_L2_wr_paired
Purification,-1.6435528528569825,0.4792060491493384,0.571428571429,Teleport,1.0845375998934461,0.5,0.571428571429
Sanctuary,-0.46478689702696463,0.48214285714285715,,Sanctuary,-0.46478689702696463,0.48214285714285715,
