Relics_most_pop,Relics_most_pop_L2,Relics_most_pop_winrate,Relics_most_pop_wr_paired,Relics_L2,Relics_L2_coef,Relics_L2_winrate,Relics_L2_wr_paired
Purification,2.5617429660215705,0.6091245376078915,1.0,Sprint,23.008616436206513,0.6836734693877551,1.0
Blink,11.850369803420758,0.6387665198237885,,Blink,11.850369803420758,0.6387665198237885,
