Items_most_pop,Items_most_pop_L2,Items_most_pop_winrate,Items_L2,Items_L2_coef,Items_L2_winrate,Items_gold_adjusted_L2,Items_gold_adjusted_L2_coef,Items_gold_adjusted_L2_winrate
Hastened Fatalis,11.354049703134436,0.5933609958506224,Stone Cutting Sword,40.1301931696092,0.7226890756302521,Stone Cutting Sword,1.5434689680618923,2.779573367808662
Qin's Sais,0.9644426394996226,0.5798319327731093,Bloodforge,18.3443104069565,0.85,The Executioner,0.7115228851431179,2.8703703703703702
Warrior Tabi,1.9777405119740294,0.5752688172043011,The Executioner,16.009264915720152,0.6458333333333334,Bloodforge,0.6436600142791754,2.982456140350877
Stone Cutting Sword,40.1301931696092,0.7226890756302521,Odysseus' Bow,13.962878070907529,0.8333333333333334,Asi,0.6368317827149661,4.119850187265918
The Executioner,16.009264915720152,0.6458333333333334,Hastened Fatalis,11.354049703134436,0.5933609958506224,Odysseus' Bow,0.5699133906492868,3.401360544217687
Ninja Tabi,1.8558270456414858,0.5617977528089888,Asi,11.335605732326396,0.7333333333333333,Hastened Fatalis,0.5305630702399269,2.772714933881413
