Relics_most_pop,Relics_most_pop_L2,Relics_most_pop_winrate,Relics_most_pop_wr_paired,Relics_L2,Relics_L2_coef,Relics_L2_winrate,Relics_L2_wr_paired
Purification,-6.282949237025787,0.5223463687150838,0.0,Sprint,16.05332532545826,0.6666666666666666,0.0
Blink,13.656102424130115,0.5666666666666667,,Blink,13.656102424130115,0.5666666666666667,
