,recommendations,win_rate,win_rate_per_cost
Starter Item,Bumba's Mask,,
Boots,Warrior Tabi,0.6875,3.49989458149
Item2,Hastened Fatalis,0.5454545454545454,2.72585669782
Item3,The Executioner,0.5833333333333334,2.59259259259
Item4,Stone Cutting Sword,0.6049382716049383,2.24358974359
Item5,Titan's Bane,0.661971830986,3.22913088286
Item6,Bloodforge,0.542483660131,2.41228070175
Relic1,Blink,0.62,
Relic2,Teleport,0.611111111111,
