Items_most_pop,Items_most_pop_L2,Items_most_pop_winrate,Items_L2,Items_L2_coef,Items_L2_winrate,Items_gold_adjusted_L2,Items_gold_adjusted_L2_coef,Items_gold_adjusted_L2_winrate
Hastened Fatalis,6.5716299403613965,0.56656346749226,Stone Cutting Sword,12.129787318673303,0.6210191082802548,Stone Cutting Sword,0.4665302814874347,2.388535031847134
Qin's Sais,7.497864749289472,0.571658615136876,Titan's Bane,8.903910457890033,0.6358974358974359,Titan's Bane,0.43433709550683086,3.1019387116948094
Warrior Tabi,1.9206402755572463,0.5495867768595041,Odysseus' Bow,8.2018732407338,0.7192982456140351,Odysseus' Bow,0.3347703363564816,2.9359112065878983
Stone Cutting Sword,12.129787318673303,0.6210191082802548,Qin's Sais,7.497864749289472,0.571658615136876,The Executioner,0.31772273206655655,2.6698641087130297
The Executioner,7.148761471497522,0.6007194244604317,The Executioner,7.148761471497522,0.6007194244604317,Hastened Fatalis,0.30708551123184097,2.647492838748879
Bumba's Mask,-18.06715914836987,0.4057377049180328,Bloodforge,7.093286297422208,0.7058823529411765,Qin's Sais,0.2776986944181286,2.117254130136578
