,recommendations,win_rate,win_rate_per_cost
Starter Item,Bumba's Mask,,
Boots,Warrior Tabi,0.5354449472096531,2.62541976188
Item2,Stone Cutting Sword,0.6104218362282878,1.56515408881
Item3,Qin's Sais,0.55622009569378,1.50718541886
Item4,The Executioner,0.5947521865889213,1.80862250263
Item5,Titan's Bane,0.556220095694,2.99290642309
Item6,Heartseeker,0.594752186589,3.82513661202
Relic1,Sprint,0.611764705882,
Relic2,Wrath,0.547112462006,
