,recommendations,win_rate,win_rate_per_cost
Starter Item,Bumba's Mask,,
Boots,Warrior Tabi,0.780487804878,3.9405060846
Item2,Stone Cutting Sword,0.7287066246056783,2.3976023976
Item3,Hastened Fatalis,0.6191222570532915,2.91297487559
Item4,Qin's Sais,0.6233766233766234,2.3088023088
Item5,Wind Demon,0.760869565217,3.00187617261
Item6,The Executioner,0.623376623377,2.94593444019
Relic1,Sprint,0.730158730159,
Relic2,Sanctuary,0.660550458716,
