Relics_most_pop,Relics_most_pop_L2,Relics_most_pop_winrate,Relics_most_pop_wr_paired,Relics_L2,Relics_L2_coef,Relics_L2_winrate,Relics_L2_wr_paired
Purification,10.669528102659973,0.6319018404907976,0.64,Sanctuary,12.773287850496715,0.6944444444444444,0.64
Blink,3.2014528487856615,0.6235294117647059,,Purification,10.669528102659973,0.6319018404907976,
