,recommendations,win_rate,win_rate_per_cost
Starter Item,Bumba's Mask,,
Boots,Warrior Tabi,0.48517520215633425,2.41484952244
Item2,Stone Cutting Sword,0.5870646766169154,1.43962183068
Item3,Hastened Fatalis,0.5137420718816068,1.74907325223
Item4,Qin's Sais,0.5087719298245614,1.38630250362
Item5,Ichaival,0.574324324324,3.21350762527
Item6,Titan's Bane,0.684210526316,2.80158206987
Relic1,Blink,0.544117647059,
Relic2,Sprint,0.549019607843,
