Items_most_pop,Items_most_pop_L2,Items_most_pop_winrate,Items_L2,Items_L2_coef,Items_L2_winrate,Items_gold_adjusted_L2,Items_gold_adjusted_L2_coef,Items_gold_adjusted_L2_winrate
Qin's Sais,26.73075900234067,0.6120996441281139,Stone Cutting Sword,106.58954930704418,0.7443609022556391,Stone Cutting Sword,4.09959805027093,2.8629265471370733
Hastened Fatalis,-10.83643306441946,0.6,Deathbringer,57.2708198012574,0.7222222222222222,Warrior Tabi,2.5142520408899593,3.9081885856079404
Warrior Tabi,38.97090663379437,0.6057692307692307,Winged Blade,45.82828936951613,0.7,Winged Blade,2.4772048307846557,3.7837837837837838
Stone Cutting Sword,106.58954930704418,0.7443609022556391,Odysseus' Bow,43.83732457729891,0.782608695652174,Deathbringer,1.7897131187892938,2.2569444444444446
The Executioner,-26.779498887473935,0.59375,Warrior Tabi,38.97090663379437,0.6057692307692307,Odysseus' Bow,1.7892785541754654,3.194321206743567
Bumba's Mask,-52.37583743439116,0.4358974358974359,Bloodforge,28.39171690520552,0.6818181818181818,Bloodforge,0.996200593165106,2.3923444976076556
