Items_most_pop,Items_most_pop_L2,Items_most_pop_winrate,Items_L2,Items_L2_coef,Items_L2_winrate,Items_gold_adjusted_L2,Items_gold_adjusted_L2_coef,Items_gold_adjusted_L2_winrate
Hastened Fatalis,17.95374655977248,0.6191222570532915,Stone Cutting Sword,50.043666593278346,0.7287066246056783,Stone Cutting Sword,1.9247564074337826,2.8027177869449162
Qin's Sais,14.339277466266488,0.6233766233766234,Wind Demon,19.18651424206557,0.7804878048780488,Warrior Tabi,0.9136478851519396,3.9405060846049835
Warrior Tabi,14.161542219855065,0.6107784431137725,Hastened Fatalis,17.95374655977248,0.6191222570532915,Hastened Fatalis,0.8389601196155365,2.8930946591275304
Stone Cutting Sword,50.043666593278346,0.7287066246056783,Deathbringer,17.60464567992018,0.7608695652173914,Wind Demon,0.7379428554640604,3.0018761726078798
The Executioner,12.935400577453471,0.6628352490421456,Qin's Sais,14.339277466266488,0.6233766233766234,The Executioner,0.5749066923312653,2.9459344401873135
Titan's Bane,6.40605454658224,0.6623931623931624,Warrior Tabi,14.161542219855065,0.6107784431137725,Deathbringer,0.5501451774975056,2.3777173913043477
