,recommendations,win_rate,win_rate_per_cost
Starter Item,Bumba's Mask,,
Boots,Warrior Tabi,0.5176470588235295,3.20155226777
Item2,Stone Cutting Sword,0.6232876712328768,1.90861769809
Item3,Qin's Sais,0.5501519756838906,1.83792815372
Item4,Hastened Fatalis,0.527536231884058,2.31888131544
Item5,Titan's Bane,0.596774193548,2.96508847441
Item6,The Executioner,0.607843137255,2.6523297491
Relic1,Blink,0.56050955414,
Relic2,Curse,0.592592592593,
