,recommendations,win_rate,win_rate_per_cost
Starter Item,Bumba's Mask,,
Boots,Ninja Tabi,0.609375,4.0625
Item2,Stone Cutting Sword,0.6938775510204082,2.34375
Item3,Hastened Fatalis,0.6243093922651933,2.84754672897
Item4,The Executioner,0.6666666666666666,2.70833333333
Item5,Titan's Bane,0.709677419355,3.46184107002
Item6,Winged Blade,0.666666666667,4.55192034139
Relic1,Purification,0.625766871166,
Relic2,Blink,0.658823529412,
