Items_most_pop,Items_most_pop_L2,Items_most_pop_winrate,Items_L2,Items_L2_coef,Items_L2_winrate,Items_gold_adjusted_L2,Items_gold_adjusted_L2_coef,Items_gold_adjusted_L2_winrate
Hastened Fatalis,1.0916574834907404,0.5112781954887218,Stone Cutting Sword,5.092307678409688,0.6098265895953757,Stone Cutting Sword,0.19585798763114187,2.3454868830591376
Qin's Sais,3.4212444807645306,0.5306122448979592,Titan's Bane,3.9243392543081854,0.6266094420600858,Titan's Bane,0.19143118313698465,3.0566314246833457
Warrior Tabi,0.8527099966978653,0.5107438016528926,Qin's Sais,3.4212444807645306,0.5306122448979592,The Executioner,0.14208662975701175,2.5850340136054424
Stone Cutting Sword,5.092307678409688,0.6098265895953757,The Executioner,3.1969491695327648,0.5816326530612245,Qin's Sais,0.12671275854683448,1.965230536659108
Bumba's Mask,-7.285490878051647,0.3302752293577982,Bloodforge,1.9990445334716438,0.7321428571428571,Bloodforge,0.0701419134551454,2.568922305764411
Ninja Tabi,-1.8936189782715485,0.4521452145214521,Deathbringer,1.7044391483727162,0.6716417910447762,Warrior Tabi,0.05501354817405583,3.2951213009864038
