Relics_most_pop,Relics_most_pop_L2,Relics_most_pop_winrate,Relics_most_pop_wr_paired,Relics_L2,Relics_L2_coef,Relics_L2_winrate,Relics_L2_wr_paired
Purification,-7.674095038433575,0.49445676274944567,0.538461538462,Wrath,13.339176914712702,0.5223214285714286,0.538461538462
Blink,6.555022422877653,0.5183823529411765,,Blink,6.555022422877653,0.5183823529411765,
