Relics_most_pop,Relics_most_pop_L2,Relics_most_pop_winrate,Relics_most_pop_wr_paired,Relics_L2,Relics_L2_coef,Relics_L2_winrate,Relics_L2_wr_paired
Purification,-4.326482423511609,0.5391304347826087,0.0,Curse,5.8783235685631245,0.6666666666666666,0.0
Blink,1.908083689340501,0.5625,,Relic,2.7547784243733675,0.45161290322580644,
