,recommendations,win_rate,win_rate_per_cost
Starter Item,Bumba's Mask,,
Boots,Warrior Tabi,0.478494623655914,3.32767402377
Item2,Hastened Fatalis,0.5010351966873706,2.41023118544
Item3,Stone Cutting Sword,0.5631578947368421,1.98380566802
Item4,Qin's Sais,0.4957446808510638,1.91033138402
Item5,Titan's Bane,0.615384615385,3.00187617261
Item6,Heartseeker,0.551724137931,3.06513409962
Relic1,Sprint,0.577777777778,
Relic2,Teleport,0.545454545455,
