,recommendations,win_rate,win_rate_per_cost
Starter Item,Bumba's Mask,,
Boots,Warrior Tabi,0.857142857143,3.76344086022
Item2,Stone Cutting Sword,0.6851851851851852,2.24358974359
Item3,The Executioner,0.6571428571428571,2.59259259259
Item4,Hastened Fatalis,0.5714285714285714,2.72585669782
Item5,Wind Demon,0.75,3.2967032967
Item6,Bloodforge,0.583333333333,2.52631578947
Relic1,Blink,0.621212121212,
Relic2,Wrath,0.570093457944,
