,recommendations,win_rate,win_rate_per_cost
Starter Item,Bumba's Mask,,
Boots,Warrior Tabi,0.48704663212435234,2.58064516129
Item2,Stone Cutting Sword,0.5485232067510548,1.53846153846
Item3,The Executioner,0.5436893203883495,1.77777777778
Item4,Qin's Sais,0.499001996007984,1.48148148148
Item5,Odysseus' Bow,0.548523206751,2.85714285714
Item6,Wind Demon,0.709677419355,2.72952853598
Relic1,Wrath,0.521951219512,
Relic2,Curse,0.555555555556,
