,recommendations,win_rate,win_rate_per_cost
Starter Item,Bumba's Mask,,
Boots,Ninja Tabi,0.5375,3.58333333333
Item2,Stone Cutting Sword,0.630718954248366,2.06730769231
Item3,The Executioner,0.6431372549019608,2.38888888889
Item4,Hastened Fatalis,0.5609756097560976,2.51168224299
Item5,Winged Blade,0.69387755102,3.49272349272
Item6,Deathbringer,0.646153846154,2.16836734694
Relic1,Curse,0.666666666667,
Relic2,Sprint,0.587301587302,
