Relics_most_pop,Relics_most_pop_L2,Relics_most_pop_winrate,Relics_most_pop_wr_paired,Relics_L2,Relics_L2_coef,Relics_L2_winrate,Relics_L2_wr_paired
Purification,-0.7882437959599559,0.4923547400611621,0.666666666667,Blink,1.6807386186155189,0.5333333333333333,0.666666666667
Blink,1.6807386186155189,0.5333333333333333,,Sprint,0.9330273330190714,0.581081081081081,
