Relics_most_pop,Relics_most_pop_L2,Relics_most_pop_winrate,Relics_most_pop_wr_paired,Relics_L2,Relics_L2_coef,Relics_L2_winrate,Relics_L2_wr_paired
Purification,-5.379499774057915,0.5445783132530121,0.761904761905,Blink,15.619979396059207,0.5938697318007663,0.761904761905
Blink,15.619979396059207,0.5938697318007663,,Wrath,4.008838071789942,0.5384615384615384,
