,recommendations,win_rate,win_rate_per_cost
Starter Item,Bumba's Mask,,
Boots,Warrior Tabi,0.5577299412915852,2.53833950291
Item2,Stone Cutting Sword,0.6447368421052632,1.5132408575
Item3,Qin's Sais,0.575516693163752,1.45719489982
Item4,The Executioner,0.5972222222222222,1.74863387978
Item5,Titan's Bane,0.575516693164,3.11063980205
Item6,Asi,0.63768115942,4.08580183861
Relic1,Blink,0.596091205212,
Relic2,Purification,0.565217391304,
