Relics_most_pop,Relics_most_pop_L2,Relics_most_pop_winrate,Relics_most_pop_wr_paired,Relics_L2,Relics_L2_coef,Relics_L2_winrate,Relics_L2_wr_paired
Purification,4.364278685326646,0.5441176470588235,0.727272727273,Curse,4.830451059825342,0.6363636363636364,0.727272727273
Blink,0.13988320662907588,0.5403899721448467,,Purification,4.364278685326646,0.5441176470588235,
