Relics_most_pop,Relics_most_pop_L2,Relics_most_pop_winrate,Relics_most_pop_wr_paired,Relics_L2,Relics_L2_coef,Relics_L2_winrate,Relics_L2_wr_paired
Purification,0.7620434885749693,0.5344827586206896,0.571428571429,Sprint,4.274590109376311,0.611764705882353,0.571428571429
Blink,0.42860726544508027,0.5384615384615384,,Wrath,3.1337206888384137,0.547112462006079,
