Items_most_pop,Items_most_pop_L2,Items_most_pop_winrate,Items_L2,Items_L2_coef,Items_L2_winrate,Items_gold_adjusted_L2,Items_gold_adjusted_L2_coef,Items_gold_adjusted_L2_winrate
Shoes of the Magi,345.5404555485873,0.5983606557377049,Warlock's Sash,490.58425595120195,0.6829268292682927,Shoes of the Magi,21.596278471786704,3.7397540983606556
Bancroft's Talon,-167.46165727396703,0.5652173913043478,Shoes of the Magi,345.5404555485873,0.5983606557377049,Warlock's Sash,18.51261343212083,2.577082374597331
Obsidian Shard,34.158521493518904,0.6027397260273972,Gem of Isolation,312.3214423176456,0.7380952380952381,Shoes of Focus,15.435668081919419,4.057971014492754
Pythagorem's Piece,135.72326741489337,0.6119402985074627,Shoes of Focus,231.53502122879127,0.6086956521739131,Gem of Isolation,11.567460826579469,2.7336860670194003
Rod of Tahuti,98.74581301952345,0.6031746031746031,Pythagorem's Piece,135.72326741489337,0.6119402985074627,Pythagorem's Piece,5.655136142287224,2.5497512437810945
Gem of Isolation,312.3214423176456,0.7380952380952381,Rod of Tahuti,98.74581301952345,0.6031746031746031,Rod of Tahuti,2.97427147649167,1.8167909734174794
