Relics_most_pop,Relics_most_pop_L2,Relics_most_pop_winrate,Relics_most_pop_wr_paired,Relics_L2,Relics_L2_coef,Relics_L2_winrate,Relics_L2_wr_paired
Purification,6.580118459316258,0.5545454545454546,1.0,Sprint,12.798800348467115,0.6122448979591837,1.0
Sanctuary,0.830506050904771,0.543778801843318,,Blink,11.619698593582994,0.5897435897435898,
