,recommendations,win_rate,win_rate_per_cost
Starter Item,Vampiric Shroud,,
Boots,Shoes of the Magi,0.584,3.65
Item2,Obsidian Shard,0.6307692307692307,2.8487804878
Item3,Rod of Tahuti,0.6071428571428571,1.75903614458
Item4,Pythagorem's Piece,0.5675675675675675,2.43333333333
Item5,Gem of Isolation,0.636363636364,2.3569023569
Item6,Chronos' Pendant,0.607142857143,2.69607843137
Relic1,Sanctuary,0.611111111111,
Relic2,Purification,0.571428571429,
