Relics_most_pop,Relics_most_pop_L2,Relics_most_pop_winrate,Relics_most_pop_wr_paired,Relics_L2,Relics_L2_coef,Relics_L2_winrate,Relics_L2_wr_paired
Sanctuary,-21.654805634375244,0.5221674876847291,0.827586206897,Blink,28.67359298914247,0.6779661016949152,0.827586206897
Purification,20.580125854836314,0.5872093023255814,,Purification,20.580125854836314,0.5872093023255814,
