Items_most_pop,Items_most_pop_L2,Items_most_pop_winrate,Items_L2,Items_L2_coef,Items_L2_winrate,Items_gold_adjusted_L2,Items_gold_adjusted_L2_coef,Items_gold_adjusted_L2_winrate
Shoes of the Magi,19.869315182600744,0.5480132450331126,Pythagorem's Piece,47.06445676156336,0.6053333333333333,Pythagorem's Piece,1.961019031731807,2.522222222222222
Bancroft's Talon,-4.0849390369269685,0.5364077669902912,Spear of Desolation,45.94619135415902,0.7283950617283951,Shoes of Focus,1.775835821952472,3.8297872340425534
Pythagorem's Piece,47.06445676156336,0.6053333333333333,Book of Thoth,38.58938398932985,0.6216216216216216,Book of Thoth,1.4562031694086734,2.3457419683834777
Obsidian Shard,-2.274806187513251,0.5778443113772455,Warlock's Sash,27.903025456763793,0.6098901098901099,Shoes of the Magi,1.2418321989125465,3.4250827814569536
Rod of Tahuti,16.829918928069315,0.6357142857142857,Shoes of Focus,26.63753732928708,0.574468085106383,Spear of Desolation,1.2091102987936584,1.916829109811566
Book of Thoth,38.58938398932985,0.6216216216216216,Gem of Isolation,25.962492158220908,0.6140350877192983,Warlock's Sash,1.0529443568590109,2.3014721127928675
