,recommendations,win_rate,win_rate_per_cost
Starter Item,Vampiric Shroud,,
Boots,Shoes of the Magi,0.640625,3.62903225806
Item2,Rod of Tahuti,0.640625,1.54856714996
Item3,Obsidian Shard,0.6285714285714286,2.50792338432
Item4,Book of Thoth,0.6363636363636364,1.94009167466
Item5,Gem of Isolation,0.628571428571,2.51322751323
Item6,Pythagorem's Piece,0.597402597403,2.48917748918
Relic1,Purification,0.652941176471,
Relic2,Blink,0.606557377049,
