,recommendations,win_rate,win_rate_per_cost
Starter Item,Vampiric Shroud,,
Boots,Shoes of Focus,0.606557377049,4.29378531073
Item2,Rod of Tahuti,0.7171717171717171,1.6446152709
Item3,Pythagorem's Piece,0.6065573770491803,2.27505112474
Item4,Warlock's Sash,0.6049382716049383,2.06042366015
Item5,Book of Thoth,0.602739726027,2.27448953218
Item6,Gem of Isolation,0.652173913043,2.24308815858
Relic1,Blink,0.677966101695,
Relic2,Purification,0.587209302326,
