Items_most_pop,Items_most_pop_L2,Items_most_pop_winrate,Items_L2,Items_L2_coef,Items_L2_winrate,Items_gold_adjusted_L2,Items_gold_adjusted_L2_coef,Items_gold_adjusted_L2_winrate
Shoes of the Magi,1.9394910580786215,0.5254237288135594,Pythagorem's Piece,7.686637743105818,0.5833333333333334,Pythagorem's Piece,0.32027657262940906,2.4305555555555554
Bancroft's Talon,-5.204847962648583,0.47959183673469385,Book of Thoth,6.150542854863896,0.591304347826087,Obsidian Shard,0.2865186624325209,2.7836691410392365
Obsidian Shard,5.873632579866678,0.5706521739130435,Obsidian Shard,5.873632579866678,0.5706521739130435,Book of Thoth,0.2320959567873168,2.2313371616078754
Pythagorem's Piece,7.686637743105818,0.5833333333333334,Gem of Isolation,5.185854802665645,0.5979381443298969,Gem of Isolation,0.1920686963950239,2.214585719740359
Rod of Tahuti,5.138874093595993,0.5789473684210527,Rod of Tahuti,5.138874093595993,0.5789473684210527,Rod of Tahuti,0.15478536426493952,1.7438173747622068
Book of Thoth,6.150542854863896,0.591304347826087,Spear of the Magus,3.156945255825288,0.5857142857142857,Spear of the Magus,0.1468346630616413,2.7242524916943522
