,recommendations,win_rate,win_rate_per_cost
Starter Item,Vampiric Shroud,,
Boots,Shoes of Focus,0.6375,4.25
Item2,Pythagorem's Piece,0.6650246305418719,2.53115264798
Item3,Warlock's Sash,0.6074766355140186,2.29236466232
Item4,Rod of Tahuti,0.6620689655172414,1.82974890215
Item5,Gem of Isolation,0.744897959184,2.75888133031
Item6,Spear of the Magus,0.724637681159,3.37040781935
Relic1,Blink,0.710144927536,
Relic2,Sprint,0.694444444444,
