Relics_most_pop,Relics_most_pop_L2,Relics_most_pop_winrate,Relics_most_pop_wr_paired,Relics_L2,Relics_L2_coef,Relics_L2_winrate,Relics_L2_wr_paired
Sanctuary,-1.4315684931860637,0.5057471264367817,0.606060606061,Blink,5.427465629942641,0.6183206106870229,0.606060606061
Purification,3.5116638196979135,0.5415549597855228,,Purification,3.5116638196979135,0.5415549597855228,
