Items_most_pop,Items_most_pop_L2,Items_most_pop_winrate,Items_L2,Items_L2_coef,Items_L2_winrate,Items_gold_adjusted_L2,Items_gold_adjusted_L2_coef,Items_gold_adjusted_L2_winrate
Shoes of the Magi,7.705007594245266,0.6111111111111112,Rod of Tahuti,18.959873518428434,0.6944444444444444,Rod of Tahuti,0.571080527663507,2.0917001338688084
Bancroft's Talon,4.699823307274459,0.6067796610169491,Pythagorem's Piece,10.325051951554524,0.6396396396396397,Shoes of the Magi,0.4815629746403291,3.8194444444444446
Pythagorem's Piece,10.325051951554524,0.6396396396396397,Shoes of the Magi,7.705007594245266,0.6111111111111112,Pythagorem's Piece,0.4302104979814385,2.665165165165165
Obsidian Shard,2.692306375819713,0.6226415094339622,Spear of Desolation,7.651130177659375,0.7142857142857143,Book of Thoth,0.2352164252160989,2.4197032982860436
Rod of Tahuti,18.959873518428434,0.6944444444444444,Book of Thoth,6.233235268226621,0.6412213740458015,Spear of Desolation,0.2013455309910362,1.8796992481203008
Book of Thoth,6.233235268226621,0.6412213740458015,Bancroft's Talon,4.699823307274459,0.6067796610169491,Bancroft's Talon,0.1958259711364358,2.5282485875706215
