Items_most_pop,Items_most_pop_L2,Items_most_pop_winrate,Items_L2,Items_L2_coef,Items_L2_winrate,Items_gold_adjusted_L2,Items_gold_adjusted_L2_coef,Items_gold_adjusted_L2_winrate
Shoes of the Magi,-9.724047323910485,0.46788990825688076,Rod of Tahuti,16.06504344571888,0.6326530612244898,Shoes of Focus,0.6770505419437506,4.358974358974359
Bancroft's Talon,0.4396392475424008,0.5068493150684932,Book of Thoth,10.81961482544484,0.6333333333333333,Rod of Tahuti,0.4838868507746651,1.9055815097123188
Pythagorem's Piece,-0.15388539724257544,0.5074626865671642,Shoes of Focus,10.15575812915626,0.6538461538461539,Book of Thoth,0.40828735190357884,2.389937106918239
Obsidian Shard,-0.26040762645340004,0.5,Soul Reaver,4.381204750827159,0.7142857142857143,Soul Reaver,0.14902056975602582,2.4295432458697763
Rod of Tahuti,16.06504344571888,0.6326530612244898,Gem of Isolation,2.6103262203661086,0.5454545454545454,Gem of Isolation,0.09667874890244847,2.0202020202020203
Chronos' Pendant,-5.747261758610661,0.45,Spear of Desolation,2.4743518429896936,0.5714285714285714,Spear of Desolation,0.0651145221839393,1.5037593984962405
