,recommendations,win_rate,win_rate_per_cost
Starter Item,Vampiric Shroud,,
Boots,Shoes of Focus,0.586206896552,3.90804597701
Item2,Obsidian Shard,0.532051282051282,2.55116344267
Item3,Bancroft's Talon,0.5229885057471264,2.17911877395
Item4,Rod of Tahuti,0.5309734513274337,1.57526658358
Item5,Warlock's Sash,0.614457831325,2.31870879745
Item6,Spear of Desolation,0.532051282051,1.65692007797
Relic1,Sprint,0.677966101695,
Relic2,Blink,0.590163934426,
