Relics_most_pop,Relics_most_pop_L2,Relics_most_pop_winrate,Relics_most_pop_wr_paired,Relics_L2,Relics_L2_coef,Relics_L2_winrate,Relics_L2_wr_paired
Sanctuary,0.05438200373173737,0.5591397849462365,0.875,Blink,0.05979717207038442,0.7307692307692307,0.875
Purification,-0.005536256756617337,0.4942528735632184,,Sanctuary,0.05438200373173737,0.5591397849462365,
