Items_most_pop,Items_most_pop_L2,Items_most_pop_winrate,Items_L2,Items_L2_coef,Items_L2_winrate,Items_gold_adjusted_L2,Items_gold_adjusted_L2_coef,Items_gold_adjusted_L2_winrate
Shoes of the Magi,0.10290343955538213,0.584,Shoes of the Magi,0.10290343955538213,0.584,Shoes of the Magi,0.006431464972211384,3.65
Bancroft's Talon,0.03352347865616522,0.5384615384615384,Obsidian Shard,0.08381680423137178,0.6307692307692307,Obsidian Shard,0.004088624596652282,3.076923076923077
Pythagorem's Piece,0.04875910539667721,0.5675675675675675,Gem of Isolation,0.05923806917984951,0.6363636363636364,Gem of Isolation,0.0021940025622166487,2.356902356902357
Obsidian Shard,0.08381680423137178,0.6307692307692307,Rod of Tahuti,0.059040175040108486,0.6071428571428571,Chronos' Pendant,0.00205897118175201,2.696078431372549
Rod of Tahuti,0.059040175040108486,0.6071428571428571,Chronos' Pendant,0.04941530836204824,0.6470588235294118,Pythagorem's Piece,0.002031629391528217,2.364864864864865
Warlock's Sash,0.029251710334740062,0.5652173913043478,Pythagorem's Piece,0.04875910539667721,0.5675675675675675,Shoes of Focus,0.0019761212779487226,4.166666666666667
