,recommendations,win_rate,win_rate_per_cost
Starter Item,Bluestone Pendant,,
Boots,Warrior Tabi,0.5487364620938628,3.53012781497
Item2,Jotunn's Wrath,0.5786026200873362,2.24249922672
Item3,Breastplate of Valor,0.5525902668759811,2.37899917966
Item4,Bluestone Pendant,0.5069444444444444,6.83962264151
Item5,Winged Blade,0.655172413793,3.41012153093
Item6,Brawler's Beat Stick,0.578602620087,2.75974025974
Relic1,Meditation,0.580392156863,
Relic2,Wrath,0.58,
