,recommendations,win_rate,win_rate_per_cost
Starter Item,Bluestone Pendant,,
Boots,Warrior Tabi,0.5461847389558233,3.89144905274
Item2,Hide of the Urchin,0.6326530612244898,2.51322751323
Item3,Bulwark of Hope,0.6031746031746031,2.3888103096
Item4,Bluestone Pendant,0.527027027027027,7.53968253968
Item5,Titan's Bane,0.725490196078,3.53897656624
Item6,Witchblade,0.651162790698,3.08087291399
Relic1,Relic,0.636363636364,
Relic2,Blink,0.582417582418,
