,recommendations,win_rate,win_rate_per_cost
Starter Item,Bluestone Pendant,,
Boots,Warrior Tabi,0.6625,3.73489034188
Item2,Hide of the Urchin,0.6015180265654649,2.50632511069
Item3,Jotunn's Wrath,0.6005509641873278,2.46523781379
Item4,Breastplate of Valor,0.5776892430278885,2.61529576768
Item5,Mantle of Discord,0.715415019763,2.30779038633
Item6,Brawler's Beat Stick,0.75,3.125
Relic1,Blink,0.626482213439,
Relic2,Meditation,0.575824175824,
