Relics_most_pop,Relics_most_pop_L2,Relics_most_pop_winrate,Relics_most_pop_wr_paired,Relics_L2,Relics_L2_coef,Relics_L2_winrate,Relics_L2_wr_paired
Teleport,6.6926351434189835,0.5467695274831244,0.514285714286,Curse,10.528605268788084,0.5798816568047337,0.514285714286
Blink,9.952061234897608,0.5627118644067797,,Blink,9.952061234897608,0.5627118644067797,
