Relics_most_pop,Relics_most_pop_L2,Relics_most_pop_winrate,Relics_most_pop_wr_paired,Relics_L2,Relics_L2_coef,Relics_L2_winrate,Relics_L2_wr_paired
Teleport,-2.946816459506425,0.5677749360613811,0.5,Sprint,10.675963325528501,0.6666666666666666,0.5
Blink,9.444016233874136,0.6133651551312649,,Blink,9.444016233874136,0.6133651551312649,
