Items_most_pop,Items_most_pop_L2,Items_most_pop_winrate,Items_L2,Items_L2_coef,Items_L2_winrate,Items_gold_adjusted_L2,Items_gold_adjusted_L2_coef,Items_gold_adjusted_L2_winrate
Warrior Tabi,6.5022382167147965,0.5610200364298725,Jotunn's Wrath,16.298047904856716,0.6096654275092936,Jotunn's Wrath,0.667952782985931,2.4986288012675972
Breastplate of Valor,-7.5578112604528975,0.5369127516778524,Void Shield,10.112965235542287,0.6666666666666666,Warrior Tabi,0.41949923978805137,3.6194841059991774
Jotunn's Wrath,16.298047904856716,0.6096654275092936,Spirit Robe,7.600599305313397,0.6363636363636364,Void Shield,0.3745542679830477,2.4691358024691357
Hide of the Urchin,6.998830889137256,0.5829383886255924,Mantle of Discord,7.570459772246842,0.6086956521739131,Spirit Robe,0.3089674514355039,2.5868440502586845
Bluestone Pendant,-10.848112381520476,0.4975369458128079,Hide of the Urchin,6.998830889137256,0.5829383886255924,Hide of the Urchin,0.29161795371405236,2.428909952606635
Bulwark of Hope,2.537274200555946,0.5866666666666667,Warrior Tabi,6.5022382167147965,0.5610200364298725,Mantle of Discord,0.24420837974989812,1.9635343618513323
