Items_most_pop,Items_most_pop_L2,Items_most_pop_winrate,Items_L2,Items_L2_coef,Items_L2_winrate,Items_gold_adjusted_L2,Items_gold_adjusted_L2_coef,Items_gold_adjusted_L2_winrate
Warrior Tabi,5.851736613491069,0.554904831625183,Jotunn's Wrath,23.09960513932133,0.6146095717884131,Jotunn's Wrath,0.9467051286607102,2.5188916876574305
Breastplate of Valor,0.7767150855587776,0.5510597302504817,Frostbound Hammer,11.595943609207966,0.7,Frostbound Hammer,0.5041714612699115,3.0434782608695654
Jotunn's Wrath,23.09960513932133,0.6146095717884131,Stone of Gaia,9.041387964214454,0.6739130434782609,Stone of Gaia,0.4520693982107227,3.369565217391304
Hide of the Urchin,0.9023575077568942,0.5567765567765568,Mystical Mail,9.006159273261124,0.6666666666666666,Warrior Tabi,0.3775313944187787,3.5800311717753743
Bluestone Pendant,-3.5328652747228406,0.5065502183406113,Brawler's Beat Stick,8.642901846003568,0.6862745098039216,Brawler's Beat Stick,0.36012091025014864,2.8594771241830066
Bulwark of Hope,-2.0556346758758024,0.5601851851851852,Mantle of Discord,7.547222702658354,0.6166666666666667,Titan's Bane,0.34246555820237673,3.0366661282506864
