Items_most_pop,Items_most_pop_L2,Items_most_pop_winrate,Items_L2,Items_L2_coef,Items_L2_winrate,Items_gold_adjusted_L2,Items_gold_adjusted_L2_coef,Items_gold_adjusted_L2_winrate
Warrior Tabi,-1.7802926334357718,0.4796573875802998,Mantle of Discord,9.009325432476876,0.5978260869565217,Hide of the Urchin,0.3591247153728479,2.290448343079922
Breastplate of Valor,-5.73635364600973,0.46703296703296704,Hide of the Urchin,8.61899316894835,0.5497076023391813,Mantle of Discord,0.29062340104764117,1.9284712482468442
Jotunn's Wrath,6.54538715715713,0.51953125,Jotunn's Wrath,6.54538715715713,0.51953125,Jotunn's Wrath,0.26825357201463645,2.1292264344262297
Hide of the Urchin,8.61899316894835,0.5497076023391813,Titan's Bane,4.552976947125052,0.5510204081632653,Titan's Bane,0.2220964364451245,2.687904430064709
Bluestone Pendant,-7.953307091237155,0.40853658536585363,Brawler's Beat Stick,4.32745388399045,0.625,Brawler's Beat Stick,0.18031057849960208,2.6041666666666665
Bulwark of Hope,2.788403410710275,0.5067567567567568,Void Shield,3.76142631806858,0.5777777777777777,Void Shield,0.13931208585439184,2.139917695473251
