,recommendations,win_rate,win_rate_per_cost
Starter Item,Bluestone Pendant,,
Boots,Warrior Tabi,0.641891891892,3.39988394834
Item2,Bulwark of Hope,0.5862068965517241,2.20368493542
Item3,Jotunn's Wrath,0.5564304461942258,2.28045264834
Item4,Breastplate of Valor,0.5298446443172526,2.41926280954
Item5,Sovereignty,0.598039215686,2.84780578898
Item6,Titan's Bane,0.639175257732,3.1179280865
Relic1,Teleport,0.528827037773,
Relic2,Meditation,0.531914893617,
