,recommendations,win_rate,win_rate_per_cost
Starter Item,Bluestone Pendant,,
Boots,Warrior Tabi,0.5297372060857538,3.62350861688
Item2,Jotunn's Wrath,0.5778364116094987,2.30181899843
Item3,Breastplate of Valor,0.5595238095238095,2.44192972007
Item4,Hide of the Urchin,0.5777027027027027,2.3401826484
Item5,Winged Blade,0.577836411609,3.70482842393
Item6,Genji's Guard,0.68085106383,3.09477756286
Relic1,Blink,0.573426573427,
Relic2,Meditation,0.551330798479,
