Relics_most_pop,Relics_most_pop_L2,Relics_most_pop_winrate,Relics_most_pop_wr_paired,Relics_L2,Relics_L2_coef,Relics_L2_winrate,Relics_L2_wr_paired
Teleport,0.08485404343063857,0.571072319201995,0.733333333333,Blink,14.783992394769307,0.6280193236714976,0.733333333333
Blink,14.783992394769307,0.6280193236714976,,Curse,8.687159606145002,0.5987261146496815,
