,recommendations,win_rate,win_rate_per_cost
Starter Item,Bluestone Pendant,,
Boots,Warrior Tabi,0.5340909090909091,3.895313451
Item2,Jotunn's Wrath,0.5870020964360587,2.47448190535
Item3,Breastplate of Valor,0.5672676837725381,2.62510254307
Item4,Hide of the Urchin,0.5857142857142857,2.51572327044
Item5,Titan's Bane,0.68253968254,3.32946186605
Item6,Winged Blade,0.603773584906,3.48572871937
Relic1,Sprint,0.611940298507,
Relic2,Teleport,0.556325823224,
