,recommendations,win_rate,win_rate_per_cost
Starter Item,Bluestone Pendant,,
Boots,Warrior Tabi,0.573529411765,3.4178187404
Item2,Hide of the Urchin,0.6041055718475073,2.38970588235
Item3,Jotunn's Wrath,0.5714285714285714,2.35053037608
Item4,Bulwark of Hope,0.5735294117647058,2.27140361095
Item5,Brawler's Beat Stick,0.571428571429,3.0737704918
Item6,Titan's Bane,0.737704918033,3.09503784693
Relic1,Curse,0.580310880829,
Relic2,Teleport,0.539019963702,
