Relics_most_pop,Relics_most_pop_L2,Relics_most_pop_winrate,Relics_most_pop_wr_paired,Relics_L2,Relics_L2_coef,Relics_L2_winrate,Relics_L2_wr_paired
Teleport,-12.58769277276604,0.488,0.777777777778,Blink,19.21098811510996,0.6129032258064516,0.777777777778
Blink,19.21098811510996,0.6129032258064516,,Curse,8.856348755206875,0.5612244897959183,
