Relics_most_pop,Relics_most_pop_L2,Relics_most_pop_winrate,Relics_most_pop_wr_paired,Relics_L2,Relics_L2_coef,Relics_L2_winrate,Relics_L2_wr_paired
Teleport,7.742790470294477,0.6784660766961652,1.0,Blink,16.788903032381295,0.7039473684210527,1.0
Meditation,12.210890083645227,0.6728395061728395,,Sprint,13.205986506511454,0.7419354838709677,
