Relics_most_pop,Relics_most_pop_L2,Relics_most_pop_winrate,Relics_most_pop_wr_paired,Relics_L2,Relics_L2_coef,Relics_L2_winrate,Relics_L2_wr_paired
Blink,16.64408848186926,0.5015544041450777,0.538873994638,Blink,16.64408848186926,0.5015544041450777,0.538873994638
Meditation,14.626625538741362,0.4739583333333333,,Meditation,14.626625538741362,0.4739583333333333,
