Relics_most_pop,Relics_most_pop_L2,Relics_most_pop_winrate,Relics_most_pop_wr_paired,Relics_L2,Relics_L2_coef,Relics_L2_winrate,Relics_L2_wr_paired
Meditation,25.336975296279757,0.4864457831325301,0.532567049808,Meditation,25.336975296279757,0.4864457831325301,0.532567049808
Blink,9.154360380581455,0.4846153846153846,,Blink,9.154360380581455,0.4846153846153846,
