,recommendations,win_rate,win_rate_per_cost
Starter Item,Watcher's Gift,,
Boots,Shoes of the Magi,0.581896551724,3.375158831
Item2,Hide of the Urchin,0.535175879396985,2.07131410256
Item3,Sovereignty,0.5262390670553936,2.36721611722
Item4,Breastplate of Valor,0.4971153846153846,2.16137123746
Item5,Void Stone,0.540025412961,2.64498432602
Item6,Mantle of Discord,0.526239067055,1.93548387097
Relic1,Meditation,0.497729336966,
Relic2,Sprint,0.506108202443,
