,recommendations,win_rate,win_rate_per_cost
Starter Item,Watcher's Gift,,
Boots,Shoes of the Magi,0.701863354037,3.69393139842
Item2,Sovereignty,0.595108695652174,2.2808188696
Item3,Hide of the Urchin,0.5927835051546392,1.9957165109
Item4,Breastplate of Valor,0.5703971119133574,2.08248679399
Item5,Winged Blade,0.684,3.63532546631
Item6,Void Stone,0.672535211268,3.10909090909
Relic1,Meditation,0.579113924051,
Relic2,Blink,0.577922077922,
