Items_most_pop,Items_most_pop_L2,Items_most_pop_winrate,Items_L2,Items_L2_coef,Items_L2_winrate,Items_gold_adjusted_L2,Items_gold_adjusted_L2_coef,Items_gold_adjusted_L2_winrate
Shoes of Focus,-0.18832129641789933,0.4870848708487085,Winged Blade,0.7169167389859347,0.5985915492957746,Winged Blade,0.03875225616140187,3.2356299961933765
Breastplate of Valor,0.10991400600495002,0.5095057034220533,Void Stone,0.6689292207924681,0.6015625,Void Stone,0.030405873672384908,2.734375
Watcher's Gift,-0.05388906496068647,0.49537037037037035,Hide of the Urchin,0.5387118560533375,0.5580110497237569,Travelers Shoes,0.026086823036593217,4.571428571428571
Sovereignty,0.12219558682054858,0.5121951219512195,Travelers Shoes,0.36521552251230505,0.64,Hide of the Urchin,0.022446327335555728,2.325046040515654
Hide of the Urchin,0.5387118560533375,0.5580110497237569,Bulwark of Hope,0.3329548024049717,0.5596330275229358,Bulwark of Hope,0.013186328808117691,2.216368425833409
Shoes of the Magi,-0.01936659011162065,0.5,Heartward Amulet,0.20365317643725803,0.5263157894736842,Heartward Amulet,0.009697770306536097,2.506265664160401
