Items_most_pop,Items_most_pop_L2,Items_most_pop_winrate,Items_L2,Items_L2_coef,Items_L2_winrate,Items_gold_adjusted_L2,Items_gold_adjusted_L2_coef,Items_gold_adjusted_L2_winrate
Breastplate of Valor,-5.140145305388934,0.4937142857142857,Mantle of Discord,20.702312159257342,0.6329588014981273,Winged Blade,0.692136764601247,3.027879950956874
Shoes of Focus,1.4673398925883714,0.4830409356725146,Gem of Isolation,15.20297829102292,0.6259541984732825,Sovereignty,0.6920704277539047,2.5924185463659146
Watcher's Gift,-9.632660321264405,0.423943661971831,Sovereignty,14.533478982832,0.5444078947368421,Mantle of Discord,0.6678165212663659,2.0418025854778303
Hide of the Urchin,10.360719127409789,0.5341614906832298,Void Stone,14.377035612088484,0.5683646112600537,Void Stone,0.6535016187312948,2.5834755057275163
Shoes of the Magi,8.311431761870097,0.5047021943573667,Winged Blade,12.804530145123069,0.5601577909270217,Gem of Isolation,0.563073270037886,2.3183488832343793
Sovereignty,14.533478982832,0.5444078947368421,Bulwark of Hope,11.743776734043445,0.5631868131868132,Shoes of the Magi,0.5194644851168811,3.154388714733542
