Relics_most_pop,Relics_most_pop_L2,Relics_most_pop_winrate,Relics_most_pop_wr_paired,Relics_L2,Relics_L2_coef,Relics_L2_winrate,Relics_L2_wr_paired
Meditation,-5.577123665574833,0.517948717948718,0.0,Relic,40.29691923814752,0.4489795918367347,0.0
Blink,-6.5588912488828335,0.546448087431694,,Sanctuary,29.59250780399671,0.6428571428571429,
