Relics_most_pop,Relics_most_pop_L2,Relics_most_pop_winrate,Relics_most_pop_wr_paired,Relics_L2,Relics_L2_coef,Relics_L2_winrate,Relics_L2_wr_paired
Meditation,9.277848978492633,0.5182767624020888,0.575079872204,Meditation,9.277848978492633,0.5182767624020888,0.575079872204
Blink,8.711883723551423,0.5302826379542396,,Blink,8.711883723551423,0.5302826379542396,
