Relics_most_pop,Relics_most_pop_L2,Relics_most_pop_winrate,Relics_most_pop_wr_paired,Relics_L2,Relics_L2_coef,Relics_L2_winrate,Relics_L2_wr_paired
Meditation,7.7168009807423426,0.5036028823058447,0.593939393939,Sprint,10.512542773925226,0.5528846153846154,0.593939393939
Blink,3.3260438419237786,0.5071248952221291,,Meditation,7.7168009807423426,0.5036028823058447,
