,recommendations,win_rate,win_rate_per_cost
Starter Item,Watcher's Gift,,
Boots,Shoes of Focus,0.51256281407,3.41708542714
Item2,Breastplate of Valor,0.5347593582887701,2.36117896108
Item3,Sovereignty,0.5430711610486891,2.58605314785
Item4,Hide of the Urchin,0.5179153094462541,2.26279650437
Item5,Heartward Amulet,0.634782608696,2.65172735761
Item6,Mantle of Discord,0.543071161049,2.0476858345
Relic1,Meditation,0.551724137931,
Relic2,Wrath,0.5,
