Items_most_pop,Items_most_pop_L2,Items_most_pop_winrate,Items_L2,Items_L2_coef,Items_L2_winrate,Items_gold_adjusted_L2,Items_gold_adjusted_L2_coef,Items_gold_adjusted_L2_winrate
Breastplate of Valor,7.3774465107495395,0.5318818040435459,Sovereignty,17.482960474546267,0.5726872246696035,Sovereignty,0.832521927359346,2.7270820222362073
Shoes of Focus,-10.900712205450873,0.4642857142857143,Gem of Isolation,13.310119714477509,0.6867469879518072,Shoes of the Magi,0.6831873035851089,3.4926470588235294
Watcher's Gift,-17.193208656904734,0.43068391866913125,Mantle of Discord,11.111021909545213,0.6098901098901099,Heartward Amulet,0.5282971276738847,2.7154663518299884
Hide of the Urchin,7.774361398980481,0.5360824742268041,Heartward Amulet,11.094239681151578,0.5702479338842975,Gem of Isolation,0.49296739683250035,2.5435073627844713
Shoes of the Magi,10.930996857361743,0.5588235294117647,Shoes of the Magi,10.930996857361743,0.5588235294117647,Mantle of Discord,0.3584200615982327,1.967387451258419
Sovereignty,17.482960474546267,0.5726872246696035,Hide of the Urchin,7.774361398980481,0.5360824742268041,Winged Blade,0.3452330399189375,3.0842607313195547
