Relics_most_pop,Relics_most_pop_L2,Relics_most_pop_winrate,Relics_most_pop_wr_paired,Relics_L2,Relics_L2_coef,Relics_L2_winrate,Relics_L2_wr_paired
Blink,20.1823339408224,0.5166994106090373,0.560846560847,Blink,20.1823339408224,0.5166994106090373,0.560846560847
Meditation,14.538784752528136,0.5,,Meditation,14.538784752528136,0.5,
