Relics_most_pop,Relics_most_pop_L2,Relics_most_pop_winrate,Relics_most_pop_wr_paired,Relics_L2,Relics_L2_coef,Relics_L2_winrate,Relics_L2_wr_paired
Blink,4.467666833053313,0.5054484492875104,0.488636363636,Meditation,10.40633706656874,0.4977293369663942,0.488636363636
Meditation,10.40633706656874,0.4977293369663942,,Sprint,4.724153979875871,0.506108202443281,
