,recommendations,win_rate,win_rate_per_cost
Starter Item,Watcher's Gift,,
Boots,Shoes of the Magi,0.627329192547,3.86940749698
Item2,Sovereignty,0.6273291925465838,2.66773376017
Item3,Breastplate of Valor,0.5911949685534591,2.43575691146
Item4,Hide of the Urchin,0.5903890160183066,2.33426704015
Item5,Winged Blade,0.660120845921,3.56822078876
Item6,Void Stone,0.64440433213,2.92911060059
Relic1,Meditation,0.597341673182,
Relic2,Sprint,0.599601593625,
