,recommendations,win_rate,win_rate_per_cost
Starter Item,Soul Stone,,
Boots,Shoes of the Magi,0.619047619048,3.86904761905
Item2,Warlock's Sash,0.7050359712230215,2.49365552245
Item3,Obsidian Shard,0.6549019607843137,3.22350591927
Item4,Rod of Tahuti,0.6608187134502924,1.9904178116
Item5,Winged Blade,0.654901960784,3.92327811683
Item6,Dynasty Plate Helm,0.66081871345,3.63777089783
Relic1,Sprint,0.619047619048,
Relic2,Sanctuary,0.607902735562,
