Relics_most_pop,Relics_most_pop_L2,Relics_most_pop_winrate,Relics_most_pop_wr_paired,Relics_L2,Relics_L2_coef,Relics_L2_winrate,Relics_L2_wr_paired
Sanctuary,19.171393113119368,0.5637583892617449,0.666666666667,Sprint,29.726509942506063,0.6296296296296297,0.666666666667
Purification,-12.665258921237443,0.5328467153284672,,Sanctuary,19.171393113119368,0.5637583892617449,
