Relics_most_pop,Relics_most_pop_L2,Relics_most_pop_winrate,Relics_most_pop_wr_paired,Relics_L2,Relics_L2_coef,Relics_L2_winrate,Relics_L2_wr_paired
Sanctuary,-1.0185002222292419,0.5209580838323353,1.0,Sprint,6.716934772743777,0.7419354838709677,1.0
Purification,0.38590422132516605,0.5294117647058824,,Purification,0.38590422132516605,0.5294117647058824,
