,recommendations,win_rate,win_rate_per_cost
Starter Item,Soul Stone,,
Boots,Shoes of the Magi,0.5462962962962963,2.43055555556
Item2,Rod of Tahuti,0.6875,1.17135207497
Item3,Book of Thoth,0.6610169491525424,1.46750524109
Item4,Obsidian Shard,0.6296296296296297,1.89701897019
Item5,Warlock's Sash,0.627906976744,2.3694602896
Item6,Winged Blade,0.818181818182,3.6036036036
Relic1,Sanctuary,0.56880733945,
Relic2,Purification,0.552083333333,
