Items_most_pop,Items_most_pop_L2,Items_most_pop_winrate,Items_L2,Items_L2_coef,Items_L2_winrate,Items_gold_adjusted_L2,Items_gold_adjusted_L2_coef,Items_gold_adjusted_L2_winrate
Shoes of the Magi,1.20329234454295,0.5225988700564972,Warlock's Sash,3.4824782346488288,0.5855263157894737,Warlock's Sash,0.13141427300561617,2.2095332671300896
Obsidian Shard,2.084764368401414,0.5387453874538746,Rod of Tahuti,2.7808851271276214,0.5714285714285714,Obsidian Shard,0.10169582284884945,2.6280262802628025
Book of Thoth,-0.6318205089894695,0.5,Spear of Desolation,2.6697717130041143,0.7931034482758621,Rod of Tahuti,0.0837616002146874,1.721170395869191
Rod of Tahuti,2.7808851271276214,0.5714285714285714,Obsidian Shard,2.084764368401414,0.5387453874538746,Shoes of the Magi,0.07520577153393437,3.2662429378531073
Warlock's Sash,3.4824782346488288,0.5855263157894737,Shoes of the Magi,1.20329234454295,0.5225988700564972,Spear of Desolation,0.07025715034221354,2.087114337568058
Soul Stone,-0.807285165457406,0.4830508474576271,Breastplate of Valor,1.043887810992,0.6666666666666666,Breastplate of Valor,0.04538642656486957,2.898550724637681
