,recommendations,win_rate,win_rate_per_cost
Starter Item,Soul Stone,,
Boots,Shoes of the Magi,0.48623853211009177,2.98507462687
Item2,Warlock's Sash,0.5454545454545454,1.80230920867
Item3,Soul Stone,0.47761194029850745,5.97014925373
Item4,Rod of Tahuti,0.55,1.43859018162
Item5,Spear of the Magus,0.611111111111,2.84237726098
Item6,Winged Blade,0.681818181818,3.45345345345
Relic1,Purification,0.509708737864,
Relic2,Sanctuary,0.485576923077,
