Items_most_pop,Items_most_pop_L2,Items_most_pop_winrate,Items_L2,Items_L2_coef,Items_L2_winrate,Items_gold_adjusted_L2,Items_gold_adjusted_L2_coef,Items_gold_adjusted_L2_winrate
Shoes of the Magi,3.7792861778217826,0.5454545454545454,Shoes of the Magi,3.7792861778217826,0.5454545454545454,Shoes of the Magi,0.2362053861138614,3.409090909090909
Obsidian Shard,-1.147516881085644,0.5128205128205128,Book of Thoth,3.6641328540291886,0.5714285714285714,Book of Thoth,0.13826916430298825,2.1563342318059298
Book of Thoth,3.6641328540291886,0.5714285714285714,Rod of Tahuti,3.3584157656833895,0.5757575757575758,Soul Reaver,0.10166443758757769,2.4009603841536613
Rod of Tahuti,3.3584157656833895,0.5757575757575758,Soul Reaver,2.988934465074784,0.7058823529411765,Rod of Tahuti,0.10115710137600571,1.7342095655348668
Warlock's Sash,2.439618159136358,0.5660377358490566,Warlock's Sash,2.439618159136358,0.5660377358490566,Polynomicon,0.09883400860810697,3.1620553359683794
Chronos' Pendant,-1.2197820001159378,0.4897959183673469,Polynomicon,2.2731821979864604,0.7272727272727273,Warlock's Sash,0.09206106260891918,2.135991456034176
