,recommendations,win_rate,win_rate_per_cost
Starter Item,Soul Stone,,
Boots,Shoes of the Magi,0.6055045871559633,3.78289473684
Item2,Obsidian Shard,0.6666666666666666,2.95250320924
Item3,Warlock's Sash,0.6052631578947368,2.28401191658
Item4,Book of Thoth,0.6612903225806451,2.28401191658
Item5,Gem of Isolation,0.857142857143,3.1746031746
Item6,Spear of Desolation,0.666666666667,2.15311004785
Relic1,Meditation,1.0,
Relic2,Relic,0.285714285714,
