Relics_most_pop,Relics_most_pop_L2,Relics_most_pop_winrate,Relics_most_pop_wr_paired,Relics_L2,Relics_L2_coef,Relics_L2_winrate,Relics_L2_wr_paired
Sanctuary,3.9067183195496966,0.5264367816091954,0.8,Sanctuary,3.9067183195496966,0.5264367816091954,0.8
Purification,-3.3341671879091797,0.5059101654846335,,Meditation,0.5370363543975207,0.5294117647058824,
