Relics_most_pop,Relics_most_pop_L2,Relics_most_pop_winrate,Relics_most_pop_wr_paired,Relics_L2,Relics_L2_coef,Relics_L2_winrate,Relics_L2_wr_paired
Purification,8.774169290439508,0.491970802919708,0.558282208589,Blink,20.772611562887565,0.5473145780051151,0.558282208589
Blink,20.772611562887565,0.5473145780051151,,Purification,8.774169290439508,0.491970802919708,
