Items_most_pop,Items_most_pop_L2,Items_most_pop_winrate,Items_L2,Items_L2_coef,Items_L2_winrate,Items_gold_adjusted_L2,Items_gold_adjusted_L2_coef,Items_gold_adjusted_L2_winrate
Warrior Tabi,-3.9538319565670292,0.458955223880597,Deathbringer,18.159091710751685,0.6296296296296297,Deathbringer,0.5674716159609902,1.9675925925925926
Jotunn's Wrath,1.9504528014443658,0.48068669527896996,Titan's Bane,8.822356884231992,0.5546218487394958,Titan's Bane,0.4303588724015606,2.7054724328755895
Hydra's Lament,3.677478896553362,0.5116279069767442,Mantle of Discord,5.5364238554360305,0.6111111111111112,Mantle of Discord,0.1785943179172913,1.971326164874552
Titan's Bane,8.822356884231992,0.5546218487394958,Hydra's Lament,3.677478896553362,0.5116279069767442,Hydra's Lament,0.1710455300722494,2.3796646836127637
Bumba's Mask,-8.100529389560865,0.37719298245614036,Jotunn's Wrath,1.9504528014443658,0.48068669527896996,Jotunn's Wrath,0.07993659022312975,1.9700274396679096
Deathbringer,18.159091710751685,0.6296296296296297,Shifter's Shield,0.7826102350430418,0.5333333333333333,Shifter's Shield,0.032608759793460076,2.2222222222222223
