Items_most_pop,Items_most_pop_L2,Items_most_pop_winrate,Items_L2,Items_L2_coef,Items_L2_winrate,Items_gold_adjusted_L2,Items_gold_adjusted_L2_coef,Items_gold_adjusted_L2_winrate
Warrior Tabi,4.2283340899201995,0.5146666666666667,Hydra's Lament,15.512212392101926,0.5706806282722513,Hydra's Lament,0.7214982507954384,2.6543285035918665
Jotunn's Wrath,1.843399177874892,0.5125,Void Shield,11.70591875967845,0.6197183098591549,Void Shield,0.4335525466547574,2.2952529994783517
Hydra's Lament,15.512212392101926,0.5706806282722513,Deathbringer,10.882999745673432,0.5757575757575758,Brawler's Beat Stick,0.3606368653356373,2.6041666666666665
Bumba's Mask,-13.158715440566032,0.4245810055865922,Brawler's Beat Stick,8.655284768055296,0.625,Deathbringer,0.3400937420522947,1.7992424242424243
Titan's Bane,5.8670986548946376,0.5625,Mantle of Discord,5.998174784592661,0.62,Titan's Bane,0.28619993438510427,2.7439024390243905
Deathbringer,10.882999745673432,0.5757575757575758,Titan's Bane,5.8670986548946376,0.5625,Warrior Tabi,0.27279574773678705,3.3204301075268816
