Items_most_pop,Items_most_pop_L2,Items_most_pop_winrate,Items_L2,Items_L2_coef,Items_L2_winrate,Items_gold_adjusted_L2,Items_gold_adjusted_L2_coef,Items_gold_adjusted_L2_winrate
Warrior Tabi,-2.0706859000190305,0.4481012658227848,Deathbringer,26.64884347607205,0.5686900958466453,Deathbringer,0.8327763586272515,1.7771565495207668
Jotunn's Wrath,-8.233559368464785,0.4511627906976744,Brawler's Beat Stick,16.91464939841339,0.5730337078651685,Titan's Bane,0.8090797971620455,2.586437952291611
Hydra's Lament,1.2061675725630927,0.470873786407767,Titan's Bane,16.586135841821932,0.5302197802197802,Brawler's Beat Stick,0.7047770582672246,2.3876404494382024
Titan's Bane,16.586135841821932,0.5302197802197802,Mantle of Discord,10.926924202537244,0.5789473684210527,Shifter's Shield,0.43185777072354653,2.323717948717949
Bumba's Mask,-21.99152567468818,0.3352112676056338,Shifter's Shield,10.364586497365117,0.5576923076923077,Mantle of Discord,0.35248142588829817,1.867572156196944
Deathbringer,26.64884347607205,0.5686900958466453,Void Shield,5.5449614109970256,0.48214285714285715,Void Shield,0.20536894114803797,1.7857142857142858
