Relics_most_pop,Relics_most_pop_L2,Relics_most_pop_winrate,Relics_most_pop_wr_paired,Relics_L2,Relics_L2_coef,Relics_L2_winrate,Relics_L2_wr_paired
Purification,1.661299801060323,0.5101757631822387,0.52576419214,Blink,2.9723588349799104,0.5253390435403283,0.52576419214
Blink,2.9723588349799104,0.5253390435403283,,Purification,1.661299801060323,0.5101757631822387,
