,recommendations,win_rate,win_rate_per_cost
Starter Item,Bumba's Mask,,
Boots,Warrior Tabi,0.5459587955625991,3.93991627678
Item2,Deathbringer,0.6106870229007634,1.90839694656
Item3,Jotunn's Wrath,0.5604801477377654,2.50281566763
Item4,Titan's Bane,0.6018376722817764,2.97896108732
Item5,Brawler's Beat Stick,0.66511627907,2.77131782946
Item6,Bulwark of Hope,0.661971830986,2.62167061777
Relic1,Blink,0.591666666667,
Relic2,Sprint,0.619047619048,
