,recommendations,win_rate,win_rate_per_cost
Starter Item,Bumba's Mask,,
Boots,Warrior Tabi,0.46055226824457596,3.60718258382
Item2,Deathbringer,0.5591133004926109,1.74722906404
Item3,Titan's Bane,0.5534883720930233,2.72738195362
Item4,Jotunn's Wrath,0.4728323699421965,2.29144795284
Item5,Brawler's Beat Stick,0.553488372093,2.40139949109
Item6,Mantle of Discord,0.58041958042,1.87232122716
Relic1,Wrath,0.478609625668,
Relic2,Blink,0.484210526316,
