Items_most_pop,Items_most_pop_L2,Items_most_pop_winrate,Items_L2,Items_L2_coef,Items_L2_winrate,Items_gold_adjusted_L2,Items_gold_adjusted_L2_coef,Items_gold_adjusted_L2_winrate
Warrior Tabi,1.5619436100573552,0.5238444607483492,Deathbringer,15.754953183520898,0.6188811188811189,Titan's Bane,0.5273778470926527,2.8952189374618342
Jotunn's Wrath,3.501399900807471,0.5349032800672834,Titan's Bane,10.81124586539938,0.593519882179676,Deathbringer,0.492342286985028,1.9340034965034965
Hydra's Lament,3.561782977881593,0.5482456140350878,Mantle of Discord,5.780379706630262,0.616504854368932,Brawler's Beat Stick,0.2308815952396122,2.518939393939394
Titan's Bane,10.81124586539938,0.593519882179676,Brawler's Beat Stick,5.541158285750693,0.6045454545454545,Mantle of Discord,0.186463861504202,1.9887253366739743
Bumba's Mask,-14.73611341464489,0.4166666666666667,Malice,4.454474355620543,0.6470588235294118,Hydra's Lament,0.16566432455263225,2.5499796001631987
Deathbringer,15.754953183520898,0.6188811188811189,Hydra's Lament,3.561782977881593,0.5482456140350878,Malice,0.14848247852068477,2.156862745098039
