,recommendations,win_rate,win_rate_per_cost
Starter Item,Bumba's Mask,,
Boots,Warrior Tabi,0.508181393174,3.27858963338
Item2,Deathbringer,0.6070175438596491,1.62375759249
Item3,Titan's Bane,0.5778894472361809,2.53464599803
Item4,Hydra's Lament,0.5222319093286836,2.4167554865
Item5,Void Shield,0.577889447236,2.10182634425
Item6,Mantle of Discord,0.588888888889,1.89964157706
Relic1,Blink,0.548262548263,
Relic2,Wrath,0.493827160494,
