Relics_most_pop,Relics_most_pop_L2,Relics_most_pop_winrate,Relics_most_pop_wr_paired,Relics_L2,Relics_L2_coef,Relics_L2_winrate,Relics_L2_wr_paired
Purification,-0.18695853953918898,0.44881889763779526,0.333333333333,Wrath,6.420738210380726,0.4511930585683297,0.333333333333
Blink,3.6972338829888853,0.47131782945736433,,Teleport,4.253499280213742,0.5106382978723404,
