,recommendations,win_rate,win_rate_per_cost
Starter Item,Bumba's Mask,,
Boots,Warrior Tabi,0.4573502722323049,3.63170262764
Item2,Deathbringer,0.5629139072847682,1.75910596026
Item3,Titan's Bane,0.5247148288973384,2.74592149895
Item4,Hydra's Lament,0.4897959183673469,2.61820421993
Item5,Brawler's Beat Stick,0.489795918367,2.30392156863
Item6,Hide of the Urchin,0.571428571429,2.38095238095
Relic1,Purification,0.475308641975,
Relic2,Blink,0.488372093023,
