Items_most_pop,Items_most_pop_L2,Items_most_pop_winrate,Items_L2,Items_L2_coef,Items_L2_winrate,Items_gold_adjusted_L2,Items_gold_adjusted_L2_coef,Items_gold_adjusted_L2_winrate
Warrior Tabi,-0.8577835250756936,0.4720720720720721,Bulwark of Hope,20.262997058253195,0.75,Titan's Bane,0.8868530328251348,2.7648482591696144
Jotunn's Wrath,-3.919551494599775,0.4822546972860125,Deathbringer,19.045315932370176,0.5647058823529412,Bulwark of Hope,0.8024949330001264,2.9702970297029703
Hydra's Lament,13.0674551674625,0.5,Titan's Bane,18.180487172915264,0.566793893129771,Hydra's Lament,0.6077886124401163,2.3255813953488373
Titan's Bane,18.180487172915264,0.566793893129771,Hydra's Lament,13.0674551674625,0.5,Deathbringer,0.595166122886568,1.7647058823529411
Bumba's Mask,-24.963116928985908,0.34419551934826886,Mantle of Discord,11.931894896257807,0.5892857142857143,Breastplate of Valor,0.41464094306116067,2.4266936299292214
Deathbringer,19.045315932370176,0.5647058823529412,Breastplate of Valor,9.536741690406696,0.5581395348837209,Mantle of Discord,0.38489983536315514,1.900921658986175
