Items_most_pop,Items_most_pop_L2,Items_most_pop_winrate,Items_L2,Items_L2_coef,Items_L2_winrate,Items_gold_adjusted_L2,Items_gold_adjusted_L2_coef,Items_gold_adjusted_L2_winrate
Warrior Tabi,12.287515847254534,0.5557768924302788,Brawler's Beat Stick,20.848618415258233,0.648936170212766,Brawler's Beat Stick,0.868692433969093,2.7039007092198584
Jotunn's Wrath,-15.78018957120124,0.5509259259259259,Deathbringer,19.98598124133822,0.6129032258064516,Warrior Tabi,0.7927429578873892,3.585657370517928
Hydra's Lament,-4.280073383090492,0.5467625899280576,Mantle of Discord,19.41154394315003,0.6779661016949152,Mantle of Discord,0.6261788368758074,2.1869874248223073
Titan's Bane,11.72974610229365,0.602510460251046,Malice,12.341018975595532,0.6590909090909091,Deathbringer,0.6245619137918194,1.9153225806451613
Deathbringer,19.98598124133822,0.6129032258064516,Warrior Tabi,12.287515847254534,0.5557768924302788,Titan's Bane,0.5721827366972512,2.939075415858761
Bumba's Mask,-14.974255836299626,0.46938775510204084,Breastplate of Valor,12.217218648680978,0.6271186440677966,Breastplate of Valor,0.5311834195078686,2.726602800294768
