Items_most_pop,Items_most_pop_L2,Items_most_pop_winrate,Items_L2,Items_L2_coef,Items_L2_winrate,Items_gold_adjusted_L2,Items_gold_adjusted_L2_coef,Items_gold_adjusted_L2_winrate
Shoes of the Magi,18.85642406247986,0.5833333333333334,Soul Reaver,29.294304514815337,0.76,Obsidian Shard,1.3524497615907038,3.0363364858138375
Obsidian Shard,27.725220112609428,0.6224489795918368,Obsidian Shard,27.725220112609428,0.6224489795918368,Shoes of the Magi,1.1785265039049913,3.6458333333333335
Book of Thoth,10.619962888883421,0.569620253164557,Shoes of the Magi,18.85642406247986,0.5833333333333334,Soul Reaver,0.9964049154699095,2.5850340136054424
Warlock's Sash,-3.882095932944217,0.5641025641025641,Book of Thoth,10.619962888883421,0.569620253164557,Book of Thoth,0.40075331656163854,2.149510389300215
Rod of Tahuti,6.339108466256955,0.6103896103896104,Breastplate of Valor,7.064222271412388,0.6,Breastplate of Valor,0.30714009875706033,2.608695652173913
Vampiric Shroud,-2.7136781802590786,0.5,Rod of Tahuti,6.339108466256955,0.6103896103896104,Dynasty Plate Helm,0.19686031129731657,3.4313725490196076
