Items_most_pop,Items_most_pop_L2,Items_most_pop_winrate,Items_L2,Items_L2_coef,Items_L2_winrate,Items_gold_adjusted_L2,Items_gold_adjusted_L2_coef,Items_gold_adjusted_L2_winrate
Shoes of the Magi,-0.5764133049357414,0.4831730769230769,Rod of Tahuti,3.4208468555690716,0.5938864628820961,Rod of Tahuti,0.10303755589063468,1.788814647235229
Obsidian Shard,1.8816936138809919,0.5315315315315315,Obsidian Shard,1.8816936138809919,0.5315315315315315,Obsidian Shard,0.09178993238443862,2.592836739178203
Warlock's Sash,-0.19635051415856572,0.48727272727272725,Book of Thoth,1.3169685108320643,0.52734375,Book of Thoth,0.04969692493705903,1.9899764150943395
Book of Thoth,1.3169685108320643,0.52734375,Spear of Desolation,1.0347622890637813,0.6444444444444445,Spear of Desolation,0.027230586554310033,1.695906432748538
Rod of Tahuti,3.4208468555690716,0.5938864628820961,Soul Reaver,0.7871727786843629,0.5714285714285714,Soul Reaver,0.026774584308991933,1.9436345966958213
Chronos' Pendant,-0.399330465415509,0.4634146341463415,Dynasty Plate Helm,-0.12221495945557675,0.4772727272727273,Dynasty Plate Helm,-0.0071891152620927505,2.807486631016043
