,recommendations,win_rate,win_rate_per_cost
Starter Item,Soul Stone,,
Boots,Shoes of the Magi,0.5078864353312302,2.87162162162
Item2,Rod of Tahuti,0.6050955414012739,1.38391403452
Item3,Warlock's Sash,0.5509259259259259,1.73380928098
Item4,Obsidian Shard,0.5132075471698113,2.2412656559
Item5,Breastplate of Valor,0.607142857143,2.67558528428
Item6,Soul Reaver,0.615384615385,2.06511175899
Relic1,Blink,0.595505617978,
Relic2,Purification,0.509316770186,
