Relics_most_pop,Relics_most_pop_L2,Relics_most_pop_winrate,Relics_most_pop_wr_paired,Relics_L2,Relics_L2_coef,Relics_L2_winrate,Relics_L2_wr_paired
Purification,7.460022869459805,0.46684350132625996,0.555555555556,Blink,10.999080054263095,0.5204081632653061,0.555555555556
Sanctuary,-4.873388948701013,0.4411764705882353,,Purification,7.460022869459805,0.46684350132625996,
