Relics_most_pop,Relics_most_pop_L2,Relics_most_pop_winrate,Relics_most_pop_wr_paired,Relics_L2,Relics_L2_coef,Relics_L2_winrate,Relics_L2_wr_paired
Purification,1.1181049658504412,0.4973821989528796,0.666666666667,Blink,4.417212723331283,0.582089552238806,0.666666666667
Sanctuary,-3.971006715090882,0.4539877300613497,,Purification,1.1181049658504412,0.4973821989528796,
