Items_most_pop,Items_most_pop_L2,Items_most_pop_winrate,Items_L2,Items_L2_coef,Items_L2_winrate,Items_gold_adjusted_L2,Items_gold_adjusted_L2_coef,Items_gold_adjusted_L2_winrate
Shoes of the Magi,1.3062092719135492,0.552,Rod of Tahuti,4.837964647586665,0.6276595744680851,Obsidian Shard,0.1957162977102471,2.909713307659392
Obsidian Shard,4.012184103060065,0.5964912280701754,Obsidian Shard,4.012184103060065,0.5964912280701754,Rod of Tahuti,0.1457218267345381,1.8905408869520637
Rod of Tahuti,4.837964647586665,0.6276595744680851,Warlock's Sash,2.6691168628981585,0.6,Warlock's Sash,0.1007213910527607,2.2641509433962264
Book of Thoth,1.8220705030776774,0.5769230769230769,Book of Thoth,1.8220705030776774,0.5769230769230769,Shoes of the Magi,0.08163807949459682,3.45
Warlock's Sash,2.6691168628981585,0.6,Spear of Desolation,1.4684097084524759,0.75,Book of Thoth,0.06875737747462933,2.1770682148040637
Chronos' Pendant,-0.5816675886006492,0.5,Shoes of the Magi,1.3062092719135492,0.552,Spear of Desolation,0.03864236074874937,1.9736842105263157
