,recommendations,win_rate,win_rate_per_cost
Starter Item,Soul Stone,,
Boots,Shoes of the Magi,0.4732142857142857,2.24056603774
Item2,Rod of Tahuti,0.6017699115044248,1.07979086156
Item3,Book of Thoth,0.49032258064516127,1.35279458882
Item4,Obsidian Shard,0.5,1.74873446848
Item5,Soul Reaver,0.674418604651,2.29394083215
Item6,Bancroft's Talon,0.592592592593,2.46913580247
Relic1,Blink,0.558823529412,
Relic2,Teleport,0.474576271186,
