,recommendations,win_rate,win_rate_per_cost
Starter Item,Soul Stone,,
Boots,Shoes of the Magi,0.4182825484764543,1.90548780488
Item2,Rod of Tahuti,0.5260416666666666,0.918307375845
Item3,Book of Thoth,0.45539906103286387,1.15048320295
Item4,Obsidian Shard,0.45017182130584193,1.48720999405
Item5,Celestial Legion Helm,0.642857142857,2.7950310559
Item6,Bancroft's Talon,0.507042253521,2.11267605634
Relic1,Teleport,0.5,
Relic2,Sanctuary,0.436936936937,
