Relics_most_pop,Relics_most_pop_L2,Relics_most_pop_winrate,Relics_most_pop_wr_paired,Relics_L2,Relics_L2_coef,Relics_L2_winrate,Relics_L2_wr_paired
Purification,0.03868188215903245,0.5040650406504065,0.518518518519,Blink,0.0648775394555702,0.525,0.518518518519
Sanctuary,-0.1215419522581783,0.4811320754716981,,Purification,0.03868188215903245,0.5040650406504065,
