,recommendations,win_rate,win_rate_per_cost
Starter Item,Soul Stone,,
Boots,Shoes of the Magi,0.5,3.65168539326
Item2,Rod of Tahuti,0.6391304347826087,1.75984838229
Item3,Warlock's Sash,0.5265151515151515,2.20479118084
Item4,Book of Thoth,0.5305343511450382,2.20479118084
Item5,Celestial Legion Helm,0.666666666667,2.89855072464
Item6,Soul Reaver,0.612903225806,1.98731177864
Relic1,Blink,0.613138686131,
Relic2,Teleport,0.553571428571,
