Relics_most_pop,Relics_most_pop_L2,Relics_most_pop_winrate,Relics_most_pop_wr_paired,Relics_L2,Relics_L2_coef,Relics_L2_winrate,Relics_L2_wr_paired
Purification,19.86803297491186,0.6412213740458015,0.666666666667,Purification,19.86803297491186,0.6412213740458015,0.666666666667
Sanctuary,9.573154902002734,0.6274509803921569,,Sprint,10.837545351180935,0.7272727272727273,
