,recommendations,win_rate,win_rate_per_cost
Starter Item,Soul Stone,,
Boots,Shoes of the Magi,0.4866920152091255,3.37301587302
Item2,Rod of Tahuti,0.6268656716417911,1.62554981832
Item3,Obsidian Shard,0.5203619909502263,2.63259775455
Item4,Book of Thoth,0.5194805194805194,2.03653788559
Item5,Soul Reaver,0.519480519481,2.04081632653
Item6,Chronos' Pendant,0.684210526316,2.24867724868
Relic1,Blink,0.56043956044,
Relic2,Meditation,0.636363636364,
