,recommendations,win_rate,win_rate_per_cost
Starter Item,Soul Stone,,
Boots,Shoes of the Magi,0.7,3.53483606557
Item2,Warlock's Sash,0.5581395348837209,2.40137221269
Item3,Rod of Tahuti,0.6363636363636364,1.91675794085
Item4,Obsidian Shard,0.574468085106383,3.10421286031
Item5,Dynasty Plate Helm,0.558139534884,4.11764705882
Item6,Chronos' Pendant,0.636363636364,2.65151515152
Relic1,Blink,0.65625,
Relic2,Sprint,0.571428571429,
