Items_most_pop,Items_most_pop_L2,Items_most_pop_winrate,Items_L2,Items_L2_coef,Items_L2_winrate,Items_gold_adjusted_L2,Items_gold_adjusted_L2_coef,Items_gold_adjusted_L2_winrate
Shoes of the Magi,-11.519777016126833,0.39672131147540984,Rod of Tahuti,37.52631242340326,0.6164383561643836,Spear of the Magus,1.524238697642102,2.9285099052540913
Warlock's Sash,12.107918908394641,0.4280701754385965,Spear of the Magus,32.77113199930519,0.6296296296296297,Shoes of Focus,1.1682627210597925,3.215686274509804
Breastplate of Valor,-1.819933837697647,0.427536231884058,Spear of Desolation,31.719499583073983,0.7272727272727273,Rod of Tahuti,1.1303106151627489,1.8567420366397096
Book of Thoth,9.7191942018168,0.46017699115044247,Bulwark of Hope,23.88632899588725,0.5555555555555556,Bulwark of Hope,0.9459932275598911,2.2002200220022003
Obsidian Shard,4.8586227570356755,0.45871559633027525,Pythagorem's Piece,18.046547130039485,0.5714285714285714,Spear of Desolation,0.834723673238789,1.9138755980861244
Bancroft's Talon,13.168908059080097,0.4368932038834951,Shoes of Focus,17.52394081589689,0.4823529411764706,Pythagorem's Piece,0.7519394637516452,2.380952380952381
