,recommendations,win_rate,win_rate_per_cost
Starter Item,Vampiric Shroud,,
Boots,Shoes of the Magi,0.6,3.28947368421
Item2,Book of Thoth,0.568,1.88679245283
Item3,Warlock's Sash,0.5309090909090909,1.88679245283
Item4,Obsidian Shard,0.5492957746478874,2.43902439024
Item5,Void Stone,0.716216216216,3.16205533597
Item6,Polynomicon,0.695652173913,3.28738069989
Relic1,Teleport,0.573170731707,
Relic2,Thorns,0.684210526316,
