Items_most_pop,Items_most_pop_L2,Items_most_pop_winrate,Items_L2,Items_L2_coef,Items_L2_winrate,Items_gold_adjusted_L2,Items_gold_adjusted_L2_coef,Items_gold_adjusted_L2_winrate
Shoes of the Magi,0.06446299916874963,0.5474452554744526,Book of Thoth,0.06975456224729262,0.64,Shoes of the Magi,0.004028937448046852,3.4215328467153285
Warlock's Sash,0.024575726404033858,0.5229357798165137,Shoes of the Magi,0.06446299916874963,0.5474452554744526,Book of Thoth,0.0026322476319733065,2.4150943396226414
Obsidian Shard,0.039717545111186366,0.5714285714285714,Rod of Tahuti,0.05479731018799738,0.6666666666666666,Polynomicon,0.0019527961233538626,3.678929765886288
Breastplate of Valor,0.03479168143638707,0.5660377358490566,Polynomicon,0.04491431083713884,0.8461538461538461,Obsidian Shard,0.0019374412249359204,2.7874564459930316
Book of Thoth,0.06975456224729262,0.64,Obsidian Shard,0.039717545111186366,0.5714285714285714,Rod of Tahuti,0.0016505213912047405,2.0080321285140563
Bancroft's Talon,0.019825476956597646,0.54,Breastplate of Valor,0.03479168143638707,0.5660377358490566,Breastplate of Valor,0.0015126818015820467,2.4610336341263332
