,recommendations,win_rate,win_rate_per_cost
Starter Item,Vampiric Shroud,,
Boots,Shoes of the Magi,0.5211267605633803,3.30882352941
Item2,Book of Thoth,0.6428571428571429,1.99778024417
Item3,Obsidian Shard,0.5409836065573771,2.5824964132
Item4,Breastplate of Valor,0.5294117647058824,2.30179028133
Item5,Void Stone,0.642857142857,3.32167832168
Item6,Hide of the Urchin,0.692307692308,3.24074074074
Relic1,Thorns,0.75,
Relic2,Sanctuary,0.6,
