Items_most_pop,Items_most_pop_L2,Items_most_pop_winrate,Items_L2,Items_L2_coef,Items_L2_winrate,Items_gold_adjusted_L2,Items_gold_adjusted_L2_coef,Items_gold_adjusted_L2_winrate
Shoes of the Magi,-5.601559468100189,0.5163398692810458,Obsidian Shard,13.217390107785516,0.6666666666666666,Obsidian Shard,0.6447507369651471,3.252032520325203
Warlock's Sash,10.471783677463836,0.5853658536585366,Book of Thoth,11.971165334563961,0.6666666666666666,Shoes of Focus,0.6338586171757965,4.666666666666667
Obsidian Shard,13.217390107785516,0.6666666666666666,Warlock's Sash,10.471783677463836,0.5853658536585366,Book of Thoth,0.45174208809675326,2.5157232704402515
Breastplate of Valor,7.493836671336272,0.6140350877192983,Shoes of Focus,9.507879257636947,0.7,Spear of the Magus,0.40476456198289035,3.7209302325581395
Book of Thoth,11.971165334563961,0.6666666666666666,Spear of the Magus,8.702438082632142,0.8,Warlock's Sash,0.3951616482061825,2.208927749654855
Bancroft's Talon,2.3535166366159554,0.5625,Ethereal Staff,8.108920901051077,0.7857142857142857,Breastplate of Valor,0.32581898571027273,2.669717772692601
