Relics_most_pop,Relics_most_pop_L2,Relics_most_pop_winrate,Relics_most_pop_wr_paired,Relics_L2,Relics_L2_coef,Relics_L2_winrate,Relics_L2_wr_paired
Teleport,-15.023520719094194,0.45108695652173914,0.666666666667,Thorns,34.81104046534806,0.631578947368421,0.666666666667
Purification,-12.445979573741765,0.42857142857142855,,Meditation,7.79357902721371,0.5151515151515151,
