,recommendations,win_rate,win_rate_per_cost
Starter Item,Vampiric Shroud,,
Boots,Shoes of the Magi,0.5027777777777778,3.17796610169
Item2,Obsidian Shard,0.5534591194968553,2.48036378669
Item3,Book of Thoth,0.539568345323741,1.91877198593
Item4,Breastplate of Valor,0.5266272189349113,2.21075902727
Item5,Bulwark of Hope,0.553459119497,2.933626696
Item6,Rod of Tahuti,0.740740740741,1.75702811245
Relic1,Thorns,0.607142857143,
Relic2,Teleport,0.517027863777,
