Items_most_pop,Items_most_pop_L2,Items_most_pop_winrate,Items_L2,Items_L2_coef,Items_L2_winrate,Items_gold_adjusted_L2,Items_gold_adjusted_L2_coef,Items_gold_adjusted_L2_winrate
Book of Thoth,10.727426059354633,0.5614754098360656,Polynomicon,30.5564074378734,0.6521739130434783,Polynomicon,1.3285394538205826,2.835538752362949
Shoes of the Magi,-2.4077064402774124,0.5523255813953488,Rod of Tahuti,25.024304684748287,0.628,Rod of Tahuti,0.7537441170104907,1.891566265060241
Obsidian Shard,1.229436959087308,0.5870307167235495,Gem of Isolation,13.819949205591303,0.6038961038961039,Divine Ruin,0.5825447908277301,3.410382720727548
Rod of Tahuti,25.024304684748287,0.628,Book of Thoth,10.727426059354633,0.5614754098360656,Gem of Isolation,0.5118499705774557,2.236652236652237
Shoes of Focus,-4.156611090132337,0.5355450236966824,Divine Ruin,10.60231519306469,0.6206896551724138,Book of Thoth,0.4048085305416843,2.118775131456851
Warlock's Sash,0.6967914470607174,0.5454545454545454,Soul Reaver,6.939878901850317,0.6341463414634146,Soul Reaver,0.2360503027840244,2.156960345113655
