Items_most_pop,Items_most_pop_L2,Items_most_pop_winrate,Items_L2,Items_L2_coef,Items_L2_winrate,Items_gold_adjusted_L2,Items_gold_adjusted_L2_coef,Items_gold_adjusted_L2_winrate
Book of Thoth,-70.03451879984964,0.4928909952606635,Breastplate of Valor,944.0298953529956,0.6428571428571429,Breastplate of Valor,41.04477805882589,2.7950310559006213
Shoes of the Magi,316.0132046902558,0.5266666666666666,Soul Reaver,588.1373411454092,0.5925925925925926,Soul Reaver,20.004671467530926,2.015621063240111
Obsidian Shard,-318.5280014292649,0.532258064516129,Spear of Desolation,552.4161250575934,0.8,Shoes of the Magi,19.750825293140988,3.2916666666666665
Rod of Tahuti,-43.36145724873518,0.5641025641025641,Shoes of the Magi,316.0132046902558,0.5266666666666666,Spear of Desolation,14.537266448884036,2.1052631578947367
Warlock's Sash,-196.5851711943325,0.5454545454545454,Polynomicon,204.38007728915028,0.6,Dynasty Plate Helm,9.168768759765051,2.7450980392156863
Shoes of Focus,127.21959642089055,0.48863636363636365,Dynasty Plate Helm,155.86906891600586,0.4666666666666667,Polynomicon,8.886090316919578,2.608695652173913
