,recommendations,win_rate,win_rate_per_cost
Starter Item,Soul Stone,,
Boots,Shoes of Focus,0.5148514851485149,3.43859649123
Item2,Rod of Tahuti,0.5904761904761905,1.55358275206
Item3,Book of Thoth,0.5336322869955157,1.94637537239
Item4,Warlock's Sash,0.5157894736842106,1.94637537239
Item5,Gem of Isolation,0.590476190476,2.30078563412
Item6,Spear of the Magus,0.621212121212,2.93225480283
Relic1,Purification,0.558685446009,
Relic2,Sanctuary,0.521008403361,
