,recommendations,win_rate,win_rate_per_cost
Starter Item,Soul Stone,,
Boots,Shoes of the Magi,0.586666666667,3.42487373737
Item2,Rod of Tahuti,0.6463878326996197,1.57026209102
Item3,Warlock's Sash,0.6009615384615384,1.96727175177
Item4,Book of Thoth,0.546692607003891,1.96727175177
Item5,Spear of the Magus,0.600961538462,3.08628559009
Item6,Polynomicon,0.710526315789,2.55072463768
Relic1,Sanctuary,0.544933078394,
Relic2,Relic,0.518518518519,
