Relics_most_pop,Relics_most_pop_L2,Relics_most_pop_winrate,Relics_most_pop_wr_paired,Relics_L2,Relics_L2_coef,Relics_L2_winrate,Relics_L2_wr_paired
Sanctuary,-17.226588138085223,0.4766355140186916,0.692307692308,Relic,15.561341186221075,0.5,0.692307692308
Purification,12.597144574898508,0.5063694267515924,,Purification,12.597144574898508,0.5063694267515924,
