,recommendations,win_rate,win_rate_per_cost
Starter Item,Soul Stone,,
Boots,Shoes of the Magi,0.733333333333,3.27669902913
Item2,Rod of Tahuti,0.5657894736842105,1.49678468475
Item3,Warlock's Sash,0.5384615384615384,1.87521703901
Item4,Book of Thoth,0.49693251533742333,1.87521703901
Item5,Spear of Desolation,0.52427184466,1.9298245614
Item6,Polynomicon,0.45,1.95652173913
Relic1,Meditation,0.7,
Relic2,Sprint,0.583333333333,
