Items_most_pop,Items_most_pop_L2,Items_most_pop_winrate,Items_L2,Items_L2_coef,Items_L2_winrate,Items_gold_adjusted_L2,Items_gold_adjusted_L2_coef,Items_gold_adjusted_L2_winrate
Book of Thoth,2.029533166264864,0.5336322869955157,Rod of Tahuti,3.034774050129424,0.5904761904761905,Gem of Isolation,0.09973151598284873,2.3007856341189674
Shoes of the Magi,-0.3193555631354684,0.5029940119760479,Gem of Isolation,2.6927509315369154,0.6212121212121212,Spear of the Magus,0.09714944449333704,2.9322548028311424
Obsidian Shard,-0.56662458256745,0.5,Spear of the Magus,2.088713056606746,0.6304347826086957,Rod of Tahuti,0.09140885693160916,1.7785427423981641
Rod of Tahuti,3.034774050129424,0.5904761904761905,Book of Thoth,2.029533166264864,0.5336322869955157,Book of Thoth,0.07658615721754204,2.0137067433793043
Shoes of Focus,0.17397239122854832,0.5148514851485149,Soul Reaver,1.8371852661249257,0.6666666666666666,Soul Reaver,0.06248929476615394,2.2675736961451247
Warlock's Sash,0.27195682657048514,0.5157894736842106,Spear of Desolation,1.6828083600703463,0.7647058823529411,Spear of Desolation,0.044284430528167,2.0123839009287927
