Items_most_pop,Items_most_pop_L2,Items_most_pop_winrate,Items_L2,Items_L2_coef,Items_L2_winrate,Items_gold_adjusted_L2,Items_gold_adjusted_L2_coef,Items_gold_adjusted_L2_winrate
Book of Thoth,-0.41937371436883775,0.49019607843137253,Rod of Tahuti,13.940627665435414,0.5934065934065934,Obsidian Shard,0.6024763051443738,2.774669948534348
Shoes of the Magi,0.6202630605171322,0.48951048951048953,Obsidian Shard,12.350764255459664,0.5688073394495413,Rod of Tahuti,0.41989842365769325,1.7873692572487754
Obsidian Shard,12.350764255459664,0.5688073394495413,Polynomicon,3.854509765792966,0.5625,Polynomicon,0.16758738112143332,2.4456521739130435
Rod of Tahuti,13.940627665435414,0.5934065934065934,Chronos' Pendant,3.3352450117696364,0.5352112676056338,Chronos' Pendant,0.1389685421570682,2.2300469483568075
Warlock's Sash,1.3494619445694114,0.5030674846625767,Gem of Isolation,3.050257120491349,0.5315315315315315,Gem of Isolation,0.11297248594412405,1.9686353019686353
Shoes of Focus,-2.7177090194037428,0.4696969696969697,Warlock's Sash,1.3494619445694114,0.5030674846625767,Warlock's Sash,0.05092309224790233,1.8983678666512327
