Items_most_pop,Items_most_pop_L2,Items_most_pop_winrate,Items_L2,Items_L2_coef,Items_L2_winrate,Items_gold_adjusted_L2,Items_gold_adjusted_L2_coef,Items_gold_adjusted_L2_winrate
Book of Thoth,13.265952636155614,0.4907692307692308,Rod of Tahuti,48.58743329127217,0.6213592233009708,Rod of Tahuti,1.4634769063636197,1.871563925605334
Shoes of the Magi,-3.7344543330078404,0.4742857142857143,Gem of Isolation,31.48395597106835,0.5808080808080808,Gem of Isolation,1.1660724433729017,2.151141040029929
Obsidian Shard,-1.7704558396771521,0.5012722646310432,Spear of the Magus,14.52396943779735,0.5630252100840336,Spear of the Magus,0.6755334622231325,2.6187219073675982
Rod of Tahuti,48.58743329127217,0.6213592233009708,Warlock's Sash,13.61512696050684,0.5058823529411764,Warlock's Sash,0.5137783758681826,1.9089900110987792
Warlock's Sash,13.61512696050684,0.5058823529411764,Book of Thoth,13.265952636155614,0.4907692307692308,Book of Thoth,0.5006019862700232,1.8519593613933236
Soul Stone,-20.708518010949287,0.3483606557377049,Spear of Desolation,8.695468400478543,0.6170212765957447,Soul Reaver,0.28886340087861523,1.9569471624266144
