Relics_most_pop,Relics_most_pop_L2,Relics_most_pop_winrate,Relics_most_pop_wr_paired,Relics_L2,Relics_L2_coef,Relics_L2_winrate,Relics_L2_wr_paired
Sanctuary,11.353005522004148,0.5808170515097691,0.58686440678,Sanctuary,11.353005522004148,0.5808170515097691,0.58686440678
Purification,0.8842869944592053,0.5672727272727273,,Purification,0.8842869944592053,0.5672727272727273,
