Relics_most_pop,Relics_most_pop_L2,Relics_most_pop_winrate,Relics_most_pop_wr_paired,Relics_L2,Relics_L2_coef,Relics_L2_winrate,Relics_L2_wr_paired
Sanctuary,10.456930430057993,0.5263157894736842,0.538631346578,Sanctuary,10.456930430057993,0.5263157894736842,0.538631346578
Purification,7.857099559849054,0.5227272727272727,,Purification,7.857099559849054,0.5227272727272727,
