,recommendations,win_rate,win_rate_per_cost
Starter Item,Soul Stone,,
Boots,Shoes of the Magi,0.5700483091787439,3.56280193237
Item2,Rod of Tahuti,0.7037037037037037,1.71701297945
Item3,Book of Thoth,0.5884543761638734,2.15112569501
Item4,Warlock's Sash,0.6181818181818182,2.15112569501
Item5,Spear of the Magus,0.790697674419,2.99934796783
Item6,Gem of Isolation,0.644859813084,2.30607966457
Relic1,Purification,0.577861163227,
Relic2,Sanctuary,0.5770609319,
