Items_most_pop,Items_most_pop_L2,Items_most_pop_winrate,Items_L2,Items_L2_coef,Items_L2_winrate,Items_gold_adjusted_L2,Items_gold_adjusted_L2_coef,Items_gold_adjusted_L2_winrate
Book of Thoth,15.519190474290692,0.5435356200527705,Rod of Tahuti,38.06202569992209,0.6373626373626373,Gem of Isolation,1.1821204323992203,2.3703703703703702
Shoes of the Magi,8.709314230487623,0.5308219178082192,Gem of Isolation,31.917251674778946,0.64,Rod of Tahuti,1.146446557226569,1.9197669800079438
Obsidian Shard,-9.603101225616651,0.537117903930131,Warlock's Sash,25.234109261671616,0.5654761904761905,Dynasty Plate Helm,0.960613674196152,4.072398190045249
Rod of Tahuti,38.06202569992209,0.6373626373626373,Breastplate of Valor,20.60186950348392,0.6774193548387096,Warlock's Sash,0.9522305381762873,2.133872416891285
Warlock's Sash,25.234109261671616,0.5654761904761905,Dynasty Plate Helm,16.33043246133458,0.6923076923076923,Breastplate of Valor,0.8957334566732138,2.9453015427769986
Shoes of Focus,-10.496479421783315,0.5032258064516129,Book of Thoth,15.519190474290692,0.5435356200527705,Book of Thoth,0.5856298292185167,2.0510778115198884
