,recommendations,win_rate,win_rate_per_cost
Starter Item,Bumba's Mask,,
Boots,Warrior Tabi,0.47913446676970634,2.33796981355
Item2,Titan's Bane,0.5572139303482587,1.76773327366
Item3,The Crusher,0.5665399239543726,1.57558835261
Item4,Transcendence,0.5,1.39378969654
Item5,Hydra's Lament,0.6,2.79069767442
Item6,Brawler's Beat Stick,0.557213930348,2.32172470978
Relic1,Sprint,0.54,
Relic2,Frenzy,0.65,
