Items_most_pop,Items_most_pop_L2,Items_most_pop_winrate,Items_L2,Items_L2_coef,Items_L2_winrate,Items_gold_adjusted_L2,Items_gold_adjusted_L2_coef,Items_gold_adjusted_L2_winrate
Warrior Tabi,3.8661180680199116,0.5268817204301075,Transcendence,23.785353128300677,0.5921052631578947,The Crusher,0.9327398070265751,2.6854219948849103
Jotunn's Wrath,3.966273465751221,0.5357142857142857,The Crusher,21.45301556161123,0.6176470588235294,Transcendence,0.9148212741654108,2.277327935222672
Titan's Bane,-0.7300662416217124,0.5564516129032258,Brawler's Beat Stick,12.12710800712477,0.5909090909090909,Brawler's Beat Stick,0.5052961669635321,2.462121212121212
Transcendence,23.785353128300677,0.5921052631578947,Hydra's Lament,9.013044250683905,0.6,Hydra's Lament,0.4192113604969258,2.7906976744186047
Bumba's Mask,-0.8057682400243157,0.4594594594594595,Shifter's Shield,5.622074235437294,0.5833333333333334,Warrior Tabi,0.2494269721303169,3.3992369060006937
The Crusher,21.45301556161123,0.6176470588235294,Hide of the Urchin,4.6838780268142095,0.6,Shifter's Shield,0.2342530931432206,2.4305555555555554
