Relics_most_pop,Relics_most_pop_L2,Relics_most_pop_winrate,Relics_most_pop_wr_paired,Relics_L2,Relics_L2_coef,Relics_L2_winrate,Relics_L2_wr_paired
Purification,0.004671143762265248,0.5026455026455027,0.545454545455,Teleport,0.07966717185846174,0.6081081081081081,0.545454545455
Wrath,0.024856261529255647,0.5238095238095238,,Wrath,0.024856261529255647,0.5238095238095238,
