,recommendations,win_rate,win_rate_per_cost
Starter Item,Bumba's Mask,,
Boots,Warrior Tabi,0.684210526316,3.6866359447
Item2,Brawler's Beat Stick,0.6936936936936937,2.89039039039
Item3,Titan's Bane,0.6262135922330098,3.38387167655
Item4,The Crusher,0.6610169491525424,3.0160595378
Item5,Magi's Blessing,0.75,3.48837209302
Item6,Hydra's Lament,0.633802816901,2.94792007861
Relic1,Teleport,0.64,
Relic2,Purification,0.598253275109,
