Relics_most_pop,Relics_most_pop_L2,Relics_most_pop_winrate,Relics_most_pop_wr_paired,Relics_L2,Relics_L2_coef,Relics_L2_winrate,Relics_L2_wr_paired
Purification,-1.239650277669526,0.4805414551607445,0.611111111111,Teleport,2.97939545312377,0.5152439024390244,0.611111111111
Wrath,-0.6608468596279083,0.46920821114369504,,Sanctuary,0.9261254527313689,0.4930875576036866,
