Items_most_pop,Items_most_pop_L2,Items_most_pop_winrate,Items_L2,Items_L2_coef,Items_L2_winrate,Items_gold_adjusted_L2,Items_gold_adjusted_L2_coef,Items_gold_adjusted_L2_winrate
Warrior Tabi,5.001787341833243,0.5257861635220126,Jotunn's Wrath,20.7097081431186,0.5453257790368272,Jotunn's Wrath,0.8487585304556804,2.234941717364046
Jotunn's Wrath,20.7097081431186,0.5453257790368272,Breastplate of Valor,15.251916192617692,0.5945945945945946,Breastplate of Valor,0.663126790983378,2.5851938895417157
Titan's Bane,6.44956471070472,0.5686653771760155,The Crusher,15.185229227705083,0.5913621262458472,The Crusher,0.6602273577263079,2.5711396793297703
Transcendence,0.11301880770556531,0.5217391304347826,Brawler's Beat Stick,12.971175719439174,0.6056338028169014,Brawler's Beat Stick,0.5404656549766322,2.523474178403756
The Crusher,15.185229227705083,0.5913621262458472,Void Shield,7.733361698162803,0.5862068965517241,Warrior Tabi,0.3226959575376286,3.39216879691621
Bumba's Mask,-2.5184458136601706,0.44656488549618323,Titan's Bane,6.44956471070472,0.5686653771760155,Titan's Bane,0.3146129127173034,2.7739774496391
