,recommendations,win_rate,win_rate_per_cost
Starter Item,Bumba's Mask,,
Boots,Warrior Tabi,0.45110410094637227,3.66856419987
Item2,Titan's Bane,0.543010752688172,2.77379244381
Item3,The Crusher,0.5686274509803921,2.47229326513
Item4,Jotunn's Wrath,0.4584837545126354,2.33044037287
Item5,Hydra's Lament,0.56862745098,2.83430232558
Item6,Brawler's Beat Stick,0.52688172043,2.19534050179
Relic1,Purification,0.477832512315,
Relic2,Sprint,0.5,
