Items_most_pop,Items_most_pop_L2,Items_most_pop_winrate,Items_L2,Items_L2_coef,Items_L2_winrate,Items_gold_adjusted_L2,Items_gold_adjusted_L2_coef,Items_gold_adjusted_L2_winrate
Warrior Tabi,3.591528739075298,0.5459770114942529,Jotunn's Wrath,13.853807256452077,0.5732484076433121,Jotunn's Wrath,0.5677789859201672,2.3493787198496396
Jotunn's Wrath,13.853807256452077,0.5732484076433121,Void Shield,10.119890922910663,0.7,Breastplate of Valor,0.400926974247287,2.898550724637681
Titan's Bane,1.7927834125549718,0.5648148148148148,Breastplate of Valor,9.221320407687601,0.6666666666666666,Hydra's Lament,0.38873069262340143,2.9069767441860463
Bumba's Mask,-6.589239202056577,0.4603174603174603,Hydra's Lament,8.35770989140313,0.625,Void Shield,0.37481077492261716,2.5925925925925926
Transcendence,-2.383210296696693,0.532258064516129,Brawler's Beat Stick,6.771602882853037,0.603448275862069,Brawler's Beat Stick,0.2821501201188765,2.514367816091954
The Crusher,0.8089025922020386,0.5806451612903226,Bulwark of Hope,5.952596815274667,0.7272727272727273,Bulwark of Hope,0.23574640852572937,2.8802880288028803
