Items_most_pop,Items_most_pop_L2,Items_most_pop_winrate,Items_L2,Items_L2_coef,Items_L2_winrate,Items_gold_adjusted_L2,Items_gold_adjusted_L2_coef,Items_gold_adjusted_L2_winrate
Warrior Tabi,3.3773779906260764,0.557161629434954,The Crusher,37.11839506776874,0.6644951140065146,The Crusher,1.613843263816032,2.8891091913326723
Jotunn's Wrath,-2.221294554801407,0.5652818991097923,Titan's Bane,26.467640808586022,0.6164658634538153,Titan's Bane,1.2911044296871232,3.007150553433245
Titan's Bane,26.467640808586022,0.6164658634538153,Brawler's Beat Stick,23.548961503762985,0.6443661971830986,Brawler's Beat Stick,0.9812067293234576,2.6848591549295775
Transcendence,12.805020589401003,0.5773809523809523,Void Shield,15.869088026083677,0.6282051282051282,Void Shield,0.5877440009660622,2.3266856600189936
The Crusher,37.11839506776874,0.6644951140065146,Transcendence,12.805020589401003,0.5773809523809523,Transcendence,0.4925007919000386,2.220695970695971
Brawler's Beat Stick,23.548961503762985,0.6443661971830986,Mantle of Discord,8.907453834717849,0.6455696202531646,Mantle of Discord,0.2873372204747693,2.08248264597795
