Relics_most_pop,Relics_most_pop_L2,Relics_most_pop_winrate,Relics_most_pop_wr_paired,Relics_L2,Relics_L2_coef,Relics_L2_winrate,Relics_L2_wr_paired
Purification,1.5031314006877208,0.5144444444444445,0.551351351351,Teleport,1.6885805225934865,0.526595744680851,0.551351351351
Teleport,1.6885805225934865,0.526595744680851,,Purification,1.5031314006877208,0.5144444444444445,
