Relics_most_pop,Relics_most_pop_L2,Relics_most_pop_winrate,Relics_most_pop_wr_paired,Relics_L2,Relics_L2_coef,Relics_L2_winrate,Relics_L2_wr_paired
Purification,6.425012205840644,0.5473684210526316,0.607142857143,Teleport,7.509723879369062,0.5918367346938775,0.607142857143
Wrath,-11.255323967238873,0.4626865671641791,,Purification,6.425012205840644,0.5473684210526316,
