Items_most_pop,Items_most_pop_L2,Items_most_pop_winrate,Items_L2,Items_L2_coef,Items_L2_winrate,Items_gold_adjusted_L2,Items_gold_adjusted_L2_coef,Items_gold_adjusted_L2_winrate
Shoes of the Magi,9.50360679031867,0.5953079178885631,Shoes of the Magi,9.50360679031867,0.5953079178885631,Shoes of the Magi,0.5939754243949169,3.720674486803519
Obsidian Shard,6.18532103176136,0.6,Rod of Tahuti,8.755458004786709,0.6356589147286822,Obsidian Shard,0.3017229771590907,2.926829268292683
Warlock's Sash,5.28399145166296,0.592391304347826,Rod of Asclepius,7.54577775420909,0.6254681647940075,Rod of Asclepius,0.28367585542139434,2.3513840781729605
Chronos' Pendant,-3.244462650290094,0.558282208588957,Obsidian Shard,6.18532103176136,0.6,Rod of Tahuti,0.2637186146020093,1.9146352853273558
Book of Thoth,1.4623046680275749,0.5796610169491525,Warlock's Sash,5.28399145166296,0.592391304347826,Warlock's Sash,0.1993959038363381,2.235438884331419
Soul Stone,1.632273536043598,0.5694444444444444,Dynasty Plate Helm,3.2186038696180095,0.6046511627906976,Dynasty Plate Helm,0.18932963938929467,3.556771545827633
