,recommendations,win_rate,win_rate_per_cost
Starter Item,Soul Stone,,
Boots,Shoes of the Magi,0.4692028985507246,2.99369747899
Item2,Obsidian Shard,0.4949748743718593,2.33654437385
Item3,Book of Thoth,0.4789915966386555,1.80751545901
Item4,Soul Stone,0.44223107569721115,5.98739495798
Item5,Rod of Asclepius,0.571428571429,2.14822771214
Item6,Rod of Tahuti,0.494974874372,1.58098457177
Relic1,Purification,0.47266313933,
Relic2,Meditation,0.48,
