Relics_most_pop,Relics_most_pop_L2,Relics_most_pop_winrate,Relics_most_pop_wr_paired,Relics_L2,Relics_L2_coef,Relics_L2_winrate,Relics_L2_wr_paired
Purification,1.3937713260566098,0.47906091370558374,0.503842869342,Sanctuary,10.69286474798484,0.49132176234979974,0.503842869342
Sanctuary,10.69286474798484,0.49132176234979974,,Purification,1.3937713260566098,0.47906091370558374,
