Items_most_pop,Items_most_pop_L2,Items_most_pop_winrate,Items_L2,Items_L2_coef,Items_L2_winrate,Items_gold_adjusted_L2,Items_gold_adjusted_L2_coef,Items_gold_adjusted_L2_winrate
Shoes of the Magi,-7.596930321770695,0.49193548387096775,Chronos' Pendant,19.73499816680721,0.5916666666666667,Chronos' Pendant,0.8222915902836337,2.4652777777777777
Obsidian Shard,-8.139856295358715,0.5053763440860215,Rod of Tahuti,15.436775083923271,0.5955056179775281,Shoes of Focus,0.7278305446268518,4.197530864197531
Warlock's Sash,-1.8744850218813103,0.5098039215686274,Shoes of Focus,10.917458169402778,0.6296296296296297,Rod of Tahuti,0.4649631049374479,1.7936916204142412
Book of Thoth,6.793288430687232,0.5419847328244275,Book of Thoth,6.793288430687232,0.5419847328244275,Book of Thoth,0.2563505068183861,2.045225406884632
Chronos' Pendant,19.73499816680721,0.5916666666666667,Dynasty Plate Helm,3.522848854349095,0.532258064516129,Dynasty Plate Helm,0.20722640319700558,3.130929791271347
Soul Stone,8.95854221744953,0.5338983050847458,Rod of Asclepius,2.965763174840049,0.5316455696202531,Rod of Asclepius,0.11149485619699433,1.9986675549633577
