Items_most_pop,Items_most_pop_L2,Items_most_pop_winrate,Items_L2,Items_L2_coef,Items_L2_winrate,Items_gold_adjusted_L2,Items_gold_adjusted_L2_coef,Items_gold_adjusted_L2_winrate
Shoes of the Magi,39.02442063486477,0.5895652173913043,Celestial Legion Helm,51.775784666515456,0.7450980392156863,Shoes of the Magi,2.4390262896790476,3.6847826086956523
Obsidian Shard,0.3091994776854075,0.5926724137931034,Rod of Tahuti,48.90415908792976,0.6640625,Celestial Legion Helm,2.2511210724571935,3.239556692242114
Warlock's Sash,-14.054870623285504,0.5429447852760736,Lotus Crown,41.151961202454714,0.7272727272727273,Lotus Crown,2.0074127415831566,3.5476718403547673
Chronos' Pendant,-13.764823280734012,0.5520833333333334,Shoes of the Magi,39.02442063486477,0.5895652173913043,Rod of Tahuti,1.4730168399978842,2.0001882530120483
Book of Thoth,15.524177988856335,0.5880149812734082,Rod of Asclepius,19.197411865774136,0.6180257510729614,Rod of Asclepius,0.7217072129990276,2.323405079221659
Rod of Tahuti,48.90415908792976,0.6640625,Book of Thoth,15.524177988856335,0.5880149812734082,Book of Thoth,0.5858180373153334,2.2189244576355027
