,recommendations,win_rate,win_rate_per_cost
Starter Item,Soul Stone,,
Boots,Shoes of the Magi,0.78125,4.07196969697
Item2,Book of Thoth,0.6777777777777778,2.37533692722
Item3,Chronos' Pendant,0.6682692307692307,2.62276785714
Item4,Rod of Tahuti,0.6705882352941176,1.8959767642
Item5,Lotus Crown,0.69387755102,3.90243902439
Item6,Doom Orb,0.8,3.81097560976
Relic1,Purification,0.649164677804,
Relic2,Meditation,0.75,
