Items_most_pop,Items_most_pop_L2,Items_most_pop_winrate,Items_L2,Items_L2_coef,Items_L2_winrate,Items_gold_adjusted_L2,Items_gold_adjusted_L2_coef,Items_gold_adjusted_L2_winrate
Shoes of the Magi,-2.1834495182519236,0.5436507936507936,Rod of Tahuti,23.20498023670344,0.6410256410256411,Rod of Tahuti,0.6989451878525132,1.930800123571208
Obsidian Shard,-4.174264935286205,0.5567423230974633,Rod of Asclepius,14.78291679095587,0.6104218362282878,Rod of Asclepius,0.5557487515396943,2.294818933189052
Warlock's Sash,3.162156050474918,0.5482695810564663,Doom Orb,7.13902518400185,0.625,Doom Orb,0.34824513092691955,3.048780487804878
Chronos' Pendant,-1.013119032611849,0.5496031746031746,Celestial Legion Helm,3.5560994998399202,0.6086956521739131,Shoes of Focus,0.20398280870965566,3.7537537537537538
Book of Thoth,3.4522617147250063,0.5597345132743363,Book of Thoth,3.4522617147250063,0.5597345132743363,Celestial Legion Helm,0.15461302173217045,2.6465028355387523
Soul Stone,4.5591758388734664,0.5384615384615384,Warlock's Sash,3.162156050474918,0.5482695810564663,Book of Thoth,0.13027402697075496,2.1122057104691936
