Relics_most_pop,Relics_most_pop_L2,Relics_most_pop_winrate,Relics_most_pop_wr_paired,Relics_L2,Relics_L2_coef,Relics_L2_winrate,Relics_L2_wr_paired
Purification,4.501201097809558,0.5560975609756098,0.516129032258,Purification,4.501201097809558,0.5560975609756098,0.516129032258
Sanctuary,0.1829423856962386,0.5379188712522046,,Relic,0.6822205847954055,0.5384615384615384,
