,recommendations,win_rate,win_rate_per_cost
Starter Item,Soul Stone,,
Boots,Shoes of the Magi,0.596923076923,3.73076923077
Item2,Book of Thoth,0.6534653465346535,2.15437392796
Item3,Chronos' Pendant,0.5987841945288754,2.37878787879
Item4,Soul Stone,0.5709090909090909,7.13636363636
Item5,Rod of Asclepius,0.693333333333,2.60651629073
Item6,Doom Orb,0.6484375,3.19596299411
Relic1,Sanctuary,0.599697885196,
Relic2,Meditation,0.607142857143,
