,recommendations,win_rate,win_rate_per_cost
Starter Item,Soul Stone,,
Boots,Shoes of Focus,0.515625,3.4375
Item2,Obsidian Shard,0.5142857142857142,2.45608050486
Item3,Chronos' Pendant,0.5202702702702703,2.0979020979
Item4,Soul Stone,0.5323741007194245,6.29370629371
Item5,Dynasty Plate Helm,0.55223880597,3.24846356453
Item6,Lotus Crown,0.48,2.34146341463
Relic1,Relic,0.555555555556,
Relic2,Purification,0.513157894737,
