Items_most_pop,Items_most_pop_L2,Items_most_pop_winrate,Items_L2,Items_L2_coef,Items_L2_winrate,Items_gold_adjusted_L2,Items_gold_adjusted_L2_coef,Items_gold_adjusted_L2_winrate
Shoes of the Magi,0.0677345789301451,0.5576208178438662,Rod of Asclepius,9.04602542981773,0.65,Rod of Asclepius,0.3400761439781101,2.443609022556391
Obsidian Shard,5.996070136123395,0.5980392156862745,Warlock's Sash,7.036552854862363,0.5987654320987654,Obsidian Shard,0.29249122615236073,2.917264466762315
Warlock's Sash,7.036552854862363,0.5987654320987654,Obsidian Shard,5.996070136123395,0.5980392156862745,Warlock's Sash,0.2655302964099005,2.259492196599115
Chronos' Pendant,2.0115457693222223,0.5743243243243243,Rod of Tahuti,2.2534487162188372,0.5887096774193549,Chronos' Pendant,0.08381440705509259,2.393018018018018
Rod of Tahuti,2.2534487162188372,0.5887096774193549,Book of Thoth,2.1077266750659884,0.576271186440678,Book of Thoth,0.07953685566286749,2.1746082507195394
Book of Thoth,2.1077266750659884,0.576271186440678,Chronos' Pendant,2.0115457693222223,0.5743243243243243,Rod of Tahuti,0.06787496133189269,1.7732219199378159
