Relics_most_pop,Relics_most_pop_L2,Relics_most_pop_winrate,Relics_most_pop_wr_paired,Relics_L2,Relics_L2_coef,Relics_L2_winrate,Relics_L2_wr_paired
Purification,6.75036749061479,0.5706018518518519,0.595744680851,Purification,6.75036749061479,0.5706018518518519,0.595744680851
Sanctuary,-3.113322926881188,0.5617834394904458,,Relic,3.2869562358006656,0.5070422535211268,
