,recommendations,win_rate,win_rate_per_cost
Starter Item,Soul Stone,,
Boots,Shoes of Focus,0.6,4.30107526882
Item2,Rod of Tahuti,0.6493506493506493,1.58877267311
Item3,Book of Thoth,0.5777777777777777,1.99046236782
Item4,Obsidian Shard,0.5486111111111112,2.57303671938
Item5,Doom Orb,0.649350649351,3.51219512195
Item6,Lotus Crown,0.577777777778,3.57723577236
Relic1,Sprint,0.681818181818,
Relic2,Sanctuary,0.537634408602,
