,recommendations,win_rate,win_rate_per_cost
Starter Item,Soul Stone,,
Boots,Shoes of the Magi,0.551724137931,3.23394495413
Item2,Warlock's Sash,0.5552147239263804,1.91336699442
Item3,Soul Stone,0.5083333333333333,6.33802816901
Item4,Chronos' Pendant,0.5107913669064749,2.11267605634
Item5,Rod of Tahuti,0.555214723926,1.79642336161
Item6,Rod of Asclepius,0.582914572864,2.19140816866
Relic1,Sprint,0.601851851852,
Relic2,Purification,0.51652173913,
