Items_most_pop,Items_most_pop_L2,Items_most_pop_winrate,Items_L2,Items_L2_coef,Items_L2_winrate,Items_gold_adjusted_L2,Items_gold_adjusted_L2_coef,Items_gold_adjusted_L2_winrate
Shoes of the Magi,6.938794466364735,0.5394045534150613,Rod of Tahuti,33.89876982350275,0.6329365079365079,Rod of Tahuti,1.0210472838404443,1.9064352648689997
Obsidian Shard,4.325225631896315,0.564625850340136,Rod of Asclepius,23.83458788946959,0.6199524940617577,Rod of Asclepius,0.8960371387018643,2.330648473916382
Warlock's Sash,1.8511797687392917,0.5261669024045261,Doom Orb,9.326789100081086,0.6057692307692307,Doom Orb,0.4549653219551749,2.954971857410882
Chronos' Pendant,-7.596103183391271,0.5236541598694943,Shoes of the Magi,6.938794466364735,0.5394045534150613,Shoes of the Magi,0.43367465414779593,3.371278458844133
Book of Thoth,-2.9782591015461133,0.525830258302583,Obsidian Shard,4.325225631896315,0.564625850340136,Obsidian Shard,0.21098661619006415,2.7542724406835903
Soul Stone,6.091601907090452,0.5158730158730159,Lotus Crown,3.1941047862565295,0.580952380952381,Lotus Crown,0.15580998957348924,2.8339140534262484
