Relics_most_pop,Relics_most_pop_L2,Relics_most_pop_winrate,Relics_most_pop_wr_paired,Relics_L2,Relics_L2_coef,Relics_L2_winrate,Relics_L2_wr_paired
Purification,9.927055432374985,0.5721493440968718,0.64238410596,Sprint,13.475154357787577,0.6188524590163934,0.64238410596
Sanctuary,1.506176912910589,0.5670971364402021,,Purification,9.927055432374985,0.5721493440968718,
