Items_most_pop,Items_most_pop_L2,Items_most_pop_winrate,Items_L2,Items_L2_coef,Items_L2_winrate,Items_gold_adjusted_L2,Items_gold_adjusted_L2_coef,Items_gold_adjusted_L2_winrate
Shoes of the Magi,0.017844523175401732,0.5010162601626016,Rod of Tahuti,1.4072517678855603,0.6206030150753769,Rod of Tahuti,0.04238710144233616,1.8692861899860749
Obsidian Shard,0.7569236398754036,0.5348226018396847,Rod of Asclepius,0.9418907372992901,0.5903954802259888,Obsidian Shard,0.03692310438416603,2.6088907406813884
Warlock's Sash,-0.19519017737165853,0.4883720930232558,Obsidian Shard,0.7569236398754036,0.5348226018396847,Rod of Asclepius,0.03540942621425903,2.2195318805488298
Chronos' Pendant,0.040741152127444495,0.5038610038610039,Book of Thoth,0.5465150019031552,0.5391120507399577,Book of Thoth,0.020623207618986988,2.0343850971319157
Book of Thoth,0.5465150019031552,0.5391120507399577,Dynasty Plate Helm,0.23503912219068063,0.53125,Dynasty Plate Helm,0.01382583071709886,3.125
Soul Stone,-0.9341391449411325,0.4276018099547511,Doom Orb,0.18156926204796192,0.5625,Doom Orb,0.008857037173071314,2.7439024390243905
