,recommendations,win_rate,win_rate_per_cost
Starter Item,Soul Stone,,
Boots,Shoes of the Magi,0.627155172414,3.47744360902
Item2,Obsidian Shard,0.5835189309576837,2.71410232899
Item3,Warlock's Sash,0.5553892215568862,2.09958859413
Item4,Chronos' Pendant,0.5709876543209876,2.31829573935
Item5,Rod of Tahuti,0.593886462882,1.88902160366
Item6,Rod of Asclepius,0.556390977444,2.2326558755
Relic1,Sprint,0.578680203046,
Relic2,Sanctuary,0.551931330472,
