Relics_most_pop,Relics_most_pop_L2,Relics_most_pop_winrate,Relics_most_pop_wr_paired,Relics_L2,Relics_L2_coef,Relics_L2_winrate,Relics_L2_wr_paired
Purification,15.359098738867822,0.6756756756756757,0.723076923077,Purification,15.359098738867822,0.6756756756756757,0.723076923077
Wrath,7.880505978421426,0.6433566433566433,,Wrath,7.880505978421426,0.6433566433566433,
