,recommendations,win_rate,win_rate_per_cost
Starter Item,Bumba's Mask,,
Boots,Ninja Tabi,0.772727272727,4.74576271186
Item2,Qin's Sais,0.7167630057803468,2.51170710941
Item3,Bumba's Mask,0.6542056074766355,8.47701149425
Item4,Jotunn's Wrath,0.6623376623376623,2.7793480309
Item5,Asi,0.852941176471,4.79180436219
Item6,Ichaival,0.810810810811,4.41176470588
Relic1,Sprint,0.78125,
Relic2,Wrath,0.7125,
