Relics_most_pop,Relics_most_pop_L2,Relics_most_pop_winrate,Relics_most_pop_wr_paired,Relics_L2,Relics_L2_coef,Relics_L2_winrate,Relics_L2_wr_paired
Purification,-1.49678630670818,0.5849056603773585,0.818181818182,Blink,16.147892018056197,0.7631578947368421,0.818181818182
Wrath,2.2812620643204116,0.5756302521008403,,Wrath,2.2812620643204116,0.5756302521008403,
