Items_most_pop,Items_most_pop_L2,Items_most_pop_winrate,Items_L2,Items_L2_coef,Items_L2_winrate,Items_gold_adjusted_L2,Items_gold_adjusted_L2_coef,Items_gold_adjusted_L2_winrate
Warrior Tabi,1.9256230983225895,0.5907473309608541,Stone Cutting Sword,31.037822286884627,0.7115384615384616,Stone Cutting Sword,1.1937623956494086,2.7366863905325443
Qin's Sais,28.634742997503903,0.6766304347826086,Qin's Sais,28.634742997503903,0.6766304347826086,Qin's Sais,1.060546036944589,2.506038647342995
Jotunn's Wrath,-6.707410733084572,0.5714285714285714,Mantle of Discord,18.833042709375423,0.7702702702702703,Ninja Tabi,0.7385795272972241,4.388888888888889
Stone Cutting Sword,31.037822286884627,0.7115384615384616,Wind Demon,15.729266987820505,0.7659574468085106,Winged Blade,0.6907238789849754,3.9372706039372707
Bumba's Mask,-16.935713351337927,0.49206349206349204,Bloodforge,13.541553472731527,0.7192982456140351,Mantle of Discord,0.6075175067540459,2.4847428073234523
Ichaival,-2.7846564442287147,0.5842696629213483,Winged Blade,12.778391761222046,0.7283950617283951,Wind Demon,0.6049718072238656,2.9459901800327333
