Items_most_pop,Items_most_pop_L2,Items_most_pop_winrate,Items_L2,Items_L2_coef,Items_L2_winrate,Items_gold_adjusted_L2,Items_gold_adjusted_L2_coef,Items_gold_adjusted_L2_winrate
Warrior Tabi,12.62844435416496,0.598343685300207,Wind Demon,47.82455818902927,0.723404255319149,Wind Demon,1.8394060841934334,2.7823240589198037
Qin's Sais,3.039939980266607,0.6272189349112426,Stone Cutting Sword,32.9764792784554,0.6830357142857143,Stone Cutting Sword,1.2683261260944385,2.6270604395604398
Jotunn's Wrath,10.827809607923765,0.6074380165289256,Titan's Bane,21.69578318610871,0.6634615384615384,Winged Blade,1.1541521245937947,3.869132290184922
Stone Cutting Sword,32.9764792784554,0.6830357142857143,Winged Blade,21.3518143049852,0.7157894736842105,Titan's Bane,1.0583308871272539,3.2363977485928705
Bumba's Mask,-22.40811206415599,0.5,Mantle of Discord,18.393206170701866,0.6805555555555556,Heartseeker,0.9115201740110644,3.4621578099838968
Ichaival,-1.081964886330509,0.5855263157894737,Heartseeker,16.40736313219916,0.6231884057971014,Warrior Tabi,0.8147383454299975,3.860281840646497
