,recommendations,win_rate,win_rate_per_cost
Starter Item,Bumba's Mask,,
Boots,Warrior Tabi,0.5398110661268556,3.80555968485
Item2,Stone Cutting Sword,0.640117994100295,2.26869904289
Item3,Ichaival,0.5898617511520737,3.46977500678
Item4,Jotunn's Wrath,0.5775075987841946,2.41746619325
Item5,Asi,0.6401179941,4.1354556804
Item6,Winged Blade,0.640776699029,3.28185328185
Relic1,Sprint,0.618421052632,
Relic2,Wrath,0.566666666667,
