Relics_most_pop,Relics_most_pop_L2,Relics_most_pop_winrate,Relics_most_pop_wr_paired,Relics_L2,Relics_L2_coef,Relics_L2_winrate,Relics_L2_wr_paired
Purification,2.1978263775575537,0.5486725663716814,0.727272727273,Sprint,3.144107554802512,0.7142857142857143,0.727272727273
Wrath,1.9956756334417367,0.5480769230769231,,Purification,2.1978263775575537,0.5486725663716814,
