Relics_most_pop,Relics_most_pop_L2,Relics_most_pop_winrate,Relics_most_pop_wr_paired,Relics_L2,Relics_L2_coef,Relics_L2_winrate,Relics_L2_wr_paired
Purification,57.280648470569695,0.5,0.0,Sprint,229.99200441475443,0.5757575757575758,0.0
Wrath,42.78102546019076,0.47560975609756095,,Blink,185.05539034445889,0.42857142857142855,
