Relics_most_pop,Relics_most_pop_L2,Relics_most_pop_winrate,Relics_most_pop_wr_paired,Relics_L2,Relics_L2_coef,Relics_L2_winrate,Relics_L2_wr_paired
Purification,15.832721473550157,0.6290322580645161,0.744444444444,Purification,15.832721473550157,0.6290322580645161,0.744444444444
Wrath,3.6623790581289013,0.5720930232558139,,Wrath,3.6623790581289013,0.5720930232558139,
