,recommendations,win_rate,win_rate_per_cost
Starter Item,Bumba's Mask,,
Boots,Warrior Tabi,0.683870967742,3.93630053083
Item2,Qin's Sais,0.6581818181818182,2.43771043771
Item3,Bumba's Mask,0.5661375661375662,8.22727272727
Item4,Stone Cutting Sword,0.6838709677419355,2.53146853147
Item5,Titan's Bane,0.736842105263,3.17640385706
Item6,Bloodforge,0.610126582278,2.47678018576
Relic1,Sprint,0.735632183908,
Relic2,Blink,0.714285714286,
