Relics_most_pop,Relics_most_pop_L2,Relics_most_pop_winrate,Relics_most_pop_wr_paired,Relics_L2,Relics_L2_coef,Relics_L2_winrate,Relics_L2_wr_paired
Purification,3.619824028885116,0.6127946127946128,0.7,Wrath,10.500106530136462,0.6192560175054704,0.7
Wrath,10.500106530136462,0.6192560175054704,,Teleport,9.219342456749585,0.6851851851851852,
