,recommendations,win_rate,win_rate_per_cost
Starter Item,Bumba's Mask,,
Boots,Ninja Tabi,0.803921568627,4.31818181818
Item2,Qin's Sais,0.66,2.44444444444
Item3,Stone Cutting Sword,0.6229508196721312,2.53846153846
Item4,The Executioner,0.5794392523364486,2.93333333333
Item5,Mantle of Discord,0.622950819672,2.59329538267
Item6,Ichaival,0.647727272727,3.64705882353
Relic1,Purification,0.629032258065,
Relic2,Wrath,0.572093023256,
