Relics_most_pop,Relics_most_pop_L2,Relics_most_pop_winrate,Relics_most_pop_wr_paired,Relics_L2,Relics_L2_coef,Relics_L2_winrate,Relics_L2_wr_paired
Purification,6.753035428855113,0.6373626373626373,0.785714285714,Wrath,22.087352154418358,0.6793893129770993,0.785714285714
Wrath,22.087352154418358,0.6793893129770993,,Sprint,13.574897188252494,0.7096774193548387,
