Items_most_pop,Items_most_pop_L2,Items_most_pop_winrate,Items_L2,Items_L2_coef,Items_L2_winrate,Items_gold_adjusted_L2,Items_gold_adjusted_L2_coef,Items_gold_adjusted_L2_winrate
Warrior Tabi,3.2267101617112206,0.5470914127423823,Stone Cutting Sword,33.071756895735746,0.688135593220339,Stone Cutting Sword,1.2719906498359903,2.646675358539765
Qin's Sais,22.102444456124896,0.6221294363256785,Qin's Sais,22.102444456124896,0.6221294363256785,Heartseeker,1.1760652104926899,3.5430839002267573
Bumba's Mask,-12.363111814319039,0.46089385474860334,Heartseeker,21.169173788868413,0.6377551020408163,Qin's Sais,0.8186090539305518,2.304183097502513
Jotunn's Wrath,1.3783076111723687,0.5425867507886435,Mantle of Discord,9.79853194056245,0.673469387755102,Mantle of Discord,0.3160816755020145,2.1724818959842
Stone Cutting Sword,33.071756895735746,0.688135593220339,Deathbringer,7.250844288072512,0.65,Ninja Tabi,0.2975089443690193,3.827956989247312
Ichaival,3.8934057820867243,0.5508474576271186,Bloodforge,6.990742094142502,0.6363636363636364,Brawler's Beat Stick,0.2766514276856919,2.8368794326241136
