,recommendations,win_rate,win_rate_per_cost
Starter Item,Bumba's Mask,,
Boots,Warrior Tabi,0.602605863192,3.62170087977
Item2,Stone Cutting Sword,0.6648351648351648,1.83236574746
Item3,Qin's Sais,0.6026058631921825,1.76450034941
Item4,Ichaival,0.552,2.80244173141
Item5,Winged Blade,0.738461538462,3.99168399168
Item6,Heartseeker,0.6,3.33333333333
Relic1,Purification,0.589905362776,
Relic2,Wrath,0.571929824561,
