Relics_most_pop,Relics_most_pop_L2,Relics_most_pop_winrate,Relics_most_pop_wr_paired,Relics_L2,Relics_L2_coef,Relics_L2_winrate,Relics_L2_wr_paired
Purification,-5.702861338734338,0.5359116022099447,0.682926829268,Sprint,12.158661188499707,0.618421052631579,0.682926829268
Wrath,11.382553163200141,0.5666666666666667,,Wrath,11.382553163200141,0.5666666666666667,
