Items_most_pop,Items_most_pop_L2,Items_most_pop_winrate,Items_L2,Items_L2_coef,Items_L2_winrate,Items_gold_adjusted_L2,Items_gold_adjusted_L2_coef,Items_gold_adjusted_L2_winrate
Warrior Tabi,4.6541126297321105,0.5710659898477157,Ichaival,24.40832328046491,0.6423357664233577,Ichaival,1.435783722380289,3.7784456848432804
Qin's Sais,16.505645481593355,0.6289752650176679,Hydra's Lament,23.645562981884364,0.7777777777777778,Hydra's Lament,1.099793627064389,3.6175710594315245
Jotunn's Wrath,1.0571179693520472,0.5678391959798995,Winged Blade,17.639958753603377,0.7142857142857143,Winged Blade,0.953511283978561,3.861003861003861
Bumba's Mask,-20.979807452546773,0.4427083333333333,Qin's Sais,16.505645481593355,0.6289752650176679,Ninja Tabi,0.7068855969920149,3.986254295532646
Stone Cutting Sword,5.037973576561058,0.6352941176470588,Mantle of Discord,14.480491819380267,0.71875,Qin's Sais,0.6113202030219761,2.329538018583955
Ichaival,24.40832328046491,0.6423357664233577,Titan's Bane,11.697445391130326,0.6559139784946236,Titan's Bane,0.5706070922502599,3.1995803829006033
