,recommendations,win_rate,win_rate_per_cost
Starter Item,Bumba's Mask,,
Boots,Ninja Tabi,0.675675675676,4.06779661017
Item2,Stone Cutting Sword,0.6724890829694323,2.47975708502
Item3,Jotunn's Wrath,0.6373056994818653,2.64236410699
Item4,Heartseeker,0.6447368421052632,3.58187134503
Item5,Titan's Bane,0.611111111111,3.23593334943
Item6,Qin's Sais,0.663366336634,2.2633744856
Relic1,Curse,0.63768115942,
Relic2,Wrath,0.585714285714,
