Relics_most_pop,Relics_most_pop_L2,Relics_most_pop_winrate,Relics_most_pop_wr_paired,Relics_L2,Relics_L2_coef,Relics_L2_winrate,Relics_L2_wr_paired
Teleport,-6.485220978028772,0.47368421052631576,0.0,Blink,49.37614420967971,0.8571428571428571,0.0
Sanctuary,-20.840573948680632,0.39215686274509803,,Phantom,31.394850201191073,0.6666666666666666,
