,recommendations,win_rate,win_rate_per_cost
Starter Item,Soul Stone,,
Boots,Shoes of Focus,0.535211267606,3.56807511737
Item2,Rod of Asclepius,0.5625,2.01207243461
Item3,Chronos' Pendant,0.5384615384615384,2.23004694836
Item4,Breastplate of Valor,0.5652173913043478,2.32700551133
Item5,Obsidian Shard,0.511627906977,3.25203252033
Item6,Warlock's Sash,0.5,2.03193033382
Relic1,Purification,0.576271186441,
Relic2,Wrath,0.75,
