Items_most_pop,Items_most_pop_L2,Items_most_pop_winrate,Items_L2,Items_L2_coef,Items_L2_winrate,Items_gold_adjusted_L2,Items_gold_adjusted_L2_coef,Items_gold_adjusted_L2_winrate
Warrior Tabi,0.7954854272904945,0.5148342059336823,Mantle of Discord,3.631804684903369,0.6326530612244898,Frostbound Hammer,0.13757683863873016,2.3540715829930337
Breastplate of Valor,0.4658918424252201,0.5141700404858299,Hide of the Urchin,3.2187723099711913,0.5950413223140496,Hide of the Urchin,0.1341155129154663,2.479338842975207
Frostbound Hammer,3.164267288690793,0.5414364640883977,Frostbound Hammer,3.164267288690793,0.5414364640883977,Mantle of Discord,0.11715498983559255,2.0408163265306123
Bluestone Pendant,-0.23866921401591357,0.49767441860465117,Qin's Sais,2.4376925465972894,0.618421052631579,Hastened Fatalis,0.1071848012074879,2.828332513526808
Bulwark of Hope,1.6377817690971272,0.5470588235294118,Hastened Fatalis,2.293754745840241,0.6052631578947368,Qin's Sais,0.09028490913323294,2.290448343079922
Pestilence,-1.9086789151244687,0.4666666666666667,Bulwark of Hope,1.6377817690971272,0.5470588235294118,Winged Blade,0.08317104235759892,2.975068091347161
