Items_most_pop,Items_most_pop_L2,Items_most_pop_winrate,Items_L2,Items_L2_coef,Items_L2_winrate,Items_gold_adjusted_L2,Items_gold_adjusted_L2_coef,Items_gold_adjusted_L2_winrate
Warrior Tabi,0.21996830087917854,0.5150214592274678,Qin's Sais,8.793688570876103,0.7027027027027027,Qin's Sais,0.3256921692917075,2.6026026026026026
Breastplate of Valor,-0.2782807471856615,0.5151515151515151,Hastened Fatalis,6.494162967589169,0.625,Hastened Fatalis,0.3034655592331387,2.9205607476635516
Frostbound Hammer,1.8260771130404259,0.5333333333333333,Hide of the Urchin,5.761031034535013,0.6222222222222222,Hide of the Urchin,0.2400429597722922,2.5925925925925926
Bluestone Pendant,-3.2270861814513983,0.4727272727272727,Witchblade,4.6751229419829485,0.6216216216216216,Witchblade,0.22805477765770477,3.032300593276203
Bulwark of Hope,1.8810983976742044,0.5441176470588235,Bulwark of Hope,1.8810983976742044,0.5441176470588235,Frostbound Hammer,0.07939465708871417,2.318840579710145
Hastened Fatalis,6.494162967589169,0.625,Frostbound Hammer,1.8260771130404259,0.5333333333333333,Bulwark of Hope,0.07449894644254275,2.15492137449039
