,recommendations,win_rate,win_rate_per_cost
Starter Item,Bluestone Pendant,,
Boots,Warrior Tabi,0.4810126582278481,2.99863698319
Item2,Frostbound Hammer,0.5210084033613446,2.02082057563
Item3,Bulwark of Hope,0.5337078651685393,1.84074745503
Item4,Breastplate of Valor,0.47843137254901963,2.02082057563
Item5,Winged Blade,0.626666666667,3.10930399426
Item6,Qin's Sais,0.602150537634,2.32098765432
Relic1,Meditation,0.509090909091,
Relic2,Wrath,0.575,
