Items_most_pop,Items_most_pop_L2,Items_most_pop_winrate,Items_L2,Items_L2_coef,Items_L2_winrate,Items_gold_adjusted_L2,Items_gold_adjusted_L2_coef,Items_gold_adjusted_L2_winrate
Warrior Tabi,-0.9222271213388876,0.4482758620689655,Spirit Robe,23.118872819050505,0.6521739130434783,Spirit Robe,0.939791578010183,2.651113467656416
Breastplate of Valor,-15.145369246804401,0.4378698224852071,Mantle of Discord,16.973531137580576,0.6071428571428571,Frostbound Hammer,0.7313277140848773,2.1834897529208965
Frostbound Hammer,16.820537423952178,0.5022026431718062,Frostbound Hammer,16.820537423952178,0.5022026431718062,Mantle of Discord,0.5475332625025991,1.9585253456221199
Bluestone Pendant,-7.78589868119437,0.37823834196891193,Hide of the Urchin,12.21337831294731,0.5147058823529411,Hide of the Urchin,0.5088907630394712,2.144607843137255
Bulwark of Hope,1.5789203496378226,0.4953271028037383,Qin's Sais,10.891556711179298,0.5614035087719298,Titan's Bane,0.4738094055710275,3.104212860310421
Pestilence,7.338143140160732,0.5052631578947369,Titan's Bane,9.713092814206064,0.6363636363636364,Qin's Sais,0.403390989302937,2.079272254710851
