Relics_most_pop,Relics_most_pop_L2,Relics_most_pop_winrate,Relics_most_pop_wr_paired,Relics_L2,Relics_L2_coef,Relics_L2_winrate,Relics_L2_wr_paired
Teleport,3.8605376423742435,0.5142857142857142,0.0,Meditation,19.27216436062011,0.6076555023923444,0.0
Curse,3.122948677330405,0.5201149425287356,,Purification,9.057507895843372,0.6486486486486487,
