Relics_most_pop,Relics_most_pop_L2,Relics_most_pop_winrate,Relics_most_pop_wr_paired,Relics_L2,Relics_L2_coef,Relics_L2_winrate,Relics_L2_wr_paired
Teleport,3.4846400448904364,0.53125,0.0,Sprint,5.695763193153238,0.5813953488372093,0.0
Meditation,2.9110951499489124,0.5492957746478874,,Relic,4.710272719661552,0.6363636363636364,
