Items_most_pop,Items_most_pop_L2,Items_most_pop_winrate,Items_L2,Items_L2_coef,Items_L2_winrate,Items_gold_adjusted_L2,Items_gold_adjusted_L2_coef,Items_gold_adjusted_L2_winrate
Warrior Tabi,2.6963075514538626,0.5317460317460317,Frostbound Hammer,24.644145312755636,0.6091954022988506,Frostbound Hammer,1.0714845788154623,2.6486756621689156
Frostbound Hammer,24.644145312755636,0.6091954022988506,Winged Blade,12.75550727437592,0.7058823529411765,Winged Blade,0.6894868796959958,3.8155802861685215
Breastplate of Valor,11.048319283335259,0.569620253164557,Breastplate of Valor,11.048319283335259,0.569620253164557,Breastplate of Valor,0.48036170797109823,2.476609796367639
Bluestone Pendant,-17.51192869064634,0.4067796610169492,Qin's Sais,10.70215934971175,0.6666666666666666,Pestilence,0.40236725514208477,2.8123309897241753
Pestilence,8.650895985554822,0.6046511627906976,Hide of the Nemean Lion,8.651213004115196,0.7272727272727273,Qin's Sais,0.39637627221154625,2.4691358024691357
Bulwark of Hope,-7.501740559257369,0.45454545454545453,Pestilence,8.650895985554822,0.6046511627906976,Hide of the Nemean Lion,0.3932369547325089,3.3057851239669422
