,recommendations,win_rate,win_rate_per_cost
Starter Item,Bluestone Pendant,,
Boots,Warrior Tabi,0.43995098039215685,3.38510553564
Item2,Frostbound Hammer,0.5103305785123967,2.28126677402
Item3,Bulwark of Hope,0.5359712230215827,2.07798557634
Item4,Winged Blade,0.5246913580246914,2.83616950284
Item5,Qin's Sais,0.531468531469,2.23765432099
Item6,Witchblade,0.524691358025,2.5925294218
Relic1,Shell,0.625,
Relic2,Meditation,0.511111111111,
