Items_most_pop,Items_most_pop_L2,Items_most_pop_winrate,Items_L2,Items_L2_coef,Items_L2_winrate,Items_gold_adjusted_L2,Items_gold_adjusted_L2_coef,Items_gold_adjusted_L2_winrate
Warrior Tabi,10.609566868270557,0.5877934272300469,Frostbound Hammer,16.407502963424037,0.6220238095238095,Frostbound Hammer,0.7133696940619146,2.7044513457556936
Breastplate of Valor,-0.6778236034219337,0.578708946772367,Qin's Sais,12.058924853167072,0.6942675159235668,Warrior Tabi,0.6844881850497133,3.79221565954869
Frostbound Hammer,16.407502963424037,0.6220238095238095,Hastened Fatalis,11.900686520684745,0.6631016042780749,Hastened Fatalis,0.5561068467609694,3.0986056274676397
Bluestone Pendant,-6.955888492158441,0.5230024213075061,Warrior Tabi,10.609566868270557,0.5877934272300469,Qin's Sais,0.4466268464135953,2.5713611700872847
Bulwark of Hope,-2.18760239716519,0.5848484848484848,Winged Blade,8.004360122454674,0.6421568627450981,Winged Blade,0.4326681147272797,3.47111817700053
Hide of the Urchin,4.063972851771454,0.6090909090909091,Hide of the Urchin,4.063972851771454,0.6090909090909091,Hide of the Urchin,0.1693322021571439,2.537878787878788
