,recommendations,win_rate,win_rate_per_cost
Starter Item,Bluestone Pendant,,
Boots,Warrior Tabi,0.48214285714285715,2.79828993393
Item2,Frostbound Hammer,0.5446428571428571,1.88580408591
Item3,Bulwark of Hope,0.5384615384615384,1.71776213766
Item4,Breastplate of Valor,0.49085365853658536,1.88580408591
Item5,Qin's Sais,0.696428571429,2.57936507937
Item6,Hide of the Urchin,0.589743589744,2.45726495726
Relic1,Wrath,0.565217391304,
Relic2,Teleport,0.491271820449,
