Items_most_pop,Items_most_pop_L2,Items_most_pop_winrate,Items_L2,Items_L2_coef,Items_L2_winrate,Items_gold_adjusted_L2,Items_gold_adjusted_L2_coef,Items_gold_adjusted_L2_winrate
Warrior Tabi,-1.7139028185817837,0.4698133918770582,Hide of the Urchin,8.301526083244182,0.5657142857142857,Hide of the Urchin,0.34589692013517426,2.357142857142857
Breastplate of Valor,0.7548492240827355,0.47796143250688705,Frostbound Hammer,6.5363884944843464,0.5036496350364964,Frostbound Hammer,0.28419080410801506,2.18978102189781
Frostbound Hammer,6.5363884944843464,0.5036496350364964,Hastened Fatalis,5.373888443302248,0.538961038961039,Hastened Fatalis,0.25111628239730127,2.5185095278553224
Bluestone Pendant,-7.052671298330125,0.4140625,Mantle of Discord,4.474567213906864,0.5380116959064327,Winged Blade,0.2219222694207067,2.8177113283496262
Bulwark of Hope,-1.6085256352635746,0.4755244755244755,Winged Blade,4.1055619842830735,0.5212765957446809,Mantle of Discord,0.14434087786796335,1.73552159969817
Pestilence,1.550601530733568,0.4931506849315068,Qin's Sais,2.8941279819054855,0.5333333333333333,Qin's Sais,0.10718992525575871,1.9753086419753085
