,recommendations,win_rate,win_rate_per_cost
Starter Item,Bluestone Pendant,,
Boots,Warrior Tabi,0.5231388329979879,3.60628618693
Item2,Frostbound Hammer,0.5641891891891891,2.43032329989
Item3,Breastplate of Valor,0.5338253382533825,2.43032329989
Item4,Hide of the Urchin,0.558974358974359,2.32905982906
Item5,Qin's Sais,0.658064516129,2.43727598566
Item6,Hastened Fatalis,0.622754491018,2.77001637923
Relic1,Meditation,0.574380165289,
Relic2,Shell,0.62,
