Items_most_pop,Items_most_pop_L2,Items_most_pop_winrate,Items_L2,Items_L2_coef,Items_L2_winrate,Items_gold_adjusted_L2,Items_gold_adjusted_L2_coef,Items_gold_adjusted_L2_winrate
Warrior Tabi,-2.5146236923341707,0.45454545454545453,Frostbound Hammer,6.8048001224474834,0.5925925925925926,Frostbound Hammer,0.2958608748890211,2.576489533011272
Breastplate of Valor,0.6712310463687614,0.4810126582278481,Hastened Fatalis,5.024651644981062,0.6666666666666666,Hastened Fatalis,0.23479680584023652,3.115264797507788
Pestilence,-5.0347166109970045,0.41333333333333333,Spirit Robe,4.932391729869403,0.7222222222222222,Spirit Robe,0.2005037288564798,2.935862691960253
Frostbound Hammer,6.8048001224474834,0.5925925925925926,Qin's Sais,2.996000060269518,0.6190476190476191,Qin's Sais,0.11096296519516734,2.292768959435626
Bluestone Pendant,-8.712725055922084,0.3076923076923077,Mantle of Discord,2.772817388990005,0.6111111111111112,Mantle of Discord,0.08944572222548404,1.971326164874552
Hastened Fatalis,5.024651644981062,0.6666666666666666,Bulwark of Hope,1.9416919612101453,0.6153846153846154,Bulwark of Hope,0.07689869153307508,2.437166793602437
