Items_most_pop,Items_most_pop_L2,Items_most_pop_winrate,Items_L2,Items_L2_coef,Items_L2_winrate,Items_gold_adjusted_L2,Items_gold_adjusted_L2_coef,Items_gold_adjusted_L2_winrate
Warrior Tabi,2.9880001688283744,0.5066921606118547,Qin's Sais,55.113303036384075,0.6551724137931034,Winged Blade,2.8204205065027583,3.2432432432432434
Breastplate of Valor,37.22307097310402,0.5254629629629629,Winged Blade,52.17777937030104,0.6,Hastened Fatalis,2.316105598219285,2.758698344780993
Frostbound Hammer,44.66292703641755,0.5581395348837209,Hastened Fatalis,49.5646598018927,0.5903614457831325,Qin's Sais,2.041233445792003,2.426564495530013
Bluestone Pendant,0.9615449416544025,0.44541484716157204,Frostbound Hammer,44.66292703641755,0.5581395348837209,Frostbound Hammer,1.9418663928877196,2.4266936299292214
Bulwark of Hope,2.1300619119833604,0.5590062111801242,Breastplate of Valor,37.22307097310402,0.5254629629629629,Breastplate of Valor,1.6183943901349576,2.284621578099839
Hide of the Urchin,11.902735239397702,0.5428571428571428,Void Shield,30.306549265928663,0.5789473684210527,Witchblade,1.2519440628528777,2.670089858793325
