,recommendations,win_rate,win_rate_per_cost
Starter Item,Bluestone Pendant,,
Boots,Warrior Tabi,0.537313432836,3.14393319142
Item2,Frostbound Hammer,0.5108225108225108,2.12862318841
Item3,Bluestone Pendant,0.45222929936305734,6.11979166667
Item4,Breastplate of Valor,0.49122807017543857,2.12862318841
Item5,Winged Blade,0.573333333333,3.02702702703
Item6,Mantle of Discord,0.56,1.84946236559
Relic1,Wrath,0.68,
Relic2,Teleport,0.487179487179,
