,recommendations,win_rate,win_rate_per_cost
Starter Item,Bluestone Pendant,,
Boots,Warrior Tabi,0.533333333333,3.32528065937
Item2,Frostbound Hammer,0.6083333333333333,1.9688269073
Item3,Bulwark of Hope,0.5540540540540541,1.79338688586
Item4,Breastplate of Valor,0.5141242937853108,1.9688269073
Item5,Jotunn's Wrath,0.611111111111,2.36443883985
Item6,Qin's Sais,0.576923076923,2.2633744856
Relic1,Purification,0.818181818182,
Relic2,Teleport,0.52422907489,
