Items_most_pop,Items_most_pop_L2,Items_most_pop_winrate,Items_L2,Items_L2_coef,Items_L2_winrate,Items_gold_adjusted_L2,Items_gold_adjusted_L2_coef,Items_gold_adjusted_L2_winrate
Warrior Tabi,2.580466643159005,0.5364758698092031,Frostbound Hammer,11.879444153924418,0.5834970530451866,Frostbound Hammer,0.5164975719097572,2.5369437088921156
Breastplate of Valor,8.343589399914986,0.551440329218107,Hide of the Urchin,10.027010418406109,0.6276595744680851,Hide of the Urchin,0.4177921007669212,2.6152482269503547
Frostbound Hammer,11.879444153924418,0.5834970530451866,Qin's Sais,9.539697694427893,0.6666666666666666,Breastplate of Valor,0.36276475651804285,2.397566648774378
Bluestone Pendant,-11.318703122209769,0.45652173913043476,Breastplate of Valor,8.343589399914986,0.551440329218107,Qin's Sais,0.35332213683066266,2.4691358024691357
Bulwark of Hope,0.4123802254843139,0.5535055350553506,Hastened Fatalis,7.004473517986259,0.6140350877192983,Hastened Fatalis,0.32731184663487195,2.8693228398098047
Hide of the Urchin,10.027010418406109,0.6276595744680851,Mantle of Discord,5.618190695949169,0.62,Mantle of Discord,0.18123195793384414,2.0
