Relics_most_pop,Relics_most_pop_L2,Relics_most_pop_winrate,Relics_most_pop_wr_paired,Relics_L2,Relics_L2_coef,Relics_L2_winrate,Relics_L2_wr_paired
Teleport,-8.296882717583415,0.5652173913043478,0.0,Sprint,19.63720625204226,0.6290322580645161,0.0
Curse,6.945563332450486,0.5815602836879432,,Purification,10.12363901030445,0.6153846153846154,
