Items_most_pop,Items_most_pop_L2,Items_most_pop_winrate,Items_L2,Items_L2_coef,Items_L2_winrate,Items_gold_adjusted_L2,Items_gold_adjusted_L2_coef,Items_gold_adjusted_L2_winrate
Warrior Tabi,4.575000980281794,0.5154185022026432,Frostbound Hammer,35.094698655266676,0.6083333333333333,Frostbound Hammer,1.525856463272464,2.6449275362318843
Breastplate of Valor,-0.6305554834086476,0.5141242937853108,Qin's Sais,11.792460593588098,0.6111111111111112,Jotunn's Wrath,0.4525801335680762,2.3644388398486758
Frostbound Hammer,35.094698655266676,0.6083333333333333,Jotunn's Wrath,11.042955259061058,0.5769230769230769,Qin's Sais,0.43675779976252216,2.263374485596708
Bluestone Pendant,-16.43889248729027,0.44954128440366975,Witchblade,7.363261881593199,0.5526315789473685,Witchblade,0.3591835064191804,2.6957637997432604
Bulwark of Hope,3.132655622260277,0.5540540540540541,Pestilence,6.921075327265755,0.55,Pestilence,0.3219104803379421,2.558139534883721
Hide of the Urchin,-25.219360030803944,0.4528301886792453,Void Shield,5.353750261735409,0.5333333333333333,Warrior Tabi,0.2951613535665673,3.3252806593718915
