Items_most_pop,Items_most_pop_L2,Items_most_pop_winrate,Items_L2,Items_L2_coef,Items_L2_winrate,Items_gold_adjusted_L2,Items_gold_adjusted_L2_coef,Items_gold_adjusted_L2_winrate
Shoes of the Magi,3.2456533264616367,0.48678720445062584,Rod of Tahuti,12.598197352489684,0.5558823529411765,Rod of Tahuti,0.37946377567740014,1.6743444365698086
Obsidian Shard,1.848904426637154,0.49808429118773945,Soul Reaver,9.546984798214368,0.5984848484848485,Spear of the Magus,0.3387350124767338,2.692778457772338
Book of Thoth,6.466881668672666,0.505175983436853,Spear of the Magus,7.282802768249777,0.5789473684210527,Soul Reaver,0.32472737408892405,2.035662749948464
Rod of Tahuti,12.598197352489684,0.5558823529411765,Book of Thoth,6.466881668672666,0.505175983436853,Book of Thoth,0.24403327051594964,1.9063244657994454
Chronos' Pendant,-2.8652472326368343,0.4827586206896552,Dynasty Plate Helm,3.8345907798639987,0.5247524752475248,Dynasty Plate Helm,0.22556416352141168,3.0867792661619102
Soul Stone,-7.1089121371705435,0.4204946996466431,Shoes of the Magi,3.2456533264616367,0.48678720445062584,Shoes of the Magi,0.2028533329038523,3.0424200278164117
