Relics_most_pop,Relics_most_pop_L2,Relics_most_pop_winrate,Relics_most_pop_wr_paired,Relics_L2,Relics_L2_coef,Relics_L2_winrate,Relics_L2_wr_paired
Purification,0.6706105800914204,0.4853358561967833,0.5,Sanctuary,2.360480681751859,0.4921259842519685,0.5
Sanctuary,2.360480681751859,0.4921259842519685,,Purification,0.6706105800914204,0.4853358561967833,
