Items_most_pop,Items_most_pop_L2,Items_most_pop_winrate,Items_L2,Items_L2_coef,Items_L2_winrate,Items_gold_adjusted_L2,Items_gold_adjusted_L2_coef,Items_gold_adjusted_L2_winrate
Shoes of the Magi,3.282938287805305,0.5014925373134328,Chronos' Pendant,14.919343336801369,0.58,Obsidian Shard,0.6523762628264475,2.6920352191073778
Obsidian Shard,13.373713387942173,0.5518672199170125,Obsidian Shard,13.373713387942173,0.5518672199170125,Chronos' Pendant,0.621639305700057,2.4166666666666665
Book of Thoth,-4.994775336035709,0.4863636363636364,Rod of Tahuti,9.017598057663099,0.5637583892617449,Rod of Tahuti,0.27161439932720177,1.6980674375353764
Chronos' Pendant,14.919343336801369,0.58,Pythagorem's Piece,5.532601673289738,0.6071428571428571,Doom Orb,0.2674481616546425,3.0018761726078798
Rod of Tahuti,9.017598057663099,0.5637583892617449,Doom Orb,5.482687313920172,0.6153846153846154,Pythagorem's Piece,0.23052506972040576,2.5297619047619047
Soul Stone,-4.522220394799958,0.4452054794520548,Dynasty Plate Helm,3.7994881131139335,0.5208333333333334,Dynasty Plate Helm,0.22349930077140784,3.0637254901960786
