Items_most_pop,Items_most_pop_L2,Items_most_pop_winrate,Items_L2,Items_L2_coef,Items_L2_winrate,Items_gold_adjusted_L2,Items_gold_adjusted_L2_coef,Items_gold_adjusted_L2_winrate
Shoes of the Magi,7.260033427494156,0.5045682287061597,Rod of Tahuti,24.125697230632095,0.5924198250728863,Rod of Tahuti,0.7266776274286776,1.784397063472549
Obsidian Shard,3.4791288763931045,0.5245298446443173,Spear of Desolation,10.060496321001139,0.648068669527897,Shoes of the Magi,0.4537520892183847,3.1535514294134983
Book of Thoth,3.3171420404699496,0.5086442220200182,Soul Reaver,9.239298498171777,0.600358422939068,Soul Reaver,0.31426185367931214,2.042035452173701
Rod of Tahuti,24.125697230632095,0.5924198250728863,Shoes of the Magi,7.260033427494156,0.5045682287061597,Spear of Desolation,0.26474990318424046,1.7054438671786762
Chronos' Pendant,-2.5938088917139193,0.5070046697798533,Bancroft's Talon,5.758624819343743,0.5360419397116645,Doom Orb,0.24921201776949783,2.6196928635953025
Soul Stone,-10.895133569805935,0.4247467438494935,Doom Orb,5.108846364274706,0.5370370370370371,Bancroft's Talon,0.23994270080598928,2.2335080821319355
