Items_most_pop,Items_most_pop_L2,Items_most_pop_winrate,Items_L2,Items_L2_coef,Items_L2_winrate,Items_gold_adjusted_L2,Items_gold_adjusted_L2_coef,Items_gold_adjusted_L2_winrate
Shoes of the Magi,-0.2302943057198068,0.48447712418300654,Rod of Tahuti,24.333082151848874,0.5746753246753247,Rod of Tahuti,0.7329241612002674,1.7309497731184478
Obsidian Shard,-1.579455720216373,0.4977728285077951,Dynasty Plate Helm,7.980284143140523,0.5380116959064327,Dynasty Plate Helm,0.46942847900826606,3.1647746818025455
Book of Thoth,1.166200561569814,0.48851269649334944,Warlock's Sash,6.7964352326879665,0.5104477611940299,Warlock's Sash,0.25646925406369686,1.926217966769924
Rod of Tahuti,24.333082151848874,0.5746753246753247,Soul Reaver,5.793539235821216,0.5586854460093896,Celestial Legion Helm,0.21219848872662175,2.4390243902439024
Chronos' Pendant,-4.686299786498931,0.4868421052631579,Celestial Legion Helm,4.8805652407123,0.5609756097560976,Soul Reaver,0.19705915768099372,1.9002906326849989
Soul Stone,-11.920179834585513,0.413135593220339,Spear of the Magus,3.399511687724583,0.5283018867924528,Spear of the Magus,0.15811682268486432,2.457218078104432
