,recommendations,win_rate,win_rate_per_cost
Starter Item,Soul Stone,,
Boots,Shoes of the Magi,0.548037889039,3.3858892922
Item2,Rod of Tahuti,0.6267361111111112,1.61543610339
Item3,Obsidian Shard,0.5590361445783133,2.61621846988
Item4,Book of Thoth,0.5480378890392422,2.02386711821
Item5,Spear of the Magus,0.622222222222,2.89405684755
Item6,Dynasty Plate Helm,0.620853080569,3.41997264022
Relic1,Purification,0.542330259849,
Relic2,Sprint,0.576923076923,
