,recommendations,win_rate,win_rate_per_cost
Starter Item,Soul Stone,,
Boots,Shoes of the Magi,0.43213296398891965,2.70161290323
Item2,Rod of Tahuti,0.5644171779141104,1.30198212204
Item3,Book of Thoth,0.46218487394957986,1.63116250761
Item4,Obsidian Shard,0.461864406779661,2.10857592447
Item5,Spear of the Magus,0.581395348837,2.7041644132
Item6,Soul Reaver,0.622222222222,2.1164021164
Relic1,Sprint,0.55,
Relic2,Purification,0.437340153453,
