,recommendations,win_rate,win_rate_per_cost
Starter Item,Soul Stone,,
Boots,Shoes of the Magi,0.499231950845,3.12019969278
Item2,Rod of Tahuti,0.5646687697160884,1.50371069532
Item3,Book of Thoth,0.5045454545454545,1.88389415413
Item4,Obsidian Shard,0.5124481327800829,2.435277809
Item5,Warlock's Sash,0.594594594595,2.1311956203
Item6,Doom Orb,0.564766839378,2.61748958953
Relic1,Sanctuary,0.51001540832,
Relic2,Purification,0.502170767004,
