Items_most_pop,Items_most_pop_L2,Items_most_pop_winrate,Items_L2,Items_L2_coef,Items_L2_winrate,Items_gold_adjusted_L2,Items_gold_adjusted_L2_coef,Items_gold_adjusted_L2_winrate
Shoes of the Magi,2.2090383620199683,0.5356371490280778,Rod of Tahuti,19.660937904194913,0.5966386554621849,Dynasty Plate Helm,0.9032486325604288,3.633217993079585
Book of Thoth,10.625200170060205,0.56,Dynasty Plate Helm,15.355226753527287,0.6176470588235294,Rod of Tahuti,0.592196924825148,1.7971043839222436
Obsidian Shard,-0.43861699456717734,0.5479876160990712,Book of Thoth,10.625200170060205,0.56,Book of Thoth,0.4009509498135927,2.1132075471698113
Rod of Tahuti,19.660937904194913,0.5966386554621849,Warlock's Sash,6.937888458921836,0.5583333333333333,Warlock's Sash,0.26180711165742776,2.106918238993711
Chronos' Pendant,3.7193184014684535,0.5526315789473685,Bancroft's Talon,4.6530224792891035,0.5578947368421052,Bancroft's Talon,0.19387593663704597,2.324561403508772
Soul Stone,-5.283928465860156,0.4853801169590643,Chronos' Pendant,3.7193184014684535,0.5526315789473685,Chronos' Pendant,0.15497160006118554,2.3026315789473686
