Relics_most_pop,Relics_most_pop_L2,Relics_most_pop_winrate,Relics_most_pop_wr_paired,Relics_L2,Relics_L2_coef,Relics_L2_winrate,Relics_L2_wr_paired
Purification,6.581566628257944,0.5223336371923427,0.485074626866,Purification,6.581566628257944,0.5223336371923427,0.485074626866
Sanctuary,-3.6182661703236882,0.5183443085606774,,Relic,1.784954669188373,0.48255813953488375,
