Relics_most_pop,Relics_most_pop_L2,Relics_most_pop_winrate,Relics_most_pop_wr_paired,Relics_L2,Relics_L2_coef,Relics_L2_winrate,Relics_L2_wr_paired
Purification,0.7000288630770758,0.48284960422163586,0.529411764706,Purification,0.7000288630770758,0.48284960422163586,0.529411764706
Sanctuary,-5.2258350976900765,0.47599451303155005,,Sprint,-1.6310051491721829,0.4418604651162791,
