Relics_most_pop,Relics_most_pop_L2,Relics_most_pop_winrate,Relics_most_pop_wr_paired,Relics_L2,Relics_L2_coef,Relics_L2_winrate,Relics_L2_wr_paired
Purification,3.4945200926122384,0.5108538350217077,0.552631578947,Purification,3.4945200926122384,0.5108538350217077,0.552631578947
Sanctuary,-4.869435317928535,0.4978102189781022,,Relic,3.373829465493243,0.509090909090909,
