,recommendations,win_rate,win_rate_per_cost
Starter Item,Soul Stone,,
Boots,Shoes of the Magi,0.520467836257,3.25292397661
Item2,Rod of Tahuti,0.6045627376425855,1.55327996844
Item3,Obsidian Shard,0.5156889495225102,2.51555585133
Item4,Chronos' Pendant,0.5131004366812227,2.14870395634
Item5,Spear of the Magus,0.590909090909,2.64939652635
Item6,Doom Orb,0.651515151515,2.9563932003
Relic1,Purification,0.51214953271,
Relic2,Sprint,0.5625,
