Relics_most_pop,Relics_most_pop_L2,Relics_most_pop_winrate,Relics_most_pop_wr_paired,Relics_L2,Relics_L2_coef,Relics_L2_winrate,Relics_L2_wr_paired
Sanctuary,-1.22532508562442,0.4882292732855681,0.47619047619,Sprint,0.12075469357430253,0.5079365079365079,0.47619047619
Purification,0.10915412766581321,0.4959016393442623,,Purification,0.10915412766581321,0.4959016393442623,
