Items_most_pop,Items_most_pop_L2,Items_most_pop_winrate,Items_L2,Items_L2_coef,Items_L2_winrate,Items_gold_adjusted_L2,Items_gold_adjusted_L2_coef,Items_gold_adjusted_L2_winrate
Shoes of the Magi,5.02669161728894,0.5572354211663066,Rod of Tahuti,42.12848730026783,0.6416666666666667,Book of Thoth,1.3014854162293803,2.231438752263567
Obsidian Shard,-8.530996203276858,0.5628571428571428,Book of Thoth,34.48936353007858,0.5913312693498453,Warlock's Sash,1.2887515296942447,2.3137308910618373
Book of Thoth,34.48936353007858,0.5913312693498453,Warlock's Sash,34.151915536897484,0.6131386861313869,Rod of Tahuti,1.2689303403695131,1.9327309236947792
Rod of Tahuti,42.12848730026783,0.6416666666666667,Spear of Desolation,20.89320881007116,0.696969696969697,Bancroft's Talon,0.8021728334820926,2.482269503546099
Chronos' Pendant,-26.257035456199308,0.536697247706422,Bancroft's Talon,19.25214800357022,0.5957446808510638,Spear of Desolation,0.549821284475557,1.8341307814992025
Soul Stone,-17.209451717845106,0.48186528497409326,Spear of the Magus,7.7613387707533565,0.6078431372549019,Spear of the Magus,0.3609925009652724,2.827177382580939
