,recommendations,win_rate,win_rate_per_cost
Starter Item,Soul Stone,,
Boots,Shoes of the Magi,0.4914772727272727,2.58928571429
Item2,Rod of Tahuti,0.5691489361702128,1.24784853701
Item3,Obsidian Shard,0.5039370078740157,2.02090592334
Item4,Book of Thoth,0.5046728971962616,1.56334231806
Item5,Divine Ruin,0.689655172414,3.78931413414
Item6,Pythagorem's Piece,0.727272727273,3.0303030303
Relic1,Sprint,0.416666666667,
Relic2,Sanctuary,0.491666666667,
