Items_most_pop,Items_most_pop_L2,Items_most_pop_winrate,Items_L2,Items_L2_coef,Items_L2_winrate,Items_gold_adjusted_L2,Items_gold_adjusted_L2_coef,Items_gold_adjusted_L2_winrate
Shoes of the Magi,-3.276510604429603,0.46835443037974683,Celestial Legion Helm,61.95331363978463,0.6896551724137931,Celestial Legion Helm,2.6936223321645496,2.998500749625187
Obsidian Shard,-7.912930987290132,0.4753521126760563,Spear of the Magus,38.70916525102013,0.5555555555555556,Spear of the Magus,1.8004262907451225,2.5839793281653747
Book of Thoth,5.325938405773673,0.4674329501915709,Warlock's Sash,28.970228990875523,0.5084745762711864,Dynasty Plate Helm,1.5069611651754138,3.085824493731919
Rod of Tahuti,26.0376226429831,0.515,Rod of Tahuti,26.0376226429831,0.515,Warlock's Sash,1.0932161883349254,1.9187719859290053
Soul Stone,24.82598001474884,0.4909090909090909,Dynasty Plate Helm,25.618339807982032,0.5245901639344263,Rod of Tahuti,0.7842657422585272,1.5512048192771084
Chronos' Pendant,-24.504460866976302,0.42592592592592593,Spear of Desolation,24.212476780700467,0.5652173913043478,Soul Reaver,0.715487091339743,1.8221574344023324
