,recommendations,win_rate,win_rate_per_cost
Starter Item,Soul Stone,,
Boots,Shoes of the Magi,0.452914798206278,2.3538961039
Item2,Rod of Tahuti,0.5431034482758621,1.13440776091
Item3,Book of Thoth,0.5149253731343284,1.42122028914
Item4,Obsidian Shard,0.48717948717948717,1.83718720304
Item5,Bancroft's Talon,0.548387096774,2.28494623656
Item6,Spear of Desolation,0.588235294118,1.5479876161
Relic1,Sprint,0.368421052632,
Relic2,Relic,0.294117647059,
