Items_most_pop,Items_most_pop_L2,Items_most_pop_winrate,Items_L2,Items_L2_coef,Items_L2_winrate,Items_gold_adjusted_L2,Items_gold_adjusted_L2_coef,Items_gold_adjusted_L2_winrate
Shoes of the Magi,-2.289365520491745,0.5209380234505863,Rod of Tahuti,48.38590661763628,0.6546762589928058,Rod of Tahuti,1.4574068258324182,1.971916442749415
Obsidian Shard,21.52567913595053,0.5823389021479713,Obsidian Shard,21.52567913595053,0.5823389021479713,Obsidian Shard,1.0500331285829525,2.8406775714535186
Book of Thoth,-21.23302187276861,0.5026315789473684,Celestial Legion Helm,12.2675975099126,0.6363636363636364,Dynasty Plate Helm,0.590578522221309,3.291316526610644
Rod of Tahuti,48.38590661763628,0.6546762589928058,Dynasty Plate Helm,10.039834877762253,0.5595238095238095,Celestial Legion Helm,0.5333738047788086,2.766798418972332
Soul Stone,-12.346837135790423,0.4392156862745098,Doom Orb,7.564271782507352,0.5348837209302325,Doom Orb,0.36898886743938303,2.6091888825865004
Chronos' Pendant,-4.8391884927892574,0.5346938775510204,Warlock's Sash,6.881078878634149,0.5494505494505495,Divine Ruin,0.3478907420277756,3.3639829558196905
