Items_most_pop,Items_most_pop_L2,Items_most_pop_winrate,Items_L2,Items_L2_coef,Items_L2_winrate,Items_gold_adjusted_L2,Items_gold_adjusted_L2_coef,Items_gold_adjusted_L2_winrate
Shoes of the Magi,2.714061196320174,0.521551724137931,Rod of Tahuti,35.57273089432694,0.6557377049180327,Spear of the Magus,1.2907684451127894,3.7567084078711988
Obsidian Shard,3.279564180717318,0.5508982035928144,Spear of the Magus,27.751521569924968,0.8076923076923077,Rod of Tahuti,1.0714677980218956,1.9751135690302193
Book of Thoth,5.709677473041404,0.5401459854014599,Chronos' Pendant,9.367332955663521,0.5688073394495413,Chronos' Pendant,0.3903055398193134,2.3700305810397553
Rod of Tahuti,35.57273089432694,0.6557377049180327,Doom Orb,7.506434684658085,0.6666666666666666,Doom Orb,0.3661675455930773,3.252032520325203
Chronos' Pendant,9.367332955663521,0.5688073394495413,Spear of Desolation,7.461927131697093,0.6666666666666666,Divine Ruin,0.32264901344703384,3.3444816053511706
Soul Stone,-1.5798996783073405,0.4642857142857143,Divine Ruin,5.872212044736016,0.6086956521739131,Book of Thoth,0.2154595272845813,2.0382867373639995
