Items_most_pop,Items_most_pop_L2,Items_most_pop_winrate,Items_L2,Items_L2_coef,Items_L2_winrate,Items_gold_adjusted_L2,Items_gold_adjusted_L2_coef,Items_gold_adjusted_L2_winrate
Hide of the Urchin,2.291121148741523,0.5181236673773987,Mantle of Discord,12.85906041455685,0.6363636363636364,Sovereignty,0.5981559213400683,2.689365901801135
Watcher's Gift,-3.926424945011357,0.47651006711409394,Sovereignty,12.561274348141435,0.5647668393782384,Winged Blade,0.49995308337549743,3.1393839254101263
Sovereignty,12.561274348141435,0.5647668393782384,Winged Blade,9.249132042446703,0.5807860262008734,Mantle of Discord,0.4148084004695758,2.0527859237536656
Breastplate of Valor,-4.635338165170451,0.49731182795698925,Heartward Amulet,7.908958088340058,0.5657894736842105,Heartward Amulet,0.3766170518257171,2.694235588972431
Shoes of Focus,3.8502777372080246,0.5229357798165137,Shoes of Focus,3.8502777372080246,0.5229357798165137,Shoes of Focus,0.25668518248053496,3.4862385321100917
Heartward Amulet,7.908958088340058,0.5657894736842105,Void Stone,3.689532118048443,0.5540540540540541,Void Stone,0.1677060053658383,2.518427518427518
