,recommendations,win_rate,win_rate_per_cost
Starter Item,Watcher's Gift,,
Boots,Shoes of the Magi,0.591194968553,3.38502269289
Item2,Sovereignty,0.5709430756159728,2.37038914945
Item3,Hide of the Urchin,0.5347885402455662,2.07409050577
Item4,Watcher's Gift,0.501794687724336,6.2222715173
Item5,Winged Blade,0.61733615222,3.19813106698
Item6,Mantle of Discord,0.591654247392,1.99140694264
Relic1,Blink,0.65,
Relic2,Meditation,0.534301452178,
