,recommendations,win_rate,win_rate_per_cost
Starter Item,Watcher's Gift,,
Boots,Travelers Shoes,0.59778597786,4.1856232939
Item2,Sovereignty,0.5868263473053892,2.40697371845
Item3,Heartward Amulet,0.5977859778597786,2.40697371845
Item4,Hide of the Urchin,0.5348258706467661,2.10610200364
Item5,Mantle of Discord,0.613138686131,2.1431727795
Item6,Witchblade,0.585987261146,3.25203252033
Relic1,Sprint,0.558333333333,
Relic2,Meditation,0.538053097345,
