Relics_most_pop,Relics_most_pop_L2,Relics_most_pop_winrate,Relics_most_pop_wr_paired,Relics_L2,Relics_L2_coef,Relics_L2_winrate,Relics_L2_wr_paired
Meditation,2.765696417374581,0.5184049079754601,0.540106951872,Meditation,2.765696417374581,0.5184049079754601,0.540106951872
Shell,2.266617825913999,0.5287356321839081,,Shell,2.266617825913999,0.5287356321839081,
