Relics_most_pop,Relics_most_pop_L2,Relics_most_pop_winrate,Relics_most_pop_wr_paired,Relics_L2,Relics_L2_coef,Relics_L2_winrate,Relics_L2_wr_paired
Meditation,4.269113513383505,0.5802919708029197,0.333333333333,Teleport,5.9721551654201335,0.6666666666666666,0.333333333333
Shell,5.954675673355148,0.6142857142857143,,Shell,5.954675673355148,0.6142857142857143,
