Relics_most_pop,Relics_most_pop_L2,Relics_most_pop_winrate,Relics_most_pop_wr_paired,Relics_L2,Relics_L2_coef,Relics_L2_winrate,Relics_L2_wr_paired
Purification,28.233510759624224,0.5668016194331984,0.615384615385,Purification,28.233510759624224,0.5668016194331984,0.615384615385
Sanctuary,-3.818555635313418,0.5375375375375375,,Curse,6.542631278295791,0.5333333333333333,
