Items_most_pop,Items_most_pop_L2,Items_most_pop_winrate,Items_L2,Items_L2_coef,Items_L2_winrate,Items_gold_adjusted_L2,Items_gold_adjusted_L2_coef,Items_gold_adjusted_L2_winrate
Warrior Tabi,1.3831043159933973,0.4779874213836478,Wind Demon,17.35981311879062,0.6260869565217392,Titan's Bane,0.7086399166141891,3.1450577663671373
Devourer's Gauntlet,-3.2556163377421434,0.4550898203592814,Deathbringer,16.512830696564045,0.6013071895424836,Wind Demon,0.6676851199534853,2.408026755852843
Death's Toll,-10.590242220775028,0.375,Titan's Bane,14.527118290590876,0.6447368421052632,Deathbringer,0.5160259592676265,1.8790849673202614
Ichaival,7.924673573306561,0.5031446540880503,Rage,11.158625898839441,0.6382978723404256,Ichaival,0.466157269018033,2.959674435812061
Deathbringer,16.512830696564045,0.6013071895424836,Ichaival,7.924673573306561,0.5031446540880503,Rage,0.4649427457849767,2.6595744680851063
Qin's Sais,3.2574071536415548,0.5133333333333333,Bloodforge,7.796113415070261,0.5740740740740741,Asi,0.2954745291677137,2.905850445563735
