,recommendations,win_rate,win_rate_per_cost
Starter Item,Death's Toll,,
Boots,Warrior Tabi,0.582644628099,3.51776685893
Item2,Deathbringer,0.5991189427312775,1.63225446429
Item3,Devourer's Gauntlet,0.5630630630630631,2.54790940767
Item4,Qin's Sais,0.5826446280991735,1.93452380952
Item5,Titan's Bane,0.563063063063,3.0910408114
Item6,Hastened Fatalis,0.567415730337,2.83867586689
Relic1,Blink,0.691176470588,
Relic2,Purification,0.553319919517,
