Relics_most_pop,Relics_most_pop_L2,Relics_most_pop_winrate,Relics_most_pop_wr_paired,Relics_L2,Relics_L2_coef,Relics_L2_winrate,Relics_L2_wr_paired
Purification,8.386088187752007,0.5675675675675675,0.603896103896,Sanctuary,8.455396227305453,0.580952380952381,0.603896103896
Sanctuary,8.455396227305453,0.580952380952381,,Purification,8.386088187752007,0.5675675675675675,
