Relics_most_pop,Relics_most_pop_L2,Relics_most_pop_winrate,Relics_most_pop_wr_paired,Relics_L2,Relics_L2_coef,Relics_L2_winrate,Relics_L2_wr_paired
Purification,7.693646737353725,0.5437262357414449,0.666666666667,Purification,7.693646737353725,0.5437262357414449,0.666666666667
Sanctuary,-3.249785673214241,0.5066666666666667,,Sprint,2.1699526474212623,0.5365853658536586,
