Items_most_pop,Items_most_pop_L2,Items_most_pop_winrate,Items_L2,Items_L2_coef,Items_L2_winrate,Items_gold_adjusted_L2,Items_gold_adjusted_L2_coef,Items_gold_adjusted_L2_winrate
Warrior Tabi,0.4197470914273946,0.5,Wind Demon,13.079267359351288,0.651685393258427,Wind Demon,0.5030487445904341,2.5064822817631804
Qin's Sais,9.411200767211684,0.5882352941176471,Qin's Sais,9.411200767211684,0.5882352941176471,Titan's Bane,0.40281298044213354,3.2195121951219514
Devourer's Gauntlet,1.3925915015132992,0.49572649572649574,Titan's Bane,8.257666099063737,0.66,Qin's Sais,0.34856299137821045,2.178649237472767
Death's Toll,-8.453164679109221,0.4,Deathbringer,7.341979881837696,0.5918367346938775,Deathbringer,0.229436871307428,1.8494897959183674
Ichaival,-0.9717151904253118,0.49056603773584906,Transcendence,4.584499543158586,0.5411764705882353,Transcendence,0.17632690550609945,2.081447963800905
The Executioner,3.169459870000101,0.5392156862745098,Bloodforge,4.474555481982305,0.5853658536585366,Asi,0.17266506918614777,3.058676654182272
