Relics_most_pop,Relics_most_pop_L2,Relics_most_pop_winrate,Relics_most_pop_wr_paired,Relics_L2,Relics_L2_coef,Relics_L2_winrate,Relics_L2_wr_paired
Purification,1.9061535861891001,0.5419847328244275,0.64,Purification,1.9061535861891001,0.5419847328244275,0.64
Sanctuary,-1.5297486721653757,0.45901639344262296,,Sprint,0.41554137335602714,0.515625,
