Relics_most_pop,Relics_most_pop_L2,Relics_most_pop_winrate,Relics_most_pop_wr_paired,Relics_L2,Relics_L2_coef,Relics_L2_winrate,Relics_L2_wr_paired
Purification,9.09772880576291,0.5533199195171026,0.673076923077,Blink,10.795944592077225,0.6911764705882353,0.673076923077
Sanctuary,-7.772773230394738,0.5138888888888888,,Purification,9.09772880576291,0.5533199195171026,
