Items_most_pop,Items_most_pop_L2,Items_most_pop_winrate,Items_L2,Items_L2_coef,Items_L2_winrate,Items_gold_adjusted_L2,Items_gold_adjusted_L2_coef,Items_gold_adjusted_L2_winrate
Warrior Tabi,3.6562604490007042,0.5276243093922652,Deathbringer,20.19933113549697,0.6850828729281768,Deathbringer,0.6312290979842803,2.1408839779005526
Ichaival,-4.065083300083412,0.4842105263157895,Wind Demon,11.74115011478703,0.6546762589928058,Wind Demon,0.4515826967225781,2.5179856115107913
Devourer's Gauntlet,-2.6765069779009414,0.4838709677419355,Titan's Bane,7.365751005618422,0.6710526315789473,Titan's Bane,0.35930492710333767,3.2734274711168165
Deathbringer,20.19933113549697,0.6850828729281768,Qin's Sais,6.3076438929189695,0.5875706214689266,Hastened Fatalis,0.24118544034849146,2.803738317757009
Qin's Sais,6.3076438929189695,0.5875706214689266,Hastened Fatalis,5.161368423457717,0.6,Warrior Tabi,0.2358877709032712,3.4040278025307433
The Executioner,2.4963475441964302,0.5476190476190477,Asi,3.728084143280244,0.5605095541401274,Qin's Sais,0.23361644047848035,2.1761874869219504
