Items_most_pop,Items_most_pop_L2,Items_most_pop_winrate,Items_L2,Items_L2_coef,Items_L2_winrate,Items_gold_adjusted_L2,Items_gold_adjusted_L2_coef,Items_gold_adjusted_L2_winrate
Warrior Tabi,14.405976900079779,0.5233644859813084,Deathbringer,55.92187981212252,0.6730769230769231,Deathbringer,1.747558744128829,2.1033653846153846
Devourer's Gauntlet,25.105526792586,0.5625,Devourer's Gauntlet,25.105526792586,0.5625,Devourer's Gauntlet,1.2246598435407805,2.7439024390243905
Qin's Sais,6.044528716006064,0.576271186440678,Transcendence,23.660109118122172,0.55,Ichaival,0.9417528182295143,3.2085561497326203
Deathbringer,55.92187981212252,0.6730769230769231,Wind Demon,19.675942739762714,0.6145833333333334,Warrior Tabi,0.9294178645212761,3.376545070847151
Ichaival,16.009797909901742,0.5454545454545454,Ichaival,16.009797909901742,0.5454545454545454,Transcendence,0.9100041968508528,2.1153846153846154
Death's Toll,-12.93787572790331,0.42857142857142855,Warrior Tabi,14.405976900079779,0.5233644859813084,Wind Demon,0.7567670284524121,2.363782051282051
