,recommendations,win_rate,win_rate_per_cost
Starter Item,Death's Toll,,
Boots,Warrior Tabi,0.783783783784,4.27691192461
Item2,The Executioner,0.7837837837837838,2.94631710362
Item3,Deathbringer,0.7111111111111111,2.07162921348
Item4,Qin's Sais,0.6666666666666666,2.45526425302
Item5,Bloodforge,0.727272727273,2.55183413078
Item6,Devourer's Gauntlet,0.657142857143,3.20557491289
Relic1,Purification,0.625,
Relic2,Blink,0.666666666667,
