Items_most_pop,Items_most_pop_L2,Items_most_pop_winrate,Items_L2,Items_L2_coef,Items_L2_winrate,Items_gold_adjusted_L2,Items_gold_adjusted_L2_coef,Items_gold_adjusted_L2_winrate
Warrior Tabi,1.2690504134696787,0.527027027027027,Qin's Sais,11.673451458888811,0.5891472868217055,Qin's Sais,0.432350054032919,2.1820269882285386
Qin's Sais,11.673451458888811,0.5891472868217055,Deathbringer,11.100518591296717,0.6057692307692307,Ichaival,0.42842465833066123,3.3468559837728193
Ichaival,7.283219191621241,0.5689655172413793,Ichaival,7.283219191621241,0.5689655172413793,Deathbringer,0.3468912059780224,1.8930288461538463
Devourer's Gauntlet,0.517081935191663,0.5304347826086957,Bloodforge,6.571070786155661,0.6206896551724138,The Executioner,0.2889865498769843,2.5522552255225524
Deathbringer,11.100518591296717,0.6057692307692307,The Executioner,6.502197372232146,0.5742574257425742,Titan's Bane,0.25664596170381987,2.9471544715447155
The Executioner,6.502197372232146,0.5742574257425742,Titan's Bane,5.261242214928307,0.6041666666666666,Bloodforge,0.23056388723353197,2.1778584392014517
