,recommendations,win_rate,win_rate_per_cost
Starter Item,Death's Toll,,
Boots,Warrior Tabi,0.4392764857881137,3.06361506578
Item2,Deathbringer,0.625,1.48393854749
Item3,Qin's Sais,0.5276381909547738,1.75874198221
Item4,Devourer's Gauntlet,0.4386792452830189,2.316391879
Item5,Wind Demon,0.668918918919,2.57276507277
Item6,Titan's Bane,0.604938271605,2.95091839807
Relic1,Purification,0.473145780051,
Relic2,Blink,0.54347826087,
