Items_most_pop,Items_most_pop_L2,Items_most_pop_winrate,Items_L2,Items_L2_coef,Items_L2_winrate,Items_gold_adjusted_L2,Items_gold_adjusted_L2_coef,Items_gold_adjusted_L2_winrate
Warrior Tabi,1.6063058044529843,0.5384615384615384,Deathbringer,13.08551268796267,0.6639344262295082,Deathbringer,0.4089222714988334,2.074795081967213
Deathbringer,13.08551268796267,0.6639344262295082,Wind Demon,8.491137221315324,0.6625,Asi,0.3638584592341958,3.494107974787613
The Executioner,2.445170385672973,0.5663716814159292,Asi,6.476680574368684,0.6219512195121951,Wind Demon,0.32658220081982015,2.548076923076923
Devourer's Gauntlet,-3.8987548686840094,0.4909090909090909,Qin's Sais,5.697658574401345,0.6063829787234043,Qin's Sais,0.21102439164449424,2.2458628841607564
Ichaival,-4.83823885509391,0.4818181818181818,Malice,3.9846506207188277,0.7272727272727273,Malice,0.13282168735729424,2.4242424242424243
Qin's Sais,5.697658574401345,0.6063829787234043,Rage,2.4872089593056503,0.64,The Executioner,0.10867423936324325,2.517207472959685
