,recommendations,win_rate,win_rate_per_cost
Starter Item,Death's Toll,,
Boots,Warrior Tabi,0.3978494623655914,3.3724340176
Item2,Devourer's Gauntlet,0.4909090909090909,2.54988913525
Item3,Deathbringer,0.5227272727272727,1.63352272727
Item4,Qin's Sais,0.4666666666666667,1.93602693603
Item5,Hastened Fatalis,0.611111111111,2.85565939772
Item6,Wind Demon,0.525,2.01923076923
Relic1,Purification,0.433962264151,
Relic2,Blink,0.636363636364,
