Items_most_pop,Items_most_pop_L2,Items_most_pop_winrate,Items_L2,Items_L2_coef,Items_L2_winrate,Items_gold_adjusted_L2,Items_gold_adjusted_L2_coef,Items_gold_adjusted_L2_winrate
Warrior Tabi,25.26370354309317,0.4675324675324675,Deathbringer,101.17020274148032,0.575,Deathbringer,3.1615688356712597,1.796875
Devourer's Gauntlet,-62.8985991956479,0.34831460674157305,Bloodforge,65.87106407748092,0.6086956521739131,Bloodforge,2.3112654062274007,2.1357742181540806
Qin's Sais,15.744603106354205,0.5517241379310345,Rage,35.973831305737264,0.47368421052631576,Ichaival,2.0599331909561576,2.903946388682055
Deathbringer,101.17020274148032,0.575,Ichaival,35.01886424625468,0.4936708860759494,Warrior Tabi,1.6299163576189142,3.016338500209468
Ichaival,35.01886424625468,0.4936708860759494,Transcendence,26.951025258119117,0.45,Rage,1.4989096377390525,1.9736842105263157
Death's Toll,49.915975098259764,0.3815789473684211,Warrior Tabi,25.26370354309317,0.4675324675324675,Transcendence,1.0365778945430428,1.7307692307692308
