Relics_most_pop,Relics_most_pop_L2,Relics_most_pop_winrate,Relics_most_pop_wr_paired,Relics_L2,Relics_L2_coef,Relics_L2_winrate,Relics_L2_wr_paired
Purification,1.5359038793527375,0.5691056910569106,0.666666666667,Purification,1.5359038793527375,0.5691056910569106,0.666666666667
Wrath,-0.7035186691998263,0.4606741573033708,,Curse,0.472640107821706,0.631578947368421,
