,recommendations,win_rate,win_rate_per_cost
Starter Item,Bumba's Mask,,
Boots,Warrior Tabi,0.4426229508196721,3.64656381487
Item2,The Executioner,0.5652173913043478,2.51207729469
Item3,Hastened Fatalis,0.5054347826086957,2.6412027631
Item4,Ichaival,0.40816326530612246,3.32480818414
Item5,Frostbound Hammer,0.714285714286,2.5171624714
Item6,Deathbringer,0.578947368421,2.23214285714
Relic1,Curse,0.48275862069,
Relic2,Sprint,0.535211267606,
