Items_most_pop,Items_most_pop_L2,Items_most_pop_winrate,Items_L2,Items_L2_coef,Items_L2_winrate,Items_gold_adjusted_L2,Items_gold_adjusted_L2_coef,Items_gold_adjusted_L2_winrate
Hastened Fatalis,11.826789989270369,0.5616438356164384,Rage,22.91547770603028,0.8125,Titan's Bane,1.0388953717952916,3.36417157275021
Qin's Sais,-7.887528400762453,0.549618320610687,Stone Cutting Sword,21.749331787706396,0.6808510638297872,Rage,0.9548115710845951,3.3854166666666665
Warrior Tabi,-0.4783882110297202,0.5339805825242718,Titan's Bane,21.297355121803474,0.6896551724137931,Stone Cutting Sword,0.8365127610656307,2.618657937806874
Ninja Tabi,6.819312163331194,0.56,The Crusher,14.689908579304342,0.8,The Crusher,0.6386916773610584,3.4782608695652173
Ichaival,-22.821490084146735,0.4657534246575342,Hastened Fatalis,11.826789989270369,0.5616438356164384,Hastened Fatalis,0.5526537378163724,2.624503904749712
The Executioner,-0.6309397982182126,0.5686274509803921,Witchblade,9.092570440822195,0.6428571428571429,Ninja Tabi,0.4546208108887463,3.7333333333333334
