Relics_most_pop,Relics_most_pop_L2,Relics_most_pop_winrate,Relics_most_pop_wr_paired,Relics_L2,Relics_L2_coef,Relics_L2_winrate,Relics_L2_wr_paired
Purification,10.985792164417367,0.5631067961165048,0.652173913043,Purification,10.985792164417367,0.5631067961165048,0.652173913043
Teleport,-0.17192735677967252,0.5,,Wrath,9.673822474242794,0.5833333333333334,
