Relics_most_pop,Relics_most_pop_L2,Relics_most_pop_winrate,Relics_most_pop_wr_paired,Relics_L2,Relics_L2_coef,Relics_L2_winrate,Relics_L2_wr_paired
Purification,12.604928579781385,0.5952380952380952,0.857142857143,Curse,17.197144631128772,0.6774193548387096,0.857142857143
Teleport,4.157049488790011,0.5510204081632653,,Purification,12.604928579781385,0.5952380952380952,
