,recommendations,win_rate,win_rate_per_cost
Starter Item,Bumba's Mask,,
Boots,Warrior Tabi,0.705882352941,3.78197997775
Item2,Hastened Fatalis,0.5476190476190477,1.8054375531
Item3,Ichaival,0.574468085106383,2.27272727273
Item4,Qin's Sais,0.5352112676056338,1.43097643098
Item5,Asi,0.678571428571,4.49438202247
Item6,Stone Cutting Sword,0.547619047619,2.60989010989
Relic1,Wrath,0.666666666667,
Relic2,Purification,0.607843137255,
