Relics_most_pop,Relics_most_pop_L2,Relics_most_pop_winrate,Relics_most_pop_wr_paired,Relics_L2,Relics_L2_coef,Relics_L2_winrate,Relics_L2_wr_paired
Purification,-3.768926066616031,0.45161290322580644,0.785714285714,Sprint,9.13585092622941,0.5740740740740741,0.785714285714
Wrath,-7.095857873999886,0.4155844155844156,,Teleport,4.323524698130372,0.5070422535211268,
