,recommendations,win_rate,win_rate_per_cost
Starter Item,Bumba's Mask,,
Boots,Ninja Tabi,0.69696969697,3.57723577236
Item2,The Executioner,0.5968992248062015,2.29142637447
Item3,Hastened Fatalis,0.5133531157270029,2.40920997316
Item4,Qin's Sais,0.5155709342560554,1.90952197873
Item5,Wind Demon,0.564102564103,2.68065268065
Item6,Soul Eater,0.68,3.4
Relic1,Blink,0.620689655172,
Relic2,Teleport,0.528169014085,
