,recommendations,win_rate,win_rate_per_cost
Starter Item,Bumba's Mask,,
Boots,Ninja Tabi,0.4596774193548387,4.28571428571
Item2,Stone Cutting Sword,0.6428571428571429,2.47252747253
Item3,Qin's Sais,0.5124378109452736,2.38095238095
Item4,Hastened Fatalis,0.45982142857142855,3.00400534045
Item5,Frostbound Hammer,0.512437810945,3.26086956522
Item6,Winged Blade,0.7,3.78378378378
Relic1,Curse,0.535714285714,
Relic2,Teleport,0.482352941176,
