,recommendations,win_rate,win_rate_per_cost
Starter Item,Bumba's Mask,,
Boots,Ninja Tabi,0.603260869565,4.09722222222
Item2,Qin's Sais,0.6339869281045751,2.2762345679
Item3,Stone Cutting Sword,0.6714285714285714,2.36378205128
Item4,Hastened Fatalis,0.6032608695652174,2.8718847352
Item5,Titan's Bane,0.733333333333,3.48432055749
Item6,Asi,0.714285714286,4.49438202247
Relic1,Teleport,0.6,
Relic2,Wrath,0.608108108108,
