Items_most_pop,Items_most_pop_L2,Items_most_pop_winrate,Items_L2,Items_L2_coef,Items_L2_winrate,Items_gold_adjusted_L2,Items_gold_adjusted_L2_coef,Items_gold_adjusted_L2_winrate
Hastened Fatalis,-2.6571660890898228,0.5805626598465473,Stone Cutting Sword,24.82527761063914,0.6811594202898551,Stone Cutting Sword,0.9548183696399669,2.61984392419175
Qin's Sais,4.453310713569543,0.6012269938650306,Frostbound Hammer,20.664857631318366,0.7142857142857143,Winged Blade,0.9366908927403478,3.795284646348476
Warrior Tabi,8.954981897307677,0.5880149812734082,Winged Blade,17.328781515696434,0.7021276595744681,Frostbound Hammer,0.8984720709268854,3.1055900621118013
Ninja Tabi,2.8592174462633446,0.5862068965517241,Deathbringer,12.267643780018764,0.675,Warrior Tabi,0.5777407675682372,3.7936450404736015
Ichaival,6.4171753889575065,0.5969387755102041,Warrior Tabi,8.954981897307677,0.5880149812734082,Deathbringer,0.38336386812558637,2.109375
The Executioner,1.100333256428074,0.6013513513513513,Mantle of Discord,8.938089531355061,0.6875,Ichaival,0.3774809052327945,3.51140456182473
