Items_most_pop,Items_most_pop_L2,Items_most_pop_winrate,Items_L2,Items_L2_coef,Items_L2_winrate,Items_gold_adjusted_L2,Items_gold_adjusted_L2_coef,Items_gold_adjusted_L2_winrate
Warrior Tabi,7.879869814140475,0.6262295081967213,Winged Blade,22.317569328427915,0.7184873949579832,Winged Blade,1.206355098833941,3.8837156484215307
Breastplate of Valor,-4.403371180932039,0.6264044943820225,Brawler's Beat Stick,19.61077881633152,0.75,Brawler's Beat Stick,0.8171157840138134,3.125
Hide of the Urchin,15.556931960488457,0.6603448275862069,Genji's Guard,16.48188680715809,0.69,Genji's Guard,0.7491766730526406,3.1363636363636362
Bluestone Pendant,11.15817476470187,0.6141732283464567,Hide of the Urchin,15.556931960488457,0.6603448275862069,Hide of the Urchin,0.6482054983536857,2.7514367816091956
Jotunn's Wrath,14.988458564716414,0.65439672801636,Jotunn's Wrath,14.988458564716414,0.65439672801636,Jotunn's Wrath,0.6142810887178858,2.6819538033457375
Bulwark of Hope,0.3648509984037115,0.6391752577319587,Mantle of Discord,11.228688916867743,0.6739130434782609,Warrior Tabi,0.5083786976864823,4.040190375462718
