Items_most_pop,Items_most_pop_L2,Items_most_pop_winrate,Items_L2,Items_L2_coef,Items_L2_winrate,Items_gold_adjusted_L2,Items_gold_adjusted_L2_coef,Items_gold_adjusted_L2_winrate
Warrior Tabi,1.8606203141885773,0.558282208588957,Bulwark of Hope,29.0423669353858,0.7391304347826086,Bulwark of Hope,1.1501927499162692,2.9272492466637967
Breastplate of Valor,-9.94046856079612,0.54,Genji's Guard,18.562225562423997,0.7307692307692307,Winged Blade,0.9131326467646306,3.9952996474735607
Jotunn's Wrath,7.947528059238857,0.6027397260273972,Winged Blade,16.892953965145665,0.7391304347826086,Genji's Guard,0.8437375255647271,3.3216783216783217
Bluestone Pendant,-6.933666220825973,0.5151515151515151,Titan's Bane,15.403667010702845,0.75,Titan's Bane,0.7513983907659925,3.658536585365854
Hide of the Urchin,3.265416647848888,0.5846153846153846,Sovereignty,13.688328446283633,0.7857142857142857,Sovereignty,0.6518251641087444,3.741496598639456
Bulwark of Hope,29.0423669353858,0.7391304347826086,Jotunn's Wrath,7.947528059238857,0.6027397260273972,Talaria Boots,0.3679640587871517,4.365079365079365
