Relics_most_pop,Relics_most_pop_L2,Relics_most_pop_winrate,Relics_most_pop_wr_paired,Relics_L2,Relics_L2_coef,Relics_L2_winrate,Relics_L2_wr_paired
Teleport,-0.11719183283689989,0.4476987447698745,0.0,Purification,0.005921898614229077,0.5151515151515151,0.0
Meditation,-0.16823268237737868,0.41379310344827586,,Wrath,0.00032053609400019967,0.5,
