Items_most_pop,Items_most_pop_L2,Items_most_pop_winrate,Items_L2,Items_L2_coef,Items_L2_winrate,Items_gold_adjusted_L2,Items_gold_adjusted_L2_coef,Items_gold_adjusted_L2_winrate
Warrior Tabi,27.67493033388281,0.5073825503355704,Warrior Tabi,27.67493033388281,0.5073825503355704,Warrior Tabi,1.785479376379536,3.2734358086165836
Breastplate of Valor,-10.093747857785274,0.5015197568389058,Heartward Amulet,27.46717936285073,0.6372549019607843,Heartward Amulet,1.3079609220405108,3.034547152194211
Hide of the Urchin,18.42126311420256,0.5645645645645646,Hide of the Urchin,18.42126311420256,0.5645645645645646,Titan's Bane,0.8265435346311664,2.9692470837751856
Bluestone Pendant,-2.745186395245492,0.45454545454545453,Titan's Bane,16.94414245993891,0.6086956521739131,Hide of the Urchin,0.7675526297584401,2.3523523523523524
Jotunn's Wrath,-11.303501346009273,0.49372384937238495,Sovereignty,10.255621850931863,0.6024096385542169,Talaria Boots,0.5970167815153944,3.896103896103896
Bulwark of Hope,-2.3069644772394535,0.5135135135135135,Talaria Boots,8.358234941215521,0.5454545454545454,Sovereignty,0.4883629452824697,2.8686173264486516
