Items_most_pop,Items_most_pop_L2,Items_most_pop_winrate,Items_L2,Items_L2_coef,Items_L2_winrate,Items_gold_adjusted_L2,Items_gold_adjusted_L2_coef,Items_gold_adjusted_L2_winrate
Warrior Tabi,1.3666143198093188,0.5417925478348439,Mantle of Discord,13.145545559568317,0.6612903225806451,Sovereignty,0.4636428614340836,2.880184331797235
Breastplate of Valor,3.5691304176109195,0.5505494505494506,Sovereignty,9.736500090115756,0.6048387096774194,Talaria Boots,0.4265215099861027,4.1396103896103895
Bluestone Pendant,0.5552869075212643,0.5150115473441108,Genji's Guard,8.760850549666952,0.6376811594202898,Mantle of Discord,0.4240498567602683,2.133194588969823
Hide of the Urchin,4.6012908442792195,0.558891454965358,Titan's Bane,7.727765798058744,0.660377358490566,Genji's Guard,0.398220479530316,2.898550724637681
Jotunn's Wrath,3.2816791792951077,0.5706051873198847,Spirit Robe,7.368301028973187,0.6178343949044586,Titan's Bane,0.37696418527115827,3.2213529682466637
Bulwark of Hope,5.5859919545821795,0.592741935483871,Heartward Amulet,7.188424217481932,0.5899280575539568,Winged Blade,0.3595076963369268,3.3129904097646032
