,recommendations,win_rate,win_rate_per_cost
Starter Item,Bluestone Pendant,,
Boots,Warrior Tabi,0.4681818181818182,3.09677419355
Item2,Jotunn's Wrath,0.5432098765432098,1.96721311475
Item3,Breastplate of Valor,0.49222797927461137,2.08695652174
Item4,Bulwark of Hope,0.48,1.90099009901
Item5,Sovereignty,0.647058823529,2.91005291005
Item6,Winged Blade,0.611111111111,2.87521564117
Relic1,Meditation,0.515527950311,
Relic2,Teleport,0.477777777778,
