,recommendations,win_rate,win_rate_per_cost
Starter Item,Bluestone Pendant,,
Boots,Warrior Tabi,0.5511363636363636,4.13662239089
Item2,Hide of the Urchin,0.6181818181818182,2.67156862745
Item3,Bulwark of Hope,0.6411764705882353,2.5393127548
Item4,Jotunn's Wrath,0.6007462686567164,2.62777242044
Item5,Brawler's Beat Stick,0.777777777778,3.24074074074
Item6,Witchblade,0.656,3.18699186992
Relic1,Sprint,0.617647058824,
Relic2,Meditation,0.56378600823,
