,recommendations,win_rate,win_rate_per_cost
Starter Item,Bluestone Pendant,,
Boots,Talaria Boots,0.777777777778,5.19480519481
Item2,Jotunn's Wrath,0.6470588235294118,2.32119541564
Item3,Bulwark of Hope,0.6029411764705882,2.24305616402
Item4,Hide of the Urchin,0.5757575757575758,2.3598820059
Item5,Brawler's Beat Stick,0.727272727273,3.24074074074
Item6,Heartward Amulet,0.736842105263,3.01974448316
Relic1,Sprint,0.616438356164,
Relic2,Teleport,0.580952380952,
