Relics_most_pop,Relics_most_pop_L2,Relics_most_pop_winrate,Relics_most_pop_wr_paired,Relics_L2,Relics_L2_coef,Relics_L2_winrate,Relics_L2_wr_paired
Teleport,12.58940664037443,0.5714285714285714,0.635658914729,Teleport,12.58940664037443,0.5714285714285714,0.635658914729
Meditation,10.536530912990033,0.5669014084507042,,Meditation,10.536530912990033,0.5669014084507042,
