Relics_most_pop,Relics_most_pop_L2,Relics_most_pop_winrate,Relics_most_pop_wr_paired,Relics_L2,Relics_L2_coef,Relics_L2_winrate,Relics_L2_wr_paired
Meditation,37.18427923348814,0.6303418803418803,0.75,Meditation,37.18427923348814,0.6303418803418803,0.75
Teleport,3.120736792123023,0.5446623093681917,,Purification,11.308931584515648,0.5757575757575758,
