Items_most_pop,Items_most_pop_L2,Items_most_pop_winrate,Items_L2,Items_L2_coef,Items_L2_winrate,Items_gold_adjusted_L2,Items_gold_adjusted_L2_coef,Items_gold_adjusted_L2_winrate
Warrior Tabi,-2.8886605035415984,0.4640221402214022,Deathbringer,12.17377101815513,0.589041095890411,Titan's Bane,0.4873406412388281,2.774669948534348
Ichaival,6.710427020676084,0.4870801033591731,Wind Demon,11.54117238377504,0.5761194029850746,Wind Demon,0.44389124552980924,2.215843857634902
Qin's Sais,4.859280350649335,0.5034770514603616,Titan's Bane,9.990483145395975,0.5688073394495413,Ichaival,0.3947310012162402,2.8651770785833715
Asi,4.607405607802593,0.5007235890014472,Ichaival,6.710427020676084,0.4870801033591731,Deathbringer,0.3804303443173478,1.8407534246575343
The Executioner,-2.777559549340446,0.46247464503042596,Qin's Sais,4.859280350649335,0.5034770514603616,Asi,0.25884301167430296,2.813053870794647
Death's Toll,-7.348401585663808,0.3961352657004831,Asi,4.607405607802593,0.5007235890014472,Qin's Sais,0.17997334632034576,1.8647298202235616
