Items_most_pop,Items_most_pop_L2,Items_most_pop_winrate,Items_L2,Items_L2_coef,Items_L2_winrate,Items_gold_adjusted_L2,Items_gold_adjusted_L2_coef,Items_gold_adjusted_L2_winrate
Warrior Tabi,1.5773773785838001,0.5259259259259259,Deathbringer,7.3968804125454275,0.6526315789473685,Deathbringer,0.23115251289204458,2.039473684210526
Qin's Sais,2.312646716504699,0.5409836065573771,The Executioner,5.053488564767205,0.5948275862068966,The Executioner,0.22459949176743138,2.6436781609195403
Ichaival,0.3487457148685008,0.5166666666666667,Wind Demon,3.9446889417460858,0.5978260869565217,Wind Demon,0.15171880545177252,2.29933110367893
Asi,-2.4920119087660297,0.49714285714285716,Rage,3.0912113503785315,0.6571428571428571,Rage,0.12880047293243882,2.738095238095238
The Executioner,5.053488564767205,0.5948275862068966,Qin's Sais,2.312646716504699,0.5409836065573771,Warrior Tabi,0.10176628248927742,3.3930704898446833
Death's Toll,-0.6873704296086981,0.49038461538461536,Warrior Tabi,1.5773773785838001,0.5259259259259259,Qin's Sais,0.08565358209276663,2.0036429872495445
