Relics_most_pop,Relics_most_pop_L2,Relics_most_pop_winrate,Relics_most_pop_wr_paired,Relics_L2,Relics_L2_coef,Relics_L2_winrate,Relics_L2_wr_paired
Purification,20.691144009621812,0.47830423940149625,0.426229508197,Purification,20.691144009621812,0.47830423940149625,0.426229508197
Sanctuary,-23.119821940793877,0.47534403669724773,,Relic,-10.109619610395493,0.3873239436619718,
