Relics_most_pop,Relics_most_pop_L2,Relics_most_pop_winrate,Relics_most_pop_wr_paired,Relics_L2,Relics_L2_coef,Relics_L2_winrate,Relics_L2_wr_paired
Purification,-1.9702036559813059,0.48793859649122806,0.615384615385,Sprint,1.2326458570131258,0.5277777777777778,0.615384615385
Sanctuary,-0.29062349965908724,0.4942675159235669,,Sanctuary,-0.29062349965908724,0.4942675159235669,
