Relics_most_pop,Relics_most_pop_L2,Relics_most_pop_winrate,Relics_most_pop_wr_paired,Relics_L2,Relics_L2_coef,Relics_L2_winrate,Relics_L2_wr_paired
Purification,7.972035410619312,0.48169014084507045,0.583333333333,Purification,7.972035410619312,0.48169014084507045,0.583333333333
Sanctuary,-16.84305043346127,0.44025157232704404,,Sprint,4.513051693021285,0.5283018867924528,
