Relics_most_pop,Relics_most_pop_L2,Relics_most_pop_winrate,Relics_most_pop_wr_paired,Relics_L2,Relics_L2_coef,Relics_L2_winrate,Relics_L2_wr_paired
Purification,-4.080936069587762,0.4576923076923077,1.0,Sanctuary,1.4309727496310078,0.49777777777777776,1.0
Sanctuary,1.4309727496310078,0.49777777777777776,,Sprint,-0.009112242558439492,0.4838709677419355,
