Relics_most_pop,Relics_most_pop_L2,Relics_most_pop_winrate,Relics_most_pop_wr_paired,Relics_L2,Relics_L2_coef,Relics_L2_winrate,Relics_L2_wr_paired
Purification,1.3302057189029686,0.5336538461538461,0.566666666667,Sprint,3.3822361017700096,0.5670103092783505,0.566666666667
Sanctuary,3.343280195668912,0.5381578947368421,,Sanctuary,3.343280195668912,0.5381578947368421,
