Relics_most_pop,Relics_most_pop_L2,Relics_most_pop_winrate,Relics_most_pop_wr_paired,Relics_L2,Relics_L2_coef,Relics_L2_winrate,Relics_L2_wr_paired
Purification,1.6311828553089318,0.49303621169916434,0.571428571429,Relic,3.8193896303524157,0.5517241379310345,0.571428571429
Sanctuary,-2.4307632030801734,0.48628048780487804,,Purification,1.6311828553089318,0.49303621169916434,
