,recommendations,win_rate,win_rate_per_cost
Starter Item,Death's Toll,,
Boots,Warrior Tabi,0.44254937163375224,2.33387840048
Item2,Qin's Sais,0.5094594594594595,1.33981908175
Item3,Ichaival,0.4580745341614907,2.12794795337
Item4,Asi,0.4654178674351585,2.03230984311
Item5,Wind Demon,0.601973684211,2.21238938053
Item6,Deathbringer,0.575221238938,1.88116776316
Relic1,Sprint,0.448051948052,
Relic2,Relic,0.327102803738,
