Relics_most_pop,Relics_most_pop_L2,Relics_most_pop_winrate,Relics_most_pop_wr_paired,Relics_L2,Relics_L2_coef,Relics_L2_winrate,Relics_L2_wr_paired
Purification,-14.554454517463109,0.49222797927461137,0.666666666667,Relic,10.694089511411258,0.48,0.666666666667
Sanctuary,1.3470855620033753,0.498015873015873,,Sprint,2.635586010573546,0.5,
