Relics_most_pop,Relics_most_pop_L2,Relics_most_pop_winrate,Relics_most_pop_wr_paired,Relics_L2,Relics_L2_coef,Relics_L2_winrate,Relics_L2_wr_paired
Purification,2.6903375539345986,0.5105287786616752,0.591194968553,Purification,2.6903375539345986,0.5105287786616752,0.591194968553
Sanctuary,-3.1140638520150294,0.49761019649495486,,Sprint,2.5416134871250002,0.5639810426540285,
