Relics_most_pop,Relics_most_pop_L2,Relics_most_pop_winrate,Relics_most_pop_wr_paired,Relics_L2,Relics_L2_coef,Relics_L2_winrate,Relics_L2_wr_paired
Purification,6.206906943383862,0.5610179294389821,0.604938271605,Purification,6.206906943383862,0.5610179294389821,0.604938271605
Sanctuary,-3.1274149530198927,0.5586253369272237,,Sprint,3.5576903900000345,0.5767441860465117,
