Items_most_pop,Items_most_pop_L2,Items_most_pop_winrate,Items_L2,Items_L2_coef,Items_L2_winrate,Items_gold_adjusted_L2,Items_gold_adjusted_L2_coef,Items_gold_adjusted_L2_winrate
Warrior Tabi,-1.129077992170891,0.4664310954063604,Wind Demon,21.972863776669595,0.5769230769230769,Wind Demon,0.8451101452565227,2.2189349112426036
Ichaival,6.453532604352677,0.4740740740740741,Qin's Sais,11.367104022940481,0.5067385444743935,Asi,0.46324265010798493,2.7868707422808106
Asi,8.245719171922133,0.49606299212598426,Deathbringer,9.592072215063428,0.5384615384615384,Titan's Bane,0.4613027018887194,2.682926829268293
Qin's Sais,11.367104022940481,0.5067385444743935,Titan's Bane,9.456705388718747,0.55,Qin's Sais,0.4210038527014993,1.8768094239792352
The Executioner,5.558967715101256,0.49110320284697506,Asi,8.245719171922133,0.49606299212598426,Ichaival,0.3796195649619222,2.7886710239651418
Death's Toll,-6.0676238914328895,0.41732283464566927,Ichaival,6.453532604352677,0.4740740740740741,Deathbringer,0.29975225672073214,1.6826923076923077
