Relics_most_pop,Relics_most_pop_L2,Relics_most_pop_winrate,Relics_most_pop_wr_paired,Relics_L2,Relics_L2_coef,Relics_L2_winrate,Relics_L2_wr_paired
Purification,-4.4208667058349915,0.40979955456570155,0.666666666667,Sprint,3.1418603075365503,0.5,0.666666666667
Sanctuary,-6.087098440782847,0.4026315789473684,,Teleport,-3.754922149085775,0.25,
