,recommendations,win_rate,win_rate_per_cost
Starter Item,Death's Toll,,
Boots,Warrior Tabi,0.45084745762711864,2.20866027318
Item2,Ichaival,0.4759825327510917,2.01377848437
Item3,Qin's Sais,0.4846938775510204,1.26793460127
Item4,The Executioner,0.4805194805194805,1.52152152152
Item5,Deathbringer,0.592592592593,1.85185185185
Item6,Devourer's Gauntlet,0.5,2.64660093409
Relic1,Sanctuary,0.465986394558,
Relic2,Purification,0.454545454545,
