Items_most_pop,Items_most_pop_L2,Items_most_pop_winrate,Items_L2,Items_L2_coef,Items_L2_winrate,Items_gold_adjusted_L2,Items_gold_adjusted_L2_coef,Items_gold_adjusted_L2_winrate
Warrior Tabi,4.535582165487409,0.5061908230152949,Deathbringer,27.32126265449689,0.5841121495327103,Titan's Bane,1.200462383853961,2.8310104529616726
Qin's Sais,7.20996209607321,0.5292275574112735,Titan's Bane,24.609478869006203,0.5803571428571429,Deathbringer,0.8537894579530279,1.8253504672897196
Asi,-7.85630104826177,0.5038419319429198,Ichaival,13.281239906347794,0.5106145251396648,Ichaival,0.7812494062557526,3.003614853762734
Ichaival,13.281239906347794,0.5106145251396648,Transcendence,12.178265919114462,0.5050761421319797,Transcendence,0.46839484304286394,1.9426005466614604
The Executioner,-0.35094019337789,0.5134328358208955,Qin's Sais,7.20996209607321,0.5292275574112735,Warrior Tabi,0.2926182042249942,3.2657472452599676
Death's Toll,4.151290740074734,0.46464646464646464,Wind Demon,6.450139979157829,0.543778801843318,Qin's Sais,0.26703563318789664,1.9601020644861982
