Items_most_pop,Items_most_pop_L2,Items_most_pop_winrate,Items_L2,Items_L2_coef,Items_L2_winrate,Items_gold_adjusted_L2,Items_gold_adjusted_L2_coef,Items_gold_adjusted_L2_winrate
Warrior Tabi,10.440424098015663,0.5769561478933792,Transcendence,21.36508459128778,0.5976253298153035,Titan's Bane,0.8902504954703334,3.205574912891986
Transcendence,21.36508459128778,0.5976253298153035,Titan's Bane,18.250135157141838,0.6571428571428571,Transcendence,0.8217340227418378,2.2985589608280903
Qin's Sais,11.157223674849009,0.6075778078484438,Soul Eater,13.994341874106569,0.6491228070175439,Soul Eater,0.6997170937053284,3.245614035087719
Asi,9.384983989407928,0.6043771043771043,Wind Demon,13.609552416364684,0.6335877862595419,Warrior Tabi,0.673575748259075,3.722297728344382
Ichaival,-4.1171120093259574,0.5523465703971119,Qin's Sais,11.157223674849009,0.6075778078484438,Asi,0.5272462915397713,3.395376990882609
The Executioner,5.061072091629101,0.5906040268456376,Warrior Tabi,10.440424098015663,0.5769561478933792,Wind Demon,0.523444323706334,2.4368761009982385
