Relics_most_pop,Relics_most_pop_L2,Relics_most_pop_winrate,Relics_most_pop_wr_paired,Relics_L2,Relics_L2_coef,Relics_L2_winrate,Relics_L2_wr_paired
Purification,3.8599159104220204,0.5369369369369369,0.558752997602,Purification,3.8599159104220204,0.5369369369369369,0.558752997602
Sanctuary,3.2593463602981467,0.5416666666666666,,Sanctuary,3.2593463602981467,0.5416666666666666,
