Items_most_pop,Items_most_pop_L2,Items_most_pop_winrate,Items_L2,Items_L2_coef,Items_L2_winrate,Items_gold_adjusted_L2,Items_gold_adjusted_L2_coef,Items_gold_adjusted_L2_winrate
Warrior Tabi,-0.9681575042388204,0.5041322314049587,Qin's Sais,6.627886590887265,0.5990783410138248,Qin's Sais,0.24547728114397277,2.2188086704215735
Transcendence,0.7201534907976046,0.5166666666666667,The Executioner,2.729421939368488,0.5612903225806452,Titan's Bane,0.13256353124240108,2.907119980290712
Qin's Sais,6.627886590887265,0.5990783410138248,Titan's Bane,2.7175523904692223,0.5959595959595959,Ninja Tabi,0.13008472311393426,3.9047619047619047
Asi,1.6564153371625523,0.5401069518716578,Ninja Tabi,1.951270846709014,0.5857142857142857,The Executioner,0.12130764174971058,2.4946236559139785
Ichaival,-0.7661075283269343,0.5,Asi,1.6564153371625523,0.5401069518716578,Asi,0.09305704141362653,3.0343087183800996
The Executioner,2.729421939368488,0.5612903225806452,Deathbringer,1.035252299547605,0.5483870967741935,Devourer's Gauntlet,0.04049881194413093,2.6053215077605323
