Relics_most_pop,Relics_most_pop_L2,Relics_most_pop_winrate,Relics_most_pop_wr_paired,Relics_L2,Relics_L2_coef,Relics_L2_winrate,Relics_L2_wr_paired
Purification,1.5190041941970984,0.5215311004784688,0.666666666667,Sprint,3.497022674330214,0.5882352941176471,0.666666666667
Sanctuary,-5.64242209309457,0.4842105263157895,,Purification,1.5190041941970984,0.5215311004784688,
