Items_most_pop,Items_most_pop_L2,Items_most_pop_winrate,Items_L2,Items_L2_coef,Items_L2_winrate,Items_gold_adjusted_L2,Items_gold_adjusted_L2_coef,Items_gold_adjusted_L2_winrate
Warrior Tabi,1.440195202866517,0.5019973368841545,Qin's Sais,3.5842627798540057,0.5209205020920502,Ichaival,0.20324458158843875,3.0476814681304276
Transcendence,0.7894930992584422,0.5010224948875256,Ichaival,3.4551578870034585,0.5181058495821727,Asi,0.19343324655531383,2.9616511968734733
Qin's Sais,3.5842627798540057,0.5209205020920502,Asi,3.4431117886845866,0.5271739130434783,Qin's Sais,0.1327504733279261,1.9293351929335192
Asi,3.4431117886845866,0.5271739130434783,Deathbringer,2.9061909522893763,0.5396825396825397,Titan's Bane,0.10962077904330067,2.6000920386562356
Ichaival,3.4551578870034585,0.5181058495821727,Bloodforge,2.7950815681375416,0.5932203389830508,Hastened Fatalis,0.10035590860808644,2.602626286525494
The Executioner,-1.284397074791104,0.4873417721518987,Titan's Bane,2.2472259703876634,0.5330188679245284,Bloodforge,0.09807303747851023,2.0814748736247397
