Items_most_pop,Items_most_pop_L2,Items_most_pop_winrate,Items_L2,Items_L2_coef,Items_L2_winrate,Items_gold_adjusted_L2,Items_gold_adjusted_L2_coef,Items_gold_adjusted_L2_winrate
Warrior Tabi,-0.02035744023673655,0.49489795918367346,Transcendence,0.14396178654510747,0.555984555984556,Transcendence,0.005536991790196441,2.1384021384021383
Transcendence,0.14396178654510747,0.555984555984556,Deathbringer,0.13932582020436596,0.6320754716981132,Deathbringer,0.004353931881386436,1.9752358490566038
Qin's Sais,0.05422257153542983,0.5234042553191489,Wind Demon,0.08958905828138693,0.6022727272727273,Asi,0.004167427335771402,3.0295899758809344
Asi,0.07418020657673095,0.5392670157068062,Asi,0.07418020657673095,0.5392670157068062,Wind Demon,0.0034457330108225745,2.3164335664335662
Ichaival,-0.004958946307070501,0.4971751412429379,Soul Eater,0.054783419493582744,0.6341463414634146,Soul Eater,0.002739170974679137,3.1707317073170733
The Executioner,-0.000354776067066402,0.5,Qin's Sais,0.05422257153542983,0.5234042553191489,Ninja Tabi,0.002653273476780723,3.7142857142857144
