Relics_most_pop,Relics_most_pop_L2,Relics_most_pop_winrate,Relics_most_pop_wr_paired,Relics_L2,Relics_L2_coef,Relics_L2_winrate,Relics_L2_wr_paired
Purification,0.08922307188433524,0.5056179775280899,0.513904338154,Purification,0.08922307188433524,0.5056179775280899,0.513904338154
Sanctuary,0.07999407070433714,0.5058027079303675,,Sanctuary,0.07999407070433714,0.5058027079303675,
