,recommendations,win_rate,win_rate_per_cost
Starter Item,Death's Toll,,
Boots,Warrior Tabi,0.536964980545,3.21818043163
Item2,Transcendence,0.5182481751824818,1.93502150024
Item3,Qin's Sais,0.5369649805447471,1.86335403727
Item4,Asi,0.5126903553299492,2.82643589923
Item5,Titan's Bane,0.62962962963,2.87212217917
Item6,Wind Demon,0.588785046729,2.42165242165
Relic1,Purification,0.51179245283,
Relic2,Relic,0.46511627907,
