,recommendations,win_rate,win_rate_per_cost
Starter Item,Death's Toll,,
Boots,Warrior Tabi,0.48409090909090907,3.14807617567
Item2,Transcendence,0.5318471337579618,1.87673772011
Item3,Qin's Sais,0.5404411764705882,1.80722891566
Item4,Ichaival,0.5096153846153846,2.87030474841
Item5,Rage,0.6,2.5
Item6,Devourer's Gauntlet,0.532258064516,2.32815964523
Relic1,Purification,0.48643006263,
Relic2,Sanctuary,0.492957746479,
