Relics_most_pop,Relics_most_pop_L2,Relics_most_pop_winrate,Relics_most_pop_wr_paired,Relics_L2,Relics_L2_coef,Relics_L2_winrate,Relics_L2_wr_paired
Purification,0.7790635040210175,0.5581395348837209,1.0,Sprint,10.884564448606104,0.6949152542372882,1.0
Sanctuary,1.0569741409424673,0.5598290598290598,,Relic,2.3985682120657934,0.5625,
