,recommendations,win_rate,win_rate_per_cost
Starter Item,Death's Toll,,
Boots,Warrior Tabi,0.61328125,3.64358605575
Item2,Qin's Sais,0.6013628620102215,2.17816935879
Item3,Ichaival,0.5894039735099338,3.45944545219
Item4,Asi,0.5881057268722467,3.30396475771
Item5,Wind Demon,0.60136286201,2.52403846154
Item6,Bloodforge,0.564755838641,2.28070175439
Relic1,Purification,0.564307078764,
Relic2,Sanctuary,0.568493150685,
