Relics_most_pop,Relics_most_pop_L2,Relics_most_pop_winrate,Relics_most_pop_wr_paired,Relics_L2,Relics_L2_coef,Relics_L2_winrate,Relics_L2_wr_paired
Purification,-1.0595384540156108,0.4721669980119284,1.0,Teleport,5.647781989506586,0.5714285714285714,1.0
Sanctuary,-9.502694921693587,0.42244897959183675,,Sprint,4.34862650333531,0.6081081081081081,
