Relics_most_pop,Relics_most_pop_L2,Relics_most_pop_winrate,Relics_most_pop_wr_paired,Relics_L2,Relics_L2_coef,Relics_L2_winrate,Relics_L2_wr_paired
Purification,8.04712745520038,0.5365296803652968,0.635658914729,Teleport,12.879632714844208,0.6351351351351351,0.635658914729
Sanctuary,-17.293661403176433,0.4908722109533469,,Purification,8.04712745520038,0.5365296803652968,
