,recommendations,win_rate,win_rate_per_cost
Starter Item,Bumba's Mask,,
Boots,Warrior Tabi,0.4961858529819695,4.00196495824
Item2,Titan's Bane,0.5849731663685152,3.02587594404
Item3,Brawler's Beat Stick,0.6203045685279188,2.58460236887
Item4,Hydra's Lament,0.5551401869158878,2.88513752804
Item5,Mantle of Discord,0.555140186916,2.06904776102
Item6,Jotunn's Wrath,0.517453798768,2.12071229003
Relic1,Purification,0.518796992481,
Relic2,Teleport,0.598314606742,
