Relics_most_pop,Relics_most_pop_L2,Relics_most_pop_winrate,Relics_most_pop_wr_paired,Relics_L2,Relics_L2_coef,Relics_L2_winrate,Relics_L2_wr_paired
Purification,-1.248260291716554,0.4848121502797762,0.0,Teleport,7.601894099236213,0.5609137055837563,0.0
Sanctuary,-7.292966783150892,0.4702823179791976,,Sprint,2.817862544572142,0.5310734463276836,
