,recommendations,win_rate,win_rate_per_cost
Starter Item,Bumba's Mask,,
Boots,Warrior Tabi,0.44005102040816324,3.4134237124
Item2,Titan's Bane,0.5132837407013815,2.58088134352
Item3,Brawler's Beat Stick,0.5290806754221389,2.20450281426
Item4,Hydra's Lament,0.4623115577889447,2.4608403508
Item5,Hide of the Urchin,0.568181818182,2.31481481481
Item6,Transcendence,0.555555555556,2.18531468531
Relic1,Purification,0.454771784232,
Relic2,Teleport,0.5,
