,recommendations,win_rate,win_rate_per_cost
Starter Item,Bumba's Mask,,
Boots,Warrior Tabi,0.590415019763,3.52804061395
Item2,Brawler's Beat Stick,0.6373355263157895,2.65556469298
Item3,Jotunn's Wrath,0.5670470756062768,2.61203084556
Item4,Hydra's Lament,0.5664439495174461,2.96435128519
Item5,Void Shield,0.566443949517,2.20596772321
Item6,Titan's Bane,0.619909502262,2.88007326714
Relic1,Teleport,0.644628099174,
Relic2,Sprint,0.622549019608,
