Relics_most_pop,Relics_most_pop_L2,Relics_most_pop_winrate,Relics_most_pop_wr_paired,Relics_L2,Relics_L2_coef,Relics_L2_winrate,Relics_L2_wr_paired
Purification,-14.600869914061706,0.46505190311418687,0.615384615385,Teleport,20.8822291810841,0.5495867768595041,0.615384615385
Wrath,-7.180863644481173,0.4438573315719947,,Sanctuary,-4.0935774976122,0.4738955823293173,
