,recommendations,win_rate,win_rate_per_cost
Starter Item,Bumba's Mask,,
Boots,Warrior Tabi,0.47833935018050544,3.85793418051
Item2,Brawler's Beat Stick,0.597979797979798,2.49158249158
Item3,Titan's Bane,0.5640243902439024,2.91697462429
Item4,Jotunn's Wrath,0.4985061886470337,2.45073687697
Item5,Hydra's Lament,0.611218568665,2.41587575496
Item6,Mantle of Discord,0.519413287317,1.97167280215
Relic1,Teleport,0.595628415301,
Relic2,Sprint,0.484126984127,
