,recommendations,win_rate,win_rate_per_cost
Starter Item,Bumba's Mask,,
Boots,Warrior Tabi,0.45417515274949083,3.12922542013
Item2,Titan's Bane,0.5629370629370629,2.3659997079
Item3,Hydra's Lament,0.4930875576036866,2.25595320986
Item4,Jotunn's Wrath,0.4665071770334928,1.98782762344
Item5,Bulwark of Hope,0.660714285714,2.61669024045
Item6,Shifter's Shield,0.581818181818,2.42424242424
Relic1,Teleport,0.55,
Relic2,Sprint,0.6,
