,recommendations,win_rate,win_rate_per_cost
Starter Item,Bumba's Mask,,
Boots,Warrior Tabi,0.41442542787286063,3.28207051763
Item2,Titan's Bane,0.5203836930455635,2.48156551333
Item3,Brawler's Beat Stick,0.5087209302325582,2.11967054264
Item4,Hydra's Lament,0.45664739884393063,2.36614386155
Item5,Mantle of Discord,0.580152671756,1.87146023147
Item6,Jotunn's Wrath,0.432835820896,1.77391729875
Relic1,Sprint,0.5625,
Relic2,Curse,0.5,
