,recommendations,win_rate,win_rate_per_cost
Starter Item,Bumba's Mask,,
Boots,Warrior Tabi,0.4731113956466069,3.76014248961
Item2,Titan's Bane,0.5544181034482759,2.84303456531
Item3,Brawler's Beat Stick,0.5828220858895705,2.42842535787
Item4,Hydra's Lament,0.5018867924528302,2.71080039949
Item5,Mantle of Discord,0.501886792453,1.85875614632
Item6,Jotunn's Wrath,0.49224952741,2.01741609594
Relic1,Teleport,0.560913705584,
Relic2,Sprint,0.531073446328,
