Items_most_pop,Items_most_pop_L2,Items_most_pop_winrate,Items_L2,Items_L2_coef,Items_L2_winrate,Items_gold_adjusted_L2,Items_gold_adjusted_L2_coef,Items_gold_adjusted_L2_winrate
Warrior Tabi,-0.19874405666597053,0.489501312335958,Titan's Bane,1.0110667755022078,0.5785398230088495,Titan's Bane,0.04932033051230282,2.822145478091949
Jotunn's Wrath,0.06229390288575216,0.5023041474654378,Brawler's Beat Stick,0.78780630100424,0.5989304812834224,Brawler's Beat Stick,0.032825262541843335,2.4955436720142603
Titan's Bane,1.0110667755022078,0.5785398230088495,Void Shield,0.3687142910506403,0.5557986870897156,Void Shield,0.01365608485372742,2.058513655887835
Bumba's Mask,-1.139185047208638,0.3751891074130106,Mantle of Discord,0.34649705101645123,0.5931558935361216,Mantle of Discord,0.011177324226337137,1.9134061081810376
Hydra's Lament,0.11487993043223534,0.5129087779690189,Shifter's Shield,0.17221254533585909,0.575,Shifter's Shield,0.007175522722327463,2.3958333333333335
Brawler's Beat Stick,0.78780630100424,0.5989304812834224,Hide of the Urchin,0.13059082285803902,0.5978260869565217,Hide of the Urchin,0.005441284285751626,2.4909420289855073
