,recommendations,win_rate,win_rate_per_cost
Starter Item,Bumba's Mask,,
Boots,Warrior Tabi,0.4416120417577082,3.62877656637
Item2,Brawler's Beat Stick,0.5624603677869372,2.34358486578
Item3,Titan's Bane,0.521828665568369,2.74370911116
Item4,Jotunn's Wrath,0.4602945423043604,2.30516544175
Item5,Mantle of Discord,0.521828665568,1.8779764579
Item6,Void Shield,0.487091222031,1.80404156308
Relic1,Purification,0.460484106153,
Relic2,Sprint,0.486910994764,
