Relics_most_pop,Relics_most_pop_L2,Relics_most_pop_winrate,Relics_most_pop_wr_paired,Relics_L2,Relics_L2_coef,Relics_L2_winrate,Relics_L2_wr_paired
Purification,1.655258780547221,0.4822202948829141,0.554285714286,Teleport,7.134687097091365,0.5411764705882353,0.554285714286
Sanctuary,-14.4316754885063,0.4581005586592179,,Purification,1.655258780547221,0.4822202948829141,
