Relics_most_pop,Relics_most_pop_L2,Relics_most_pop_winrate,Relics_most_pop_wr_paired,Relics_L2,Relics_L2_coef,Relics_L2_winrate,Relics_L2_wr_paired
Purification,5.499469474094287,0.49479528105482307,0.561643835616,Teleport,10.27898628457413,0.562,0.561643835616
Sanctuary,-17.966524687734882,0.4684931506849315,,Purification,5.499469474094287,0.49479528105482307,
