Relics_most_pop,Relics_most_pop_L2,Relics_most_pop_winrate,Relics_most_pop_wr_paired,Relics_L2,Relics_L2_coef,Relics_L2_winrate,Relics_L2_wr_paired
Purification,-2.2861836665602913,0.4920494699646643,0.466666666667,Teleport,11.756695352433571,0.5737704918032787,0.466666666667
Wrath,1.559295627609136,0.48258706467661694,,Wrath,1.559295627609136,0.48258706467661694,
