Items_most_pop,Items_most_pop_L2,Items_most_pop_winrate,Items_L2,Items_L2_coef,Items_L2_winrate,Items_gold_adjusted_L2,Items_gold_adjusted_L2_coef,Items_gold_adjusted_L2_winrate
Warrior Tabi,0.22359361029215724,0.5135933806146572,Brawler's Beat Stick,25.532491919443185,0.626916524701874,Brawler's Beat Stick,1.0638538299767992,2.612152186257808
Jotunn's Wrath,8.17516234719862,0.5278551532033426,Titan's Bane,21.183896798124135,0.59026369168357,Titan's Bane,1.0333608194206896,2.8793350813832683
Titan's Bane,21.183896798124135,0.59026369168357,Hydra's Lament,17.839267171048792,0.5663716814159292,Hydra's Lament,0.829733356792967,2.6342868903066474
Bumba's Mask,-7.431676143548392,0.4203480589022758,Mantle of Discord,17.11533300628029,0.632258064516129,Mantle of Discord,0.5521075163316223,2.0395421436004164
Hydra's Lament,17.839267171048792,0.5663716814159292,Void Shield,11.457988946341503,0.5647058823529412,Void Shield,0.42436996097561125,2.0915032679738563
Brawler's Beat Stick,25.532491919443185,0.626916524701874,Jotunn's Wrath,8.17516234719862,0.5278551532033426,Jotunn's Wrath,0.3350476371802713,2.163340791816978
