Relics_most_pop,Relics_most_pop_L2,Relics_most_pop_winrate,Relics_most_pop_wr_paired,Relics_L2,Relics_L2_coef,Relics_L2_winrate,Relics_L2_wr_paired
Blink,4.633270515506403,0.45463228271251194,0.505747126437,Sprint,4.730275540900361,0.4794007490636704,0.505747126437
Meditation,-6.7234551825059645,0.4246353322528363,,Blink,4.633270515506403,0.45463228271251194,
