Items_most_pop,Items_most_pop_L2,Items_most_pop_winrate,Items_L2,Items_L2_coef,Items_L2_winrate,Items_gold_adjusted_L2,Items_gold_adjusted_L2_coef,Items_gold_adjusted_L2_winrate
Sovereignty,14.886093031596756,0.5272435897435898,Sovereignty,14.886093031596756,0.5272435897435898,Sovereignty,0.7088615729331789,2.5106837606837606
Heartward Amulet,4.557462513654623,0.5148514851485149,Void Stone,13.698126535771419,0.6036866359447005,Void Stone,0.6226421152623373,2.744030163385002
Watcher's Gift,-11.589602786516277,0.3951612903225806,Mantle of Discord,8.45158374824921,0.6086956521739131,Travelers Shoes,0.39424764554014524,3.816046966731898
Shoes of Focus,-4.202275756707869,0.45594713656387664,Travelers Shoes,5.519467037562033,0.5342465753424658,Mantle of Discord,0.27263173381449063,1.9635343618513323
Breastplate of Valor,-3.045065881676984,0.4602272727272727,Mystical Mail,4.7413292776672105,0.5279187817258884,Heartward Amulet,0.21702202445974395,2.4516737388024517
Shoes of the Magi,1.641730484917931,0.47634069400630913,Heartward Amulet,4.557462513654623,0.5148514851485149,Pestilence,0.2113041204800267,2.478763403425707
