,recommendations,win_rate,win_rate_per_cost
Starter Item,Watcher's Gift,,
Boots,Shoes of the Magi,0.557142857143,3.48214285714
Item2,Sovereignty,0.5601851851851852,2.27434257285
Item3,Heartward Amulet,0.565597667638484,2.27434257285
Item4,Breastplate of Valor,0.5097276264591439,2.07657365347
Item5,Bulwark of Hope,0.611111111111,2.4202420242
Item6,Mystical Mail,0.551948051948,2.04425204425
Relic1,Blink,0.523020257827,
Relic2,Meditation,0.522666666667,
