Items_most_pop,Items_most_pop_L2,Items_most_pop_winrate,Items_L2,Items_L2_coef,Items_L2_winrate,Items_gold_adjusted_L2,Items_gold_adjusted_L2_coef,Items_gold_adjusted_L2_winrate
Sovereignty,2.9954445874537496,0.47549019607843135,Mystical Mail,14.555394460302672,0.5882352941176471,Shoes of Focus,0.7274902945542261,3.35195530726257
Heartward Amulet,-8.284190286096885,0.47540983606557374,Winged Blade,12.367720091654125,0.6041666666666666,Winged Blade,0.6685254103596825,3.265765765765766
Shoes of Focus,10.912354418313392,0.5027932960893855,Void Stone,11.724599745693158,0.5666666666666667,Mystical Mail,0.5390886837149138,2.178649237472767
Watcher's Gift,5.085716498244909,0.44966442953020136,Shoes of Focus,10.912354418313392,0.5027932960893855,Void Stone,0.5329363520769618,2.5757575757575757
Breastplate of Valor,-3.9539285933664776,0.46846846846846846,Mantle of Discord,10.036377133537728,0.6333333333333333,Travelers Shoes,0.4945768197489046,3.832752613240418
Shoes of the Magi,-3.7101045547570917,0.4444444444444444,Travelers Shoes,6.924075476484664,0.5365853658536586,Mantle of Discord,0.3237541010818622,2.043010752688172
