,recommendations,win_rate,win_rate_per_cost
Starter Item,Watcher's Gift,,
Boots,Shoes of the Magi,0.613636363636,3.40568862275
Item2,Sovereignty,0.5723270440251572,2.04717400979
Item3,Heartward Amulet,0.562753036437247,2.04717400979
Item4,Watcher's Gift,0.49159663865546216,5.3738317757
Item5,Winged Blade,0.589743589744,3.31695331695
Item6,Void Stone,0.666666666667,2.68065268065
Relic1,Shell,0.638095238095,
Relic2,Curse,0.585106382979,
