,recommendations,win_rate,win_rate_per_cost
Starter Item,Watcher's Gift,,
Boots,Shoes of the Magi,0.557823129252,3.14002403846
Item2,Sovereignty,0.4859335038363171,2.24173627472
Item3,Heartward Amulet,0.4707646176911544,2.24173627472
Item4,Breastplate of Valor,0.43326039387308535,2.04680268561
Item5,Void Stone,0.542307692308,2.53555967842
Item6,Mystical Mail,0.502403846154,2.00854700855
Relic1,Sprint,0.479400749064,
Relic2,Blink,0.454632282713,
