Items_most_pop,Items_most_pop_L2,Items_most_pop_winrate,Items_L2,Items_L2_coef,Items_L2_winrate,Items_gold_adjusted_L2,Items_gold_adjusted_L2_coef,Items_gold_adjusted_L2_winrate
Sovereignty,7.060196244400202,0.5408163265306123,Mystical Mail,7.194514008240727,0.6,Winged Blade,0.3796337164710804,3.4807534807534806
Heartward Amulet,3.9693648304193334,0.5369261477045908,Sovereignty,7.060196244400202,0.5408163265306123,Sovereignty,0.3361998211619144,2.575315840621963
Watcher's Gift,-7.179373228920485,0.43817787418655096,Winged Blade,7.023223754714987,0.6439393939393939,Void Stone,0.283179199819032,2.697536108751062
Shoes of Focus,-0.28800425073721286,0.49327354260089684,Void Stone,6.229942396018704,0.5934579439252337,Mystical Mail,0.26646348178669355,2.2222222222222223
Breastplate of Valor,0.4513101990137192,0.5095367847411444,Mantle of Discord,4.5836374406135025,0.6173913043478261,Heartward Amulet,0.18901737287711112,2.5567911795456704
Shoes of the Magi,-1.0279485380183602,0.4882943143812709,Heartward Amulet,3.9693648304193334,0.5369261477045908,Travelers Shoes,0.17024107588358867,3.9408866995073892
