Items_most_pop,Items_most_pop_L2,Items_most_pop_winrate,Items_L2,Items_L2_coef,Items_L2_winrate,Items_gold_adjusted_L2,Items_gold_adjusted_L2_coef,Items_gold_adjusted_L2_winrate
Sovereignty,16.754140025269393,0.5225464190981433,Shoes of the Magi,20.642484366967942,0.5555555555555556,Shoes of the Magi,1.2901552729354964,3.4722222222222223
Heartward Amulet,-11.28204616765426,0.5048543689320388,Mystical Mail,20.128204963187592,0.6213592233009708,Winged Blade,0.9852377359992469,3.196239717978848
Shoes of Focus,-2.477703114812914,0.476027397260274,Mantle of Discord,20.049865041213,0.639344262295082,Sovereignty,0.7978161916794949,2.4883162814197295
Watcher's Gift,-21.04439701171725,0.4,Winged Blade,18.226898115986067,0.591304347826087,Mystical Mail,0.7454890727106515,2.3013304566702626
Breastplate of Valor,-4.125794988445954,0.5096153846153846,Sovereignty,16.754140025269393,0.5225464190981433,Pestilence,0.7205867205520052,2.858527131782946
Shoes of the Magi,20.642484366967942,0.5555555555555556,Void Stone,15.582564596718147,0.5945945945945946,Void Stone,0.7082983907599157,2.7027027027027026
