Relics_most_pop,Relics_most_pop_L2,Relics_most_pop_winrate,Relics_most_pop_wr_paired,Relics_L2,Relics_L2_coef,Relics_L2_winrate,Relics_L2_wr_paired
Blink,4.132976974831672,0.4940079893475366,0.554347826087,Shell,6.585812298465149,0.5563380281690141,0.554347826087
Meditation,2.5081083384801617,0.48031496062992124,,Blink,4.132976974831672,0.4940079893475366,
