Relics_most_pop,Relics_most_pop_L2,Relics_most_pop_winrate,Relics_most_pop_wr_paired,Relics_L2,Relics_L2_coef,Relics_L2_winrate,Relics_L2_wr_paired
Blink,1.5496435248111395,0.5059288537549407,0.6,Meditation,6.27281007589965,0.5298804780876494,0.6
Meditation,6.27281007589965,0.5298804780876494,,Shell,6.269986934694792,0.5904255319148937,
