Items_most_pop,Items_most_pop_L2,Items_most_pop_winrate,Items_L2,Items_L2_coef,Items_L2_winrate,Items_gold_adjusted_L2,Items_gold_adjusted_L2_coef,Items_gold_adjusted_L2_winrate
Sovereignty,23.708004877586475,0.524822695035461,Sovereignty,23.708004877586475,0.524822695035461,Sovereignty,1.1289526132184036,2.4991556906450523
Heartward Amulet,9.984652240551599,0.5153846153846153,Witchblade,14.644997493604809,0.6551724137931034,Shoes of the Magi,0.7616959391672299,3.270348837209302
Watcher's Gift,-20.802788306809756,0.3431372549019608,Pestilence,14.25744276728551,0.6046511627906976,Witchblade,0.714390121639259,3.1959629941127
Shoes of Focus,-5.8616540922957405,0.4329896907216495,Mystical Mail,13.720197995039321,0.5686274509803921,Pestilence,0.6631368728970005,2.8123309897241753
Shoes of the Magi,12.187135026675676,0.5232558139534884,Shoes of the Magi,12.187135026675676,0.5232558139534884,Mystical Mail,0.5081554812977526,2.1060275962236745
Breastplate of Valor,6.803103050764739,0.5131578947368421,Bulwark of Hope,10.70749247167573,0.5833333333333334,Heartward Amulet,0.4754596305024571,2.4542124542124544
