Items_most_pop,Items_most_pop_L2,Items_most_pop_winrate,Items_L2,Items_L2_coef,Items_L2_winrate,Items_gold_adjusted_L2,Items_gold_adjusted_L2_coef,Items_gold_adjusted_L2_winrate
Sovereignty,27.642025961016092,0.6512261580381471,Sovereignty,27.642025961016092,0.6512261580381471,Sovereignty,1.3162869505245758,3.101076943038796
Heartward Amulet,12.471406304098354,0.6482084690553745,Mystical Mail,24.4691477346273,0.7021276595744681,Travelers Shoes,1.2584810892077294,4.892367906066537
Shoes of Focus,9.694747874853807,0.6091954022988506,Mantle of Discord,20.061507839272032,0.7272727272727273,Mystical Mail,0.9062647309121222,2.600472813238771
Watcher's Gift,-5.415069167139157,0.541501976284585,Pestilence,17.6656226718444,0.6907216494845361,Pestilence,0.8216568684578791,3.212658834811796
Breastplate of Valor,5.553775897251207,0.5948275862068966,Travelers Shoes,17.61873524890821,0.684931506849315,Mantle of Discord,0.6471454141700655,2.346041055718475
Shoes of the Magi,6.364129849030046,0.61,Heartward Amulet,12.471406304098354,0.6482084690553745,Shoes of Focus,0.6463165249902538,4.061302681992337
