,recommendations,win_rate,win_rate_per_cost
Starter Item,Watcher's Gift,,
Boots,Shoes of the Magi,0.598360655738,3.73975409836
Item2,Heartward Amulet,0.6030150753768844,2.87150035894
Item3,Sovereignty,0.5774058577405857,2.87150035894
Item4,Breastplate of Valor,0.5725190839694656,2.62180467555
Item5,Bulwark of Hope,0.602150537634,2.53871541
Item6,Mystical Mail,0.572519083969,2.23018717642
Relic1,Meditation,0.575916230366,
Relic2,Shell,0.5625,
