,recommendations,win_rate,win_rate_per_cost
Starter Item,Watcher's Gift,,
Boots,Travelers Shoes,0.703703703704,4.36507936508
Item2,Sovereignty,0.583916083916084,2.26025894229
Item3,Heartward Amulet,0.593607305936073,2.26025894229
Item4,Breastplate of Valor,0.46496815286624205,2.06371468644
Item5,Void Stone,0.580952380952,2.68432355047
Item6,Mantle of Discord,0.56338028169,2.27001194743
Relic1,Meditation,0.550218340611,
Relic2,Blink,0.532212885154,
