,recommendations,win_rate,win_rate_per_cost
Starter Item,Watcher's Gift,,
Boots,Shoes of the Magi,0.628205128205,3.92628205128
Item2,Heartward Amulet,0.5833333333333334,2.51623376623
Item3,Breastplate of Valor,0.573170731707317,2.29743083004
Item4,Sovereignty,0.5284090909090909,2.51623376623
Item5,Mantle of Discord,0.678571428571,2.18894009217
Item6,Void Stone,0.550724637681,2.50329380764
Relic1,Shell,0.644444444444,
Relic2,Curse,0.6,
