,recommendations,win_rate,win_rate_per_cost
Starter Item,Watcher's Gift,,
Boots,Shoes of Focus,0.5607476635514018,3.76811594203
Item2,Heartward Amulet,0.6557377049180327,2.69151138716
Item3,Sovereignty,0.5928571428571429,2.69151138716
Item4,Breastplate of Valor,0.6071428571428571,2.45746691871
Item5,Mystical Mail,0.745454545455,2.76094276094
Item6,Pestilence,0.650793650794,3.48837209302
Relic1,Blink,0.582417582418,
Relic2,Meditation,0.569105691057,
