,recommendations,win_rate,win_rate_per_cost
Starter Item,Watcher's Gift,,
Boots,Travelers Shoes,0.608695652174,3.81604696673
Item2,Sovereignty,0.5272435897435898,1.88172043011
Item3,Heartward Amulet,0.5148514851485149,1.88172043011
Item4,Breastplate of Valor,0.4602272727272727,1.71809256662
Item5,Void Stone,0.603686635945,2.74403016339
Item6,Mantle of Discord,0.534246575342,1.96353436185
Relic1,Blink,0.493606138107,
Relic2,Shell,0.502512562814,
