Relics_most_pop,Relics_most_pop_L2,Relics_most_pop_winrate,Relics_most_pop_wr_paired,Relics_L2,Relics_L2_coef,Relics_L2_winrate,Relics_L2_wr_paired
Blink,13.364076786735746,0.6142857142857143,0.646464646465,Blink,13.364076786735746,0.6142857142857143,0.646464646465
Meditation,5.085139882777204,0.59375,,Meditation,5.085139882777204,0.59375,
