Relics_most_pop,Relics_most_pop_L2,Relics_most_pop_winrate,Relics_most_pop_wr_paired,Relics_L2,Relics_L2_coef,Relics_L2_winrate,Relics_L2_wr_paired
Blink,0.488604886790069,0.5230202578268877,0.561085972851,Blink,0.488604886790069,0.5230202578268877,0.561085972851
Meditation,0.33509832724247085,0.5226666666666666,,Meditation,0.33509832724247085,0.5226666666666666,
