Items_most_pop,Items_most_pop_L2,Items_most_pop_winrate,Items_L2,Items_L2_coef,Items_L2_winrate,Items_gold_adjusted_L2,Items_gold_adjusted_L2_coef,Items_gold_adjusted_L2_winrate
Hastened Fatalis,23.52233028020837,0.5639810426540285,Rod of Tahuti,31.00926983099067,0.6582278481012658,Demonic Grip,1.2062197092853761,2.6554481441699487
Shoes of the Magi,4.899706955109638,0.5558375634517766,Demonic Grip,27.501809371706575,0.6054421768707483,Spear of the Magus,1.163519212208208,3.2484311554078995
Demonic Grip,27.501809371706575,0.6054421768707483,Spear of the Magus,25.015663062476474,0.6984126984126984,Hastened Fatalis,1.0991743121592694,2.63542543296275
Rod of Tahuti,31.00926983099067,0.6582278481012658,Pythagorem's Piece,23.835729212776123,0.6346153846153846,Pythagorem's Piece,0.9931553838656718,2.644230769230769
Obsidian Shard,2.4498110374730393,0.6074074074074074,Hastened Fatalis,23.52233028020837,0.5639810426540285,Rod of Tahuti,0.9340141515358635,1.9826140003050174
Telkhines Ring,-4.869196215191791,0.5045045045045045,Bancroft's Talon,16.924399948884908,0.6363636363636364,Bancroft's Talon,0.7051833312035378,2.6515151515151514
