Relics_most_pop,Relics_most_pop_L2,Relics_most_pop_winrate,Relics_most_pop_wr_paired,Relics_L2,Relics_L2_coef,Relics_L2_winrate,Relics_L2_wr_paired
Purification,-0.03448437944390745,0.4995715509854327,0.25,Sprint,0.011841867068955013,0.5038461538461538,0.25
Sanctuary,-0.02666217495144688,0.5,,Teleport,0.006792019076037449,0.5037037037037037,
