Relics_most_pop,Relics_most_pop_L2,Relics_most_pop_winrate,Relics_most_pop_wr_paired,Relics_L2,Relics_L2_coef,Relics_L2_winrate,Relics_L2_wr_paired
Purification,21.767602415826566,0.524547803617571,0.444444444444,Purification,21.767602415826566,0.524547803617571,0.444444444444
Sanctuary,-27.34168048795861,0.5123456790123457,,Relic,3.2210981753707006,0.4375,
