Items_most_pop,Items_most_pop_L2,Items_most_pop_winrate,Items_L2,Items_L2_coef,Items_L2_winrate,Items_gold_adjusted_L2,Items_gold_adjusted_L2_coef,Items_gold_adjusted_L2_winrate
Hastened Fatalis,0.06367359241673633,0.5024174053182917,Rod of Tahuti,1.2517895694288048,0.5963791267305645,Rod of Tahuti,0.037704505103277254,1.796322670875194
Shoes of the Magi,-0.1537417915051348,0.49587136027813994,Demonic Grip,0.713600371534903,0.5288937809576224,Demonic Grip,0.03129826190942557,2.319709565603607
Demonic Grip,0.713600371534903,0.5288937809576224,Pythagorem's Piece,0.6256077395946645,0.5663716814159292,Pythagorem's Piece,0.02606698914977769,2.359882005899705
Rod of Tahuti,1.2517895694288048,0.5963791267305645,Spear of the Magus,0.3287932182573183,0.5524017467248908,Spear of the Magus,0.015292707825921781,2.569310449883213
Obsidian Shard,0.2818103693703043,0.5268414481897628,Obsidian Shard,0.2818103693703043,0.5268414481897628,Obsidian Shard,0.013746847286356308,2.5699582838525012
Pythagorem's Piece,0.6256077395946645,0.5663716814159292,Telkhines Ring,0.12916543859856147,0.5142857142857142,Telkhines Ring,0.0060783735811087754,2.4201680672268906
