Relics_most_pop,Relics_most_pop_L2,Relics_most_pop_winrate,Relics_most_pop_wr_paired,Relics_L2,Relics_L2_coef,Relics_L2_winrate,Relics_L2_wr_paired
Purification,6.907307175522,0.5907335907335908,0.722222222222,Purification,6.907307175522,0.5907335907335908,0.722222222222
Sanctuary,-0.9425990044852096,0.5937984496124031,,Teleport,6.041986190291529,0.6307692307692307,
