Relics_most_pop,Relics_most_pop_L2,Relics_most_pop_winrate,Relics_most_pop_wr_paired,Relics_L2,Relics_L2_coef,Relics_L2_winrate,Relics_L2_wr_paired
Purification,4.9597332692283755,0.6199021207177814,0.632653061224,Sprint,6.3742150972503895,0.6385542168674698,0.632653061224
Sanctuary,-1.5626645809651267,0.6155234657039711,,Purification,4.9597332692283755,0.6199021207177814,
