Relics_most_pop,Relics_most_pop_L2,Relics_most_pop_winrate,Relics_most_pop_wr_paired,Relics_L2,Relics_L2_coef,Relics_L2_winrate,Relics_L2_wr_paired
Purification,2.640670558218398,0.5314995563442768,0.677777777778,Sprint,24.85743462583188,0.6419753086419753,0.677777777778
Sanctuary,-7.644645287570384,0.5320641282565131,,Purification,2.640670558218398,0.5314995563442768,
