Items_most_pop,Items_most_pop_L2,Items_most_pop_winrate,Items_L2,Items_L2_coef,Items_L2_winrate,Items_gold_adjusted_L2,Items_gold_adjusted_L2_coef,Items_gold_adjusted_L2_winrate
Hastened Fatalis,9.410283269930726,0.5664488017429193,Rod of Tahuti,19.196439150314127,0.6382978723404256,Pythagorem's Piece,0.6207459239389909,2.6268115942028984
Shoes of the Magi,8.850210213023253,0.5677570093457944,Pythagorem's Piece,14.89790217453578,0.6304347826086957,Rod of Tahuti,0.5782059985034376,1.922583952832607
Demonic Grip,-0.06537665642187608,0.5678233438485805,Hastened Fatalis,9.410283269930726,0.5664488017429193,Shoes of the Magi,0.5531381383139533,3.548481308411215
Rod of Tahuti,19.196439150314127,0.6382978723404256,Shoes of the Magi,8.850210213023253,0.5677570093457944,Hastened Fatalis,0.43973286308087506,2.6469570174902777
Obsidian Shard,-3.411692554005092,0.5657894736842105,Telkhines Ring,6.84319904527797,0.5864661654135338,Telkhines Ring,0.32203289624837506,2.75984077841663
Pythagorem's Piece,14.89790217453578,0.6304347826086957,Witchblade,5.127563314969935,0.6333333333333333,Witchblade,0.250125039754631,3.089430894308943
