,recommendations,win_rate,win_rate_per_cost
Starter Item,Soul Stone,,
Boots,Shoes of the Magi,0.630630630631,3.36538461538
Item2,Rod of Tahuti,0.6306306306306306,1.56411998141
Item3,Obsidian Shard,0.5945945945945946,2.53311138453
Item4,Telkhines Ring,0.574468085106383,2.44370745331
Item5,Spear of the Magus,0.585365853659,2.837997635
Item6,Pythagorem's Piece,0.574468085106,2.43902439024
Relic1,Purification,0.523489932886,
Relic2,Sprint,0.545454545455,
