,recommendations,win_rate,win_rate_per_cost
Starter Item,Soul Stone,,
Boots,Shoes of the Magi,0.5052005943536404,3.50188442211
Item2,Rod of Tahuti,0.6299810246679317,1.68765514319
Item3,Telkhines Ring,0.5603015075376885,2.63671297665
Item4,Demonic Grip,0.5330143540669856,2.45746275236
Item5,Pythagorem's Piece,0.581333333333,2.42222222222
Item6,Bancroft's Talon,0.58358662614,2.43161094225
Relic1,Purification,0.512304250559,
Relic2,Sprint,0.505952380952,
