,recommendations,win_rate,win_rate_per_cost
Starter Item,Soul Stone,,
Boots,Shoes of the Magi,0.548387096774,3.42741935484
Item2,Soul Stone,0.64,6.73076923077
Item3,Telkhines Ring,0.5769230769230769,2.53393665158
Item4,Rod of Tahuti,0.5714285714285714,1.6218721038
Item5,Spear of the Magus,0.666666666667,2.90697674419
Item6,Bancroft's Talon,0.625,2.77777777778
Relic1,Sprint,1.0,
Relic2,Purification,0.539325842697,
