Relics_most_pop,Relics_most_pop_L2,Relics_most_pop_winrate,Relics_most_pop_wr_paired,Relics_L2,Relics_L2_coef,Relics_L2_winrate,Relics_L2_wr_paired
Purification,8.793245030455566,0.5224820143884892,0.351351351351,Purification,8.793245030455566,0.5224820143884892,0.351351351351
Sanctuary,-2.4568975666776383,0.5302564102564102,,Relic,0.02099967882519648,0.3469387755102041,
