Items_most_pop,Items_most_pop_L2,Items_most_pop_winrate,Items_L2,Items_L2_coef,Items_L2_winrate,Items_gold_adjusted_L2,Items_gold_adjusted_L2_coef,Items_gold_adjusted_L2_winrate
Warrior Tabi,-1.5501601940220568,0.5096952908587258,Hydra's Lament,5.987772212222498,0.5614035087719298,Hydra's Lament,0.27850103312662783,2.6111791105671154
Jotunn's Wrath,2.8305581969380356,0.5316455696202531,Deathbringer,3.1191510001453864,0.6785714285714286,Jotunn's Wrath,0.11600648348106704,2.1788752853289064
Transcendence,1.8674635417312422,0.5258064516129032,Jotunn's Wrath,2.8305581969380356,0.5316455696202531,The Crusher,0.11287043369804886,2.4772497472194135
Titan's Bane,-0.11105890176939072,0.5208333333333334,The Crusher,2.5960199750551234,0.5697674418604651,Deathbringer,0.09747346875454331,2.1205357142857144
Hydra's Lament,5.987772212222498,0.5614035087719298,Stone Cutting Sword,2.4262861210026414,0.6538461538461539,Stone Cutting Sword,0.09331869696164005,2.514792899408284
Brawler's Beat Stick,0.39947570426660606,0.5268817204301075,Transcendence,1.8674635417312422,0.5258064516129032,Transcendence,0.071825520835817,2.022332506203474
