Items_most_pop,Items_most_pop_L2,Items_most_pop_winrate,Items_L2,Items_L2_coef,Items_L2_winrate,Items_gold_adjusted_L2,Items_gold_adjusted_L2_coef,Items_gold_adjusted_L2_winrate
Warrior Tabi,-3.3143078342720234,0.49075975359342916,Hydra's Lament,13.34587477728948,0.5344036697247706,Hydra's Lament,0.6207383617343945,2.4855984638361424
Transcendence,12.051343245024148,0.504581901489118,Titan's Bane,12.671785018223458,0.5464396284829721,Titan's Bane,0.6181358545474858,2.6655591633315714
Jotunn's Wrath,1.1568494609736049,0.5080789946140036,The Crusher,12.206530727039883,0.583969465648855,The Crusher,0.5307187272626036,2.538997676734152
Hydra's Lament,13.34587477728948,0.5344036697247706,Transcendence,12.051343245024148,0.504581901489118,Transcendence,0.46351320173169797,1.9406996211119922
Titan's Bane,12.671785018223458,0.5464396284829721,Deathbringer,8.499975762101435,0.624,Deathbringer,0.26562424256566985,1.95
The Crusher,12.206530727039883,0.583969465648855,Brawler's Beat Stick,4.5314237913894475,0.5520833333333334,Brawler's Beat Stick,0.188809324641227,2.3003472222222223
