Items_most_pop,Items_most_pop_L2,Items_most_pop_winrate,Items_L2,Items_L2_coef,Items_L2_winrate,Items_gold_adjusted_L2,Items_gold_adjusted_L2_coef,Items_gold_adjusted_L2_winrate
Warrior Tabi,-0.10278601647314614,0.4981132075471698,Titan's Bane,0.9205517467555163,0.5434173669467787,Titan's Bane,0.04490496325636665,2.650816424130628
Jotunn's Wrath,-0.17471054261102903,0.4956521739130435,Brawler's Beat Stick,0.5458418607748232,0.5661764705882353,Brawler's Beat Stick,0.022743410865617635,2.3590686274509802
Transcendence,0.05587120643458905,0.5033259423503326,Deathbringer,0.5367698846721103,0.6888888888888889,Hydra's Lament,0.019909188501601362,2.420632406057918
Hydra's Lament,0.42804755278442924,0.5204359673024523,Hydra's Lament,0.42804755278442924,0.5204359673024523,The Crusher,0.018174485853524124,2.3944549464398235
Titan's Bane,0.9205517467555163,0.5434173669467787,The Crusher,0.4180131746310548,0.5507246376811594,Deathbringer,0.016774058896003446,2.1527777777777777
The Crusher,0.4180131746310548,0.5507246376811594,Stone Cutting Sword,0.2500187008713666,0.6176470588235294,Stone Cutting Sword,0.009616103879667945,2.3755656108597285
