,recommendations,win_rate,win_rate_per_cost
Starter Item,Bumba's Mask,,
Boots,Warrior Tabi,0.5245231607629428,3.63772535174
Item2,Titan's Bane,0.5750350631136045,2.75047526595
Item3,Transcendence,0.536521282186022,2.16864395969
Item4,Hydra's Lament,0.554734721289456,2.62254618381
Item5,Brawler's Beat Stick,0.600352112676,2.50146713615
Item6,Deathbringer,0.570469798658,1.78271812081
Relic1,Teleport,0.546689303905,
Relic2,Purification,0.548015364917,
