,recommendations,win_rate,win_rate_per_cost
Starter Item,Bumba's Mask,,
Boots,Warrior Tabi,0.5666666666666667,3.84729209825
Item2,Titan's Bane,0.6410256410256411,2.90892817185
Item3,Jotunn's Wrath,0.6024258760107817,2.44397653783
Item4,Transcendence,0.5813060179257362,2.29357798165
Item5,Brawler's Beat Stick,0.684466019417,2.85194174757
Item6,Deathbringer,0.724137931034,2.26293103448
Relic1,Purification,0.604724409449,
Relic2,Sprint,0.632653061224,
