,recommendations,win_rate,win_rate_per_cost
Starter Item,Bumba's Mask,,
Boots,Warrior Tabi,0.5342624854819977,4.10009044317
Item2,Titan's Bane,0.5869947275922671,3.10006838386
Item3,Brawler's Beat Stick,0.6355140186915887,2.64797507788
Item4,Hydra's Lament,0.5652951699463328,2.95587915671
Item5,The Crusher,0.607476635514,2.6412027631
Item6,Stone Cutting Sword,0.66,2.53846153846
Relic1,Sprint,0.553191489362,
Relic2,Teleport,0.536231884058,
