Items_most_pop,Items_most_pop_L2,Items_most_pop_winrate,Items_L2,Items_L2_coef,Items_L2_winrate,Items_gold_adjusted_L2,Items_gold_adjusted_L2_coef,Items_gold_adjusted_L2_winrate
Warrior Tabi,-5.222363039834583,0.5346320346320347,Titan's Bane,22.715335098629144,0.6267605633802817,Titan's Bane,1.1080651267623973,3.057368601855033
Transcendence,-3.3259766467852225,0.5351089588377724,Brawler's Beat Stick,11.072086505433328,0.6448598130841121,Hydra's Lament,0.49724556023231703,2.735014739600393
Jotunn's Wrath,3.4383229617684066,0.5603015075376885,Hydra's Lament,10.690779544994816,0.5880281690140845,Brawler's Beat Stick,0.4613369377263887,2.6869158878504673
Titan's Bane,22.715335098629144,0.6267605633802817,Deathbringer,7.257104244183169,0.7037037037037037,Deathbringer,0.22678450763072402,2.199074074074074
Hydra's Lament,10.690779544994816,0.5880281690140845,The Crusher,4.8434535455616174,0.6018518518518519,The Crusher,0.21058493676354856,2.6167471819645733
The Crusher,4.8434535455616174,0.6018518518518519,Jotunn's Wrath,3.4383229617684066,0.5603015075376885,Jotunn's Wrath,0.14091487548231174,2.2963176538429853
