Items_most_pop,Items_most_pop_L2,Items_most_pop_winrate,Items_L2,Items_L2_coef,Items_L2_winrate,Items_gold_adjusted_L2,Items_gold_adjusted_L2_coef,Items_gold_adjusted_L2_winrate
Warrior Tabi,-0.09841673853015777,0.5249221183800623,Titan's Bane,16.207922447660312,0.5901060070671378,Titan's Bane,0.7906303633005032,2.8785658881323797
Transcendence,2.693182312002159,0.5292035398230088,Brawler's Beat Stick,7.513504357374321,0.6024096385542169,The Crusher,0.31341177528953784,2.5855415487522513
Jotunn's Wrath,6.456191251681506,0.5478105451295799,The Crusher,7.208470831659371,0.5946745562130178,Brawler's Beat Stick,0.3130626815572634,2.5100401606425704
Hydra's Lament,3.0079627519967045,0.5478359908883826,Jotunn's Wrath,6.456191251681506,0.5478105451295799,Jotunn's Wrath,0.26459800211809453,2.245125184957295
Titan's Bane,16.207922447660312,0.5901060070671378,Stone Cutting Sword,5.632724910799301,0.6666666666666666,Stone Cutting Sword,0.21664326579997312,2.5641025641025643
The Crusher,7.208470831659371,0.5946745562130178,Deathbringer,5.369621391926442,0.625,Deathbringer,0.16780066849770134,1.953125
