Relics_most_pop,Relics_most_pop_L2,Relics_most_pop_winrate,Relics_most_pop_wr_paired,Relics_L2,Relics_L2_coef,Relics_L2_winrate,Relics_L2_wr_paired
Teleport,13.530566372453745,0.5294117647058824,0.566433566434,Teleport,13.530566372453745,0.5294117647058824,0.566433566434
Purification,10.405532520607576,0.5428571428571428,,Purification,10.405532520607576,0.5428571428571428,
