,recommendations,win_rate,win_rate_per_cost
Starter Item,Bumba's Mask,,
Boots,Warrior Tabi,0.5415569763068823,3.93859088001
Item2,Titan's Bane,0.6079865016872891,2.97795895806
Item3,Hydra's Lament,0.583100167879127,2.83944923908
Item4,Transcendence,0.5491280306252658,2.34800610155
Item5,Stone Cutting Sword,0.659420289855,2.53623188406
Item6,Deathbringer,0.583100167879,2.05965909091
Relic1,Teleport,0.56261682243,
Relic2,Purification,0.565482796892,
