Relics_most_pop,Relics_most_pop_L2,Relics_most_pop_winrate,Relics_most_pop_wr_paired,Relics_L2,Relics_L2_coef,Relics_L2_winrate,Relics_L2_wr_paired
Teleport,12.798795769636756,0.5196078431372549,0.546987951807,Teleport,12.798795769636756,0.5196078431372549,0.546987951807
Purification,4.772909520233688,0.5196428571428572,,Purification,4.772909520233688,0.5196428571428572,
