Items_most_pop,Items_most_pop_L2,Items_most_pop_winrate,Items_L2,Items_L2_coef,Items_L2_winrate,Items_gold_adjusted_L2,Items_gold_adjusted_L2_coef,Items_gold_adjusted_L2_winrate
Warrior Tabi,6.595163078289068,0.5787476280834914,Jotunn's Wrath,15.810093409830225,0.6017505470459519,Titan's Bane,0.7351899256490767,3.0113094427033658
Transcendence,-1.531100063438232,0.5708061002178649,Titan's Bane,15.071393475806072,0.61731843575419,Jotunn's Wrath,0.6479546479438617,2.4661907665817697
Jotunn's Wrath,15.810093409830225,0.6017505470459519,Warrior Tabi,6.595163078289068,0.5787476280834914,Warrior Tabi,0.42549439214768175,3.733855665054784
Hydra's Lament,3.710293042691834,0.5933147632311978,Hydra's Lament,3.710293042691834,0.5933147632311978,Hydra's Lament,0.17257176942752717,2.7596035499125477
Titan's Bane,15.071393475806072,0.61731843575419,Deathbringer,2.715973279913005,0.6341463414634146,Brawler's Beat Stick,0.09343584360771655,2.5641025641025643
Brawler's Beat Stick,2.242460246585197,0.6153846153846154,Brawler's Beat Stick,2.242460246585197,0.6153846153846154,Deathbringer,0.08487416499728141,1.9817073170731707
