,recommendations,win_rate,win_rate_per_cost
Starter Item,Bumba's Mask,,
Boots,Warrior Tabi,0.5261707988980716,3.71272063299
Item2,Transcendence,0.5521472392638037,2.21335268505
Item3,Hydra's Lament,0.5871559633027523,2.67661254936
Item4,Jotunn's Wrath,0.5429447852760736,2.35849056604
Item5,Masamune,0.772727272727,3.51239669421
Item6,The Crusher,0.575471698113,2.50205086136
Relic1,Purification,0.594488188976,
Relic2,Teleport,0.560137457045,
