Relics_most_pop,Relics_most_pop_L2,Relics_most_pop_winrate,Relics_most_pop_wr_paired,Relics_L2,Relics_L2_coef,Relics_L2_winrate,Relics_L2_wr_paired
Meditation,24.654770457270565,0.5120481927710844,0.55376344086,Meditation,24.654770457270565,0.5120481927710844,0.55376344086
Sprint,-4.097148887800224,0.47874720357941836,,Curse,7.6062849716021645,0.5083056478405316,
