Items_most_pop,Items_most_pop_L2,Items_most_pop_winrate,Items_L2,Items_L2_coef,Items_L2_winrate,Items_gold_adjusted_L2,Items_gold_adjusted_L2_coef,Items_gold_adjusted_L2_winrate
Watcher's Gift,9.456656699825457,0.5492845786963434,Sovereignty,31.50469519768394,0.6025641025641025,Winged Blade,1.559162775282768,3.3991438246757397
Hide of the Urchin,8.079271212424105,0.5725593667546174,Winged Blade,28.844511342731206,0.6288416075650118,Sovereignty,1.5002235808420925,2.8693528693528694
Shoes of the Magi,3.7032497624739027,0.5646950092421442,Soul Reaver,25.82089224967701,0.6307692307692307,Void Stone,1.069863466815463,2.7688047992616522
Breastplate of Valor,-15.114968923072315,0.5397667020148462,Void Stone,23.536996269940186,0.6091370558375635,Soul Reaver,0.8782616411454764,2.1454735740450026
Sovereignty,31.50469519768394,0.6025641025641025,Mantle of Discord,18.71729774217737,0.6229050279329609,Mantle of Discord,0.6037837981347538,2.009371057848261
Heartward Amulet,-4.621662453598434,0.583030303030303,Bulwark of Hope,14.78647141142235,0.5792207792207792,Bulwark of Hope,0.5856028281751425,2.293943680082294
