,recommendations,win_rate,win_rate_per_cost
Starter Item,Watcher's Gift,,
Boots,Shoes of the Magi,0.630872483221,3.28824626866
Item2,Sovereignty,0.5486381322957199,2.36400610066
Item3,Heartward Amulet,0.53125,2.36400610066
Item4,Hide of the Urchin,0.49644128113879005,2.06850533808
Item5,Mantle of Discord,0.526119402985,2.03507252652
Item6,Void Stone,0.561403508772,2.55183413078
Relic1,Sprint,0.543661971831,
Relic2,Blink,0.58064516129,
