,recommendations,win_rate,win_rate_per_cost
Starter Item,Watcher's Gift,,
Boots,Shoes of the Magi,0.4622222222222222,3.10828877005
Item2,Sovereignty,0.5185185185185185,2.36822001528
Item3,Hide of the Urchin,0.48484848484848486,2.07219251337
Item4,Heartward Amulet,0.49732620320855614,2.36822001528
Item5,Void Stone,0.518518518519,2.46212121212
Item6,Bulwark of Hope,0.555555555556,2.200220022
Relic1,Curse,0.535087719298,
Relic2,Shell,0.505681818182,
