Relics_most_pop,Relics_most_pop_L2,Relics_most_pop_winrate,Relics_most_pop_wr_paired,Relics_L2,Relics_L2_coef,Relics_L2_winrate,Relics_L2_wr_paired
Meditation,248.9271346089628,0.5617977528089888,0.0,Blink,483.43679437986805,0.8571428571428571,0.0
Curse,-582.1256503294801,0.42105263157894735,,Wrath,393.14200314982423,0.45454545454545453,
