,recommendations,win_rate,win_rate_per_cost
Starter Item,Watcher's Gift,,
Boots,Shoes of the Magi,0.523012552301,2.95317869416
Item2,Sovereignty,0.51252408477842,2.14676034348
Item3,Hide of the Urchin,0.4590984974958264,1.87841530055
Item4,Breastplate of Valor,0.45081967213114754,1.960085531
Item5,Void Stone,0.512524084778,2.58704061896
Item6,Mantle of Discord,0.56914893617,2.00360649169
Relic1,Meditation,0.465979381443,
Relic2,Blink,0.576271186441,
