,recommendations,win_rate,win_rate_per_cost
Starter Item,Watcher's Gift,,
Boots,Shoes of the Magi,0.499077490775,3.05674264008
Item2,Sovereignty,0.523469387755102,2.26177233964
Item3,Hide of the Urchin,0.49907749077490776,1.97905079718
Item4,Heartward Amulet,0.5135135135135135,2.26177233964
Item5,Void Stone,0.523469387755,2.60284408329
Item6,Mantle of Discord,0.572625698324,1.96397679862
Relic1,Meditation,0.480132450331,
Relic2,Shell,0.507078507079,
