Relics_most_pop,Relics_most_pop_L2,Relics_most_pop_winrate,Relics_most_pop_wr_paired,Relics_L2,Relics_L2_coef,Relics_L2_winrate,Relics_L2_wr_paired
Meditation,26.022846080744394,0.5515320334261838,0.568181818182,Meditation,26.022846080744394,0.5515320334261838,0.568181818182
Shell,-6.254240532539251,0.5193370165745856,,Relic,12.31130116713029,0.5409836065573771,
