,recommendations,win_rate,win_rate_per_cost
Starter Item,Watcher's Gift,,
Boots,Shoes of the Magi,0.4675118858954041,3.32073434125
Item2,Sovereignty,0.5390199637023594,2.53008330762
Item3,Hide of the Urchin,0.5088,2.21382289417
Item4,Breastplate of Valor,0.49466192170818507,2.31007606348
Item5,Mantle of Discord,0.539019963702,2.05582483704
Item6,Void Stone,0.585365853659,2.6418026418
Relic1,Purification,0.571428571429,
Relic2,Sprint,0.518518518519,
