Relics_most_pop,Relics_most_pop_L2,Relics_most_pop_winrate,Relics_most_pop_wr_paired,Relics_L2,Relics_L2_coef,Relics_L2_winrate,Relics_L2_wr_paired
Meditation,2.5876555094850007,0.49176470588235294,0.575,Meditation,2.5876555094850007,0.49176470588235294,0.575
Shell,0.5137466056016825,0.4906832298136646,,Curse,2.256779656427055,0.5254237288135594,
