,recommendations,win_rate,win_rate_per_cost
Starter Item,Watcher's Gift,,
Boots,Shoes of the Magi,0.526675786594,3.05722891566
Item2,Sovereignty,0.5453047775947282,2.25093450349
Item3,Heartward Amulet,0.5266757865937073,2.25093450349
Item4,Hide of the Urchin,0.4958382877526754,1.96956769056
Item5,Void Stone,0.597122302158,2.71419228254
Item6,Winged Blade,0.545304777595,3.15728572609
Relic1,Meditation,0.493087557604,
Relic2,Blink,0.608108108108,
