Relics_most_pop,Relics_most_pop_L2,Relics_most_pop_winrate,Relics_most_pop_wr_paired,Relics_L2,Relics_L2_coef,Relics_L2_winrate,Relics_L2_wr_paired
Meditation,11.118186712396728,0.47368421052631576,0.526315789474,Meditation,11.118186712396728,0.47368421052631576,0.526315789474
Sprint,-2.8088917653973673,0.45714285714285713,,Wrath,3.8180763394906205,0.5142857142857142,
