,recommendations,win_rate,win_rate_per_cost
Starter Item,Watcher's Gift,,
Boots,Shoes of the Magi,0.5,2.95376712329
Item2,Heartward Amulet,0.5096774193548387,2.20643231114
Item3,Sovereignty,0.5,2.20643231114
Item4,Hide of the Urchin,0.48034934497816595,1.93062827225
Item5,Winged Blade,0.603448275862,3.26188257223
Item6,Void Stone,0.553191489362,2.51450676983
Relic1,Meditation,0.473684210526,
Relic2,Wrath,0.514285714286,
