Items_most_pop,Items_most_pop_L2,Items_most_pop_winrate,Items_L2,Items_L2_coef,Items_L2_winrate,Items_gold_adjusted_L2,Items_gold_adjusted_L2_coef,Items_gold_adjusted_L2_winrate
Watcher's Gift,60.22368363754184,0.44954128440366975,Travelers Shoes,621.6545658793428,0.75,Travelers Shoes,44.4038975628102,5.357142857142857
Hide of the Urchin,133.57147994424307,0.5,Soul Reaver,620.4059320043087,0.7272727272727273,Soul Reaver,21.10224258518057,2.473716759431045
Shoes of the Magi,-365.0502954252381,0.45555555555555555,Sovereignty,332.0876111253797,0.6071428571428571,Sovereignty,15.81369576787522,2.891156462585034
Sovereignty,332.0876111253797,0.6071428571428571,Pestilence,310.913169271413,0.5517241379310345,Pestilence,14.461077640530835,2.566158781074579
Heartward Amulet,291.43249302532735,0.6285714285714286,Breastplate of Valor,309.56151502693405,0.5507246376811594,Heartward Amulet,13.877737763110824,2.993197278911565
Breastplate of Valor,309.56151502693405,0.5507246376811594,Heartward Amulet,291.43249302532735,0.6285714285714286,Breastplate of Valor,13.459196305518873,2.3944549464398235
