Items_most_pop,Items_most_pop_L2,Items_most_pop_winrate,Items_L2,Items_L2_coef,Items_L2_winrate,Items_gold_adjusted_L2,Items_gold_adjusted_L2_coef,Items_gold_adjusted_L2_winrate
Watcher's Gift,-1.6329801970065185,0.45494186046511625,Mantle of Discord,18.35912886810393,0.6081871345029239,Void Stone,0.6450516359634929,2.6197939991043437
Hide of the Urchin,3.24935293525742,0.5057283142389526,Void Stone,14.191135991196843,0.5763546798029556,Mantle of Discord,0.5922299634872236,1.9618939822674968
Shoes of the Magi,0.23846234622829512,0.496551724137931,Sovereignty,12.148412080128914,0.5465116279069767,Sovereignty,0.578495813339472,2.6024363233665557
Breastplate of Valor,-6.838360218462035,0.4812734082397004,Heartward Amulet,9.988974473178049,0.558891454965358,Heartward Amulet,0.4756654511037166,2.661387880787419
Sovereignty,12.148412080128914,0.5465116279069767,Hide of the Urchin,3.24935293525742,0.5057283142389526,Reinforced Shoes,0.1728614842049146,3.6593947923997185
Heartward Amulet,9.988974473178049,0.558891454965358,Reinforced Shoes,2.4200607788688044,0.5123152709359606,Hide of the Urchin,0.13538970563572583,2.107201309328969
