Items_most_pop,Items_most_pop_L2,Items_most_pop_winrate,Items_L2,Items_L2_coef,Items_L2_winrate,Items_gold_adjusted_L2,Items_gold_adjusted_L2_coef,Items_gold_adjusted_L2_winrate
Watcher's Gift,-0.3560700974287125,0.49808429118773945,Shoes of the Magi,3.4852292692806106,0.5897435897435898,Shoes of the Magi,0.21782682933003816,3.6858974358974357
Hide of the Urchin,1.0503062034189854,0.5305164319248826,Mantle of Discord,2.226501715350366,0.6521739130434783,Winged Blade,0.08954321005579893,3.287070854638422
Shoes of the Magi,3.4852292692806106,0.5897435897435898,Winged Blade,1.6565493860322804,0.6081081081081081,Mantle of Discord,0.07182263597904406,2.1037868162692845
Breastplate of Valor,0.0888029202220437,0.5079365079365079,Heartward Amulet,1.2671928474047882,0.547945205479452,Heartward Amulet,0.06034251654308515,2.609262883235486
Sovereignty,-0.3022938807115622,0.5,Hide of the Urchin,1.0503062034189854,0.5305164319248826,Hide of the Urchin,0.04376275847579106,2.2104851330203443
Shoes of Focus,-2.158036862015612,0.4409937888198758,Spirit Robe,0.7958618348565334,0.5689655172413793,Spirit Robe,0.032352107107989164,2.3128679562657695
