Relics_most_pop,Relics_most_pop_L2,Relics_most_pop_winrate,Relics_most_pop_wr_paired,Relics_L2,Relics_L2_coef,Relics_L2_winrate,Relics_L2_wr_paired
Purification,2.4876440689071706,0.5460526315789473,0.0,Curse,4.571218904844511,0.6071428571428571,0.0
Wrath,1.411803548401058,0.5348837209302325,,Sprint,3.595036309775406,0.5882352941176471,
