Items_most_pop,Items_most_pop_L2,Items_most_pop_winrate,Items_L2,Items_L2_coef,Items_L2_winrate,Items_gold_adjusted_L2,Items_gold_adjusted_L2_coef,Items_gold_adjusted_L2_winrate
Warrior Tabi,-3.4858299569706133,0.4410569105691057,Titan's Bane,12.846901043323486,0.520242914979757,Titan's Bane,0.6266780996743163,2.537770316974425
Jotunn's Wrath,6.690307527376524,0.46279949558638084,Mantle of Discord,9.726125163494196,0.5517241379310345,Mantle of Discord,0.31374597301594176,1.7797552836484982
Titan's Bane,12.846901043323486,0.520242914979757,Shifter's Shield,7.323900117795033,0.5789473684210527,Shifter's Shield,0.30516250490812635,2.412280701754386
Bumba's Mask,-21.391399275254187,0.33,Jotunn's Wrath,6.690307527376524,0.46279949558638084,Hydra's Lament,0.30200065389704617,2.338152105593966
Void Shield,3.66084270380175,0.47761194029850745,Hydra's Lament,6.493014058786492,0.5027027027027027,Jotunn's Wrath,0.2741929314498575,1.8967192442064789
Breastplate of Valor,-13.470913705264298,0.3821428571428571,Bloodforge,6.221761115357788,0.5961538461538461,Hide of the Urchin,0.24884057639596127,2.1853146853146854
