Items_most_pop,Items_most_pop_L2,Items_most_pop_winrate,Items_L2,Items_L2_coef,Items_L2_winrate,Items_gold_adjusted_L2,Items_gold_adjusted_L2_coef,Items_gold_adjusted_L2_winrate
Warrior Tabi,0.07363235134722153,0.5052816901408451,Titan's Bane,0.587858291737742,0.5777777777777777,Titan's Bane,0.028676014231109364,2.8184281842818426
Jotunn's Wrath,0.23045826566701066,0.5184381778741866,Mantle of Discord,0.4533320817274971,0.6403508771929824,Brawler's Beat Stick,0.016544633356768118,2.595029239766082
Titan's Bane,0.587858291737742,0.5777777777777777,Brawler's Beat Stick,0.39707120056243483,0.6228070175438597,Mantle of Discord,0.014623615539596681,2.065647990945105
Bumba's Mask,-0.6995979491179121,0.39574468085106385,Jotunn's Wrath,0.23045826566701066,0.5184381778741866,Jotunn's Wrath,0.00944501088799224,2.124746630631912
Void Shield,0.09488876791952329,0.5190217391304348,Bulwark of Hope,0.20371364230883604,0.5751295336787565,Bulwark of Hope,0.00806786702213212,2.27774072744062
Breastplate of Valor,-0.1267141527988781,0.473015873015873,Shifter's Shield,0.16326603762404002,0.6210526315789474,Shifter's Shield,0.006802751567668334,2.587719298245614
