Items_most_pop,Items_most_pop_L2,Items_most_pop_winrate,Items_L2,Items_L2_coef,Items_L2_winrate,Items_gold_adjusted_L2,Items_gold_adjusted_L2_coef,Items_gold_adjusted_L2_winrate
Warrior Tabi,-4.2776137127440315,0.5303030303030303,Jotunn's Wrath,113.0345880760511,0.5695364238410596,Jotunn's Wrath,4.632565085084061,2.3341656714797523
Jotunn's Wrath,113.0345880760511,0.5695364238410596,Titan's Bane,94.7378984092396,0.6415094339622641,Titan's Bane,4.621360898011688,3.1293143120110445
Titan's Bane,94.7378984092396,0.6415094339622641,Mantle of Discord,67.65201609598239,0.6444444444444445,Bulwark of Hope,2.2489320613774555,2.545968882602546
Bumba's Mask,31.326378880644857,0.4305555555555556,Bulwark of Hope,56.78553454978075,0.6428571428571429,Mantle of Discord,2.1823230998703997,2.078853046594982
Void Shield,20.645220503765945,0.5471698113207547,Hide of the Urchin,45.198888254336204,0.5757575757575758,Hide of the Urchin,1.883287010597342,2.398989898989899
Breastplate of Valor,-27.332926563103495,0.5384615384615384,Void Shield,20.645220503765945,0.5471698113207547,Void Shield,0.7646377964357758,2.026554856743536
