Relics_most_pop,Relics_most_pop_L2,Relics_most_pop_winrate,Relics_most_pop_wr_paired,Relics_L2,Relics_L2_coef,Relics_L2_winrate,Relics_L2_wr_paired
Purification,-7.099158923606626,0.44036697247706424,0.0,Teleport,4.653172791544149,0.5882352941176471,0.0
Wrath,3.307705070253411,0.497907949790795,,Blink,3.469573950328211,0.6129032258064516,
