Relics_most_pop,Relics_most_pop_L2,Relics_most_pop_winrate,Relics_most_pop_wr_paired,Relics_L2,Relics_L2_coef,Relics_L2_winrate,Relics_L2_wr_paired
Purification,6.369921894374703,0.4847161572052402,0.525362318841,Purification,6.369921894374703,0.4847161572052402,0.525362318841
Wrath,2.3315475431565478,0.47302158273381295,,Wrath,2.3315475431565478,0.47302158273381295,
