Items_most_pop,Items_most_pop_L2,Items_most_pop_winrate,Items_L2,Items_L2_coef,Items_L2_winrate,Items_gold_adjusted_L2,Items_gold_adjusted_L2_coef,Items_gold_adjusted_L2_winrate
Warrior Tabi,2.3238183902190537,0.45271629778672035,Mantle of Discord,30.518393980898445,0.6043956043956044,Mantle of Discord,0.984464321964466,1.9496632399858207
Jotunn's Wrath,17.27069514290667,0.47342995169082125,Void Shield,19.368924245839793,0.5270758122743683,Void Shield,0.7173675646607331,1.9521326380532156
Titan's Bane,3.7567322847840723,0.509719222462203,Jotunn's Wrath,17.27069514290667,0.47342995169082125,Jotunn's Wrath,0.7078153747092899,1.9402866872574642
Bumba's Mask,-14.94002774090186,0.3681710213776722,Shifter's Shield,5.6763593144851345,0.5189873417721519,Shifter's Shield,0.2365149714368806,2.1624472573839664
Void Shield,19.368924245839793,0.5270758122743683,Stone Cutting Sword,5.293236144523553,0.5384615384615384,Stone Cutting Sword,0.20358600555859818,2.0710059171597632
Breastplate of Valor,0.7918917500081976,0.452991452991453,Titan's Bane,3.7567322847840723,0.509719222462203,Titan's Bane,0.18325523340410108,2.4864352315229414
