Items_most_pop,Items_most_pop_L2,Items_most_pop_winrate,Items_L2,Items_L2_coef,Items_L2_winrate,Items_gold_adjusted_L2,Items_gold_adjusted_L2_coef,Items_gold_adjusted_L2_winrate
Warrior Tabi,-6.685689570594658,0.42629815745393634,Void Shield,14.424936978906286,0.506631299734748,Titan's Bane,0.5826598525533656,2.4764040743855715
Jotunn's Wrath,2.554988107568915,0.4416135881104034,Mantle of Discord,13.063900615277596,0.5571428571428572,Void Shield,0.5342569251446773,1.8764122212398076
Titan's Bane,11.944526977343992,0.5076628352490421,Titan's Bane,11.944526977343992,0.5076628352490421,Mantle of Discord,0.42141614887992246,1.7972350230414746
Bumba's Mask,-16.136582967772668,0.34012219959266804,Brawler's Beat Stick,8.024775928773623,0.5212355212355212,Brawler's Beat Stick,0.33436566369890103,2.171814671814672
Void Shield,14.424936978906286,0.506631299734748,Spirit Robe,5.628990243941904,0.5130434782608696,Spirit Robe,0.22882074162365465,2.0855425945563804
Breastplate of Valor,-7.047044353867362,0.40606060606060607,Hide of the Urchin,4.308369336013201,0.4863013698630137,Hide of the Urchin,0.17951538900055006,2.026255707762557
