Items_most_pop,Items_most_pop_L2,Items_most_pop_winrate,Items_L2,Items_L2_coef,Items_L2_winrate,Items_gold_adjusted_L2,Items_gold_adjusted_L2_coef,Items_gold_adjusted_L2_winrate
Warrior Tabi,10.74729812096927,0.5582620144832127,Hydra's Lament,14.040240081417842,0.6070381231671554,Warrior Tabi,0.693374072320598,3.601690416020727
Jotunn's Wrath,10.53409029315276,0.5689935064935064,Mantle of Discord,13.06841012662019,0.6411960132890365,Hydra's Lament,0.6530344223915276,2.823433131010025
Titan's Bane,10.95637680585082,0.5987012987012987,Brawler's Beat Stick,11.273869691188633,0.6217948717948718,Titan's Bane,0.5344574051634546,2.920494140006335
Bumba's Mask,-6.839284713776291,0.5040650406504065,Bloodforge,11.132782048818674,0.648936170212766,Brawler's Beat Stick,0.46974457046619306,2.590811965811966
Void Shield,5.187884276326728,0.5777777777777777,Titan's Bane,10.95637680585082,0.5987012987012987,Jotunn's Wrath,0.4317250120144573,2.3319406003832235
Breastplate of Valor,-17.69872214115814,0.504524886877828,Warrior Tabi,10.74729812096927,0.5582620144832127,Mantle of Discord,0.4215616169877481,2.068374236416247
