,recommendations,win_rate,win_rate_per_cost
Starter Item,Bumba's Mask,,
Boots,Warrior Tabi,0.4649859943977591,3.2097576633
Item2,Titan's Bane,0.5236768802228412,2.42688994054
Item3,Jotunn's Wrath,0.4888888888888889,2.03898540086
Item4,Void Shield,0.5,1.84263865856
Item5,Mantle of Discord,0.523676880223,1.87600091512
Item6,Shifter's Shield,0.590909090909,2.46212121212
Relic1,Wrath,0.491758241758,
Relic2,Sprint,0.5,
