Relics_most_pop,Relics_most_pop_L2,Relics_most_pop_winrate,Relics_most_pop_wr_paired,Relics_L2,Relics_L2_coef,Relics_L2_winrate,Relics_L2_wr_paired
Purification,-0.30829280925245145,0.49375,0.0,Sprint,1.4874587239825396,0.5925925925925926,0.0
Wrath,0.7272263185809948,0.5087719298245614,,Blink,1.4556071470065173,0.6666666666666666,
