Relics_most_pop,Relics_most_pop_L2,Relics_most_pop_winrate,Relics_most_pop_wr_paired,Relics_L2,Relics_L2_coef,Relics_L2_winrate,Relics_L2_wr_paired
Purification,0.29011023149084303,0.4519015659955257,0.571428571429,Teleport,9.473534084561596,0.5483870967741935,0.571428571429
Wrath,8.969764037587481,0.47413793103448276,,Wrath,8.969764037587481,0.47413793103448276,
