,recommendations,win_rate,win_rate_per_cost
Starter Item,Bumba's Mask,,
Boots,Warrior Tabi,0.41634980988593157,2.90106083568
Item2,Titan's Bane,0.5327868852459017,2.1934850221
Item3,Jotunn's Wrath,0.43825665859564167,1.84288700627
Item4,Breastplate of Valor,0.44966442953020136,1.95506273709
Item5,Brawler's Beat Stick,0.630434782609,2.3
Item6,Mantle of Discord,0.552,2.03366058906
Relic1,Blink,0.571428571429,
Relic2,Teleport,0.479166666667,
