Relics_most_pop,Relics_most_pop_L2,Relics_most_pop_winrate,Relics_most_pop_wr_paired,Relics_L2,Relics_L2_coef,Relics_L2_winrate,Relics_L2_wr_paired
Purification,-8.853229157680289,0.4537313432835821,1.0,Teleport,11.611856321867004,0.5185185185185185,1.0
Wrath,-1.8440535053359692,0.4571984435797665,,Blink,7.109434223229005,0.5370370370370371,
