,recommendations,win_rate,win_rate_per_cost
Starter Item,Bumba's Mask,,
Boots,Warrior Tabi,0.5225362872421696,3.22580645161
Item2,Titan's Bane,0.5951219512195122,2.43902439024
Item3,Void Shield,0.573170731707317,1.85185185185
Item4,Jotunn's Wrath,0.5316934720908231,2.04918032787
Item5,Mantle of Discord,0.678414096916,2.1884325707
Item6,Hide of the Urchin,0.59512195122,2.47967479675
Relic1,Wrath,0.541213063764,
Relic2,Meditation,0.583333333333,
