Relics_most_pop,Relics_most_pop_L2,Relics_most_pop_winrate,Relics_most_pop_wr_paired,Relics_L2,Relics_L2_coef,Relics_L2_winrate,Relics_L2_wr_paired
Purification,-0.871665727230501,0.49236641221374045,0.0,Teleport,1.9088404340486884,0.6428571428571429,0.0
Wrath,0.054850737273395886,0.5025641025641026,,Blink,1.5889747811208066,0.75,
