,recommendations,win_rate,win_rate_per_cost
Starter Item,Bumba's Mask,,
Boots,Warrior Tabi,0.5,3.00929892058
Item2,Titan's Bane,0.5367647058823529,2.43902439024
Item3,Jotunn's Wrath,0.48265368228849664,2.04918032787
Item4,Void Shield,0.5,1.85185185185
Item5,Hydra's Lament,0.531390134529,2.47158202107
Item6,Brawler's Beat Stick,0.548314606742,2.28464419476
Relic1,Blink,0.540540540541,
Relic2,Teleport,0.471428571429,
