,recommendations,win_rate,win_rate_per_cost
Starter Item,Bumba's Mask,,
Boots,Warrior Tabi,0.533333333333,3.21253152794
Item2,Titan's Bane,0.625,2.74390243902
Item3,Breastplate of Valor,0.5625,2.44565217391
Item4,Void Shield,0.49473684210526314,2.08333333333
Item5,Mantle of Discord,0.682926829268,2.20298977183
Item6,Brawler's Beat Stick,0.5625,2.34375
Relic1,Sprint,0.592592592593,
Relic2,Blink,0.666666666667,
