Items_most_pop,Items_most_pop_L2,Items_most_pop_winrate,Items_L2,Items_L2_coef,Items_L2_winrate,Items_gold_adjusted_L2,Items_gold_adjusted_L2_coef,Items_gold_adjusted_L2_winrate
Warrior Tabi,0.18554150306992442,0.472289156626506,Titan's Bane,20.339439434724806,0.5546875,Titan's Bane,0.9921677773036491,2.705792682926829
Jotunn's Wrath,9.100386221579335,0.4917293233082707,Void Shield,11.180564072002268,0.5230769230769231,Hide of the Urchin,0.4293851560289597,2.3333333333333335
Titan's Bane,20.339439434724806,0.5546875,Hide of the Urchin,10.305243744695034,0.56,Void Shield,0.41409496562971365,1.9373219373219372
Bumba's Mask,-20.634969446690278,0.36826347305389223,Jotunn's Wrath,9.100386221579335,0.4917293233082707,Hydra's Lament,0.39633408253198393,2.3898239753308492
Void Shield,11.180564072002268,0.5230769230769231,Hydra's Lament,8.521182774437655,0.5138121546961326,Jotunn's Wrath,0.3729666484253826,2.0152841119191423
Breastplate of Valor,-1.5766082211026662,0.4773662551440329,Bulwark of Hope,7.431634081213273,0.55,Bulwark of Hope,0.29432214183022865,2.1782178217821784
