Relics_most_pop,Relics_most_pop_L2,Relics_most_pop_winrate,Relics_most_pop_wr_paired,Relics_L2,Relics_L2_coef,Relics_L2_winrate,Relics_L2_wr_paired
Purification,2.9169232011165342,0.42144638403990026,0.45,Sprint,5.3572863489709395,0.4576271186440678,0.45
Wrath,3.162603728207572,0.42524916943521596,,Wrath,3.162603728207572,0.42524916943521596,
