Items_most_pop,Items_most_pop_L2,Items_most_pop_winrate,Items_L2,Items_L2_coef,Items_L2_winrate,Items_gold_adjusted_L2,Items_gold_adjusted_L2_coef,Items_gold_adjusted_L2_winrate
Warrior Tabi,5.119032545996916,0.5225362872421696,Mantle of Discord,36.332552227556675,0.6784140969162996,Mantle of Discord,1.1720178137921509,2.1884325706977403
Jotunn's Wrath,1.7732851093929585,0.5316934720908231,Titan's Bane,22.685349204120932,0.5951219512195122,Titan's Bane,1.106602400201021,2.9030339083878642
Titan's Bane,22.685349204120932,0.5951219512195122,Void Shield,17.710622711168668,0.573170731707317,Void Shield,0.6559489893025432,2.122854561878952
Bumba's Mask,-2.3005454334739497,0.4587628865979381,Hide of the Urchin,14.92321811035221,0.5951219512195122,Hide of the Urchin,0.6218007545980087,2.4796747967479673
Void Shield,17.710622711168668,0.573170731707317,Hydra's Lament,13.351654866894226,0.5667870036101083,Hydra's Lament,0.6210072031113594,2.636218621442364
Breastplate of Valor,-7.104663536612883,0.5,Brawler's Beat Stick,12.53291780437057,0.5972222222222222,Brawler's Beat Stick,0.5222049085154404,2.488425925925926
