,recommendations,win_rate,win_rate_per_cost
Starter Item,Bumba's Mask,,
Boots,Warrior Tabi,0.4560810810810811,3.22580645161
Item2,Void Shield,0.5113636363636364,1.85185185185
Item3,Titan's Bane,0.5073529411764706,2.43902439024
Item4,Breastplate of Valor,0.5,2.17391304348
Item5,Brawler's Beat Stick,0.553191489362,2.30496453901
Item6,Hydra's Lament,0.5,2.32558139535
Relic1,Blink,0.631578947368,
Relic2,Teleport,0.611111111111,
