,recommendations,win_rate,win_rate_per_cost
Starter Item,Bumba's Mask,,
Boots,Warrior Tabi,0.41900205058099793,2.68412967904
Item2,Titan's Bane,0.5072046109510087,2.02946390366
Item3,Void Shield,0.47751605995717344,1.54088926019
Item4,Breastplate of Valor,0.41604010025062654,1.80887000109
Item5,Mantle of Discord,0.477516059957,1.73865500273
Item6,Brawler's Beat Stick,0.508474576271,2.1186440678
Relic1,Wrath,0.444755244755,
Relic2,Blink,0.5,
