Items_most_pop,Items_most_pop_L2,Items_most_pop_winrate,Items_L2,Items_L2_coef,Items_L2_winrate,Items_gold_adjusted_L2,Items_gold_adjusted_L2_coef,Items_gold_adjusted_L2_winrate
Warrior Tabi,-1.7925011633207817,0.470314318975553,Brawler's Beat Stick,12.041707754317361,0.582010582010582,Brawler's Beat Stick,0.5017378230965567,2.4250440917107583
Jotunn's Wrath,4.588021535661397,0.48497854077253216,Hydra's Lament,10.55470415255105,0.5488372093023256,Hydra's Lament,0.4909164722116768,2.552731206057328
Titan's Bane,5.554776241214634,0.5176470588235295,Void Shield,8.93666390894344,0.5226480836236934,Winged Blade,0.44914720300594557,3.7602820211515864
Bumba's Mask,-17.923249850618156,0.37202380952380953,Winged Blade,8.309223255609993,0.6956521739130435,Void Shield,0.33098755218309045,1.9357336430507162
Void Shield,8.93666390894344,0.5226480836236934,Mantle of Discord,7.592376877475765,0.5697674418604651,Titan's Bane,0.2709646946933968,2.5251076040172165
Breastplate of Valor,-12.606752320617815,0.4048582995951417,Titan's Bane,5.554776241214634,0.5176470588235295,Mantle of Discord,0.24491538314437952,1.837959489872468
