Relics_most_pop,Relics_most_pop_L2,Relics_most_pop_winrate,Relics_most_pop_wr_paired,Relics_L2,Relics_L2_coef,Relics_L2_winrate,Relics_L2_wr_paired
Teleport,-2.761071657894287,0.4647058823529412,0.0,Meditation,3.4815512541463143,0.5178571428571429,0.0
Meditation,3.4815512541463143,0.5178571428571429,,Blink,2.857564186203411,0.631578947368421,
