Relics_most_pop,Relics_most_pop_L2,Relics_most_pop_winrate,Relics_most_pop_wr_paired,Relics_L2,Relics_L2_coef,Relics_L2_winrate,Relics_L2_wr_paired
Teleport,-9.595859676642977,0.43410852713178294,0.5,Meditation,49.85207819469696,0.5301204819277109,0.5
Meditation,49.85207819469696,0.5301204819277109,,Sprint,48.00750459592477,0.5277777777777778,
