Relics_most_pop,Relics_most_pop_L2,Relics_most_pop_winrate,Relics_most_pop_wr_paired,Relics_L2,Relics_L2_coef,Relics_L2_winrate,Relics_L2_wr_paired
Teleport,-4.5933147987027105,0.42289348171701113,1.0,Blink,14.558878512628958,0.5166666666666667,1.0
Meditation,-6.136053647979241,0.4117647058823529,,Wrath,10.749265789859464,0.525,
