,recommendations,win_rate,win_rate_per_cost
Starter Item,Bluestone Pendant,,
Boots,Warrior Tabi,0.4645161290322581,3.22580645161
Item2,Jotunn's Wrath,0.5116279069767442,2.04918032787
Item3,Hide of the Urchin,0.5,2.08333333333
Item4,Bulwark of Hope,0.4603174603174603,1.9801980198
Item5,Titan's Bane,0.575757575758,2.80857354028
Item6,Winged Blade,0.576923076923,3.1185031185
Relic1,Curse,0.555555555556,
Relic2,Purification,0.588235294118,
