,recommendations,win_rate,win_rate_per_cost
Starter Item,Bluestone Pendant,,
Boots,Warrior Tabi,0.41916167664670656,2.66479663394
Item2,Jotunn's Wrath,0.4375,1.69280114041
Item3,Breastplate of Valor,0.41964285714285715,1.79584120983
Item4,Bluestone Pendant,0.4050632911392405,5.16304347826
Item5,Winged Blade,0.666666666667,3.04054054054
Item6,Void Shield,0.5625,2.46913580247
Relic1,Shell,0.666666666667,
Relic2,Meditation,0.479166666667,
