Relics_most_pop,Relics_most_pop_L2,Relics_most_pop_winrate,Relics_most_pop_wr_paired,Relics_L2,Relics_L2_coef,Relics_L2_winrate,Relics_L2_wr_paired
Teleport,1.5426848009711371,0.47572815533980584,0.333333333333,Shell,6.853942459937235,0.6086956521739131,0.333333333333
Meditation,5.680891814973842,0.5040650406504065,,Meditation,5.680891814973842,0.5040650406504065,
