,recommendations,win_rate,win_rate_per_cost
Starter Item,Bluestone Pendant,,
Boots,Warrior Tabi,0.6,2.78988666085
Item2,Bulwark of Hope,0.43037974683544306,1.56384869256
Item3,Hide of the Urchin,0.463768115942029,1.6452991453
Item4,Jotunn's Wrath,0.4413793103448276,1.61832702816
Item5,Titan's Bane,0.625,3.0487804878
Item6,Void Shield,0.518518518519,2.22222222222
Relic1,Blink,0.538461538462,
Relic2,Curse,0.428571428571,
