,recommendations,win_rate,win_rate_per_cost
Starter Item,Bluestone Pendant,,
Boots,Warrior Tabi,0.42173112338858193,2.92839167239
Item2,Jotunn's Wrath,0.48134328358208955,1.86024880828
Item3,Breastplate of Valor,0.4504950495049505,1.97348134443
Item4,Bluestone Pendant,0.3900414937759336,5.67375886525
Item5,Frostbound Hammer,0.666666666667,2.89855072464
Item6,Winged Blade,0.481343283582,3.003003003
Relic1,Wrath,0.636363636364,
Relic2,Blink,0.490566037736,
