Relics_most_pop,Relics_most_pop_L2,Relics_most_pop_winrate,Relics_most_pop_wr_paired,Relics_L2,Relics_L2_coef,Relics_L2_winrate,Relics_L2_wr_paired
Teleport,2.0857764269050625,0.4646153846153846,0.521739130435,Purification,2.641939967855046,0.5172413793103449,0.521739130435
Meditation,0.6626587285647566,0.4701492537313433,,Teleport,2.0857764269050625,0.4646153846153846,
