Relics_most_pop,Relics_most_pop_L2,Relics_most_pop_winrate,Relics_most_pop_wr_paired,Relics_L2,Relics_L2_coef,Relics_L2_winrate,Relics_L2_wr_paired
Teleport,-2.369075887157255,0.46437994722955145,0.666666666667,Blink,8.338021903242252,0.59375,0.666666666667
Meditation,3.656432433113931,0.4846153846153846,,Sprint,5.541942890259452,0.515625,
