Relics_most_pop,Relics_most_pop_L2,Relics_most_pop_winrate,Relics_most_pop_wr_paired,Relics_L2,Relics_L2_coef,Relics_L2_winrate,Relics_L2_wr_paired
Teleport,-0.36305183474979874,0.40588235294117647,0.0,Blink,25.32715233910572,0.6470588235294118,0.0
Curse,-9.945985957496134,0.3728813559322034,,Sprint,6.88505232160066,0.4782608695652174,
