Relics_most_pop,Relics_most_pop_L2,Relics_most_pop_winrate,Relics_most_pop_wr_paired,Relics_L2,Relics_L2_coef,Relics_L2_winrate,Relics_L2_wr_paired
Teleport,37.45086124398561,0.4134275618374558,0.5,Shell,100.60480166552004,0.5625,0.5
Curse,69.44299109028313,0.5092592592592593,,Curse,69.44299109028313,0.5092592592592593,
