,recommendations,win_rate,win_rate_per_cost
Starter Item,Bluestone Pendant,,
Boots,Warrior Tabi,0.46,3.22580645161
Item2,Jotunn's Wrath,0.5957446808510638,2.04918032787
Item3,Hide of the Urchin,0.6521739130434783,2.08333333333
Item4,Breastplate of Valor,0.4931506849315068,2.17391304348
Item5,Titan's Bane,0.785714285714,3.83275261324
Item6,Mantle of Discord,0.75,2.41935483871
Relic1,Blink,0.7,
Relic2,Meditation,0.521739130435,
