Items_most_pop,Items_most_pop_L2,Items_most_pop_winrate,Items_L2,Items_L2_coef,Items_L2_winrate,Items_gold_adjusted_L2,Items_gold_adjusted_L2_coef,Items_gold_adjusted_L2_winrate
Warrior Tabi,4.235599763620281,0.43190661478599224,Mantle of Discord,26.968435020419857,0.6857142857142857,Titan's Bane,1.1895502770695787,3.3536585365853657
Breastplate of Valor,0.23167945717429672,0.436046511627907,Titan's Bane,24.385780679926363,0.6875,Mantle of Discord,0.8699495167877374,2.2119815668202767
Jotunn's Wrath,1.5047310275231787,0.4429530201342282,Void Shield,8.392586859364114,0.6,Frostbound Hammer,0.334376733812308,2.4154589371980677
Bluestone Pendant,0.07162157928515524,0.3902439024390244,Frostbound Hammer,7.690664877683083,0.5555555555555556,Void Shield,0.310836550346819,2.2222222222222223
Bulwark of Hope,-5.089082154122894,0.4225352112676056,Hide of the Urchin,6.4511415703062545,0.484375,Warrior Tabi,0.27326450087872783,2.7864942889418853
Hide of the Urchin,6.4511415703062545,0.484375,Winged Blade,4.915366034876855,0.52,Hide of the Urchin,0.26879756542942723,2.0182291666666665
