Items_most_pop,Items_most_pop_L2,Items_most_pop_winrate,Items_L2,Items_L2_coef,Items_L2_winrate,Items_gold_adjusted_L2,Items_gold_adjusted_L2_coef,Items_gold_adjusted_L2_winrate
Warrior Tabi,-0.863857468893239,0.41973684210526313,Titan's Bane,26.17116682873588,0.6226415094339622,Titan's Bane,1.2766422843285796,3.0372756557754257
Breastplate of Valor,-6.69370771822356,0.4166666666666667,Jotunn's Wrath,18.55013549764759,0.47883597883597884,Jotunn's Wrath,0.7602514548216226,1.962442536213028
Jotunn's Wrath,18.55013549764759,0.47883597883597884,Mantle of Discord,12.772232317825416,0.550561797752809,Witchblade,0.6227469016852515,2.8292682926829267
Bluestone Pendant,-14.566348636403998,0.3426791277258567,Witchblade,12.766311484547654,0.58,Frostbound Hammer,0.522265274581448,2.401038286826736
Hide of the Urchin,2.571254692962774,0.458128078817734,Frostbound Hammer,12.012101315373306,0.5522388059701493,Shield of Regrowth,0.4592428149765962,2.7777777777777777
Bulwark of Hope,-8.945352355966394,0.4233128834355828,Brawler's Beat Stick,10.50279636407338,0.5045045045045045,Brawler's Beat Stick,0.4376165151697242,2.1021021021021022
