Relics_most_pop,Relics_most_pop_L2,Relics_most_pop_winrate,Relics_most_pop_wr_paired,Relics_L2,Relics_L2_coef,Relics_L2_winrate,Relics_L2_wr_paired
Teleport,-6.894111572896577,0.3895705521472393,0.0,Wrath,8.834896747262274,0.6153846153846154,0.0
Curse,-3.5241283685355596,0.38202247191011235,,Shell,8.294621658022903,0.5555555555555556,
