,recommendations,win_rate,win_rate_per_cost
Starter Item,Death's Toll,,
Boots,Warrior Tabi,0.5102040816326531,3.40839926963
Item2,Asi,0.5490196078431373,2.96798812805
Item3,The Executioner,0.5283018867924528,2.34800838574
Item4,Transcendence,0.49295774647887325,2.03193033382
Item5,Rage,0.791666666667,3.29861111111
Item6,Ichaival,0.658536585366,3.67647058824
Relic1,Purification,0.51677852349,
Relic2,Curse,0.666666666667,
