Items_most_pop,Items_most_pop_L2,Items_most_pop_winrate,Items_L2,Items_L2_coef,Items_L2_winrate,Items_gold_adjusted_L2,Items_gold_adjusted_L2_coef,Items_gold_adjusted_L2_winrate
Transcendence,3.9953121350114427,0.5602968460111317,Asi,17.09724961293593,0.6335877862595419,Asi,0.9605196411761758,3.5594819452783257
Warrior Tabi,-3.516788581770505,0.5254988913525499,Hastened Fatalis,13.105942374545915,0.6586538461538461,Hastened Fatalis,0.6124272137638278,3.077821710999281
Asi,17.09724961293593,0.6335877862595419,Qin's Sais,11.426899404953785,0.631768953068592,Ninja Tabi,0.5210862901775412,4.120734908136483
Qin's Sais,11.426899404953785,0.631768953068592,Wind Demon,11.289357030064668,0.6836158192090396,Wind Demon,0.43420603961787185,2.6292916123424597
Ninja Tabi,7.816294352663117,0.6181102362204725,Deathbringer,10.204815874361769,0.655,Qin's Sais,0.42321849647976983,2.3398850113651557
The Executioner,2.075718451419751,0.5732217573221757,Ninja Tabi,7.816294352663117,0.6181102362204725,Deathbringer,0.3189004960738053,2.046875
