Relics_most_pop,Relics_most_pop_L2,Relics_most_pop_winrate,Relics_most_pop_wr_paired,Relics_L2,Relics_L2_coef,Relics_L2_winrate,Relics_L2_wr_paired
Purification,21.655482308467974,0.5371024734982333,0.628571428571,Purification,21.655482308467974,0.5371024734982333,0.628571428571
Sanctuary,-15.072656111205115,0.5151515151515151,,Sprint,3.2952796580083614,0.5189873417721519,
