,recommendations,win_rate,win_rate_per_cost
Starter Item,Death's Toll,,
Boots,Ninja Tabi,0.769230769231,3.93939393939
Item2,Transcendence,0.5705882352941176,2.48717948718
Item3,Qin's Sais,0.6466666666666666,2.3950617284
Item4,Asi,0.5974025974025974,3.6329588015
Item5,Hastened Fatalis,0.669565217391,3.12880942706
Item6,Odysseus' Bow,0.640449438202,3.13971742543
Relic1,Purification,0.554621848739,
Relic2,Sanctuary,0.555214723926,
