Relics_most_pop,Relics_most_pop_L2,Relics_most_pop_winrate,Relics_most_pop_wr_paired,Relics_L2,Relics_L2_coef,Relics_L2_winrate,Relics_L2_wr_paired
Purification,2.212318674045562,0.5135135135135135,0.5,Purification,2.212318674045562,0.5135135135135135,0.5
Sanctuary,-1.0836645691202427,0.4838709677419355,,Meditation,-0.632471181425899,0.38461538461538464,
