,recommendations,win_rate,win_rate_per_cost
Starter Item,Death's Toll,,
Boots,Warrior Tabi,0.5441176470588235,4.19119378385
Item2,Hastened Fatalis,0.6496350364963503,3.03567774064
Item3,Asi,0.5991379310344828,3.6496350365
Item4,Qin's Sais,0.5777777777777777,2.40605569073
Item5,Deathbringer,0.670731707317,2.20394736842
Item6,Wind Demon,0.599137931034,2.57973733583
Relic1,Sprint,0.6,
Relic2,Meditation,0.6875,
