Relics_most_pop,Relics_most_pop_L2,Relics_most_pop_winrate,Relics_most_pop_wr_paired,Relics_L2,Relics_L2_coef,Relics_L2_winrate,Relics_L2_wr_paired
Purification,-4.322697172630781,0.4715447154471545,1.0,Sanctuary,4.499782431666648,0.5094339622641509,1.0
Sanctuary,4.499782431666648,0.5094339622641509,,Curse,2.24488287225214,0.6666666666666666,
