Relics_most_pop,Relics_most_pop_L2,Relics_most_pop_winrate,Relics_most_pop_wr_paired,Relics_L2,Relics_L2_coef,Relics_L2_winrate,Relics_L2_wr_paired
Purification,-2.1507211870585135,0.47901234567901235,0.5,Sanctuary,6.050113153074419,0.504424778761062,0.5
Sanctuary,6.050113153074419,0.504424778761062,,Sprint,0.5613869892787458,0.4946236559139785,
