Relics_most_pop,Relics_most_pop_L2,Relics_most_pop_winrate,Relics_most_pop_wr_paired,Relics_L2,Relics_L2_coef,Relics_L2_winrate,Relics_L2_wr_paired
Purification,3.8400773852734216,0.4752851711026616,0.494345718901,Sanctuary,5.211868654353889,0.4831763122476447,0.494345718901
Sanctuary,5.211868654353889,0.4831763122476447,,Purification,3.8400773852734216,0.4752851711026616,
