Relics_most_pop,Relics_most_pop_L2,Relics_most_pop_winrate,Relics_most_pop_wr_paired,Relics_L2,Relics_L2_coef,Relics_L2_winrate,Relics_L2_wr_paired
Purification,11.846155419006337,0.5823529411764706,0.601694915254,Purification,11.846155419006337,0.5823529411764706,0.601694915254
Sanctuary,5.3568182153810175,0.5694444444444444,,Sanctuary,5.3568182153810175,0.5694444444444444,
