,recommendations,win_rate,win_rate_per_cost
Starter Item,Death's Toll,,
Boots,Ninja Tabi,0.648,3.78716744914
Item2,Qin's Sais,0.6118721461187214,2.15553173753
Item3,Asi,0.5819935691318328,3.26962679288
Item4,Transcendence,0.5309168443496801,2.23843680435
Item5,Deathbringer,0.612403100775,2.025
Item6,Soul Eater,0.568075117371,3.125
Relic1,Sprint,0.589147286822,
Relic2,Purification,0.534653465347,
