Relics_most_pop,Relics_most_pop_L2,Relics_most_pop_winrate,Relics_most_pop_wr_paired,Relics_L2,Relics_L2_coef,Relics_L2_winrate,Relics_L2_wr_paired
Purification,26.557667140987938,0.6180257510729614,0.0,Purification,26.557667140987938,0.6180257510729614,0.0
Sanctuary,-6.6383851001456,0.5687203791469194,,Meditation,-2.1503735809653928,0.4444444444444444,
