,recommendations,win_rate,win_rate_per_cost
Starter Item,Death's Toll,,
Boots,Ninja Tabi,0.5535714285714286,4.0
Item2,Qin's Sais,0.6105263157894737,2.22222222222
Item3,The Executioner,0.6,2.66666666667
Item4,Transcendence,0.5445544554455446,2.30769230769
Item5,Wind Demon,0.702127659574,2.70049099836
Item6,Ichaival,0.610526315789,3.7084398977
Relic1,Purification,0.550925925926,
Relic2,Sprint,0.573770491803,
