Items_most_pop,Items_most_pop_L2,Items_most_pop_winrate,Items_L2,Items_L2_coef,Items_L2_winrate,Items_gold_adjusted_L2,Items_gold_adjusted_L2_coef,Items_gold_adjusted_L2_winrate
Transcendence,-3.2134566537727194,0.4577922077922078,Titan's Bane,9.074540683734009,0.6271186440677966,Asi,0.4751360324384326,2.9139976898036335
Asi,8.457421377404101,0.5186915887850467,Asi,8.457421377404101,0.5186915887850467,Titan's Bane,0.44266052115775656,3.059115336916081
Warrior Tabi,-1.829953846062599,0.463768115942029,Qin's Sais,7.485936685703032,0.5352112676056338,Ichaival,0.32575491734358375,3.259141494435612
Ninja Tabi,-0.15544269375951797,0.47619047619047616,Deathbringer,6.904140215470742,0.5714285714285714,Qin's Sais,0.2772569142852975,1.98226395409494
Qin's Sais,7.485936685703032,0.5352112676056338,Ichaival,5.537833594840923,0.5540540540540541,The Executioner,0.22179269694342266,2.3391812865497075
The Executioner,4.990335681227009,0.5263157894736842,The Executioner,4.990335681227009,0.5263157894736842,Deathbringer,0.21575438173346068,1.7857142857142858
