Relics_most_pop,Relics_most_pop_L2,Relics_most_pop_winrate,Relics_most_pop_wr_paired,Relics_L2,Relics_L2_coef,Relics_L2_winrate,Relics_L2_wr_paired
Purification,-5.243371577067647,0.5652968036529681,0.6,Teleport,11.612442807313062,0.6842105263157895,0.6
Sanctuary,-2.503716913829935,0.5694581280788177,,Sprint,7.0774544679027125,0.6095238095238096,
