Relics_most_pop,Relics_most_pop_L2,Relics_most_pop_winrate,Relics_most_pop_wr_paired,Relics_L2,Relics_L2_coef,Relics_L2_winrate,Relics_L2_wr_paired
Purification,19.985276262519804,0.6185714285714285,0.46875,Purification,19.985276262519804,0.6185714285714285,0.46875
Sanctuary,-2.0449612484145305,0.618421052631579,,Relic,0.12403536307617052,0.47619047619047616,
