Items_most_pop,Items_most_pop_L2,Items_most_pop_winrate,Items_L2,Items_L2_coef,Items_L2_winrate,Items_gold_adjusted_L2,Items_gold_adjusted_L2_coef,Items_gold_adjusted_L2_winrate
Shoes of the Magi,3.304022558863591,0.5639426076107299,Rod of Tahuti,31.942376769727147,0.65389369592089,Rod of Tahuti,0.9621197822206973,1.9695593250629218
Obsidian Shard,11.504679870622418,0.5965630114566285,Obsidian Shard,11.504679870622418,0.5965630114566285,Obsidian Shard,0.5612038961279228,2.910063470520139
Book of Thoth,9.658384297048862,0.582591493570722,Book of Thoth,9.658384297048862,0.582591493570722,Book of Thoth,0.36446733196410797,2.1984584663046114
Rod of Tahuti,31.942376769727147,0.65389369592089,Chronos' Pendant,7.468588250216164,0.603448275862069,Chronos' Pendant,0.3111911770923402,2.514367816091954
Warlock's Sash,5.886111594126662,0.5736677115987461,Warlock's Sash,5.886111594126662,0.5736677115987461,Warlock's Sash,0.22211741864628914,2.164783817353759
Soul Stone,9.234157212632557,0.5399361022364217,Shoes of the Magi,3.304022558863591,0.5639426076107299,Shoes of the Magi,0.20650140992897445,3.5246412975670616
