Relics_most_pop,Relics_most_pop_L2,Relics_most_pop_winrate,Relics_most_pop_wr_paired,Relics_L2,Relics_L2_coef,Relics_L2_winrate,Relics_L2_wr_paired
Purification,2.6049452820490058,0.5623978201634877,0.46,Purification,2.6049452820490058,0.5623978201634877,0.46
Sanctuary,-1.2222695437575009,0.5641632170313424,,Relic,2.448098895195586,0.4715447154471545,
