Items_most_pop,Items_most_pop_L2,Items_most_pop_winrate,Items_L2,Items_L2_coef,Items_L2_winrate,Items_gold_adjusted_L2,Items_gold_adjusted_L2_coef,Items_gold_adjusted_L2_winrate
Shoes of the Magi,5.875483030259335,0.5545722713864307,Rod of Tahuti,16.13095597979263,0.6015831134564644,Soul Reaver,0.5281405777557459,2.2148394241417497
Obsidian Shard,5.426938129576812,0.5667870036101083,Soul Reaver,15.527332986018926,0.6511627906976745,Dynasty Plate Helm,0.5065142001511667,3.554803216250529
Book of Thoth,9.193021485656466,0.5707762557077626,Spear of Desolation,11.064979720009351,0.6976744186046512,Rod of Tahuti,0.4858721680660431,1.8119973296881458
Rod of Tahuti,16.13095597979263,0.6015831134564644,Book of Thoth,9.193021485656466,0.5707762557077626,Shoes of the Magi,0.3672176893912084,3.466076696165192
Warlock's Sash,-1.546865566736233,0.5321428571428571,Dynasty Plate Helm,8.610741402569834,0.60431654676259,Book of Thoth,0.34690647115684775,2.1538726630481606
Soul Stone,14.062365047377535,0.5662650602409639,Shoes of the Magi,5.875483030259335,0.5545722713864307,Spear of Desolation,0.29118367684235136,1.8359853121175032
