Items_most_pop,Items_most_pop_L2,Items_most_pop_winrate,Items_L2,Items_L2_coef,Items_L2_winrate,Items_gold_adjusted_L2,Items_gold_adjusted_L2_coef,Items_gold_adjusted_L2_winrate
Shoes of the Magi,1.4217400335194608,0.5798059964726632,Rod of Tahuti,35.384211418883076,0.6632213608957795,Rod of Tahuti,1.0657895005687674,1.9976547014933117
Obsidian Shard,3.6025461363172155,0.6006618863761721,Spear of Desolation,16.30783095542184,0.7202797202797203,Doom Orb,0.6051680214009373,3.0158890800526263
Book of Thoth,11.387618567259908,0.596537949400799,Doom Orb,12.405944438719214,0.6182572614107884,Book of Thoth,0.4297214553682984,2.2510866015124487
Rod of Tahuti,35.384211418883076,0.6632213608957795,Book of Thoth,11.387618567259908,0.596537949400799,Spear of Desolation,0.42915344619531154,1.8954729481045272
Warlock's Sash,7.975089808764549,0.58125,Warlock's Sash,7.975089808764549,0.58125,Warlock's Sash,0.30094678523639806,2.193396226415094
Soul Stone,2.6656268922031834,0.5461454940282302,Bancroft's Talon,6.005489622427781,0.6135265700483091,Bancroft's Talon,0.2502287342678242,2.5563607085346214
