Items_most_pop,Items_most_pop_L2,Items_most_pop_winrate,Items_L2,Items_L2_coef,Items_L2_winrate,Items_gold_adjusted_L2,Items_gold_adjusted_L2_coef,Items_gold_adjusted_L2_winrate
Shoes of the Magi,-1.6470208251777312,0.5778961384820239,Rod of Tahuti,42.72979563343113,0.6809815950920245,Rod of Tahuti,1.28704203715154,2.051149382807303
Obsidian Shard,10.420312690266725,0.6129943502824858,Doom Orb,25.556073727377456,0.6487603305785123,Doom Orb,1.2466377427989002,3.1646845394073777
Book of Thoth,17.389438246437212,0.6051248357424441,Spear of Desolation,21.643760250842192,0.7388059701492538,Dynasty Plate Helm,0.7281903608726391,3.5663540778630294
Rod of Tahuti,42.72979563343113,0.6809815950920245,Book of Thoth,17.389438246437212,0.6051248357424441,Book of Thoth,0.6562052168466873,2.2834899461979026
Warlock's Sash,3.365580625431614,0.5769622833843018,Dynasty Plate Helm,12.379236134834864,0.606280193236715,Spear of Desolation,0.5695726381800577,1.9442262372348782
Soul Stone,-8.434608432407465,0.5045662100456622,Obsidian Shard,10.420312690266725,0.6129943502824858,Obsidian Shard,0.5083079361105719,2.9902163428413946
