Items_most_pop,Items_most_pop_L2,Items_most_pop_winrate,Items_L2,Items_L2_coef,Items_L2_winrate,Items_gold_adjusted_L2,Items_gold_adjusted_L2_coef,Items_gold_adjusted_L2_winrate
Shoes of the Magi,0.6558547639320339,0.5125,Rod of Tahuti,4.820857254189426,0.5910165484633569,Rod of Tahuti,0.14520654380088632,1.7801703266968583
Obsidian Shard,2.1455002019391465,0.5327510917030568,Obsidian Shard,2.1455002019391465,0.5327510917030568,Obsidian Shard,0.10465854643605593,2.5987858131856427
Book of Thoth,1.539601946071106,0.5268817204301075,Book of Thoth,1.539601946071106,0.5268817204301075,Book of Thoth,0.058098186644192674,1.9882329072834246
Rod of Tahuti,4.820857254189426,0.5910165484633569,Warlock's Sash,1.0010607607570763,0.5233415233415234,Shoes of the Magi,0.04099092274575211,3.203125
Warlock's Sash,1.0010607607570763,0.5233415233415234,Bancroft's Talon,0.9169305899567863,0.5802469135802469,Bancroft's Talon,0.03820544124819943,2.4176954732510287
Soul Stone,-1.8947379136913904,0.4648648648648649,Shoes of the Magi,0.6558547639320339,0.5125,Warlock's Sash,0.03777587776441797,1.9748736729868805
