,recommendations,win_rate,win_rate_per_cost
Starter Item,Soul Stone,,
Boots,Shoes of the Magi,0.548780487805,3.24182242991
Item2,Rod of Tahuti,0.5960729312762973,1.50909135524
Item3,Obsidian Shard,0.5454545454545454,2.44399185336
Item4,Soul Stone,0.5010183299389002,6.26272912424
Item5,Spear of Desolation,0.545454545455,2.00501253133
Item6,Book of Thoth,0.534131736527,2.01559145859
Relic1,Sanctuary,0.522442972774,
Relic2,Purification,0.524187153053,
