Items_most_pop,Items_most_pop_L2,Items_most_pop_winrate,Items_L2,Items_L2_coef,Items_L2_winrate,Items_gold_adjusted_L2,Items_gold_adjusted_L2_coef,Items_gold_adjusted_L2_winrate
Shoes of the Magi,234.25698100553416,0.557356608478803,Shoes of Focus,261.3049140590323,0.5,Shoes of Focus,17.420327603935487,3.3333333333333335
Obsidian Shard,-22.347784889033445,0.5725677830940988,Shoes of the Magi,234.25698100553416,0.557356608478803,Shoes of the Magi,14.641061312845885,3.4834788029925186
Book of Thoth,29.281894608212305,0.5673624288425048,Celestial Legion Helm,63.04486997010657,0.6739130434782609,Celestial Legion Helm,2.7410813030481114,2.9300567107750473
Rod of Tahuti,37.98376738814588,0.6394230769230769,Doom Orb,55.09228579821725,0.6111111111111112,Doom Orb,2.6874285755227922,2.9810298102981028
Soul Stone,0.046591048539208736,0.5120481927710844,Rod of Tahuti,37.98376738814588,0.6394230769230769,Rod of Tahuti,1.1440893791610205,1.9259731232622799
Warlock's Sash,17.428980775868684,0.5652173913043478,Book of Thoth,29.281894608212305,0.5673624288425048,Book of Thoth,1.1049771550268794,2.140990297518886
