Items_most_pop,Items_most_pop_L2,Items_most_pop_winrate,Items_L2,Items_L2_coef,Items_L2_winrate,Items_gold_adjusted_L2,Items_gold_adjusted_L2_coef,Items_gold_adjusted_L2_winrate
Shoes of the Magi,-0.044626124422117705,0.5787610619469027,Rod of Tahuti,27.479352314859767,0.6690140845070423,Rod of Tahuti,0.8276913347849327,2.0151026641778382
Obsidian Shard,2.982035041259407,0.6102449888641426,Book of Thoth,21.87515807311257,0.6276041666666666,Book of Thoth,0.8254776631363234,2.368317610062893
Book of Thoth,21.87515807311257,0.6276041666666666,Soul Reaver,17.64180628204816,0.7027027027027027,Chronos' Pendant,0.6174850925380503,2.709471766848816
Rod of Tahuti,27.479352314859767,0.6690140845070423,Chronos' Pendant,14.819642220913206,0.6502732240437158,Soul Reaver,0.6000614381649034,2.3901452472881046
Soul Stone,-4.38665868982279,0.5291666666666667,Dynasty Plate Helm,7.947485519837026,0.6354166666666666,Dynasty Plate Helm,0.46749914822570743,3.7377450980392157
Warlock's Sash,-7.878174337051408,0.5485232067510548,Shoes of Focus,5.676997493610028,0.6166666666666667,Shoes of Focus,0.37846649957400186,4.111111111111111
