Relics_most_pop,Relics_most_pop_L2,Relics_most_pop_winrate,Relics_most_pop_wr_paired,Relics_L2,Relics_L2_coef,Relics_L2_winrate,Relics_L2_wr_paired
Purification,1.1071286081984013,0.5343045112781954,0.543595263724,Sanctuary,4.29231033330806,0.5407118478790833,0.543595263724
Sanctuary,4.29231033330806,0.5407118478790833,,Purification,1.1071286081984013,0.5343045112781954,
