,recommendations,win_rate,win_rate_per_cost
Starter Item,Soul Stone,,
Boots,Shoes of Focus,0.616666666667,4.11111111111
Item2,Rod of Tahuti,0.6690140845070423,1.65217833359
Item3,Book of Thoth,0.6276041666666666,2.0698988934
Item4,Obsidian Shard,0.6102449888641426,2.67572295976
Item5,Chronos' Pendant,0.702702702703,2.70947176685
Item6,Soul Reaver,0.650273224044,2.39014524729
Relic1,Sanctuary,0.592465753425,
Relic2,Teleport,0.68,
