Items_most_pop,Items_most_pop_L2,Items_most_pop_winrate,Items_L2,Items_L2_coef,Items_L2_winrate,Items_gold_adjusted_L2,Items_gold_adjusted_L2_coef,Items_gold_adjusted_L2_winrate
Shoes of the Magi,-1.7635232470348476,0.5290858725761773,Rod of Tahuti,33.80495614867415,0.6210526315789474,Rod of Tahuti,1.0182215707431974,1.8706404565630945
Obsidian Shard,5.11948353966995,0.5549872122762148,Book of Thoth,10.29034318994745,0.5481400437636762,Doom Orb,0.4584810390271305,2.848780487804878
Book of Thoth,10.29034318994745,0.5481400437636762,Warlock's Sash,9.413817684523455,0.5467032967032966,Book of Thoth,0.38831483735650757,2.068452995334627
Rod of Tahuti,33.80495614867415,0.6210526315789474,Doom Orb,9.398861300056174,0.584,Warlock's Sash,0.3552384031895643,2.063031308314327
Warlock's Sash,9.413817684523455,0.5467032967032966,Bancroft's Talon,7.716903751834024,0.5833333333333334,Bancroft's Talon,0.3215376563264177,2.4305555555555554
Soul Stone,1.4312775678961052,0.4899817850637523,Obsidian Shard,5.11948353966995,0.5549872122762148,Obsidian Shard,0.2497309043741439,2.707254694030316
