Relics_most_pop,Relics_most_pop_L2,Relics_most_pop_winrate,Relics_most_pop_wr_paired,Relics_L2,Relics_L2_coef,Relics_L2_winrate,Relics_L2_wr_paired
Sanctuary,-92.897497984211,0.5432525951557093,0.642857142857,Purification,6.9125074631162216,0.5524475524475524,0.642857142857
Purification,6.9125074631162216,0.5524475524475524,,Relic,-59.421848174218574,0.56,
