,recommendations,win_rate,win_rate_per_cost
Starter Item,Death's Toll,,
Boots,Warrior Tabi,0.5,4.08602150538
Item2,Titan's Bane,0.6333333333333333,3.08943089431
Item3,Qin's Sais,0.5627240143369175,2.34567901235
Item4,Transcendence,0.509469696969697,2.4358974359
Item5,Ichaival,0.562724014337,3.46749226006
Item6,Devourer's Gauntlet,0.622222222222,3.0352303523
Relic1,Purification,0.518234165067,
Relic2,Teleport,0.490566037736,
