Relics_most_pop,Relics_most_pop_L2,Relics_most_pop_winrate,Relics_most_pop_wr_paired,Relics_L2,Relics_L2_coef,Relics_L2_winrate,Relics_L2_wr_paired
Purification,9.731882688652279,0.5082872928176796,0.565853658537,Purification,9.731882688652279,0.5082872928176796,0.565853658537
Sanctuary,-7.3606074941136415,0.49128469980632666,,Sprint,3.300983717134766,0.513126491646778,
