Items_most_pop,Items_most_pop_L2,Items_most_pop_winrate,Items_L2,Items_L2_coef,Items_L2_winrate,Items_gold_adjusted_L2,Items_gold_adjusted_L2_coef,Items_gold_adjusted_L2_winrate
Transcendence,-80.47636234041651,0.5228426395939086,Hastened Fatalis,626.1018053906481,0.64,Hastened Fatalis,29.257093709843367,2.9906542056074765
Warrior Tabi,-34.33385219247663,0.5294117647058824,Jotunn's Wrath,471.8597235139171,0.5163934426229508,Jotunn's Wrath,19.338513258767094,2.1163665681268475
Qin's Sais,277.95299611059636,0.5977011494252874,Qin's Sais,277.95299611059636,0.5977011494252874,Qin's Sais,10.29455541150357,2.2137079608343977
Asi,-93.5861818285282,0.47928994082840237,Deathbringer,234.64853738218468,0.578125,Deathbringer,7.3327667931932705,1.806640625
The Executioner,38.626549247886395,0.5165562913907285,Wind Demon,184.00623600491383,0.4878048780487805,Wind Demon,7.0771629232659174,1.876172607879925
Jotunn's Wrath,471.8597235139171,0.5163934426229508,Titan's Bane,80.13206400811931,0.6083333333333333,Titan's Bane,3.908881171127772,2.967479674796748
