,recommendations,win_rate,win_rate_per_cost
Starter Item,Bluestone Pendant,,
Boots,Ninja Tabi,0.589285714286,3.92857142857
Item2,Qin's Sais,0.5692307692307692,1.97682344922
Item3,The Executioner,0.5759493670886076,2.37218813906
Item4,Jotunn's Wrath,0.5337423312883436,2.18746857085
Item5,Titan's Bane,0.569230769231,2.85823170732
Item6,Deathbringer,0.575949367089,2.06117021277
Relic1,Purification,0.522727272727,
Relic2,Sanctuary,0.509915014164,
