Items_most_pop,Items_most_pop_L2,Items_most_pop_winrate,Items_L2,Items_L2_coef,Items_L2_winrate,Items_gold_adjusted_L2,Items_gold_adjusted_L2_coef,Items_gold_adjusted_L2_winrate
Transcendence,2.396732416496682,0.4901785714285714,Titan's Bane,14.01694046969219,0.5951742627345844,Titan's Bane,0.6837531936435215,2.903289086510168
Warrior Tabi,3.0408891475805095,0.4923766816143498,Qin's Sais,8.586643384364871,0.5378787878787878,Qin's Sais,0.31802382905055077,1.9921436588103254
Qin's Sais,8.586643384364871,0.5378787878787878,Deathbringer,6.885682935340719,0.5775401069518716,Deathbringer,0.21517759172939743,1.804812834224599
Asi,-1.6541046033771374,0.48254620123203285,Brawler's Beat Stick,4.5704764886599865,0.6,Warrior Tabi,0.19618639661809736,3.1766237523506438
The Executioner,-0.9766313817556284,0.48429319371727747,Jotunn's Wrath,3.0558426580085385,0.5149051490514905,Brawler's Beat Stick,0.19043652036083278,2.5
Titan's Bane,14.01694046969219,0.5951742627345844,Warrior Tabi,3.0408891475805095,0.4923766816143498,Jotunn's Wrath,0.12523945319707125,2.1102670043093874
