,recommendations,win_rate,win_rate_per_cost
Starter Item,Bluestone Pendant,,
Boots,Warrior Tabi,0.659420289855,3.39907251694
Item2,Asi,0.5652985074626866,2.95986651756
Item3,Qin's Sais,0.5553822152886115,1.95131940788
Item4,Jotunn's Wrath,0.5514018691588785,2.15924688576
Item5,Wind Demon,0.555382215289,2.53623188406
Item6,Titan's Bane,0.551401869159,2.73170731707
Relic1,Purification,0.534728033473,
Relic2,Sanctuary,0.520676691729,
