Items_most_pop,Items_most_pop_L2,Items_most_pop_winrate,Items_L2,Items_L2_coef,Items_L2_winrate,Items_gold_adjusted_L2,Items_gold_adjusted_L2_coef,Items_gold_adjusted_L2_winrate
Transcendence,0.04499256687493945,0.4780701754385965,Titan's Bane,15.229565401436545,0.5422343324250681,Titan's Bane,0.7429056293383681,2.6450455240247224
Warrior Tabi,8.061705746041389,0.4841053587647593,Deathbringer,15.131726431324305,0.5514018691588785,Warrior Tabi,0.5201100481317025,3.1232603791274793
Qin's Sais,12.249164189770402,0.5114503816793893,Qin's Sais,12.249164189770402,0.5114503816793893,Deathbringer,0.4728664509788845,1.7231308411214954
Asi,-2.510593016583451,0.4764705882352941,Wind Demon,11.589070257795003,0.546875,Qin's Sais,0.45367274776927413,1.8942606728866271
Jotunn's Wrath,6.961822739859798,0.5076923076923077,Hastened Fatalis,9.277377194063233,0.5714285714285714,Wind Demon,0.4457334714536539,2.1033653846153846
The Executioner,-7.327456649610498,0.4609375,Warrior Tabi,8.061705746041389,0.4841053587647593,Hastened Fatalis,0.4335222987880015,2.67022696929239
