Items_most_pop,Items_most_pop_L2,Items_most_pop_winrate,Items_L2,Items_L2_coef,Items_L2_winrate,Items_gold_adjusted_L2,Items_gold_adjusted_L2_coef,Items_gold_adjusted_L2_winrate
Warrior Tabi,-1.9636998477932286,0.45962732919254656,Titan's Bane,15.573769390244973,0.5865384615384616,Titan's Bane,0.7596960678168281,2.8611632270168856
Transcendence,0.6168073122212157,0.46273291925465837,Hastened Fatalis,9.847679048627153,0.6666666666666666,Hastened Fatalis,0.46017191816014735,3.115264797507788
Qin's Sais,3.0168048392333504,0.49295774647887325,Brawler's Beat Stick,9.587906865231771,0.6285714285714286,Brawler's Beat Stick,0.3994961193846571,2.619047619047619
Asi,4.006286343405624,0.488,Bloodforge,7.8576246293212275,0.631578947368421,Bloodforge,0.2757061273446045,2.21606648199446
The Executioner,-7.087491358582204,0.4396551724137931,Deathbringer,6.934067252551312,0.5454545454545454,Asi,0.225072266483462,2.741573033707865
Jotunn's Wrath,2.1350082370601786,0.49122807017543857,Wind Demon,5.299637447841525,0.5714285714285714,Deathbringer,0.21668960164222853,1.7045454545454546
