Relics_most_pop,Relics_most_pop_L2,Relics_most_pop_winrate,Relics_most_pop_wr_paired,Relics_L2,Relics_L2_coef,Relics_L2_winrate,Relics_L2_wr_paired
Purification,3.6376569577590367,0.4745762711864407,0.486404833837,Sanctuary,4.11788404383082,0.4774774774774775,0.486404833837
Sanctuary,4.11788404383082,0.4774774774774775,,Purification,3.6376569577590367,0.4745762711864407,
