Relics_most_pop,Relics_most_pop_L2,Relics_most_pop_winrate,Relics_most_pop_wr_paired,Relics_L2,Relics_L2_coef,Relics_L2_winrate,Relics_L2_wr_paired
Purification,0.545383503478306,0.5011764705882353,0.521588946459,Sanctuary,0.6351934893047152,0.5041095890410959,0.521588946459
Sanctuary,0.6351934893047152,0.5041095890410959,,Purification,0.545383503478306,0.5011764705882353,
