Relics_most_pop,Relics_most_pop_L2,Relics_most_pop_winrate,Relics_most_pop_wr_paired,Relics_L2,Relics_L2_coef,Relics_L2_winrate,Relics_L2_wr_paired
Purification,26.50970332926752,0.5081411126187245,0.569892473118,Relic,27.320707368927245,0.5244755244755245,0.569892473118
Sanctuary,-14.403243131882542,0.476592478894858,,Purification,26.50970332926752,0.5081411126187245,
