,recommendations,win_rate,win_rate_per_cost
Starter Item,Death's Toll,,
Boots,Warrior Tabi,0.44779582366589327,2.81976088428
Item2,Qin's Sais,0.5012106537530266,1.61875161875
Item3,The Executioner,0.4774193548387097,1.9425019425
Item4,Transcendence,0.4517593643586833,1.6810112964
Item5,Titan's Bane,0.501210653753,2.50021855057
Item6,Ichaival,0.497142857143,2.9243697479
Relic1,Relic,0.451612903226,
Relic2,Sanctuary,0.461538461538,
