,recommendations,win_rate,win_rate_per_cost
Starter Item,Bluestone Pendant,,
Boots,Warrior Tabi,0.5456298200514139,3.64089184061
Item2,Qin's Sais,0.6131191432396251,2.0901416122
Item3,Transcendence,0.551980198019802,2.17053167421
Item4,Asi,0.5803030303030303,3.17043952412
Item5,Titan's Bane,0.707006369427,3.11248634874
Item6,Wind Demon,0.638059701493,2.71925526703
Relic1,Purification,0.555118110236,
Relic2,Teleport,0.587412587413,
