Relics_most_pop,Relics_most_pop_L2,Relics_most_pop_winrate,Relics_most_pop_wr_paired,Relics_L2,Relics_L2_coef,Relics_L2_winrate,Relics_L2_wr_paired
Purification,8.22299262722739,0.48881789137380194,0.542372881356,Purification,8.22299262722739,0.48881789137380194,0.542372881356
Sanctuary,-5.961866881290729,0.4710467706013363,,Sprint,3.974223269700905,0.5019305019305019,
