Relics_most_pop,Relics_most_pop_L2,Relics_most_pop_winrate,Relics_most_pop_wr_paired,Relics_L2,Relics_L2_coef,Relics_L2_winrate,Relics_L2_wr_paired
Purification,6.780785453123387,0.47368421052631576,0.487179487179,Purification,6.780785453123387,0.47368421052631576,0.487179487179
Sanctuary,0.5946873739552294,0.4695369618196588,,Sanctuary,0.5946873739552294,0.4695369618196588,
