Items_most_pop,Items_most_pop_L2,Items_most_pop_winrate,Items_L2,Items_L2_coef,Items_L2_winrate,Items_gold_adjusted_L2,Items_gold_adjusted_L2_coef,Items_gold_adjusted_L2_winrate
Transcendence,-0.24789936715697322,0.4886164623467601,Deathbringer,4.803126953908034,0.6428571428571429,Titan's Bane,0.18190322626460348,2.840746054519369
Warrior Tabi,-0.37403914393980614,0.4889705882352941,Titan's Bane,3.7290161384243716,0.5823529411764706,Deathbringer,0.15009771730962604,2.0089285714285716
Qin's Sais,2.4838258765987242,0.536,Qin's Sais,2.4838258765987242,0.536,Qin's Sais,0.09199355098513795,1.9851851851851852
Asi,1.4335717784283215,0.52,Hastened Fatalis,1.7117040570510385,0.62,Asi,0.08053774036114167,2.9213483146067416
The Executioner,1.396719703878062,0.5235602094240838,Asi,1.4335717784283215,0.52,Hastened Fatalis,0.07998617089023545,2.897196261682243
Titan's Bane,3.7290161384243716,0.5823529411764706,The Executioner,1.396719703878062,0.5235602094240838,The Executioner,0.06207643128346942,2.326934264107039
