Relics_most_pop,Relics_most_pop_L2,Relics_most_pop_winrate,Relics_most_pop_wr_paired,Relics_L2,Relics_L2_coef,Relics_L2_winrate,Relics_L2_wr_paired
Purification,1.3249362031472178,0.4727272727272727,0.536585365854,Sprint,10.467115818899945,0.5233644859813084,0.536585365854
Sanctuary,8.748085338409513,0.49025069637883006,,Sanctuary,8.748085338409513,0.49025069637883006,
