,recommendations,win_rate,win_rate_per_cost
Starter Item,Death's Toll,,
Boots,Warrior Tabi,0.45962732919254656,3.16921335597
Item2,Asi,0.488,2.75970825941
Item3,Qin's Sais,0.49295774647887325,1.81936322287
Item4,Jotunn's Wrath,0.49122807017543857,2.0132297958
Item5,Titan's Bane,0.586538461538,2.86116322702
Item6,Hastened Fatalis,0.666666666667,3.11526479751
Relic1,Purification,0.491638795987,
Relic2,Teleport,0.484848484848,
