Relics_most_pop,Relics_most_pop_L2,Relics_most_pop_winrate,Relics_most_pop_wr_paired,Relics_L2,Relics_L2_coef,Relics_L2_winrate,Relics_L2_wr_paired
Purification,-3.344544287153481,0.47483766233766234,0.666666666667,Teleport,9.158349288041787,0.5327868852459017,0.666666666667
Sanctuary,-2.5597941641714113,0.4744186046511628,,Sprint,5.201787374452825,0.4908424908424908,
