Relics_most_pop,Relics_most_pop_L2,Relics_most_pop_winrate,Relics_most_pop_wr_paired,Relics_L2,Relics_L2_coef,Relics_L2_winrate,Relics_L2_wr_paired
Purification,-0.48073953701938216,0.4846938775510204,0.666666666667,Teleport,3.3368434639963267,0.6176470588235294,0.666666666667
Sanctuary,0.5681477551996823,0.4896755162241888,,Sanctuary,0.5681477551996823,0.4896755162241888,
