Items_most_pop,Items_most_pop_L2,Items_most_pop_winrate,Items_L2,Items_L2_coef,Items_L2_winrate,Items_gold_adjusted_L2,Items_gold_adjusted_L2_coef,Items_gold_adjusted_L2_winrate
Transcendence,11.678272779880393,0.5642458100558659,Deathbringer,24.123589762102053,0.6398104265402843,Titan's Bane,0.9271810175739545,3.0249352772857336
Warrior Tabi,3.3341636593693975,0.5624404194470924,Titan's Bane,19.00721086026607,0.6201117318435754,Deathbringer,0.7538621800656893,1.9994075829383886
Qin's Sais,11.145474981368185,0.5970873786407767,Transcendence,11.678272779880393,0.5642458100558659,Transcendence,0.4491643376877074,2.170176192522561
Asi,-5.039459919050585,0.5645342312008979,Qin's Sais,11.145474981368185,0.5970873786407767,Qin's Sais,0.41279536968030317,2.2114347357065802
The Executioner,0.016260995537554866,0.5625774473358116,Wind Demon,8.538340085781252,0.6181818181818182,Ichaival,0.39434514000458315,3.434111074597437
Jotunn's Wrath,-3.4258622953330287,0.557510148849797,Ichaival,6.703867380077913,0.5837988826815642,Wind Demon,0.3283976956069712,2.3776223776223775
