Relics_most_pop,Relics_most_pop_L2,Relics_most_pop_winrate,Relics_most_pop_wr_paired,Relics_L2,Relics_L2_coef,Relics_L2_winrate,Relics_L2_wr_paired
Sanctuary,-3.7436459527790373,0.45011600928074247,0.512820512821,Sprint,1.0908326356072438,0.4791666666666667,0.512820512821
Purification,0.09035385750807876,0.46472019464720193,,Purification,0.09035385750807876,0.46472019464720193,
