Items_most_pop,Items_most_pop_L2,Items_most_pop_winrate,Items_L2,Items_L2_coef,Items_L2_winrate,Items_gold_adjusted_L2,Items_gold_adjusted_L2_coef,Items_gold_adjusted_L2_winrate
Shoes of the Magi,-0.017467752021400346,0.49368863955119213,Rod of Tahuti,10.682417830109513,0.6163141993957704,Gem of Isolation,0.34040164990191285,2.084765177548683
Gem of Isolation,9.190844547351647,0.5628865979381443,Gem of Isolation,9.190844547351647,0.5628865979381443,Hastened Fatalis,0.3223883817073908,3.248776145972408
Obsidian Shard,4.397470470943046,0.5377969762419006,Hastened Fatalis,6.899111368538163,0.6952380952380952,Rod of Tahuti,0.3217595731960696,1.8563680704691878
Book of Thoth,5.464276758984994,0.5434782608695652,Book of Thoth,5.464276758984994,0.5434782608695652,Obsidian Shard,0.21451075468014855,2.6233998841068322
Chronos' Pendant,1.6308826137649088,0.5150602409638554,Obsidian Shard,4.397470470943046,0.5377969762419006,Book of Thoth,0.2061991229805658,2.0508613617719442
Rod of Tahuti,10.682417830109513,0.6163141993957704,Spear of the Magus,4.0541701483134105,0.6057692307692307,Spear of the Magus,0.18856605340992605,2.817531305903399
