Items_most_pop,Items_most_pop_L2,Items_most_pop_winrate,Items_L2,Items_L2_coef,Items_L2_winrate,Items_gold_adjusted_L2,Items_gold_adjusted_L2_coef,Items_gold_adjusted_L2_winrate
Shoes of the Magi,1.4131869863037825,0.47761194029850745,Warlock's Sash,15.363712773242034,0.6346153846153846,Warlock's Sash,0.5797627461600767,2.39477503628447
Gem of Isolation,2.6083017151826464,0.4897959183673469,Chronos' Pendant,12.069733091878849,0.5846153846153846,Chronos' Pendant,0.502905545494952,2.4358974358974357
Obsidian Shard,7.467831364759772,0.5274725274725275,Spear of the Magus,10.316535577852983,0.68,Spear of the Magus,0.47983886408618526,3.1627906976744184
Book of Thoth,-14.771862059068683,0.375,Rod of Tahuti,8.00320064412298,0.5606060606060606,Obsidian Shard,0.3642844568175499,2.573036719378183
Rod of Tahuti,8.00320064412298,0.5606060606060606,Obsidian Shard,7.467831364759772,0.5274725274725275,Rod of Tahuti,0.24106026036515002,1.688572471705002
Chronos' Pendant,12.069733091878849,0.5846153846153846,Spear of Desolation,2.72615021996141,0.6363636363636364,Gem of Isolation,0.0966037672289869,1.8140589569160999
