Relics_most_pop,Relics_most_pop_L2,Relics_most_pop_winrate,Relics_most_pop_wr_paired,Relics_L2,Relics_L2_coef,Relics_L2_winrate,Relics_L2_wr_paired
Purification,-1.4581563942911095,0.5631067961165048,0.692307692308,Sanctuary,7.782261870083679,0.5875613747954174,0.692307692308
Sanctuary,7.782261870083679,0.5875613747954174,,Sprint,3.6849164614543692,0.6071428571428571,
