Relics_most_pop,Relics_most_pop_L2,Relics_most_pop_winrate,Relics_most_pop_wr_paired,Relics_L2,Relics_L2_coef,Relics_L2_winrate,Relics_L2_wr_paired
Purification,-5.184374171097804,0.48638132295719844,0.577586206897,Sprint,6.4880234547593,0.5630630630630631,0.577586206897
Sanctuary,2.317405568117825,0.5027237354085603,,Sanctuary,2.317405568117825,0.5027237354085603,
