Relics_most_pop,Relics_most_pop_L2,Relics_most_pop_winrate,Relics_most_pop_wr_paired,Relics_L2,Relics_L2_coef,Relics_L2_winrate,Relics_L2_wr_paired
Sanctuary,0.26800521787609716,0.6044776119402985,0.610859728507,Purification,0.26835056824950937,0.6085271317829457,0.610859728507
Purification,0.26835056824950937,0.6085271317829457,,Sanctuary,0.26800521787609716,0.6044776119402985,
