Items_most_pop,Items_most_pop_L2,Items_most_pop_winrate,Items_L2,Items_L2_coef,Items_L2_winrate,Items_gold_adjusted_L2,Items_gold_adjusted_L2_coef,Items_gold_adjusted_L2_winrate
Shoes of the Magi,-1.7840902414669821,0.5244618395303327,Rod of Tahuti,14.012937252353758,0.6666666666666666,Hastened Fatalis,0.4854256568412264,3.3301106456117737
Gem of Isolation,9.504574912497658,0.5864864864864865,Hastened Fatalis,10.388109056402246,0.7126436781609196,Rod of Tahuti,0.42207642326366746,2.0080321285140563
Obsidian Shard,7.852005592666222,0.5878787878787879,Gem of Isolation,9.504574912497658,0.5864864864864865,Obsidian Shard,0.38302466305688887,2.86770140428677
Book of Thoth,2.29856472650676,0.5478927203065134,Obsidian Shard,7.852005592666222,0.5878787878787879,Gem of Isolation,0.3520212930554688,2.1721721721721723
Chronos' Pendant,5.730463423977531,0.5826086956521739,Warlock's Sash,5.749488607286559,0.5786516853932584,Chronos' Pendant,0.2387693093323971,2.427536231884058
Rod of Tahuti,14.012937252353758,0.6666666666666666,Chronos' Pendant,5.730463423977531,0.5826086956521739,Warlock's Sash,0.21696183423722862,2.1835912656349374
