,recommendations,win_rate,win_rate_per_cost
Starter Item,Soul Stone,,
Boots,Shoes of the Magi,0.5228855721393035,3.51426076834
Item2,Rod of Tahuti,0.6333699231613611,1.69361964739
Item3,Gem of Isolation,0.5727941176470588,2.08252489975
Item4,Book of Thoth,0.5468599033816425,2.12181782239
Item5,Hastened Fatalis,0.612299465241,2.8612124544
Item6,Chronos' Pendant,0.546859903382,2.34284051222
Relic1,Sprint,0.567567567568,
Relic2,Sanctuary,0.526651480638,
