,recommendations,win_rate,win_rate_per_cost
Starter Item,Soul Stone,,
Boots,Shoes of the Magi,0.637254901961,4.01119402985
Item2,Breastplate of Valor,0.6555555555555556,2.85024154589
Item3,Rod of Asclepius,0.6372549019607843,2.46449456976
Item4,Warlock's Sash,0.6344086021505376,2.47379454927
Item5,Rod of Tahuti,0.878787878788,2.64695144213
Item6,Book of Thoth,0.728813559322,2.7502398465
Relic1,Sprint,0.704545454545,
Relic2,Curse,0.769230769231,
