Relics_most_pop,Relics_most_pop_L2,Relics_most_pop_winrate,Relics_most_pop_wr_paired,Relics_L2,Relics_L2_coef,Relics_L2_winrate,Relics_L2_wr_paired
Sprint,161.7978469993744,0.49295774647887325,0.666666666667,Sprint,161.7978469993744,0.49295774647887325,0.666666666667
Teleport,44.68532690000962,0.4603174603174603,,Sanctuary,113.69727579950253,0.5263157894736842,
