Relics_most_pop,Relics_most_pop_L2,Relics_most_pop_winrate,Relics_most_pop_wr_paired,Relics_L2,Relics_L2_coef,Relics_L2_winrate,Relics_L2_wr_paired
Sprint,8.320899020104077,0.6530612244897959,0.0,Sprint,8.320899020104077,0.6530612244897959,0.0
Teleport,-1.7201276095393399,0.5652173913043478,,Relic,4.725118634708254,0.75,
