Relics_most_pop,Relics_most_pop_L2,Relics_most_pop_winrate,Relics_most_pop_wr_paired,Relics_L2,Relics_L2_coef,Relics_L2_winrate,Relics_L2_wr_paired
Sprint,6.030656700902017,0.5655172413793104,0.625,Sanctuary,6.309694634683927,0.5909090909090909,0.625
Teleport,-3.240409936168183,0.49624060150375937,,Sprint,6.030656700902017,0.5655172413793104,
