,recommendations,win_rate,win_rate_per_cost
Starter Item,Soul Stone,,
Boots,Shoes of Focus,0.645161290323,3.4632034632
Item2,Chronos' Pendant,0.5348837209302325,1.82291666667
Item3,Breastplate of Valor,0.4722222222222222,1.90217391304
Item4,Warlock's Sash,0.47540983606557374,1.65094339623
Item5,Obsidian Shard,0.823529411765,4.01721664275
Item6,Book of Thoth,0.631578947368,2.38331678252
Relic1,Teleport,0.524590163934,
Relic2,Curse,0.625,
