Relics_most_pop,Relics_most_pop_L2,Relics_most_pop_winrate,Relics_most_pop_wr_paired,Relics_L2,Relics_L2_coef,Relics_L2_winrate,Relics_L2_wr_paired
Teleport,4.1014382603579,0.5563380281690141,0.692307692308,Sprint,12.783864216022389,0.6030534351145038,0.692307692308
Sprint,12.783864216022389,0.6030534351145038,,Meditation,7.4021448655899365,0.5844155844155844,
