Items_most_pop,Items_most_pop_L2,Items_most_pop_winrate,Items_L2,Items_L2_coef,Items_L2_winrate,Items_gold_adjusted_L2,Items_gold_adjusted_L2_coef,Items_gold_adjusted_L2_winrate
Shoes of Focus,14.858276181552837,0.6774193548387096,Warlock's Sash,22.01441847313661,0.7333333333333333,Shoes of Focus,0.9905517454368559,4.516129032258065
Rod of Asclepius,11.681832512853738,0.6811594202898551,Rod of Tahuti,18.04734405191193,0.78125,Warlock's Sash,0.8307327725711928,2.7672955974842766
Breastplate of Valor,14.539169350667358,0.7049180327868853,Chronos' Pendant,16.42229753328432,0.7435897435897436,Chronos' Pendant,0.6842623972201799,3.0982905982905984
Warlock's Sash,22.01441847313661,0.7333333333333333,Shoes of Focus,14.858276181552837,0.6774193548387096,Breastplate of Valor,0.6321377978551025,3.0648610121168924
Shoes of the Magi,-3.6632016652352393,0.5952380952380952,Breastplate of Valor,14.539169350667358,0.7049180327868853,Rod of Tahuti,0.5435947003587931,2.3531626506024095
Chronos' Pendant,16.42229753328432,0.7435897435897436,Rod of Asclepius,11.681832512853738,0.6811594202898551,Rod of Asclepius,0.4391666358215691,2.560749700337801
