Relics_most_pop,Relics_most_pop_L2,Relics_most_pop_winrate,Relics_most_pop_wr_paired,Relics_L2,Relics_L2_coef,Relics_L2_winrate,Relics_L2_wr_paired
Sprint,13.200574438273255,0.5959183673469388,0.730769230769,Sprint,13.200574438273255,0.5959183673469388,0.730769230769
Teleport,-4.339858816054762,0.5072463768115942,,Purification,5.815900417162654,0.5691489361702128,
