,recommendations,win_rate,win_rate_per_cost
Starter Item,Soul Stone,,
Boots,Shoes of the Magi,0.5443037974683544,3.40189873418
Item2,Breastplate of Valor,0.6111111111111112,2.36653824986
Item3,Rod of Asclepius,0.6063829787234043,2.0462548777
Item4,Warlock's Sash,0.5806451612903226,2.05397659422
Item5,Book of Thoth,0.611111111111,2.47448190535
Item6,Rod of Tahuti,0.655737704918,2.17892847988
Relic1,Teleport,0.592592592593,
Relic2,Purification,0.560606060606,
