Items_most_pop,Items_most_pop_L2,Items_most_pop_winrate,Items_L2,Items_L2_coef,Items_L2_winrate,Items_gold_adjusted_L2,Items_gold_adjusted_L2_coef,Items_gold_adjusted_L2_winrate
Warrior Tabi,-1.1407841217540902,0.47766990291262135,Deathbringer,12.514029079064379,0.599406528189911,Wind Demon,0.3972384008528006,2.241283895960155
Ichaival,-1.093800234680709,0.4723435225618632,Wind Demon,10.328198422172816,0.5827338129496403,Deathbringer,0.39106340872076184,1.8731454005934718
Qin's Sais,7.138971268780316,0.5234795996920708,Qin's Sais,7.138971268780316,0.5234795996920708,Titan's Bane,0.3343463790424345,2.7544537740459374
Devourer's Gauntlet,0.6402356912800058,0.48583333333333334,Titan's Bane,6.854100770369907,0.5646630236794171,Qin's Sais,0.2644063432881599,1.938813332192855
The Executioner,4.1480015361234,0.516506922257721,The Executioner,4.1480015361234,0.516506922257721,The Executioner,0.18435562382770665,2.2955863211454264
Asi,2.1605129992610417,0.5010869565217392,Hastened Fatalis,2.910180448197637,0.5413533834586466,Ninja Tabi,0.17672397715655824,3.498168498168498
