Relics_most_pop,Relics_most_pop_L2,Relics_most_pop_winrate,Relics_most_pop_wr_paired,Relics_L2,Relics_L2_coef,Relics_L2_winrate,Relics_L2_wr_paired
Purification,-0.04247055056388238,0.4984875983061101,0.75,Sprint,1.3385760733815633,0.5436241610738255,0.75
Sanctuary,-1.3739778434520695,0.4899095337508699,,Teleport,0.12315431797421275,0.5116279069767442,
