Items_most_pop,Items_most_pop_L2,Items_most_pop_winrate,Items_L2,Items_L2_coef,Items_L2_winrate,Items_gold_adjusted_L2,Items_gold_adjusted_L2_coef,Items_gold_adjusted_L2_winrate
Warrior Tabi,31.880211971760485,0.5036496350364964,Hastened Fatalis,57.42959335857773,0.65625,Hastened Fatalis,2.683625857877464,3.066588785046729
Ichaival,-18.761297662974183,0.4791666666666667,Devourer's Gauntlet,44.23958380044904,0.53125,Devourer's Gauntlet,2.1580284780706847,2.591463414634146
Qin's Sais,-14.499845130997782,0.4819277108433735,Warrior Tabi,31.880211971760485,0.5036496350364964,Warrior Tabi,2.056787869145838,3.249352484106428
Devourer's Gauntlet,44.23958380044904,0.53125,Transcendence,17.30544800907711,0.43333333333333335,Transcendence,0.6655941541952736,1.6666666666666667
Death's Toll,0.46646997471567,0.4609375,Deathbringer,16.16691977609566,0.5789473684210527,Wind Demon,0.5323611670770453,2.2051282051282053
Asi,-11.036560142514451,0.464,Wind Demon,13.841390344003177,0.5733333333333334,Deathbringer,0.5052162430029893,1.8092105263157894
