,recommendations,win_rate,win_rate_per_cost
Starter Item,Death's Toll,,
Boots,Warrior Tabi,0.4742268041237113,3.65591397849
Item2,The Executioner,0.5666666666666667,2.51851851852
Item3,Qin's Sais,0.5272727272727272,2.0987654321
Item4,Devourer's Gauntlet,0.4778761061946903,2.76422764228
Item5,Deathbringer,0.566666666667,1.93452380952
Item6,Wind Demon,0.576271186441,2.21642764016
Relic1,Sanctuary,0.514285714286,
Relic2,Sprint,0.48275862069,
