Relics_most_pop,Relics_most_pop_L2,Relics_most_pop_winrate,Relics_most_pop_wr_paired,Relics_L2,Relics_L2_coef,Relics_L2_winrate,Relics_L2_wr_paired
Purification,-2.399517888579572,0.47096774193548385,0.526315789474,Sanctuary,3.0542468779095553,0.4942528735632184,0.526315789474
Sanctuary,3.0542468779095553,0.4942528735632184,,Sprint,0.15952394317950855,0.47619047619047616,
