,recommendations,win_rate,win_rate_per_cost
Starter Item,Death's Toll,,
Boots,Ninja Tabi,0.582781456954,3.67697594502
Item2,Asi,0.5168316831683168,2.82671109063
Item3,Devourer's Gauntlet,0.5031545741324921,2.45441255674
Item4,Qin's Sais,0.516260162601626,1.86353545975
Item5,Wind Demon,0.637795275591,2.45305875227
Item6,Hastened Fatalis,0.600583090379,2.90758047767
Relic1,Sprint,0.514893617021,
Relic2,Teleport,0.535714285714,
