Items_most_pop,Items_most_pop_L2,Items_most_pop_winrate,Items_L2,Items_L2_coef,Items_L2_winrate,Items_gold_adjusted_L2,Items_gold_adjusted_L2_coef,Items_gold_adjusted_L2_winrate
Warrior Tabi,-1.2683774931988094,0.46116970278044106,Wind Demon,29.163987951026005,0.6163934426229508,Wind Demon,1.121691844270231,2.370744010088272
Ichaival,14.706128544090355,0.4738372093023256,Deathbringer,24.094625438617893,0.6122448979591837,Ichaival,0.8650663849464915,2.7872777017783856
Qin's Sais,13.40130867261159,0.5164835164835165,Ichaival,14.706128544090355,0.4738372093023256,Deathbringer,0.752957044956809,1.913265306122449
Devourer's Gauntlet,0.5651974434487651,0.45483870967741935,The Executioner,14.301199260443706,0.5231788079470199,The Executioner,0.6356088560197203,2.3252391464311994
Death's Toll,-13.612094667278713,0.36213991769547327,Qin's Sais,13.40130867261159,0.5164835164835165,Qin's Sais,0.4963447656522811,1.912901912901913
Asi,8.361697233554299,0.5021929824561403,Asi,8.361697233554299,0.5021929824561403,Asi,0.4697582715479943,2.821308890203036
