Relics_most_pop,Relics_most_pop_L2,Relics_most_pop_winrate,Relics_most_pop_wr_paired,Relics_L2,Relics_L2_coef,Relics_L2_winrate,Relics_L2_wr_paired
Purification,-2.7956822594887627,0.4630281690140845,1.0,Sprint,4.153362920204383,0.5046728971962616,1.0
Sanctuary,-1.7368081832820383,0.4685598377281947,,Teleport,2.7614150336886816,0.6190476190476191,
