,recommendations,win_rate,win_rate_per_cost
Starter Item,Death's Toll,,
Boots,Warrior Tabi,0.455835962145,2.94087717513
Item2,Qin's Sais,0.5106951871657754,1.24285359185
Item3,Ichaival,0.44208037825059104,1.97394393999
Item4,The Executioner,0.4752851711026616,1.49142431022
Item5,Hastened Fatalis,0.580110497238,2.70536153468
Item6,Deathbringer,0.510695187166,1.81284530387
Relic1,Sprint,0.492647058824,
Relic2,Relic,0.344262295082,
