Items_most_pop,Items_most_pop_L2,Items_most_pop_winrate,Items_L2,Items_L2_coef,Items_L2_winrate,Items_gold_adjusted_L2,Items_gold_adjusted_L2_coef,Items_gold_adjusted_L2_winrate
Warrior Tabi,-4.826499213487093,0.44870565675934804,Deathbringer,30.112057956716185,0.6061643835616438,Wind Demon,1.1468521859854253,2.28720983158853
Ichaival,-4.713720022407523,0.43899018232819076,Wind Demon,29.818156835621057,0.5946745562130178,Titan's Bane,0.9860503068795251,2.790243902439024
Qin's Sais,9.03134102087993,0.5023696682464455,Titan's Bane,20.214031291030267,0.572,Deathbringer,0.9410018111473809,1.8942636986301369
Devourer's Gauntlet,5.476119953513063,0.45514950166112955,Asi,13.261357980524835,0.49671772428884026,Asi,0.7450201112654402,2.790549012858653
Death's Toll,-15.541720495049036,0.3485838779956427,Qin's Sais,9.03134102087993,0.5023696682464455,Qin's Sais,0.33449411188444184,1.8606284009127612
Asi,13.261357980524835,0.49671772428884026,Devourer's Gauntlet,5.476119953513063,0.45514950166112955,Devourer's Gauntlet,0.2671278026103933,2.220241471517705
