Items_most_pop,Items_most_pop_L2,Items_most_pop_winrate,Items_L2,Items_L2_coef,Items_L2_winrate,Items_gold_adjusted_L2,Items_gold_adjusted_L2_coef,Items_gold_adjusted_L2_winrate
Warrior Tabi,0.2956790370888244,0.5260416666666666,Deathbringer,0.7514577248825709,0.6666666666666666,Asi,0.031191790745258175,3.346880229500359
Ichaival,0.112511059628165,0.5149253731343284,Wind Demon,0.6211589412509557,0.6219512195121951,Wind Demon,0.023890728509652143,2.3921200750469045
Qin's Sais,0.3915215144507612,0.5528455284552846,Asi,0.5552138752655955,0.5957446808510638,Deathbringer,0.02348305390258034,2.0833333333333335
Devourer's Gauntlet,-0.4192590736292535,0.43564356435643564,Qin's Sais,0.3915215144507612,0.5528455284552846,Warrior Tabi,0.019076066908956413,3.3938172043010755
Asi,0.5552138752655955,0.5957446808510638,Warrior Tabi,0.2956790370888244,0.5260416666666666,Qin's Sais,0.014500796831509675,2.047576031315869
Wind Demon,0.6211589412509557,0.6219512195121951,Titan's Bane,0.2123864530988328,0.5686274509803921,Titan's Bane,0.010360314785308918,2.773792443806791
