Items_most_pop,Items_most_pop_L2,Items_most_pop_winrate,Items_L2,Items_L2_coef,Items_L2_winrate,Items_gold_adjusted_L2,Items_gold_adjusted_L2_coef,Items_gold_adjusted_L2_winrate
Warrior Tabi,4.813854969322686,0.4558359621451104,Deathbringer,18.329641442708887,0.580110497237569,Hastened Fatalis,0.6151009655343632,2.705361534677816
Ichaival,0.41975144175074136,0.44208037825059104,Qin's Sais,14.752081706612161,0.5106951871657754,Deathbringer,0.5728012950846526,1.8128453038674033
Devourer's Gauntlet,-8.149491983412096,0.4293193717277487,Hastened Fatalis,13.163160662435372,0.5789473684210527,Qin's Sais,0.5463733965411912,1.8914636561695386
Qin's Sais,14.752081706612161,0.5106951871657754,Wind Demon,10.459220357704826,0.5431472081218274,Wind Demon,0.40227770606557023,2.08902772354549
Death's Toll,-20.708596893607407,0.33557046979865773,Warrior Tabi,4.813854969322686,0.4558359621451104,Warrior Tabi,0.3105712883433991,2.9408771751297444
The Executioner,-0.5764392662088383,0.4752851711026616,Soul Eater,4.247865332029265,0.5116279069767442,Soul Eater,0.21239326660146327,2.558139534883721
