Items_most_pop,Items_most_pop_L2,Items_most_pop_winrate,Items_L2,Items_L2_coef,Items_L2_winrate,Items_gold_adjusted_L2,Items_gold_adjusted_L2_coef,Items_gold_adjusted_L2_winrate
Warrior Tabi,3.5982061563264325,0.4576271186440678,Rage,22.22475073800953,0.6081081081081081,Rage,0.9260312807503971,2.5337837837837838
Qin's Sais,6.358585698931137,0.49169435215946844,Wind Demon,18.363744555146564,0.5426829268292683,Wind Demon,0.7062978675056371,2.0872420262664164
Devourer's Gauntlet,-1.1426844167448815,0.4489795918367347,Deathbringer,17.968471618058203,0.5684931506849316,Deathbringer,0.5615147380643188,1.7765410958904109
Ichaival,1.6740325264116493,0.45,Titan's Bane,10.941509170630328,0.5220588235294118,Titan's Bane,0.533732154664894,2.546628407460545
Death's Toll,-7.183097803437705,0.3694581280788177,Qin's Sais,6.358585698931137,0.49169435215946844,Qin's Sais,0.23550317403448653,1.8210901931832164
The Executioner,4.235094397907225,0.47474747474747475,Bloodforge,4.549315472363537,0.5172413793103449,Warrior Tabi,0.23214233266622145,2.952433023510115
