Relics_most_pop,Relics_most_pop_L2,Relics_most_pop_winrate,Relics_most_pop_wr_paired,Relics_L2,Relics_L2_coef,Relics_L2_winrate,Relics_L2_wr_paired
Purification,-10.97286844121622,0.4442231075697211,0.0,Sprint,6.899847164230893,0.5050505050505051,0.0
Sanctuary,-8.366735286789774,0.43990384615384615,,Relic,4.003828107006817,0.38461538461538464,
