,recommendations,win_rate,win_rate_per_cost
Starter Item,Death's Toll,,
Boots,Warrior Tabi,0.47285464098073554,3.03148076176
Item2,Qin's Sais,0.5071633237822349,1.74029451138
Item3,Devourer's Gauntlet,0.4823529411764706,2.29209521011
Item4,Asi,0.46987951807228917,2.63977257344
Item5,Wind Demon,0.60989010989,2.31189575452
Item6,Deathbringer,0.601092896175,1.90590659341
Relic1,Sanctuary,0.494252873563,
Relic2,Sprint,0.47619047619,
