,recommendations,win_rate,win_rate_per_cost
Starter Item,Death's Toll,,
Boots,Warrior Tabi,0.566666666667,3.40175953079
Item2,Ichaival,0.5405405405405406,3.17965023847
Item3,The Executioner,0.5666666666666667,2.4024024024
Item4,Devourer's Gauntlet,0.5398773006134969,2.63678312459
Item5,Hastened Fatalis,0.625,2.93201392707
Item6,Deathbringer,0.540540540541,1.953125
Relic1,Sprint,0.584905660377,
Relic2,Teleport,0.590909090909,
