Relics_most_pop,Relics_most_pop_L2,Relics_most_pop_winrate,Relics_most_pop_wr_paired,Relics_L2,Relics_L2_coef,Relics_L2_winrate,Relics_L2_wr_paired
Purification,0.9128276827783111,0.46192052980132453,0.606060606061,Teleport,3.8941769974849034,0.5538461538461539,0.606060606061
Sanctuary,-7.586285928990749,0.4519927536231884,,Purification,0.9128276827783111,0.46192052980132453,
