,recommendations,win_rate,win_rate_per_cost
Starter Item,Death's Toll,,
Boots,Warrior Tabi,0.581395348837,3.50051016404
Item2,Ichaival,0.5672727272727273,3.37690631808
Item3,The Executioner,0.5810055865921788,2.55144032922
Item4,Asi,0.5740740740740741,3.22513524761
Item5,Titan's Bane,0.567272727273,3.18566450971
Item6,Rage,0.648648648649,2.7027027027
Relic1,Sprint,0.622222222222,
Relic2,Teleport,0.55,
