,recommendations,win_rate,win_rate_per_cost
Starter Item,Bumba's Mask,,
Boots,Warrior Tabi,0.49867724867724866,3.68214004721
Item2,Deathbringer,0.5565217391304348,1.78353658537
Item3,Titan's Bane,0.5573770491803278,2.78405710886
Item4,Winged Blade,0.5707317073170731,3.08503625577
Item5,Brawler's Beat Stick,0.59375,2.47395833333
Item6,Mantle of Discord,0.695652173913,2.24403927069
Relic1,Wrath,0.521084337349,
Relic2,Blink,0.520754716981,
