,recommendations,win_rate,win_rate_per_cost
Starter Item,Bumba's Mask,,
Boots,Warrior Tabi,0.49452954048140046,3.39005321595
Item2,Deathbringer,0.5412844036697247,1.64205702648
Item3,Titan's Bane,0.5603751465416178,2.56321096816
Item4,Hydra's Lament,0.5254582484725051,2.44399185336
Item5,Void Shield,0.578034682081,2.14086919289
Item6,Brawler's Beat Stick,0.577922077922,2.40800865801
Relic1,Wrath,0.507672634271,
Relic2,Purification,0.506373937677,
