Relics_most_pop,Relics_most_pop_L2,Relics_most_pop_winrate,Relics_most_pop_wr_paired,Relics_L2,Relics_L2_coef,Relics_L2_winrate,Relics_L2_wr_paired
Purification,-10.537717865133443,0.45839210155148097,0.612244897959,Blink,21.97622839406142,0.5303867403314917,0.612244897959
Wrath,7.436645761892749,0.47368421052631576,,Wrath,7.436645761892749,0.47368421052631576,
