Items_most_pop,Items_most_pop_L2,Items_most_pop_winrate,Items_L2,Items_L2_coef,Items_L2_winrate,Items_gold_adjusted_L2,Items_gold_adjusted_L2_coef,Items_gold_adjusted_L2_winrate
Warrior Tabi,-0.5191740491960027,0.4718551150269212,Malice,16.7919266194201,0.599502487562189,Malice,0.5597308873140033,1.9983416252072967
Jotunn's Wrath,4.453304983636338,0.48065984072810014,Deathbringer,10.969025027987538,0.5184880854560394,Winged Blade,0.5229404650284846,2.9317453046266606
Deathbringer,10.969025027987538,0.5184880854560394,Winged Blade,9.674398603026965,0.5423728813559322,Deathbringer,0.34278203212461056,1.6202752670501233
Titan's Bane,6.446167807262883,0.5244755244755245,Mantle of Discord,7.09856800534381,0.5828571428571429,Titan's Bane,0.31444721011038457,2.558417192563534
Bumba's Mask,-14.363743429860065,0.3887113951011715,Titan's Bane,6.446167807262883,0.5244755244755245,Hydra's Lament,0.2704690317271154,2.333656330749354
Hydra's Lament,5.815084182132981,0.5017361111111112,Hydra's Lament,5.815084182132981,0.5017361111111112,Mantle of Discord,0.22898606468851002,1.880184331797235
