Relics_most_pop,Relics_most_pop_L2,Relics_most_pop_winrate,Relics_most_pop_wr_paired,Relics_L2,Relics_L2_coef,Relics_L2_winrate,Relics_L2_wr_paired
Purification,-6.397645175873561,0.44693877551020406,0.6,Wrath,17.168625170126255,0.4805194805194805,0.6
Wrath,17.168625170126255,0.4805194805194805,,Blink,8.856427603377178,0.49019607843137253,
