Relics_most_pop,Relics_most_pop_L2,Relics_most_pop_winrate,Relics_most_pop_wr_paired,Relics_L2,Relics_L2_coef,Relics_L2_winrate,Relics_L2_wr_paired
Purification,0.40845053171068973,0.5173333333333333,0.560669456067,Purification,0.40845053171068973,0.5173333333333333,0.560669456067
Wrath,0.06615638003460664,0.5031446540880503,,Wrath,0.06615638003460664,0.5031446540880503,
