,recommendations,win_rate,win_rate_per_cost
Starter Item,Bumba's Mask,,
Boots,Warrior Tabi,0.5598388952819332,3.91705069124
Item2,Deathbringer,0.5900452488687783,1.89732142857
Item3,Titan's Bane,0.6049079754601226,2.96167247387
Item4,Winged Blade,0.6071428571428571,3.28185328185
Item5,Malice,0.634666666667,2.11555555556
Item6,Hydra's Lament,0.636363636364,2.74377804978
Relic1,Blink,0.622977346278,
Relic2,Purification,0.574889867841,
