,recommendations,win_rate,win_rate_per_cost
Starter Item,Bumba's Mask,,
Boots,Warrior Tabi,0.5034246575342466,2.94117647059
Item2,Deathbringer,0.5662983425414365,1.42463235294
Item3,Titan's Bane,0.5708812260536399,2.22381635581
Item4,Jotunn's Wrath,0.5138339920948617,1.86837029894
Item5,Winged Blade,0.59649122807,3.22427690849
Item6,Mantle of Discord,0.65625,2.11693548387
Relic1,Wrath,0.522807017544,
Relic2,Blink,0.527472527473,
