Items_most_pop,Items_most_pop_L2,Items_most_pop_winrate,Items_L2,Items_L2_coef,Items_L2_winrate,Items_gold_adjusted_L2,Items_gold_adjusted_L2_coef,Items_gold_adjusted_L2_winrate
Warrior Tabi,0.08560999864032401,0.5260115606936416,Warrior Tabi,0.08560999864032401,0.5260115606936416,Warrior Tabi,0.005523225718730581,3.3936229722170426
Jotunn's Wrath,0.05110888224982425,0.5182724252491694,Deathbringer,0.07722776335154014,0.54,Titan's Bane,0.003540947571497065,2.6607538802660753
Deathbringer,0.07722776335154014,0.54,Titan's Bane,0.07258942521568983,0.5454545454545454,Winged Blade,0.0034495920258818162,3.1474512487170716
Titan's Bane,0.07258942521568983,0.5454545454545454,Winged Blade,0.06381745247881361,0.5822784810126582,Deathbringer,0.0024133676047356297,1.6875
Bumba's Mask,-0.01662563868433235,0.49032258064516127,Malice,0.05374395075037033,0.5604395604395604,Jotunn's Wrath,0.0020946263217141085,2.1240673165949566
Malice,0.05374395075037033,0.5604395604395604,Jotunn's Wrath,0.05110888224982425,0.5182724252491694,Malice,0.001791465025012344,1.8681318681318682
