,recommendations,win_rate,win_rate_per_cost
Starter Item,Bumba's Mask,,
Boots,Warrior Tabi,0.4885057471264368,3.14487223957
Item2,Deathbringer,0.5407066052227343,1.52329749104
Item3,Titan's Bane,0.5166994106090373,2.37783022992
Item4,Jotunn's Wrath,0.5021881838074398,1.99776720136
Item5,Malice,0.605381165919,2.01793721973
Item6,Brawler's Beat Stick,0.60736196319,2.53067484663
Relic1,Purification,0.517333333333,
Relic2,Wrath,0.503144654088,
