Items_most_pop,Items_most_pop_L2,Items_most_pop_winrate,Items_L2,Items_L2_coef,Items_L2_winrate,Items_gold_adjusted_L2,Items_gold_adjusted_L2_coef,Items_gold_adjusted_L2_winrate
Warrior Tabi,2.4108167893642825,0.5800865800865801,Deathbringer,15.710967642675728,0.6512455516014235,Titan's Bane,0.5378892701644179,3.204208512673362
Jotunn's Wrath,7.3880010045489275,0.5994962216624685,Titan's Bane,11.026730038370568,0.6568627450980392,Deathbringer,0.4909677388336165,2.0351423487544484
Deathbringer,15.710967642675728,0.6512455516014235,Malice,10.521329967098266,0.6981132075471698,Malice,0.3507109989032755,2.3270440251572326
Bumba's Mask,-6.294178641407957,0.5094339622641509,Jotunn's Wrath,7.3880010045489275,0.5994962216624685,Jotunn's Wrath,0.3027869264159397,2.456951728124871
Titan's Bane,11.026730038370568,0.6568627450980392,Brawler's Beat Stick,4.6999856514446545,0.6413043478260869,Brawler's Beat Stick,0.19583273547686061,2.6721014492753623
Hydra's Lament,2.7853314208097264,0.5983606557377049,Mantle of Discord,4.242847962487004,0.6842105263157895,Warrior Tabi,0.15553656705576016,3.7424940650747103
