Items_most_pop,Items_most_pop_L2,Items_most_pop_winrate,Items_L2,Items_L2_coef,Items_L2_winrate,Items_gold_adjusted_L2,Items_gold_adjusted_L2_coef,Items_gold_adjusted_L2_winrate
Warrior Tabi,1.2358663379706436,0.5258426966292135,Malice,6.200515061017727,0.6774193548387096,Malice,0.20668383536725757,2.2580645161290325
Jotunn's Wrath,1.559969869593142,0.5301507537688442,Deathbringer,5.660169766317975,0.5714285714285714,Deathbringer,0.1768803051974367,1.7857142857142858
Deathbringer,5.660169766317975,0.5714285714285714,Brawler's Beat Stick,3.561870200320937,0.6206896551724138,Titan's Bane,0.14992375590019524,2.762568442010951
Bumba's Mask,-4.1734662063974675,0.45933014354066987,Titan's Bane,3.0734369959540024,0.5663265306122449,Brawler's Beat Stick,0.1484112583467057,2.586206896551724
Titan's Bane,3.0734369959540024,0.5663265306122449,Winged Blade,2.694536982625706,0.6075949367088608,Winged Blade,0.14565064770949762,3.284296955183031
Hydra's Lament,0.7398434500492028,0.5398230088495575,Void Shield,1.9402145065061684,0.625,Warrior Tabi,0.07973331212713829,3.392533526640087
