Items_most_pop,Items_most_pop_L2,Items_most_pop_winrate,Items_L2,Items_L2_coef,Items_L2_winrate,Items_gold_adjusted_L2,Items_gold_adjusted_L2_coef,Items_gold_adjusted_L2_winrate
Warrior Tabi,-7.322995207795089,0.4422657952069717,Brawler's Beat Stick,16.196095857816964,0.618421052631579,Brawler's Beat Stick,0.6748373274090401,2.5767543859649122
Jotunn's Wrath,6.060600564987513,0.46384039900249374,Void Shield,11.741909521648921,0.6511627906976745,Void Shield,0.43488553783884887,2.411714039621016
Deathbringer,10.450415081929695,0.5054545454545455,Deathbringer,10.450415081929695,0.5054545454545455,Malice,0.3336135994577777,1.893939393939394
Bumba's Mask,-25.98194040035074,0.32589285714285715,Malice,10.008407983733331,0.5681818181818182,Deathbringer,0.3265754713103029,1.5795454545454546
Titan's Bane,5.188590333795637,0.5121951219512195,Jotunn's Wrath,6.060600564987513,0.46384039900249374,Hydra's Lament,0.27270872080066433,2.306361714395541
Hydra's Lament,5.863237497214283,0.49586776859504134,Hydra's Lament,5.863237497214283,0.49586776859504134,Titan's Bane,0.2531019675022262,2.498512790005949
