Relics_most_pop,Relics_most_pop_L2,Relics_most_pop_winrate,Relics_most_pop_wr_paired,Relics_L2,Relics_L2_coef,Relics_L2_winrate,Relics_L2_wr_paired
Purification,-2.688822824391829,0.47522236340533675,0.333333333333,Blink,5.029739779051287,0.507482993197279,0.333333333333
Wrath,-0.749975528730391,0.4635603345280765,,Relic,-0.11764143035527938,0.36809815950920244,
