Relics_most_pop,Relics_most_pop_L2,Relics_most_pop_winrate,Relics_most_pop_wr_paired,Relics_L2,Relics_L2_coef,Relics_L2_winrate,Relics_L2_wr_paired
Purification,6.0191941598473475,0.44390243902439025,0.586206896552,Sprint,9.405433225937271,0.5441176470588235,0.586206896552
Sanctuary,-8.036578635378708,0.43036386449184444,,Purification,6.0191941598473475,0.44390243902439025,
