Items_most_pop,Items_most_pop_L2,Items_most_pop_winrate,Items_L2,Items_L2_coef,Items_L2_winrate,Items_gold_adjusted_L2,Items_gold_adjusted_L2_coef,Items_gold_adjusted_L2_winrate
Shoes of the Magi,-1.3010942781873818,0.5504587155963303,Rod of Tahuti,29.910968872498227,0.6451612903225806,Rod of Tahuti,0.9009327973644045,1.9432568985619898
Obsidian Shard,2.461296746031518,0.5693160813308688,Dynasty Plate Helm,14.98924348293767,0.6346153846153846,Dynasty Plate Helm,0.8817202048786865,3.733031674208145
Book of Thoth,0.5714578686108962,0.5513126491646778,Gem of Isolation,6.853907375534092,0.6052631578947368,Gem of Isolation,0.2538484213160775,2.2417153996101367
Rod of Tahuti,29.910968872498227,0.6451612903225806,Bancroft's Talon,4.857149271245661,0.5865384615384616,Bancroft's Talon,0.20238121963523586,2.4439102564102564
Soul Stone,5.395052809697306,0.5384615384615384,Pythagorem's Piece,4.377791071053439,0.5918367346938775,Pythagorem's Piece,0.18240796129389325,2.4659863945578233
Chronos' Pendant,-9.932388504869087,0.5178571428571429,Warlock's Sash,4.298855439981971,0.5627240143369175,Warlock's Sash,0.16222095999931965,2.123486846554406
