,recommendations,win_rate,win_rate_per_cost
Starter Item,Soul Stone,,
Boots,Shoes of Focus,0.592105263158,3.80116959064
Item2,Rod of Tahuti,0.6317757009345795,1.73164568386
Item3,Book of Thoth,0.5921052631578947,2.16945798883
Item4,Soul Stone,0.5597014925373134,7.18632958801
Item5,Dynasty Plate Helm,0.574906367041,3.50963914978
Item6,Bancroft's Talon,0.604790419162,2.51996007984
Relic1,Purification,0.561926605505,
Relic2,Sprint,0.574468085106,
