Relics_most_pop,Relics_most_pop_L2,Relics_most_pop_winrate,Relics_most_pop_wr_paired,Relics_L2,Relics_L2_coef,Relics_L2_winrate,Relics_L2_wr_paired
Purification,1.876586770579751,0.5285714285714286,0.526315789474,Purification,1.876586770579751,0.5285714285714286,0.526315789474
Sanctuary,-0.21100178903379913,0.5243664717348928,,Sprint,1.3265029065749658,0.6071428571428571,
