Items_most_pop,Items_most_pop_L2,Items_most_pop_winrate,Items_L2,Items_L2_coef,Items_L2_winrate,Items_gold_adjusted_L2,Items_gold_adjusted_L2_coef,Items_gold_adjusted_L2_winrate
Shoes of the Magi,-0.49559857567888344,0.4863157894736842,Warlock's Sash,15.547625617593361,0.5549738219895288,Warlock's Sash,0.586702853494089,2.094240837696335
Obsidian Shard,6.00236063660814,0.5230263157894737,Rod of Tahuti,11.631299844442221,0.5644171779141104,Soul Reaver,0.3752238433221103,2.0786092214663645
Book of Thoth,0.33928113796063253,0.4867924528301887,Soul Reaver,11.031580993670042,0.6111111111111112,Rod of Tahuti,0.3503403567603079,1.7000517407051519
Soul Stone,1.6444519044545347,0.4694835680751174,Chronos' Pendant,7.262743080121198,0.5290697674418605,Doom Orb,0.3454649336784463,2.8694404591104736
Warlock's Sash,15.547625617593361,0.5549738219895288,Doom Orb,7.082031140408149,0.5882352941176471,Chronos' Pendant,0.30261429500504994,2.2044573643410854
Chronos' Pendant,7.262743080121198,0.5290697674418605,Obsidian Shard,6.00236063660814,0.5230263157894737,Obsidian Shard,0.29279807983454337,2.5513478818998716
