Items_most_pop,Items_most_pop_L2,Items_most_pop_winrate,Items_L2,Items_L2_coef,Items_L2_winrate,Items_gold_adjusted_L2,Items_gold_adjusted_L2_coef,Items_gold_adjusted_L2_winrate
Shoes of the Magi,0.23150587847456378,0.5727002967359051,Shoes of the Magi,0.23150587847456378,0.5727002967359051,Shoes of the Magi,0.014469117404660236,3.5793768545994067
Obsidian Shard,0.18532363815855415,0.5851528384279476,Obsidian Shard,0.18532363815855415,0.5851528384279476,Obsidian Shard,0.009040177471148983,2.8544040898924274
Book of Thoth,0.17702565861827435,0.5978835978835979,Chronos' Pendant,0.17926920218972806,0.6370370370370371,Chronos' Pendant,0.0074695500912386695,2.654320987654321
Soul Stone,0.06979739404841293,0.5555555555555556,Book of Thoth,0.17702565861827435,0.5978835978835979,Book of Thoth,0.00668021353276507,2.2561645203154637
Chronos' Pendant,0.17926920218972806,0.6370370370370371,Rod of Tahuti,0.10963147523016112,0.5905511811023622,Dynasty Plate Helm,0.004289555412473531,3.8062283737024223
Warlock's Sash,0.05492762270377482,0.5461538461538461,Dynasty Plate Helm,0.07292244201205002,0.6470588235294118,Rod of Tahuti,0.0033021528683783467,1.7787686177781994
