Relics_most_pop,Relics_most_pop_L2,Relics_most_pop_winrate,Relics_most_pop_wr_paired,Relics_L2,Relics_L2_coef,Relics_L2_winrate,Relics_L2_wr_paired
Purification,397.7500358600438,0.4962686567164179,0.502164502165,Purification,397.7500358600438,0.4962686567164179,0.502164502165
Sanctuary,7.7524661930896395,0.49809885931558934,,Sanctuary,7.7524661930896395,0.49809885931558934,
