Relics_most_pop,Relics_most_pop_L2,Relics_most_pop_winrate,Relics_most_pop_wr_paired,Relics_L2,Relics_L2_coef,Relics_L2_winrate,Relics_L2_wr_paired
Purification,4.20403516910696,0.5385852090032154,0.550274223035,Purification,4.20403516910696,0.5385852090032154,0.550274223035
Sanctuary,3.6527882480305944,0.5429042904290429,,Sanctuary,3.6527882480305944,0.5429042904290429,
