,recommendations,win_rate,win_rate_per_cost
Starter Item,Soul Stone,,
Boots,Shoes of the Magi,0.576923076923,3.359375
Item2,Warlock's Sash,0.5884615384615385,2.2206095791
Item3,Obsidian Shard,0.5793269230769231,2.87054409006
Item4,Rod of Tahuti,0.5938697318007663,1.77247451344
Item5,Spear of the Magus,0.606557377049,2.82119710255
Item6,Chronos' Pendant,0.560165975104,2.33402489627
Relic1,Sanctuary,0.546925566343,
Relic2,Sprint,0.592592592593,
