,recommendations,win_rate,win_rate_per_cost
Starter Item,Soul Stone,,
Boots,Shoes of the Magi,0.484375,3.25100806452
Item2,Rod of Tahuti,0.5923076923076923,1.56675087447
Item3,Warlock's Sash,0.5201612903225806,1.96287279367
Item4,Book of Thoth,0.49214659685863876,1.96287279367
Item5,Chronos' Pendant,0.555023923445,2.31259968102
Item6,Breastplate of Valor,0.625,2.71739130435
Relic1,Purification,0.486330935252,
Relic2,Sprint,0.509803921569,
