Relics_most_pop,Relics_most_pop_L2,Relics_most_pop_winrate,Relics_most_pop_wr_paired,Relics_L2,Relics_L2_coef,Relics_L2_winrate,Relics_L2_wr_paired
Sanctuary,3.9145775735044075,0.5625,0.818181818182,Sanctuary,3.9145775735044075,0.5625,0.818181818182
Purification,0.8894221681465465,0.5344827586206896,,Sprint,1.4829256804253965,0.8333333333333334,
