Relics_most_pop,Relics_most_pop_L2,Relics_most_pop_winrate,Relics_most_pop_wr_paired,Relics_L2,Relics_L2_coef,Relics_L2_winrate,Relics_L2_wr_paired
Meditation,7.426003511244009,0.5356679636835279,0.583333333333,Wrath,10.777155846311887,0.5986842105263158,0.583333333333
Sprint,4.522678702590859,0.5523560209424084,,Curse,8.009871036140845,0.5683453237410072,
