Relics_most_pop,Relics_most_pop_L2,Relics_most_pop_winrate,Relics_most_pop_wr_paired,Relics_L2,Relics_L2_coef,Relics_L2_winrate,Relics_L2_wr_paired
Meditation,17.932814579286298,0.4882005899705015,0.590062111801,Meditation,17.932814579286298,0.4882005899705015,0.590062111801
Sprint,13.619157734160826,0.5288461538461539,,Sprint,13.619157734160826,0.5288461538461539,
