Relics_most_pop,Relics_most_pop_L2,Relics_most_pop_winrate,Relics_most_pop_wr_paired,Relics_L2,Relics_L2_coef,Relics_L2_winrate,Relics_L2_wr_paired
Meditation,3.43842813057865,0.4845890410958904,0.666666666667,Curse,12.872684407402438,0.56353591160221,0.666666666667
Shell,-14.037702361190565,0.44166666666666665,,Blink,7.363078219843895,0.6052631578947368,
