Relics_most_pop,Relics_most_pop_L2,Relics_most_pop_winrate,Relics_most_pop_wr_paired,Relics_L2,Relics_L2_coef,Relics_L2_winrate,Relics_L2_wr_paired
Meditation,9.558045933128174,0.520997920997921,0.576592082616,Meditation,9.558045933128174,0.520997920997921,0.576592082616
Shell,-0.5158467751383259,0.5161290322580645,,Sprint,5.77196081803109,0.5335051546391752,
