,recommendations,win_rate,win_rate_per_cost
Starter Item,Watcher's Gift,,
Boots,Shoes of Focus,0.65,3.56672651107
Item2,Sovereignty,0.5699152542372882,2.53968253968
Item3,Hide of the Urchin,0.5333333333333333,2.22222222222
Item4,Heartward Amulet,0.5339366515837104,2.53968253968
Item5,Winged Blade,0.569915254237,3.41923318668
Item6,Mantle of Discord,0.591928251121,2.09677419355
Relic1,Meditation,0.530817610063,
Relic2,Sprint,0.522959183673,
