,recommendations,win_rate,win_rate_per_cost
Starter Item,Watcher's Gift,,
Boots,Shoes of the Magi,0.544554455446,3.40346534653
Item2,Sovereignty,0.5567010309278351,2.36042692939
Item3,Hide of the Urchin,0.5331325301204819,2.06537356322
Item4,Heartward Amulet,0.4956896551724138,2.36042692939
Item5,Void Stone,0.631067961165,2.86849073257
Item6,Mantle of Discord,0.53313253012,2.01612903226
Relic1,Wrath,0.597826086957,
Relic2,Blink,0.666666666667,
