,recommendations,win_rate,win_rate_per_cost
Starter Item,Watcher's Gift,,
Boots,Shoes of the Magi,0.54802259887,3.96341463415
Item2,Hide of the Urchin,0.5480225988700564,1.93452380952
Item3,Breastplate of Valor,0.5426829268292683,2.01863354037
Item4,Sovereignty,0.5319148936170213,2.21088435374
Item5,Winged Blade,0.644444444444,3.1941031941
Item6,Bulwark of Hope,0.590909090909,2.5202520252
Relic1,Meditation,0.533333333333,
Relic2,Purification,0.631578947368,
