,recommendations,win_rate,win_rate_per_cost
Starter Item,Watcher's Gift,,
Boots,Reinforced Shoes,0.560747663551,3.54191263282
Item2,Hide of the Urchin,0.5317460317460317,2.01666666667
Item3,Sovereignty,0.5022026431718062,2.30476190476
Item4,Breastplate of Valor,0.484,2.10434782609
Item5,Mantle of Discord,0.673469387755,2.17248189598
Item6,Winged Blade,0.561151079137,3.03324907641
Relic1,Purification,0.611111111111,
Relic2,Wrath,0.55,
