,recommendations,win_rate,win_rate_per_cost
Starter Item,Watcher's Gift,,
Boots,Reinforced Shoes,0.618421052632,3.80507343124
Item2,Sovereignty,0.5,2.01465201465
Item3,Breastplate of Valor,0.48484848484848486,1.83946488294
Item4,Hide of the Urchin,0.48,1.76282051282
Item5,Winged Blade,0.587301587302,2.93316572386
Item6,Bulwark of Hope,0.542635658915,2.19652217323
Relic1,Meditation,0.479695431472,
Relic2,Wrath,0.536231884058,
