Relics_most_pop,Relics_most_pop_L2,Relics_most_pop_winrate,Relics_most_pop_wr_paired,Relics_L2,Relics_L2_coef,Relics_L2_winrate,Relics_L2_wr_paired
Meditation,0.19599899597188586,0.5102040816326531,0.6,Blink,0.24220044157866388,0.6707317073170732,0.6
Shell,0.08051737414778977,0.5088852988691438,,Curse,0.22620849122809744,0.5395894428152492,
