Relics_most_pop,Relics_most_pop_L2,Relics_most_pop_winrate,Relics_most_pop_wr_paired,Relics_L2,Relics_L2_coef,Relics_L2_winrate,Relics_L2_wr_paired
Meditation,6.284087233190042,0.5238313473877176,0.666666666667,Meditation,6.284087233190042,0.5238313473877176,0.666666666667
Sprint,0.7962621677688291,0.5180180180180181,,Blink,2.333863125844346,0.5952380952380952,
