Relics_most_pop,Relics_most_pop_L2,Relics_most_pop_winrate,Relics_most_pop_wr_paired,Relics_L2,Relics_L2_coef,Relics_L2_winrate,Relics_L2_wr_paired
Purification,-2.418044940261818,0.5363984674329502,0.666666666667,Sprint,4.497805987582833,0.6129032258064516,0.666666666667
Sanctuary,0.5304250020743789,0.5540540540540541,,Sanctuary,0.5304250020743789,0.5540540540540541,
