,recommendations,win_rate,win_rate_per_cost
Starter Item,Soul Stone,,
Boots,Shoes of the Magi,0.48517520215633425,3.05944055944
Item2,Rod of Tahuti,0.5927835051546392,1.47442918527
Item3,Warlock's Sash,0.49707602339181284,1.84720939438
Item4,Book of Thoth,0.46,1.84720939438
Item5,Winged Blade,0.602836879433,2.9685423128
Item6,Polynomicon,0.549180327869,2.62102991058
Relic1,Sprint,0.627906976744,
Relic2,Relic,0.51724137931,
