Items_most_pop,Items_most_pop_L2,Items_most_pop_winrate,Items_L2,Items_L2_coef,Items_L2_winrate,Items_gold_adjusted_L2,Items_gold_adjusted_L2_coef,Items_gold_adjusted_L2_winrate
Shoes of the Magi,9.45610965862627,0.5,Doom Orb,69.32295135870983,0.7037037037037037,Doom Orb,3.3816073833516986,3.4327009936766033
Obsidian Shard,-17.97514557215798,0.4838709677419355,Book of Thoth,45.43927486736877,0.5961538461538461,Book of Thoth,1.7146896176365576,2.2496371552975325
Warlock's Sash,-30.90566586621963,0.39655172413793105,Rod of Tahuti,41.294731363849344,0.6111111111111112,Dynasty Plate Helm,1.2742898306744745,3.9215686274509802
Demonic Grip,-11.36477061328703,0.4727272727272727,Chronos' Pendant,29.357134970282534,0.625,Rod of Tahuti,1.2438172097544986,1.8406961178045516
Rod of Tahuti,41.294731363849344,0.6111111111111112,Spear of Desolation,23.39192530105117,0.7777777777777778,Chronos' Pendant,1.2232139570951055,2.6041666666666665
Book of Thoth,45.43927486736877,0.5961538461538461,Dynasty Plate Helm,21.66292712146607,0.6666666666666666,Spear of Desolation,0.6155769816066097,2.046783625730994
