Relics_most_pop,Relics_most_pop_L2,Relics_most_pop_winrate,Relics_most_pop_wr_paired,Relics_L2,Relics_L2_coef,Relics_L2_winrate,Relics_L2_wr_paired
Purification,7.529677949450941,0.5653061224489796,0.671232876712,Purification,7.529677949450941,0.5653061224489796,0.671232876712
Sanctuary,-1.0482892785165807,0.5489690721649485,,Teleport,2.3287054789570507,0.5677966101694916,
