Items_most_pop,Items_most_pop_L2,Items_most_pop_winrate,Items_L2,Items_L2_coef,Items_L2_winrate,Items_gold_adjusted_L2,Items_gold_adjusted_L2_coef,Items_gold_adjusted_L2_winrate
Shoes of the Magi,-5.193557960412068,0.4608695652173913,Polynomicon,29.51166494887407,0.626984126984127,Polynomicon,1.283115867342351,2.7260179434092477
Obsidian Shard,-1.4111149007430477,0.5,Rod of Tahuti,26.107631588822144,0.6111111111111112,Rod of Tahuti,0.7863744454464502,1.8406961178045516
Warlock's Sash,0.5401346333952945,0.4591194968553459,Doom Orb,5.866777283803291,0.5057471264367817,Doom Orb,0.28618425774650197,2.4670591533501542
Book of Thoth,3.3936547005706093,0.4791666666666667,Telkhines Ring,4.213693720256078,0.48148148148148145,Telkhines Ring,0.1982914691885213,2.2657952069716774
Rod of Tahuti,26.107631588822144,0.6111111111111112,Book of Thoth,3.3936547005706093,0.4791666666666667,Book of Thoth,0.12806244153096638,1.8081761006289307
Demonic Grip,-2.311570427314865,0.4748201438848921,Warlock's Sash,0.5401346333952945,0.4591194968553459,Warlock's Sash,0.020382438996048854,1.7325264032277203
