Items_most_pop,Items_most_pop_L2,Items_most_pop_winrate,Items_L2,Items_L2_coef,Items_L2_winrate,Items_gold_adjusted_L2,Items_gold_adjusted_L2_coef,Items_gold_adjusted_L2_winrate
Shoes of the Magi,-0.05574706932488299,0.47761194029850745,Telkhines Ring,2.0259796366868703,0.5735294117647058,Telkhines Ring,0.09534021819702919,2.698961937716263
Obsidian Shard,0.08275902302759708,0.4823529411764706,Rod of Tahuti,1.139677815595334,0.5071428571428571,Rod of Tahuti,0.03432764504805223,1.527538726333907
Rod of Tahuti,1.139677815595334,0.5071428571428571,Dynasty Plate Helm,0.49297679091393254,0.55,Dynasty Plate Helm,0.02899863475964309,3.235294117647059
Demonic Grip,-1.5285316518069816,0.43636363636363634,Winged Blade,0.2475923727562778,0.4931506849315068,Winged Blade,0.01338337150033934,2.665679378008145
Polynomicon,-0.028845449616755642,0.48148148148148145,Doom Orb,0.12751971268539575,0.4857142857142857,Doom Orb,0.0062204737895315,2.3693379790940767
Warlock's Sash,-0.9467226996368208,0.44761904761904764,Obsidian Shard,0.08275902302759708,0.4823529411764706,Obsidian Shard,0.004037025513541321,2.3529411764705883
