Relics_most_pop,Relics_most_pop_L2,Relics_most_pop_winrate,Relics_most_pop_wr_paired,Relics_L2,Relics_L2_coef,Relics_L2_winrate,Relics_L2_wr_paired
Purification,-1.7738694192289999,0.4740608228980322,0.6,Relic,-0.4400997675542106,0.38095238095238093,0.6
Sanctuary,-5.677390176165512,0.46860986547085204,,Teleport,-0.5757941895218847,0.46825396825396826,
