,recommendations,win_rate,win_rate_per_cost
Starter Item,Soul Stone,,
Boots,Shoes of the Magi,0.444,2.82894736842
Item2,Rod of Tahuti,0.5803571428571429,1.36334812936
Item3,Obsidian Shard,0.4823529411764706,2.20795892169
Item4,Book of Thoth,0.47619047619047616,1.70804369414
Item5,Winged Blade,0.535211267606,2.89303387895
Item6,Demonic Grip,0.527472527473,2.31347599769
Relic1,Sprint,0.642857142857,
Relic2,Relic,0.4,
