,recommendations,win_rate,win_rate_per_cost
Starter Item,Soul Stone,,
Boots,Shoes of the Magi,0.578125,3.26327433628
Item2,Rod of Tahuti,0.7132867132867133,1.89647478804
Item3,Demonic Grip,0.6296296296296297,2.76153346329
Item4,Obsidian Shard,0.5818181818181818,3.07136404697
Item5,Polynomicon,0.595041322314,2.58713618397
Item6,Book of Thoth,0.522123893805,2.18160377358
Relic1,Teleport,0.571428571429,
Relic2,Sprint,0.545454545455,
