Items_most_pop,Items_most_pop_L2,Items_most_pop_winrate,Items_L2,Items_L2_coef,Items_L2_winrate,Items_gold_adjusted_L2,Items_gold_adjusted_L2_coef,Items_gold_adjusted_L2_winrate
Shoes of the Magi,1.6289742353267356,0.5454545454545454,Rod of Tahuti,4.43541839923894,0.7428571428571429,Obsidian Shard,0.17275215833354668,3.2150776053215075
Obsidian Shard,3.541419245837707,0.6590909090909091,Obsidian Shard,3.541419245837707,0.6590909090909091,Winged Blade,0.1403075026502386,3.9312039312039313
Book of Thoth,1.0600266015911248,0.5581395348837209,Winged Blade,2.595688799029414,0.7272727272727273,Rod of Tahuti,0.13359693973611264,2.2375215146299485
Rod of Tahuti,4.43541839923894,0.7428571428571429,Polynomicon,2.2250787588609957,0.6551724137931034,Shoes of the Magi,0.10181088970792099,3.409090909090909
Warlock's Sash,-1.0890225654564556,0.45714285714285713,Shoes of the Magi,1.6289742353267356,0.5454545454545454,Polynomicon,0.09674255473308678,2.848575712143928
Soul Stone,-0.08603160784560603,0.5,Doom Orb,1.2635994728319375,0.631578947368421,Doom Orb,0.061638998674728655,3.0808729139922977
