Items_most_pop,Items_most_pop_L2,Items_most_pop_winrate,Items_L2,Items_L2_coef,Items_L2_winrate,Items_gold_adjusted_L2,Items_gold_adjusted_L2_coef,Items_gold_adjusted_L2_winrate
Shoes of the Magi,-1.3074706066382922,0.5921052631578947,Rod of Tahuti,26.36006037393703,0.7117117117117117,Doom Orb,0.9730373160112464,3.4146341463414633
Obsidian Shard,14.45975386206223,0.6560509554140127,Doom Orb,19.947264978230553,0.7,Rod of Tahuti,0.7939777221065372,2.1437099750352764
Rod of Tahuti,26.36006037393703,0.7117117117117117,Warlock's Sash,18.897414656321875,0.6605504587155964,Warlock's Sash,0.7131099870310141,2.4926432404362124
Book of Thoth,15.178141269168293,0.6545454545454545,Book of Thoth,15.178141269168293,0.6545454545454545,Obsidian Shard,0.7053538469298649,3.200248562995184
Warlock's Sash,18.897414656321875,0.6605504587155964,Obsidian Shard,14.45975386206223,0.6560509554140127,Polynomicon,0.5877277647525015,2.898550724637681
Demonic Grip,1.1458396144821854,0.6039603960396039,Polynomicon,13.517738589307534,0.6666666666666666,Book of Thoth,0.5727600478931432,2.469982847341338
