,recommendations,win_rate,win_rate_per_cost
Starter Item,Soul Stone,,
Boots,Shoes of the Magi,0.4843373493975904,2.94117647059
Item2,Rod of Tahuti,0.6262135922330098,1.41743444366
Item3,Book of Thoth,0.5380710659898477,1.77580466149
Item4,Obsidian Shard,0.5097276264591439,2.29555236729
Item5,Polynomicon,0.609929078014,2.65186555658
Item6,Winged Blade,0.53807106599,3.0888030888
Relic1,Purification,0.508860759494,
Relic2,Sprint,0.526315789474,
