,recommendations,win_rate,win_rate_per_cost
Starter Item,Soul Stone,,
Boots,Shoes of the Magi,0.477112676056338,3.34051724138
Item2,Rod of Tahuti,0.6196078431372549,1.60988782717
Item3,Book of Thoth,0.540084388185654,2.01691607027
Item4,Warlock's Sash,0.5265151515151515,2.01691607027
Item5,Polynomicon,0.619607843137,2.69353128314
Item6,Obsidian Shard,0.540084388186,2.59638080252
Relic1,Purification,0.486865148862,
Relic2,Sanctuary,0.484008528785,
