Items_most_pop,Items_most_pop_L2,Items_most_pop_winrate,Items_L2,Items_L2_coef,Items_L2_winrate,Items_gold_adjusted_L2,Items_gold_adjusted_L2_coef,Items_gold_adjusted_L2_winrate
Shoes of the Magi,0.2477195714477962,0.5093167701863354,Rod of Tahuti,1.1996511153296363,0.5978260869565217,Book of Thoth,0.03802976378551838,2.3360287511230906
Obsidian Shard,0.2162013918665869,0.5132743362831859,Book of Thoth,1.007788740316237,0.6190476190476191,Rod of Tahuti,0.03613406973884447,1.8006809848088003
Rod of Tahuti,1.1996511153296363,0.5978260869565217,Polynomicon,0.8030967958603767,0.5882352941176471,Polynomicon,0.03491725199392942,2.557544757033248
Warlock's Sash,0.6177951554459571,0.5529411764705883,Warlock's Sash,0.6177951554459571,0.5529411764705883,Warlock's Sash,0.023313024733809702,2.086570477247503
Demonic Grip,-0.45120963637772304,0.4492753623188406,Telkhines Ring,0.2817919944650379,0.55,Shoes of the Magi,0.01548247321548726,3.1832298136645965
Polynomicon,0.8030967958603767,0.5882352941176471,Shoes of the Magi,0.2477195714477962,0.5093167701863354,Telkhines Ring,0.013260799739531193,2.588235294117647
