,recommendations,win_rate,win_rate_per_cost
Starter Item,Soul Stone,,
Boots,Shoes of the Magi,0.553672316384,3.23383084577
Item2,Rod of Tahuti,0.6036217303822937,1.81813774212
Item3,Obsidian Shard,0.5371428571428571,2.94449624577
Item4,Book of Thoth,0.5256723716381418,2.2778178505
Item5,Polynomicon,0.517412935323,2.4072709408
Item6,Winged Blade,0.543918918919,2.94010226443
Relic1,Sprint,0.641304347826,
Relic2,Relic,0.433734939759,
