Items_most_pop,Items_most_pop_L2,Items_most_pop_winrate,Items_L2,Items_L2_coef,Items_L2_winrate,Items_gold_adjusted_L2,Items_gold_adjusted_L2_coef,Items_gold_adjusted_L2_winrate
Shoes of the Magi,3.9267172851344823,0.5488029465930019,Rod of Tahuti,20.836097580513645,0.6477272727272727,Obsidian Shard,0.8156587783601924,2.9346550149993478
Obsidian Shard,16.721004956383943,0.6016042780748663,Obsidian Shard,16.721004956383943,0.6016042780748663,Polynomicon,0.6577520065746438,2.731046537032991
Rod of Tahuti,20.836097580513645,0.6477272727272727,Polynomicon,15.128296151216809,0.628140703517588,Rod of Tahuti,0.6275933006178808,1.9509857612267252
Demonic Grip,5.541224939778054,0.5663716814159292,Book of Thoth,12.030866067529157,0.5882352941176471,Doom Orb,0.5822294115384062,2.898550724637681
Warlock's Sash,7.860358111637736,0.5656108597285068,Doom Orb,11.935702936537327,0.5942028985507246,Telkhines Ring,0.48796099635775864,2.7777777777777777
Book of Thoth,12.030866067529157,0.5882352941176471,Telkhines Ring,10.369171172602371,0.5902777777777778,Book of Thoth,0.4539949459444965,2.2197558268590454
