Items_most_pop,Items_most_pop_L2,Items_most_pop_winrate,Items_L2,Items_L2_coef,Items_L2_winrate,Items_gold_adjusted_L2,Items_gold_adjusted_L2_coef,Items_gold_adjusted_L2_winrate
Shoes of Focus,-3.9292189778452586,0.5443786982248521,Book of Thoth,16.171590473706594,0.6490066225165563,Book of Thoth,0.6102486971210035,2.449081594402099
Book of Thoth,16.171590473706594,0.6490066225165563,Breastplate of Valor,9.626920391594048,0.6324786324786325,Shoes of the Magi,0.42803651528278386,3.8493377483443707
Shoes of the Magi,6.848584244524542,0.6158940397350994,Obsidian Shard,8.4899830749617,0.6266666666666667,Breastplate of Valor,0.418561756156263,2.7499070977331845
Obsidian Shard,8.4899830749617,0.6266666666666667,Rod of Tahuti,7.8982087149112115,0.6339285714285714,Obsidian Shard,0.4141455158517902,3.0569105691056913
Warlock's Sash,4.983880660391646,0.593103448275862,Shoes of the Magi,6.848584244524542,0.6158940397350994,Lotus Crown,0.2563049813262106,3.252032520325203
Chronos' Pendant,-2.711846155151992,0.5528455284552846,Lotus Crown,5.254252117187317,0.6666666666666666,Rod of Tahuti,0.23789785285877144,1.9094234079173837
