Relics_most_pop,Relics_most_pop_L2,Relics_most_pop_winrate,Relics_most_pop_wr_paired,Relics_L2,Relics_L2_coef,Relics_L2_winrate,Relics_L2_wr_paired
Purification,-2.2685531600150664,0.5787545787545788,0.8125,Sprint,21.108852336256362,0.648,0.8125
Teleport,-6.570522759479163,0.5545023696682464,,Meditation,11.763609063352638,0.6164383561643836,
