,recommendations,win_rate,win_rate_per_cost
Starter Item,Soul Stone,,
Boots,Shoes of Focus,0.584558823529,3.73015873016
Item2,Book of Thoth,0.5845588235294118,2.20588235294
Item3,Obsidian Shard,0.5877551020408164,2.85150645624
Item4,Chronos' Pendant,0.5622489959839357,2.43566176471
Item5,Rod of Tahuti,0.697297297297,2.10029306415
Item6,Lotus Crown,0.684210526316,3.33761232349
Relic1,Meditation,0.609090909091,
Relic2,Sprint,0.566037735849,
