Relics_most_pop,Relics_most_pop_L2,Relics_most_pop_winrate,Relics_most_pop_wr_paired,Relics_L2,Relics_L2_coef,Relics_L2_winrate,Relics_L2_wr_paired
Purification,15.350150042401193,0.6277372262773723,0.642857142857,Purification,15.350150042401193,0.6277372262773723,0.642857142857
Teleport,-3.407719953426515,0.5405405405405406,,Blink,3.1245800564486577,0.6923076923076923,
