Relics_most_pop,Relics_most_pop_L2,Relics_most_pop_winrate,Relics_most_pop_wr_paired,Relics_L2,Relics_L2_coef,Relics_L2_winrate,Relics_L2_wr_paired
Purification,-315.7179832787751,0.4782608695652174,0.916666666667,Sprint,618.7650394455331,0.7631578947368421,0.916666666667
Teleport,283.28142108499736,0.5625,,Teleport,283.28142108499736,0.5625,
