Items_most_pop,Items_most_pop_L2,Items_most_pop_winrate,Items_L2,Items_L2_coef,Items_L2_winrate,Items_gold_adjusted_L2,Items_gold_adjusted_L2_coef,Items_gold_adjusted_L2_winrate
Shoes of Focus,-3.7081901689851837,0.4861111111111111,Shoes of the Magi,6.449177284097228,0.6538461538461539,Shoes of the Magi,0.40307358025607676,4.086538461538462
Chronos' Pendant,1.580191356510147,0.559322033898305,Warlock's Sash,4.8241076505452725,0.6140350877192983,Warlock's Sash,0.18204179813378388,2.3171135385633894
Warlock's Sash,4.8241076505452725,0.6140350877192983,Breastplate of Valor,3.657021324618253,0.6451612903225806,Breastplate of Valor,0.15900092715731534,2.805049088359046
Book of Thoth,-0.6927605145011166,0.5283018867924528,Rod of Tahuti,3.4516524497419288,0.6216216216216216,Obsidian Shard,0.13004946623645128,2.882483370288248
Shoes of the Magi,6.449177284097228,0.6538461538461539,Obsidian Shard,2.666014057847251,0.5909090909090909,Rod of Tahuti,0.10396543523319063,1.8723542819928363
Obsidian Shard,2.666014057847251,0.5909090909090909,Divine Ruin,1.812667788216205,0.6428571428571429,Divine Ruin,0.0995971312206706,3.532182103610675
