,recommendations,win_rate,win_rate_per_cost
Starter Item,Soul Stone,,
Boots,Shoes of Focus,0.671428571429,4.08791208791
Item2,Book of Thoth,0.625,2.31391250259
Item3,Warlock's Sash,0.581267217630854,2.31391250259
Item4,Obsidian Shard,0.5873925501432665,2.99115518628
Item5,Void Stone,0.625,3.51239669421
Item6,Rod of Tahuti,0.772727272727,2.02237521515
Relic1,Purification,0.618266978923,
Relic2,Sprint,0.621145374449,
