Items_most_pop,Items_most_pop_L2,Items_most_pop_winrate,Items_L2,Items_L2_coef,Items_L2_winrate,Items_gold_adjusted_L2,Items_gold_adjusted_L2_coef,Items_gold_adjusted_L2_winrate
Shoes of Focus,-3.9392382729983106,0.48863636363636365,Book of Thoth,10.62505562683543,0.6486486486486487,Shoes of the Magi,0.4336445974960676,3.8461538461538463
Warlock's Sash,2.662244296425624,0.5569620253164557,Obsidian Shard,8.702412159634335,0.6557377049180327,Obsidian Shard,0.4245079102260651,3.198720511795282
Shoes of the Magi,6.9383135599370815,0.6153846153846154,Rod of Tahuti,7.559706114628338,0.6923076923076923,Book of Thoth,0.4009454953522803,2.4477307496175422
Divine Ruin,-0.1695420144785099,0.5324675324675324,Shoes of the Magi,6.9383135599370815,0.6153846153846154,Rod of Tahuti,0.22770199140446803,2.0852641334569046
Book of Thoth,10.62505562683543,0.6486486486486487,Chronos' Pendant,5.079246987967213,0.5915492957746479,Chronos' Pendant,0.21163529116530055,2.464788732394366
Chronos' Pendant,5.079246987967213,0.5915492957746479,Rod of Asclepius,4.980866756960411,0.6666666666666666,Rod of Asclepius,0.1872506299609177,2.506265664160401
