Items_most_pop,Items_most_pop_L2,Items_most_pop_winrate,Items_L2,Items_L2_coef,Items_L2_winrate,Items_gold_adjusted_L2,Items_gold_adjusted_L2_coef,Items_gold_adjusted_L2_winrate
Shoes of Focus,4.702597285066117,0.5816326530612245,Rod of Asclepius,16.016922657199725,0.6808510638297872,Rod of Asclepius,0.6021399495187867,2.559590465525516
Shoes of the Magi,2.407013671273437,0.5823095823095823,Book of Thoth,14.977616000172134,0.630272952853598,Book of Thoth,0.5651930566102692,2.378388501334332
Book of Thoth,14.977616000172134,0.630272952853598,Rod of Tahuti,11.51078305702516,0.6459143968871596,Obsidian Shard,0.43750870310661494,3.027754415475189
Warlock's Sash,-1.3310304251132288,0.5587467362924282,Obsidian Shard,8.968928413685607,0.6206896551724138,Rod of Tahuti,0.3467103330429265,1.9455252918287937
Obsidian Shard,8.968928413685607,0.6206896551724138,Gem of Isolation,7.028204780163433,0.6555555555555556,Lotus Crown,0.3176125749975669,3.2763014197306153
Chronos' Pendant,5.213082884707623,0.596100278551532,Lotus Crown,6.511057787450121,0.6716417910447762,Shoes of Focus,0.3135064856710745,3.877551020408163
