,recommendations,win_rate,win_rate_per_cost
Starter Item,Soul Stone,,
Boots,Shoes of the Magi,0.777777777778,3.78151260504
Item2,Book of Thoth,0.6470588235294118,2.52726328544
Item3,Obsidian Shard,0.6697247706422018,3.26695010069
Item4,Chronos' Pendant,0.6,2.79051987768
Item5,Rod of Tahuti,0.647058823529,2.21575959008
Item6,Rod of Asclepius,0.669724770642,2.6371899899
Relic1,Purification,0.630136986301,
Relic2,Sprint,0.64,
