Relics_most_pop,Relics_most_pop_L2,Relics_most_pop_winrate,Relics_most_pop_wr_paired,Relics_L2,Relics_L2_coef,Relics_L2_winrate,Relics_L2_wr_paired
Teleport,16.35471121546449,0.6263736263736264,0.0,Blink,17.007065729822475,0.7272727272727273,0.0
Sanctuary,7.7403909518144385,0.6075949367088608,,Teleport,16.35471121546449,0.6263736263736264,
