,recommendations,win_rate,win_rate_per_cost
Starter Item,Soul Stone,,
Boots,Shoes of the Magi,0.59693877551,3.68497109827
Item2,Book of Thoth,0.6074766355140186,2.25259915287
Item3,Warlock's Sash,0.5969387755102041,2.25259915287
Item4,Obsidian Shard,0.5885714285714285,2.9118964659
Item5,Rod of Tahuti,0.714285714286,2.15146299484
Item6,Gem of Isolation,0.588571428571,2.73752012882
Relic1,Purification,0.586021505376,
Relic2,Phantom,0.75,
