Items_most_pop,Items_most_pop_L2,Items_most_pop_winrate,Items_L2,Items_L2_coef,Items_L2_winrate,Items_gold_adjusted_L2,Items_gold_adjusted_L2_coef,Items_gold_adjusted_L2_winrate
Shoes of Focus,2.5926051859515025,0.5625,Rod of Tahuti,14.801872617457942,0.7142857142857143,Rod of Tahuti,0.44583953667042,2.1514629948364887
Book of Thoth,8.758245655590686,0.6074766355140186,Book of Thoth,8.758245655590686,0.6074766355140186,Book of Thoth,0.3304998360600259,2.2923646623170515
Warlock's Sash,6.924645448723586,0.5969387755102041,Warlock's Sash,6.924645448723586,0.5969387755102041,Shoes of the Magi,0.279037248097251,3.684971098265896
Obsidian Shard,2.7712184132677815,0.5885714285714285,Gem of Isolation,4.642949721560907,0.7391304347826086,Warlock's Sash,0.26130737542353155,2.2525991528686946
Shoes of the Magi,4.464595969556016,0.5895953757225434,Shoes of the Magi,4.464595969556016,0.5895953757225434,Shoes of Focus,0.17284034573010015,3.75
Chronos' Pendant,-0.8451692718931793,0.5521472392638037,Obsidian Shard,2.7712184132677815,0.5885714285714285,Gem of Isolation,0.17196110079855212,2.737520128824477
