Relics_most_pop,Relics_most_pop_L2,Relics_most_pop_winrate,Relics_most_pop_wr_paired,Relics_L2,Relics_L2_coef,Relics_L2_winrate,Relics_L2_wr_paired
Teleport,-178.36997505625877,0.5496688741721855,0.0,Curse,70.17465556925771,0.6923076923076923,0.0
Purification,-28.402926030261792,0.5957446808510638,,Sanctuary,63.72861719175668,0.594059405940594,
