Items_most_pop,Items_most_pop_L2,Items_most_pop_winrate,Items_L2,Items_L2_coef,Items_L2_winrate,Items_gold_adjusted_L2,Items_gold_adjusted_L2_coef,Items_gold_adjusted_L2_winrate
Shoes of Focus,4.0852059309984705,0.5857142857142857,Rod of Asclepius,30.92154255596777,0.7407407407407407,Rod of Asclepius,1.16246400586345,2.78473962684489
Book of Thoth,17.138600502694977,0.6258992805755396,Rod of Tahuti,25.903209365724383,0.6923076923076923,Rod of Tahuti,0.7802171495700115,2.0852641334569046
Obsidian Shard,4.324403660339702,0.6111111111111112,Book of Thoth,17.138600502694977,0.6258992805755396,Shoes of the Magi,0.729873866855426,3.709349593495935
Warlock's Sash,-5.637867344205338,0.552,Shoes of the Magi,11.677981869686818,0.5934959349593496,Book of Thoth,0.6467396416111313,2.3618840776435457
Shoes of the Magi,11.677981869686818,0.5934959349593496,Breastplate of Valor,9.897508545088433,0.6285714285714286,Breastplate of Valor,0.43032645848210577,2.732919254658385
Chronos' Pendant,4.330325137938414,0.5925925925925926,Chronos' Pendant,4.330325137938414,0.5925925925925926,Shoes of Focus,0.2723470620665647,3.9047619047619047
