Items_most_pop,Items_most_pop_L2,Items_most_pop_winrate,Items_L2,Items_L2_coef,Items_L2_winrate,Items_gold_adjusted_L2,Items_gold_adjusted_L2_coef,Items_gold_adjusted_L2_winrate
Warrior Tabi,-1.3429249598680677,0.44168734491315137,Titan's Bane,25.822493128412027,0.6011560693641619,Titan's Bane,1.2596338111420502,2.932468631044692
Breastplate of Valor,18.228186575132572,0.46326836581709147,Breastplate of Valor,18.228186575132572,0.46326836581709147,Breastplate of Valor,0.7925298510927206,2.0142102861612674
Jotunn's Wrath,3.039301430701388,0.47568710359408034,Hide of the Urchin,15.31335593502009,0.5139442231075697,Hide of the Urchin,0.6380564972925038,2.141434262948207
Bluestone Pendant,-11.297212413056108,0.36318407960199006,Mantle of Discord,11.577923558794968,0.5409836065573771,Genji's Guard,0.44779007787475333,2.356902356902357
Bulwark of Hope,1.7640978988061884,0.4847328244274809,Genji's Guard,9.851381713244573,0.5185185185185185,Mantle of Discord,0.37348140512241834,1.7451084082496033
Hide of the Urchin,15.31335593502009,0.5139442231075697,Brawler's Beat Stick,7.1514547092631915,0.509090909090909,Brawler's Beat Stick,0.297977279552633,2.121212121212121
