Items_most_pop,Items_most_pop_L2,Items_most_pop_winrate,Items_L2,Items_L2_coef,Items_L2_winrate,Items_gold_adjusted_L2,Items_gold_adjusted_L2_coef,Items_gold_adjusted_L2_winrate
Warrior Tabi,-4.084188107365707,0.45075757575757575,Titan's Bane,14.813883808725143,0.6098654708520179,Titan's Bane,0.7226284784743973,2.9749535163513072
Breastplate of Valor,-5.007182961028226,0.4518779342723005,Jotunn's Wrath,12.226906722538102,0.5103806228373703,Jotunn's Wrath,0.50110273453025,2.091723864087583
Jotunn's Wrath,12.226906722538102,0.5103806228373703,Hide of the Urchin,9.162255010121424,0.5379537953795379,Hide of the Urchin,0.38176062542172595,2.2414741474147415
Bluestone Pendant,-16.62669007617314,0.36046511627906974,Mantle of Discord,9.003515233872598,0.5833333333333334,Mantle of Discord,0.29043597528621284,1.881720430107527
Bulwark of Hope,1.6109453758913397,0.4967532467532468,Brawler's Beat Stick,6.088484413425422,0.5882352941176471,Brawler's Beat Stick,0.25368685055939255,2.450980392156863
Hide of the Urchin,9.162255010121424,0.5379537953795379,Winged Blade,4.6486743877318615,0.5370370370370371,Winged Blade,0.25127969663415467,2.9029029029029028
