Relics_most_pop,Relics_most_pop_L2,Relics_most_pop_winrate,Relics_most_pop_wr_paired,Relics_L2,Relics_L2_coef,Relics_L2_winrate,Relics_L2_wr_paired
Teleport,-3.4905680466523687,0.4539249146757679,0.0,Purification,3.5804549645708263,0.5882352941176471,0.0
Blink,-5.607074583917805,0.4421052631578947,,Curse,1.854566972975335,0.48148148148148145,
