,recommendations,win_rate,win_rate_per_cost
Starter Item,Bluestone Pendant,,
Boots,Warrior Tabi,0.5266272189349113,3.63123567777
Item2,Jotunn's Wrath,0.5795795795795796,2.30672758219
Item3,Hide of the Urchin,0.5901639344262295,2.34517304189
Item4,Bulwark of Hope,0.5628415300546448,2.22907536655
Item5,Titan's Bane,0.664948453608,3.05736860186
Item6,Mantle of Discord,0.62676056338,2.14499501164
Relic1,Blink,0.558709677419,
Relic2,Teleport,0.525261324042,
