Relics_most_pop,Relics_most_pop_L2,Relics_most_pop_winrate,Relics_most_pop_wr_paired,Relics_L2,Relics_L2_coef,Relics_L2_winrate,Relics_L2_wr_paired
Teleport,1.6522260392151218,0.453929539295393,0.48869752422,Blink,6.274660895939002,0.4794383149448345,0.48869752422
Blink,6.274660895939002,0.4794383149448345,,Teleport,1.6522260392151218,0.453929539295393,
