Relics_most_pop,Relics_most_pop_L2,Relics_most_pop_winrate,Relics_most_pop_wr_paired,Relics_L2,Relics_L2_coef,Relics_L2_winrate,Relics_L2_wr_paired
Teleport,8.867003936193326,0.5,0.537142857143,Teleport,8.867003936193326,0.5,0.537142857143
Blink,5.495315149438441,0.521505376344086,,Blink,5.495315149438441,0.521505376344086,
