Items_most_pop,Items_most_pop_L2,Items_most_pop_winrate,Items_L2,Items_L2_coef,Items_L2_winrate,Items_gold_adjusted_L2,Items_gold_adjusted_L2_coef,Items_gold_adjusted_L2_winrate
Warrior Tabi,2.6402544688714182,0.42061855670103093,Titan's Bane,34.55337975148039,0.5849056603773585,Titan's Bane,1.6855307195844096,2.8531983433041876
Breastplate of Valor,14.944815950161825,0.43210862619808305,Brawler's Beat Stick,27.06055876940821,0.5233644859813084,Brawler's Beat Stick,1.1275232820586756,2.1806853582554515
Jotunn's Wrath,10.028114860147609,0.45526315789473687,Void Shield,23.111463540172565,0.53,Void Shield,0.8559801311175025,1.962962962962963
Bluestone Pendant,-5.115245181338916,0.35488308115543327,Bulwark of Hope,18.729609658154626,0.5201342281879194,Bulwark of Hope,0.7417667191348366,2.0599375373778988
Hide of the Urchin,14.39689495357771,0.486810551558753,Breastplate of Valor,14.944815950161825,0.43210862619808305,Breastplate of Valor,0.649774606528775,1.8787331573829698
Pestilence,-14.916837052426345,0.41237113402061853,Hide of the Urchin,14.39689495357771,0.486810551558753,Hide of the Urchin,0.5998706230657379,2.028377298161471
