,recommendations,win_rate,win_rate_per_cost
Starter Item,Bluestone Pendant,,
Boots,Warrior Tabi,0.44282029234737746,3.13766966332
Item2,Bluestone Pendant,0.3849056603773585,6.07923497268
Item3,Hide of the Urchin,0.48633879781420764,2.02641165756
Item4,Breastplate of Valor,0.4491017964071856,2.11451651224
Item5,Brawler's Beat Stick,0.581081081081,2.42117117117
Item6,Titan's Bane,0.56183745583,2.74067051625
Relic1,Teleport,0.450490633363,
Relic2,Sprint,0.46511627907,
