Relics_most_pop,Relics_most_pop_L2,Relics_most_pop_winrate,Relics_most_pop_wr_paired,Relics_L2,Relics_L2_coef,Relics_L2_winrate,Relics_L2_wr_paired
Teleport,3.4709066043245973,0.49310508796956726,0.494736842105,Teleport,3.4709066043245973,0.49310508796956726,0.494736842105
Blink,-1.3059199153994048,0.4928131416837782,,Relic,2.829620848117955,0.4444444444444444,
