,recommendations,win_rate,win_rate_per_cost
Starter Item,Bluestone Pendant,,
Boots,Warrior Tabi,0.4303977272727273,3.3245556287
Item2,Hide of the Urchin,0.5153061224489796,2.14710884354
Item3,Jotunn's Wrath,0.4730392156862745,2.11191033791
Item4,Bulwark of Hope,0.47533632286995514,2.04081632653
Item5,Titan's Bane,0.520710059172,2.54004906913
Item6,Winged Blade,0.473039215686,2.78988666085
Relic1,Blink,0.46764091858,
Relic2,Meditation,0.5,
