,recommendations,win_rate,win_rate_per_cost
Starter Item,Bluestone Pendant,,
Boots,Warrior Tabi,0.4100609756097561,2.92573143286
Item2,Jotunn's Wrath,0.444743935309973,1.85855890202
Item3,Hide of the Urchin,0.4714285714285714,1.88953488372
Item4,Bulwark of Hope,0.45348837209302323,1.79599355284
Item5,Titan's Bane,0.521472392638,2.54376776897
Item6,Brawler's Beat Stick,0.555555555556,2.19594594595
Relic1,Meditation,0.56,
Relic2,Curse,0.481927710843,
