Items_most_pop,Items_most_pop_L2,Items_most_pop_winrate,Items_L2,Items_L2_coef,Items_L2_winrate,Items_gold_adjusted_L2,Items_gold_adjusted_L2_coef,Items_gold_adjusted_L2_winrate
Warrior Tabi,-5.461990222391779,0.4646153846153846,Jotunn's Wrath,25.02638861597952,0.522911051212938,Titan's Bane,1.1547903388890413,2.8794037940379402
Breastplate of Valor,-6.052754890176621,0.4682080924855491,Brawler's Beat Stick,23.965498966328276,0.6338028169014085,Jotunn's Wrath,1.0256716645893247,2.1430780787415493
Jotunn's Wrath,25.02638861597952,0.522911051212938,Titan's Bane,23.673201947225348,0.5902777777777778,Brawler's Beat Stick,0.998562456930345,2.640845070422535
Bluestone Pendant,-9.803056840210331,0.3927392739273927,Mantle of Discord,14.994390589749981,0.5684210526315789,Mystical Mail,0.49205052635262536,2.287581699346405
Hide of the Urchin,8.217588580127215,0.5098039215686274,Mystical Mail,13.285364211520884,0.6176470588235294,Mantle of Discord,0.4836900190241929,1.833616298811545
Bulwark of Hope,2.8442665375511305,0.5149700598802395,Hide of the Urchin,8.217588580127215,0.5098039215686274,Hide of the Urchin,0.3423995241719673,2.1241830065359477
