,recommendations,win_rate,win_rate_per_cost
Starter Item,Bluestone Pendant,,
Boots,Warrior Tabi,0.4721223021582734,3.34528076464
Item2,Jotunn's Wrath,0.521021021021021,2.12507589557
Item3,Hide of the Urchin,0.5185185185185185,2.16049382716
Item4,Bulwark of Hope,0.5238095238095238,2.0535386872
Item5,Titan's Bane,0.58275862069,2.84272497897
Item6,Mantle of Discord,0.577639751553,1.86335403727
Relic1,Sprint,0.5,
Relic2,Purification,0.491228070175,
