,recommendations,win_rate,win_rate_per_cost
Starter Item,Soul Stone,,
Boots,Shoes of the Magi,0.4,4.31547619048
Item2,Rod of Tahuti,0.6904761904761905,2.07974756168
Item3,Gem of Isolation,0.4722222222222222,2.55731922399
Item4,Obsidian Shard,0.4067796610169492,3.36817653891
Item5,Chronos' Pendant,0.666666666667,2.43055555556
Item6,Dynasty Plate Helm,0.583333333333,3.081232493
Relic1,Blink,0.666666666667,
Relic2,Sprint,0.446808510638,
