,recommendations,win_rate,win_rate_per_cost
Starter Item,Soul Stone,,
Boots,Shoes of the Magi,0.5185185185185185,3.33333333333
Item2,Warlock's Sash,0.6105263157894737,2.01257861635
Item3,Obsidian Shard,0.6595744680851063,2.60162601626
Item4,Rod of Tahuti,0.6756756756756757,1.60642570281
Item5,Gem of Isolation,0.568965517241,2.10727969349
Item6,Bancroft's Talon,0.692307692308,2.77777777778
Relic1,Sanctuary,0.56862745098,
Relic2,Blink,0.7,
