,recommendations,win_rate,win_rate_per_cost
Starter Item,Soul Stone,,
Boots,Shoes of the Magi,0.657142857143,3.28389830508
Item2,Gem of Isolation,0.5833333333333334,1.92726663315
Item3,Rod of Tahuti,0.5697674418604651,1.56735539443
Item4,Spear of the Magus,0.5774647887323944,2.42028833
Item5,Obsidian Shard,0.56976744186,2.62310170272
Item6,Mantle of Discord,0.577464788732,2.1198156682
Relic1,Blink,0.8,
Relic2,Sanctuary,0.533898305085,
