,recommendations,win_rate,win_rate_per_cost
Starter Item,Soul Stone,,
Boots,Shoes of the Magi,0.647887323944,3.34375
Item2,Rod of Tahuti,0.647887323943662,1.61144578313
Item3,Gem of Isolation,0.5849056603773585,1.98148148148
Item4,Spear of the Magus,0.6129032258064516,2.48837209302
Item5,Obsidian Shard,0.547619047619,2.67131242741
Item6,Chronos' Pendant,0.566666666667,2.36111111111
Relic1,Sprint,0.588235294118,
Relic2,Blink,0.7,
