Relics_most_pop,Relics_most_pop_L2,Relics_most_pop_winrate,Relics_most_pop_wr_paired,Relics_L2,Relics_L2_coef,Relics_L2_winrate,Relics_L2_wr_paired
Purification,6.902814890744876,0.5342465753424658,0.0,Blink,14.96041575821464,0.7777777777777778,0.0
Teleport,4.844140487762239,0.5192307692307693,,Sprint,8.009752892747281,0.5675675675675675,
