Items_most_pop,Items_most_pop_L2,Items_most_pop_winrate,Items_L2,Items_L2_coef,Items_L2_winrate,Items_gold_adjusted_L2,Items_gold_adjusted_L2_coef,Items_gold_adjusted_L2_winrate
Shoes of the Magi,1.213576151693211,0.5247524752475248,Gem of Isolation,5.466407845484201,0.7380952380952381,Gem of Isolation,0.2024595498327482,2.7336860670194003
Warlock's Sash,2.307366451597745,0.5529411764705883,Warlock's Sash,2.307366451597745,0.5529411764705883,Obsidian Shard,0.09715168930496708,2.863202545068929
Obsidian Shard,1.9916096307518252,0.5869565217391305,Obsidian Shard,1.9916096307518252,0.5869565217391305,Warlock's Sash,0.08707043213576396,2.086570477247503
Gem of Isolation,5.466407845484201,0.7380952380952381,Spear of the Magus,1.6457803756892166,0.6875,Spear of the Magus,0.07654792445066125,3.197674418604651
Rod of Tahuti,1.2471346852895842,0.5862068965517241,Rod of Tahuti,1.2471346852895842,0.5862068965517241,Shoes of the Magi,0.07584850948082571,3.2797029702970297
Soul Stone,1.2120671952761897,0.5769230769230769,Shoes of the Magi,1.213576151693211,0.5247524752475248,Rod of Tahuti,0.03756429774968627,1.7656834233485668
