,recommendations,win_rate,win_rate_per_cost
Starter Item,Soul Stone,,
Boots,Shoes of the Magi,0.538461538462,3.125
Item2,Rod of Tahuti,0.6590909090909091,1.71375155796
Item3,Obsidian Shard,0.5689655172413793,2.77544154752
Item4,Gem of Isolation,0.5211267605633803,2.10727969349
Item5,Bancroft's Talon,0.636363636364,2.65151515152
Item6,Hide of the Urchin,0.521126760563,2.24358974359
Relic1,Curse,0.764705882353,
Relic2,Teleport,0.507042253521,
