,recommendations,win_rate,win_rate_per_cost
Starter Item,Soul Stone,,
Boots,Shoes of the Magi,0.5050505050505051,3.23275862069
Item2,Obsidian Shard,0.6363636363636364,2.52312867956
Item3,Rod of Tahuti,0.5757575757575758,1.55795596178
Item4,Warlock's Sash,0.5280898876404494,1.95185426155
Item5,Spear of the Magus,0.636363636364,2.95983086681
Item6,Breastplate of Valor,0.6,2.60869565217
Relic1,Teleport,0.547619047619,
Relic2,Purification,0.528735632184,
