,recommendations,win_rate,win_rate_per_cost
Starter Item,Soul Stone,,
Boots,Shoes of the Magi,0.47643979057591623,1.80555555556
Item2,Gem of Isolation,0.5555555555555556,1.06995884774
Item3,Rod of Tahuti,0.5789473684210527,0.870147255689
Item4,Obsidian Shard,0.5,1.40921409214
Item5,Spear of the Magus,0.613636363636,2.85412262156
Item6,Book of Thoth,0.692307692308,2.13836477987
Relic1,Sanctuary,0.547368421053,
Relic2,Curse,0.615384615385,
