,recommendations,win_rate,win_rate_per_cost
Starter Item,Soul Stone,,
Boots,Shoes of the Magi,0.43949044586,2.74681528662
Item2,Rod of Tahuti,0.5686274509803921,1.0812480692
Item3,Gem of Isolation,0.48717948717948717,1.32953466287
Item4,Obsidian Shard,0.4142857142857143,1.75109443402
Item5,Spear of the Magus,0.666666666667,3.1007751938
Item6,Hide of the Urchin,0.566666666667,2.36111111111
Relic1,Shell,0.571428571429,
Relic2,Meditation,0.5,
