Items_most_pop,Items_most_pop_L2,Items_most_pop_winrate,Items_L2,Items_L2_coef,Items_L2_winrate,Items_gold_adjusted_L2,Items_gold_adjusted_L2_coef,Items_gold_adjusted_L2_winrate
Warrior Tabi,-2.96444085916487,0.4025974025974026,Deathbringer,57.74202951963743,0.5416666666666666,Deathbringer,1.8044384224886696,1.6927083333333333
Wind Demon,21.796414393007815,0.4803921568627451,Malice,43.00406005681251,0.68,Soul Eater,1.5091863298393744,3.1578947368421053
Deathbringer,57.74202951963743,0.5416666666666666,Soul Eater,30.183726596787487,0.631578947368421,Malice,1.4334686685604172,2.2666666666666666
Bumba's Mask,-26.377958949664137,0.2692307692307692,Hastened Fatalis,23.58776208203105,0.6428571428571429,Hastened Fatalis,1.102231872992105,3.0040053404539386
Titan's Bane,17.29108693171683,0.543859649122807,Wind Demon,21.796414393007815,0.4803921568627451,Titan's Bane,0.8434676552056991,2.652973898160034
Winged Blade,-30.81144618407508,0.34285714285714286,Titan's Bane,17.29108693171683,0.543859649122807,Wind Demon,0.8383236305003007,1.847662141779789
