,recommendations,win_rate,win_rate_per_cost
Starter Item,Bumba's Mask,,
Boots,Warrior Tabi,0.4675925925925926,3.38709677419
Item2,Wind Demon,0.5295950155763239,2.01923076923
Item3,Deathbringer,0.5238095238095238,1.640625
Item4,Titan's Bane,0.5287009063444109,2.56097560976
Item5,Poisoned Star ,0.573529411765,2.60695187166
Item6,Stone Cutting Sword,0.528700906344,2.18623481781
Relic1,Wrath,0.495145631068,
Relic2,Purification,0.49197080292,
