Items_most_pop,Items_most_pop_L2,Items_most_pop_winrate,Items_L2,Items_L2_coef,Items_L2_winrate,Items_gold_adjusted_L2,Items_gold_adjusted_L2_coef,Items_gold_adjusted_L2_winrate
Warrior Tabi,0.6674581296773839,0.5167243367935409,Wind Demon,7.722101903876588,0.5569620253164557,Wind Demon,0.29700391937986875,2.142161635832522
Wind Demon,7.722101903876588,0.5569620253164557,Deathbringer,6.400878942106507,0.5584415584415584,Asi,0.28143535176138385,3.5824784237094938
Deathbringer,6.400878942106507,0.5584415584415584,Asi,5.009549261352633,0.6376811594202898,Titan's Bane,0.2223465353586256,2.820346787538672
Bumba's Mask,-3.9418717768086906,0.45985401459854014,Titan's Bane,4.558103974851825,0.5781710914454278,Deathbringer,0.20002746694082835,1.74512987012987
Titan's Bane,4.558103974851825,0.5781710914454278,Malice,3.595873884277428,0.6026490066225165,Malice,0.11986246280924759,2.0088300220750552
Winged Blade,0.9928128968307477,0.5329949238578681,Poisoned Star ,2.048611223181541,0.6129032258064516,Poisoned Star ,0.09311869196279733,2.7859237536656893
