,recommendations,win_rate,win_rate_per_cost
Starter Item,Bumba's Mask,,
Boots,Warrior Tabi,0.5167243367935409,3.43867692812
Item2,Wind Demon,0.5569620253164557,2.04998047638
Item3,Deathbringer,0.5584415584415584,1.66560913706
Item4,Titan's Bane,0.5781710914454278,2.59997523833
Item5,Asi,0.558441558442,3.58247842371
Item6,Malice,0.602649006623,2.00883002208
Relic1,Sprint,0.55223880597,
Relic2,Purification,0.534226190476,
