Relics_most_pop,Relics_most_pop_L2,Relics_most_pop_winrate,Relics_most_pop_wr_paired,Relics_L2,Relics_L2_coef,Relics_L2_winrate,Relics_L2_wr_paired
Purification,5.457144270471149,0.5982532751091703,0.818181818182,Sprint,10.896775483973297,0.6357615894039735,0.818181818182
Sprint,10.896775483973297,0.6357615894039735,,Wrath,6.808077251605897,0.6048387096774194,
