Relics_most_pop,Relics_most_pop_L2,Relics_most_pop_winrate,Relics_most_pop_wr_paired,Relics_L2,Relics_L2_coef,Relics_L2_winrate,Relics_L2_wr_paired
Purification,3.9169578558642755,0.510989010989011,0.593023255814,Sprint,11.518477539018559,0.5523012552301255,0.593023255814
Sprint,11.518477539018559,0.5523012552301255,,Purification,3.9169578558642755,0.510989010989011,
