Items_most_pop,Items_most_pop_L2,Items_most_pop_winrate,Items_L2,Items_L2_coef,Items_L2_winrate,Items_gold_adjusted_L2,Items_gold_adjusted_L2_coef,Items_gold_adjusted_L2_winrate
Warrior Tabi,-1.6097890006206268,0.5280898876404494,Malice,14.269643454555931,0.6885245901639344,Malice,0.475654781818531,2.2950819672131146
Wind Demon,8.89205258536305,0.5637583892617449,Deathbringer,10.719585051012668,0.5821596244131455,Titan's Bane,0.3944174634721251,2.9432952557373677
Deathbringer,10.719585051012668,0.5821596244131455,Wind Demon,8.89205258536305,0.5637583892617449,Winged Blade,0.347045151369952,3.221764811168785
Bumba's Mask,-7.020287109527847,0.4602076124567474,Titan's Bane,8.085558001178564,0.6033755274261603,Wind Demon,0.34200202251396344,2.1683014971605576
Titan's Bane,8.085558001178564,0.6033755274261603,Winged Blade,6.420335300344113,0.5960264900662252,Deathbringer,0.3349870328441459,1.8192488262910798
Bloodforge,4.6308229661969085,0.58125,Poisoned Star ,5.0329874828392605,0.6181818181818182,Poisoned Star ,0.2287721583108755,2.809917355371901
