Items_most_pop,Items_most_pop_L2,Items_most_pop_winrate,Items_L2,Items_L2_coef,Items_L2_winrate,Items_gold_adjusted_L2,Items_gold_adjusted_L2_coef,Items_gold_adjusted_L2_winrate
Warrior Tabi,-0.5600074332390199,0.39655172413793105,Asi,0.025303088391535833,0.5222222222222223,Asi,0.001421521819749204,2.933832709113608
Wind Demon,-0.1480754736351091,0.4572127139364303,Poisoned Star ,0.007676041299086277,0.5116279069767442,Poisoned Star ,0.0003489109681402853,2.3255813953488373
Deathbringer,-0.07473324815279729,0.4744897959183674,Malice,0.0013696027234944709,0.4953271028037383,Malice,4.565342411648237e-05,1.6510903426791277
Bumba's Mask,-0.4421460250262942,0.34448160535117056,Winged Blade,-0.021164325118798084,0.47794117647058826,Soul Eater,-0.001129755189386603,2.1794871794871793
Titan's Bane,-0.02671708260905649,0.4818181818181818,Soul Eater,-0.022595103787732065,0.4358974358974359,Winged Blade,-0.0011440175739890856,2.583465818759936
Bloodforge,-0.05603826302443161,0.45390070921985815,Titan's Bane,-0.02671708260905649,0.4818181818181818,Titan's Bane,-0.0013032723223929995,2.350332594235033
