Items_most_pop,Items_most_pop_L2,Items_most_pop_winrate,Items_L2,Items_L2_coef,Items_L2_winrate,Items_gold_adjusted_L2,Items_gold_adjusted_L2_coef,Items_gold_adjusted_L2_winrate
Warrior Tabi,0.6084508550235954,0.5010141987829615,Deathbringer,13.479829356374252,0.5709969788519638,Wind Demon,0.4665013961013402,2.1306818181818183
Wind Demon,12.129036298634846,0.5539772727272727,Wind Demon,12.129036298634846,0.5539772727272727,Titan's Bane,0.43781669751689506,2.8837083950950007
Deathbringer,13.479829356374252,0.5709969788519638,Titan's Bane,8.97524229909635,0.5911602209944752,Deathbringer,0.4212446673866953,1.7843655589123868
Bumba's Mask,-8.180949242386973,0.425,Bloodforge,6.226970376410428,0.5855855855855856,Winged Blade,0.25725189033154283,3.0405405405405403
Titan's Bane,8.97524229909635,0.5911602209944752,Winged Blade,4.759159971133543,0.5625,Bloodforge,0.21849018864597994,2.054686265212581
Bloodforge,6.226970376410428,0.5855855855855856,Malice,1.3188639161277373,0.5411764705882353,Malice,0.043962130537591244,1.803921568627451
