Items_most_pop,Items_most_pop_L2,Items_most_pop_winrate,Items_L2,Items_L2_coef,Items_L2_winrate,Items_gold_adjusted_L2,Items_gold_adjusted_L2_coef,Items_gold_adjusted_L2_winrate
Warrior Tabi,0.16892979578533251,0.5084033613445378,Bloodforge,1.2782768585025273,0.6612903225806451,Titan's Bane,0.061319654393794894,3.0644152595372107
Wind Demon,0.6276861355848147,0.5321637426900585,Titan's Bane,1.2570529150727954,0.6282051282051282,Bloodforge,0.044851819596579905,2.320316921335597
Deathbringer,0.7590886342227017,0.543046357615894,Deathbringer,0.7590886342227017,0.543046357615894,Wind Demon,0.024141774445569798,2.046783625730994
Bumba's Mask,-1.116949156930098,0.4247787610619469,Wind Demon,0.6276861355848147,0.5321637426900585,Deathbringer,0.023721519819459424,1.6970198675496688
Titan's Bane,1.2570529150727954,0.6282051282051282,Jotunn's Wrath,0.5209968119146978,0.6111111111111112,Jotunn's Wrath,0.021352328357159747,2.504553734061931
Bloodforge,1.2782768585025273,0.6612903225806451,Asi,0.37503095246606255,0.5882352941176471,Asi,0.021069154632924865,3.3046926635822866
