,recommendations,win_rate,win_rate_per_cost
Starter Item,Bumba's Mask,,
Boots,Warrior Tabi,0.656565656566,3.65016387787
Item2,Deathbringer,0.6114369501466276,1.58924205379
Item3,Titan's Bane,0.6229946524064172,2.48076808396
Item4,Wind Demon,0.5848527349228612,1.95599022005
Item5,Malice,0.632286995516,2.18855218855
Item6,Bloodforge,0.670454545455,2.21855086146
Relic1,Purification,0.573490813648,
Relic2,Wrath,0.558912386707,
