Relics_most_pop,Relics_most_pop_L2,Relics_most_pop_winrate,Relics_most_pop_wr_paired,Relics_L2,Relics_L2_coef,Relics_L2_winrate,Relics_L2_wr_paired
Purification,-14.281120259210855,0.49122807017543857,0.703703703704,Wrath,45.92727316093639,0.5391304347826087,0.703703703704
Sprint,37.568070171499116,0.5333333333333333,,Sprint,37.568070171499116,0.5333333333333333,
