Items_most_pop,Items_most_pop_L2,Items_most_pop_winrate,Items_L2,Items_L2_coef,Items_L2_winrate,Items_gold_adjusted_L2,Items_gold_adjusted_L2_coef,Items_gold_adjusted_L2_winrate
Warrior Tabi,0.6951901263629615,0.5580246913580247,Malice,15.993640371550216,0.7045454545454546,Winged Blade,0.7038317100167922,3.519798868636078
Wind Demon,10.46340260546201,0.5888157894736842,Winged Blade,13.020886635310655,0.6511627906976745,Malice,0.5331213457183406,2.3484848484848486
Deathbringer,8.67034370417812,0.6057347670250897,Wind Demon,10.46340260546201,0.5888157894736842,Wind Demon,0.40243856174853887,2.264676113360324
Bumba's Mask,-14.608312591550824,0.4502923976608187,Poisoned Star ,8.684302901439288,0.782608695652174,Poisoned Star ,0.39474104097451307,3.5573122529644268
Titan's Bane,7.999928713370143,0.63125,Deathbringer,8.67034370417812,0.6057347670250897,Titan's Bane,0.390240425042446,3.0792682926829267
Bloodforge,8.253816023628811,0.6274509803921569,Bloodforge,8.253816023628811,0.6274509803921569,Asi,0.35826229310352775,3.64675734279519
