,recommendations,win_rate,win_rate_per_cost
Starter Item,Bumba's Mask,,
Boots,Warrior Tabi,0.5051369863013698,3.6866359447
Item2,Deathbringer,0.565989847715736,1.78571428571
Item3,Titan's Bane,0.568075117370892,2.78745644599
Item4,Bloodforge,0.5714285714285714,2.00501253133
Item5,Asi,0.568075117371,3.39548092357
Item6,Malice,0.571428571429,2.12121212121
Relic1,Purification,0.516703786192,
Relic2,Wrath,0.508849557522,
