Relics_most_pop,Relics_most_pop_L2,Relics_most_pop_winrate,Relics_most_pop_wr_paired,Relics_L2,Relics_L2_coef,Relics_L2_winrate,Relics_L2_wr_paired
Purification,-9.69991505105771,0.4608294930875576,0.565217391304,Wrath,22.940675860641647,0.5274725274725275,0.565217391304
Sanctuary,-18.14006190457615,0.4205128205128205,,Sprint,18.45840064554273,0.5606060606060606,
