Relics_most_pop,Relics_most_pop_L2,Relics_most_pop_winrate,Relics_most_pop_wr_paired,Relics_L2,Relics_L2_coef,Relics_L2_winrate,Relics_L2_wr_paired
Purification,15.525301623772336,0.5947368421052631,0.661016949153,Purification,15.525301623772336,0.5947368421052631,0.661016949153
Wrath,9.199473644249284,0.5629139072847682,,Wrath,9.199473644249284,0.5629139072847682,
