,recommendations,win_rate,win_rate_per_cost
Starter Item,Bumba's Mask,,
Boots,Warrior Tabi,0.53305785124,3.37941628264
Item2,Titan's Bane,0.572463768115942,2.79250618593
Item3,Jotunn's Wrath,0.5330578512396694,2.34616298408
Item4,Hydra's Lament,0.539568345323741,2.66262217728
Item5,Shifter's Shield,0.59649122807,2.77777777778
Item6,Mantle of Discord,0.539568345324,1.92416525184
Relic1,Relic,0.473684210526,
Relic2,Curse,0.576923076923,
