Items_most_pop,Items_most_pop_L2,Items_most_pop_winrate,Items_L2,Items_L2_coef,Items_L2_winrate,Items_gold_adjusted_L2,Items_gold_adjusted_L2_coef,Items_gold_adjusted_L2_winrate
Warrior Tabi,0.014728631757602547,0.5148514851485149,Hydra's Lament,0.07479160718111875,0.6744186046511628,Hydra's Lament,0.0034786794037729657,3.136830719307734
Jotunn's Wrath,0.039752322691541504,0.55,Titan's Bane,0.049790978925218485,0.6136363636363636,Titan's Bane,0.00242882824025456,2.9933481152993346
Titan's Bane,0.049790978925218485,0.6136363636363636,Bulwark of Hope,0.03993041112585151,0.8333333333333334,Jotunn's Wrath,0.0016291935529320289,2.2540983606557377
Hydra's Lament,0.07479160718111875,0.6744186046511628,Jotunn's Wrath,0.039752322691541504,0.55,Bulwark of Hope,0.0015814024208258021,3.3003300330033003
Bloodforge,0.009889180347510677,0.5277777777777778,Wind Demon,0.034955913441823416,1.0,Wind Demon,0.0013444582093009006,3.8461538461538463
Bumba's Mask,-0.049998296551303056,0.3076923076923077,Brawler's Beat Stick,0.029954776489715926,0.875,Brawler's Beat Stick,0.0012481156870714969,3.6458333333333335
