Items_most_pop,Items_most_pop_L2,Items_most_pop_winrate,Items_L2,Items_L2_coef,Items_L2_winrate,Items_gold_adjusted_L2,Items_gold_adjusted_L2_coef,Items_gold_adjusted_L2_winrate
Warrior Tabi,0.535506428165199,0.5246913580246914,Titan's Bane,14.146067829426695,0.6428571428571429,Titan's Bane,0.6900520892403266,3.1358885017421603
Jotunn's Wrath,5.236538900449021,0.5441176470588235,Qin's Sais,6.795969106424041,0.7857142857142857,Qin's Sais,0.2517025594971867,2.9100529100529102
Titan's Bane,14.146067829426695,0.6428571428571429,Deathbringer,6.65433625742674,0.7647058823529411,Ninja Tabi,0.2434959103397609,4.444444444444445
Bloodforge,4.526959717143816,0.5714285714285714,Mantle of Discord,6.0874490229059806,0.6388888888888888,Jotunn's Wrath,0.21461225001840248,2.229990356798457
Hydra's Lament,4.4139419958880834,0.5714285714285714,Jotunn's Wrath,5.236538900449021,0.5441176470588235,Asi,0.20932429320029913,3.6351619299405153
Bumba's Mask,-20.233679949734448,0.26,Wind Demon,4.840288713971831,0.8,Deathbringer,0.20794800804458563,2.389705882352941
