Relics_most_pop,Relics_most_pop_L2,Relics_most_pop_winrate,Relics_most_pop_wr_paired,Relics_L2,Relics_L2_coef,Relics_L2_winrate,Relics_L2_wr_paired
Purification,29.911166159316714,0.5642857142857143,0.0,Relic,81.42691099045693,0.46153846153846156,0.0
Sanctuary,-4.116033604671411,0.49206349206349204,,Sprint,39.24270314017336,0.47058823529411764,
