,recommendations,win_rate,win_rate_per_cost
Starter Item,Bumba's Mask,,
Boots,Warrior Tabi,0.44415584415584414,2.13183730715
Item2,Titan's Bane,0.48717948717948717,1.61187698834
Item3,Bloodforge,0.47297297297297297,1.15942028986
Item4,Hydra's Lament,0.42613636363636365,1.53690596562
Item5,Qin's Sais,0.695652173913,2.57648953301
Item6,Hide of the Urchin,0.553191489362,2.38095238095
Relic1,Blink,0.566666666667,
Relic2,Curse,0.5625,
