Relics_most_pop,Relics_most_pop_L2,Relics_most_pop_winrate,Relics_most_pop_wr_paired,Relics_L2,Relics_L2_coef,Relics_L2_winrate,Relics_L2_wr_paired
Purification,0.4974561332862078,0.5104364326375711,0.333333333333,Blink,1.0918563271980926,0.6304347826086957,0.333333333333
Wrath,0.1290139399076662,0.5024390243902439,,Curse,0.5110008573085568,0.5662650602409639,
