Relics_most_pop,Relics_most_pop_L2,Relics_most_pop_winrate,Relics_most_pop_wr_paired,Relics_L2,Relics_L2_coef,Relics_L2_winrate,Relics_L2_wr_paired
Purification,3.3243000766895903,0.5438972162740899,0.64,Purification,3.3243000766895903,0.5438972162740899,0.64
Sanctuary,-1.5665540957206323,0.5058823529411764,,Blink,1.9259974232480044,0.5862068965517241,
