,recommendations,win_rate,win_rate_per_cost
Starter Item,Bumba's Mask,,
Boots,Warrior Tabi,0.5098039215686274,2.67990074442
Item2,Bloodforge,0.6133333333333333,1.45748987854
Item3,Hydra's Lament,0.5764705882352941,1.93202146691
Item4,Jotunn's Wrath,0.5266272189349113,1.70239596469
Item5,Shifter's Shield,0.727272727273,3.0303030303
Item6,Winged Blade,0.666666666667,3.6036036036
Relic1,Purification,0.564516129032,
Relic2,Teleport,0.727272727273,
