Relics_most_pop,Relics_most_pop_L2,Relics_most_pop_winrate,Relics_most_pop_wr_paired,Relics_L2,Relics_L2_coef,Relics_L2_winrate,Relics_L2_wr_paired
Purification,11.09864761341442,0.46153846153846156,0.615384615385,Purification,11.09864761341442,0.46153846153846156,0.615384615385
Wrath,2.996244041087348,0.44029850746268656,,Sprint,8.108832689573832,0.5,
