,recommendations,win_rate,win_rate_per_cost
Starter Item,Bumba's Mask,,
Boots,Warrior Tabi,0.4429223744292237,2.49462365591
Item2,Titan's Bane,0.5543478260869565,1.88617886179
Item3,Hydra's Lament,0.5,1.7984496124
Item4,Bloodforge,0.46153846153846156,1.3567251462
Item5,Brawler's Beat Stick,0.681818181818,2.84090909091
Item6,Hastened Fatalis,0.541666666667,2.53115264798
Relic1,Blink,0.48,
Relic2,Sprint,0.457142857143,
