Items_most_pop,Items_most_pop_L2,Items_most_pop_winrate,Items_L2,Items_L2_coef,Items_L2_winrate,Items_gold_adjusted_L2,Items_gold_adjusted_L2_coef,Items_gold_adjusted_L2_winrate
Warrior Tabi,1.3288189488219648,0.4844124700239808,Bloodforge,5.540380137512982,0.5522388059701493,Hydra's Lament,0.23327668240068145,2.4841437632135306
Jotunn's Wrath,-2.954172915128408,0.4677871148459384,Hydra's Lament,5.015448671614651,0.5340909090909091,Bloodforge,0.19439930307063094,1.9376800209478922
Titan's Bane,1.164450059935028,0.5079365079365079,Mantle of Discord,4.936960004573606,0.6346153846153846,Breastplate of Valor,0.17449967116005213,2.388915432393693
Hydra's Lament,5.015448671614651,0.5340909090909091,Void Shield,4.07178126594084,0.6041666666666666,Mantle of Discord,0.1592567743410841,2.0471464019851116
Bloodforge,5.540380137512982,0.5522388059701493,Breastplate of Valor,4.013492436681199,0.5494505494505495,Void Shield,0.15080671355336442,2.2376543209876543
Bumba's Mask,-9.118403257066484,0.3488372093023256,Brawler's Beat Stick,2.699928962038523,0.5384615384615384,Brawler's Beat Stick,0.11249704008493845,2.2435897435897436
