Items_most_pop,Items_most_pop_L2,Items_most_pop_winrate,Items_L2,Items_L2_coef,Items_L2_winrate,Items_gold_adjusted_L2,Items_gold_adjusted_L2_coef,Items_gold_adjusted_L2_winrate
Warrior Tabi,2.052419736152396,0.5517241379310345,Titan's Bane,20.61606243712122,0.6761904761904762,Titan's Bane,1.005661582298596,3.2984901277584204
Jotunn's Wrath,6.241271186797539,0.5647668393782384,Hydra's Lament,13.415213297644602,0.6236559139784946,Hydra's Lament,0.6239634091927722,2.9007251812953236
Titan's Bane,20.61606243712122,0.6761904761904762,Mantle of Discord,11.384884230823001,0.7058823529411765,Mantle of Discord,0.36725433002654845,2.2770398481973433
Hydra's Lament,13.415213297644602,0.6236559139784946,Deathbringer,9.326397007432567,0.6666666666666666,Qin's Sais,0.3156682307664804,2.962962962962963
Bloodforge,-15.689077903416221,0.4523809523809524,Qin's Sais,8.523042230694971,0.8,Deathbringer,0.2914499064822677,2.0833333333333335
Bumba's Mask,-6.981845984637201,0.44594594594594594,Jotunn's Wrath,6.241271186797539,0.5647668393782384,Winged Blade,0.2593680960365025,3.7837837837837838
