Relics_most_pop,Relics_most_pop_L2,Relics_most_pop_winrate,Relics_most_pop_wr_paired,Relics_L2,Relics_L2_coef,Relics_L2_winrate,Relics_L2_wr_paired
Wrath,7.476530491339951,0.5,0.714285714286,Blink,7.957787962375394,0.6285714285714286,0.714285714286
Purification,-9.56412535249488,0.38405797101449274,,Wrath,7.476530491339951,0.5,
