Items_most_pop,Items_most_pop_L2,Items_most_pop_winrate,Items_L2,Items_L2_coef,Items_L2_winrate,Items_gold_adjusted_L2,Items_gold_adjusted_L2_coef,Items_gold_adjusted_L2_winrate
Warrior Tabi,0.08301332152503166,0.5168986083499006,Hydra's Lament,0.21293191669056263,0.5914893617021276,Titan's Bane,0.010093334231351869,2.815638450502152
Jotunn's Wrath,0.043030946026803914,0.5105882352941177,Titan's Bane,0.2069133517427133,0.5772058823529411,Hydra's Lament,0.00990381007863082,2.751113310242454
Titan's Bane,0.2069133517427133,0.5772058823529411,Void Shield,0.134172373190635,0.684931506849315,Warrior Tabi,0.005355698162905268,3.3348297312896813
Hydra's Lament,0.21293191669056263,0.5914893617021276,Mantle of Discord,0.1340576791015567,0.68,Void Shield,0.004969347155208703,2.536783358701167
Bloodforge,0.09846906882654052,0.5520833333333334,Bloodforge,0.09846906882654052,0.5520833333333334,Mantle of Discord,0.004324441261340539,2.193548387096774
Bumba's Mask,-0.17907183423037243,0.3783783783783784,Warrior Tabi,0.08301332152503166,0.5168986083499006,Bloodforge,0.0034550550465452814,1.9371345029239766
