Items_most_pop,Items_most_pop_L2,Items_most_pop_winrate,Items_L2,Items_L2_coef,Items_L2_winrate,Items_gold_adjusted_L2,Items_gold_adjusted_L2_coef,Items_gold_adjusted_L2_winrate
Warrior Tabi,2.520703413103056,0.5315884476534296,Void Shield,18.796713189967367,0.6640625,Void Shield,0.6961745625913839,2.459490740740741
Breastplate of Valor,-0.4351250150348679,0.5302713987473904,Hide of the Urchin,14.168310282439517,0.6048109965635738,Hide of the Urchin,0.5903462617683133,2.520045819014891
Jotunn's Wrath,5.722424155636405,0.5527210884353742,Mantle of Discord,12.355358274738776,0.6210526315789474,Winged Blade,0.49991926774132245,3.281853281853282
Bluestone Pendant,-8.14447530837955,0.47058823529411764,Winged Blade,9.248506453214466,0.6071428571428571,Titan's Bane,0.4495318586993195,2.9405060405744243
Hide of the Urchin,14.168310282439517,0.6048109965635738,Titan's Bane,9.215403103336051,0.602803738317757,Mantle of Discord,0.3985599443464121,2.0033955857385397
Bulwark of Hope,-0.25776932635577643,0.5536332179930796,Brawler's Beat Stick,8.318016864771733,0.5949367088607594,Brawler's Beat Stick,0.34658403603215554,2.478902953586498
