,recommendations,win_rate,win_rate_per_cost
Starter Item,Bluestone Pendant,,
Boots,Warrior Tabi,0.595454545455,3.14981263594
Item2,Jotunn's Wrath,0.528695652173913,2.16678545973
Item3,Hide of the Urchin,0.5426621160409556,2.20289855072
Item4,Pestilence,0.5362776025236593,2.45904954499
Item5,Void Shield,0.647058823529,2.39651416122
Item6,Witchblade,0.671875,3.27743902439
Relic1,Meditation,0.526992287918,
Relic2,Shell,0.533333333333,
