,recommendations,win_rate,win_rate_per_cost
Starter Item,Bluestone Pendant,,
Boots,Warrior Tabi,0.49427480916030536,3.24745615934
Item2,Jotunn's Wrath,0.5347222222222222,2.06293321598
Item3,Breastplate of Valor,0.5112219451371571,2.1885030639
Item4,Bulwark of Hope,0.5321637426900585,1.9934879394
Item5,Brawler's Beat Stick,0.695652173913,2.89855072464
Item6,Titan's Bane,0.611111111111,2.84552845528
Relic1,Wrath,0.565217391304,
Relic2,Curse,0.503448275862,
