Items_most_pop,Items_most_pop_L2,Items_most_pop_winrate,Items_L2,Items_L2_coef,Items_L2_winrate,Items_gold_adjusted_L2,Items_gold_adjusted_L2_coef,Items_gold_adjusted_L2_winrate
Warrior Tabi,5.174444216019507,0.5761316872427984,Hide of the Urchin,12.208473247790437,0.7068965517241379,Hide of the Urchin,0.5086863853246015,2.9454022988505746
Breastplate of Valor,5.332258496839499,0.5860215053763441,Void Shield,11.220741869940202,0.8076923076923077,Void Shield,0.4155830322200074,2.9914529914529915
Jotunn's Wrath,9.660734483931245,0.6165413533834586,Jotunn's Wrath,9.660734483931245,0.6165413533834586,Jotunn's Wrath,0.3959317411447232,2.5268088253420435
Bluestone Pendant,-2.3092265712065494,0.5263157894736842,Titan's Bane,7.273926657999308,0.6829268292682927,Titan's Bane,0.35482569063411257,3.3313503866745986
Bulwark of Hope,1.4685667543828438,0.6,Breastplate of Valor,5.332258496839499,0.5860215053763441,Warrior Tabi,0.3338351107109359,3.7169786273728924
Hide of the Urchin,12.208473247790437,0.7068965517241379,Warrior Tabi,5.174444216019507,0.5761316872427984,Breastplate of Valor,0.2318373259495434,2.5479195885928005
