,recommendations,win_rate,win_rate_per_cost
Starter Item,Bluestone Pendant,,
Boots,Warrior Tabi,0.521988527725,3.3676679208
Item2,Bulwark of Hope,0.54375,2.06728129792
Item3,Bluestone Pendant,0.4808510638297872,6.52485659656
Item4,Breastplate of Valor,0.5390070921985816,2.26951533793
Item5,Witchblade,0.695652173913,3.3934252386
Item6,Mantle of Discord,0.634146341463,2.04563335956
Relic1,Teleport,0.528225806452,
Relic2,Relic,0.366666666667,
