,recommendations,win_rate,win_rate_per_cost
Starter Item,Bluestone Pendant,,
Boots,Warrior Tabi,0.5573770491803278,3.94265232975
Item2,Breastplate of Valor,0.5673652694610778,2.65700483092
Item3,Hide of the Urchin,0.6111111111111112,2.5462962963
Item4,Jotunn's Wrath,0.5902335456475584,2.50455373406
Item5,Titan's Bane,0.7,3.41463414634
Item6,Void Shield,0.688888888889,2.55144032922
Relic1,Teleport,0.561425061425,
Relic2,Wrath,0.6,
