,recommendations,win_rate,win_rate_per_cost
Starter Item,Bluestone Pendant,,
Boots,Warrior Tabi,0.607142857143,3.2009104812
Item2,Hide of the Urchin,0.5330578512396694,2.0632183908
Item3,Jotunn's Wrath,0.5163265306122449,2.0293951385
Item4,Breastplate of Valor,0.49517241379310345,2.15292353823
Item5,Winged Blade,0.584615384615,3.16008316008
Item6,Void Shield,0.569620253165,2.24867724868
Relic1,Wrath,0.657142857143,
Relic2,Teleport,0.494868871152,
