Items_most_pop,Items_most_pop_L2,Items_most_pop_winrate,Items_L2,Items_L2_coef,Items_L2_winrate,Items_gold_adjusted_L2,Items_gold_adjusted_L2_coef,Items_gold_adjusted_L2_winrate
Warrior Tabi,24.373822038581274,0.5095447870778267,Mystical Mail,47.48753585147225,0.6258503401360545,Mystical Mail,1.7587976241286019,2.3179642227261277
Breastplate of Valor,20.126987910106106,0.5254658385093167,Void Shield,29.575569218155206,0.6157205240174672,Warrior Tabi,1.5725046476504048,3.2873857230827532
Jotunn's Wrath,28.0390868432082,0.5543369890329013,Brawler's Beat Stick,28.434183564208805,0.5927601809954751,Brawler's Beat Stick,1.1847576485087001,2.4698340874811464
Bluestone Pendant,-8.621659545113909,0.448938321536906,Jotunn's Wrath,28.0390868432082,0.5543369890329013,Jotunn's Wrath,1.1491429034101721,2.2718729058725464
Bulwark of Hope,-9.687929330271183,0.5553571428571429,Warrior Tabi,24.373822038581274,0.5095447870778267,Void Shield,1.095391452524267,2.2804463852498786
Hide of the Urchin,-1.0591111967660165,0.5419103313840156,Breastplate of Valor,20.126987910106106,0.5254658385093167,Breastplate of Valor,0.8750864308741786,2.2846340804752905
