Relics_most_pop,Relics_most_pop_L2,Relics_most_pop_winrate,Relics_most_pop_wr_paired,Relics_L2,Relics_L2_coef,Relics_L2_winrate,Relics_L2_wr_paired
Teleport,3.640230212585347,0.5341074020319303,0.621212121212,Sprint,5.892099957845901,0.6075949367088608,0.621212121212
Meditation,0.8873685309310098,0.541501976284585,,Teleport,3.640230212585347,0.5341074020319303,
