Relics_most_pop,Relics_most_pop_L2,Relics_most_pop_winrate,Relics_most_pop_wr_paired,Relics_L2,Relics_L2_coef,Relics_L2_winrate,Relics_L2_wr_paired
Teleport,-0.060293364201037425,0.4915254237288136,1.0,Curse,0.34912780349341976,0.5125,1.0
Meditation,0.01886920140878462,0.49473684210526314,,Sprint,0.25480161331922324,0.5263157894736842,
