,recommendations,win_rate,win_rate_per_cost
Starter Item,Bluestone Pendant,,
Boots,Warrior Tabi,0.652631578947,3.56176000522
Item2,Jotunn's Wrath,0.5925925925925926,2.42865816636
Item3,Bulwark of Hope,0.6054421768707483,2.3469013568
Item4,Breastplate of Valor,0.5598455598455598,2.57648953301
Item5,Winged Blade,0.684684684685,3.50620891161
Item6,Void Shield,0.648648648649,2.53586920254
Relic1,Curse,0.582644628099,
Relic2,Wrath,0.648648648649,
