Relics_most_pop,Relics_most_pop_L2,Relics_most_pop_winrate,Relics_most_pop_wr_paired,Relics_L2,Relics_L2_coef,Relics_L2_winrate,Relics_L2_wr_paired
Teleport,18.494202705498918,0.5766738660907127,0.818181818182,Teleport,18.494202705498918,0.5766738660907127,0.818181818182
Meditation,12.970039147559273,0.5901639344262295,,Wrath,17.244071992837075,0.6666666666666666,
