Relics_most_pop,Relics_most_pop_L2,Relics_most_pop_winrate,Relics_most_pop_wr_paired,Relics_L2,Relics_L2_coef,Relics_L2_winrate,Relics_L2_wr_paired
Teleport,1.569456004669783,0.5118764845605701,0.666666666667,Meditation,15.634115352991207,0.5754985754985755,0.666666666667
Meditation,15.634115352991207,0.5754985754985755,,Wrath,8.70309130287884,0.625,
