,recommendations,win_rate,win_rate_per_cost
Starter Item,Bluestone Pendant,,
Boots,Warrior Tabi,0.5081037277147488,3.68945447371
Item2,Jotunn's Wrath,0.5754276827371695,2.34371083371
Item3,Hide of the Urchin,0.5718654434250765,2.38277268094
Item4,Bulwark of Hope,0.56575682382134,2.26481363733
Item5,Titan's Bane,0.678260869565,3.30858960764
Item6,Mystical Mail,0.68,2.51851851852
Relic1,Teleport,0.51936026936,
Relic2,Wrath,0.608695652174,
