Items_most_pop,Items_most_pop_L2,Items_most_pop_winrate,Items_L2,Items_L2_coef,Items_L2_winrate,Items_gold_adjusted_L2,Items_gold_adjusted_L2_coef,Items_gold_adjusted_L2_winrate
Warrior Tabi,-4.49470421880867,0.4592833876221498,Titan's Bane,16.13267916460511,0.5740740740740741,Titan's Bane,0.78695995924903,2.8003613369467026
Breastplate of Valor,8.047508637279247,0.4745762711864407,Void Shield,15.209842390464235,0.6538461538461539,Void Shield,0.5633274959431198,2.421652421652422
Jotunn's Wrath,-7.236925774432781,0.4620253164556962,Bulwark of Hope,13.628218227532571,0.5462962962962963,Bulwark of Hope,0.539731414951785,2.1635496883021634
Bluestone Pendant,-8.045882808052896,0.4027777777777778,Brawler's Beat Stick,11.387404805521376,0.5714285714285714,Winged Blade,0.5137133007751759,2.9106029106029108
Bulwark of Hope,13.628218227532571,0.5462962962962963,Winged Blade,9.503696064340753,0.5384615384615384,Brawler's Beat Stick,0.47447520023005735,2.380952380952381
Hide of the Urchin,1.6172260392262259,0.4864864864864865,Shifter's Shield,8.902440276569495,0.6,Shifter's Shield,0.370935011523729,2.5
