Relics_most_pop,Relics_most_pop_L2,Relics_most_pop_winrate,Relics_most_pop_wr_paired,Relics_L2,Relics_L2_coef,Relics_L2_winrate,Relics_L2_wr_paired
Teleport,0.19689037633443332,0.5042735042735043,0.0,Sanctuary,0.39175245043795376,0.6153846153846154,0.0
Meditation,0.29823329870268045,0.5161290322580645,,Curse,0.31254230566733604,0.5196850393700787,
