Relics_most_pop,Relics_most_pop_L2,Relics_most_pop_winrate,Relics_most_pop_wr_paired,Relics_L2,Relics_L2_coef,Relics_L2_winrate,Relics_L2_wr_paired
Purification,-10.517201152062166,0.5263157894736842,0.655172413793,Sprint,15.909270779589866,0.5657894736842105,0.655172413793
Sanctuary,7.522184387893091,0.5290322580645161,,Sanctuary,7.522184387893091,0.5290322580645161,
