Items_most_pop,Items_most_pop_L2,Items_most_pop_winrate,Items_L2,Items_L2_coef,Items_L2_winrate,Items_gold_adjusted_L2,Items_gold_adjusted_L2_coef,Items_gold_adjusted_L2_winrate
Warrior Tabi,-1.3312028307038501,0.5,The Executioner,2.676213452449099,0.5961538461538461,Ninja Tabi,0.14588432958497743,4.074074074074074
Transcendence,0.8122465295291743,0.5263157894736842,Qin's Sais,2.665301125882079,0.5774647887323944,The Executioner,0.11894282010884884,2.6495726495726495
Qin's Sais,2.665301125882079,0.5774647887323944,Titan's Bane,2.2500982707015704,0.6111111111111112,Titan's Bane,0.10976089125373516,2.9810298102981028
Asi,0.28065558198176993,0.5230769230769231,Devourer's Gauntlet,2.2463813562644015,0.6052631578947368,Devourer's Gauntlet,0.10957957835436105,2.952503209242619
Ichaival,-1.9159126695595625,0.46153846153846156,Ninja Tabi,2.1882649437746613,0.6111111111111112,Hastened Fatalis,0.10209720926441986,2.8556593977154723
The Executioner,2.676213452449099,0.5961538461538461,Hastened Fatalis,2.184880278258585,0.6111111111111112,Qin's Sais,0.09871485651415107,2.138758476786646
