Items_most_pop,Items_most_pop_L2,Items_most_pop_winrate,Items_L2,Items_L2_coef,Items_L2_winrate,Items_gold_adjusted_L2,Items_gold_adjusted_L2_coef,Items_gold_adjusted_L2_winrate
Warrior Tabi,-0.09386923001216693,0.5116279069767442,Titan's Bane,4.814263862517246,0.7368421052631579,Titan's Bane,0.2348421396349876,3.594351732991014
Transcendence,0.5692683005896725,0.5189873417721519,Asi,3.0521904713205488,0.5853658536585366,Ichaival,0.17234664069477,3.4602076124567476
The Executioner,-1.6214955928827224,0.4791666666666667,Ichaival,2.92989289181109,0.5882352941176471,Asi,0.17147137479328925,3.288572211564812
Qin's Sais,2.891728512237019,0.574468085106383,Qin's Sais,2.891728512237019,0.574468085106383,Qin's Sais,0.10710105600877849,2.127659574468085
Asi,3.0521904713205488,0.5853658536585366,Deathbringer,1.9831227207226632,0.5555555555555556,Deathbringer,0.061972585022583224,1.7361111111111112
Devourer's Gauntlet,0.611400976126287,0.5263157894736842,Ninja Tabi,0.6833774860357503,0.53125,Ninja Tabi,0.045558499069050025,3.5416666666666665
