Relics_most_pop,Relics_most_pop_L2,Relics_most_pop_winrate,Relics_most_pop_wr_paired,Relics_L2,Relics_L2_coef,Relics_L2_winrate,Relics_L2_wr_paired
Purification,19.103666683122842,0.5921052631578947,0.638888888889,Purification,19.103666683122842,0.5921052631578947,0.638888888889
Sanctuary,-4.641164711822235,0.5416666666666666,,Sprint,0.5629160069259447,0.5454545454545454,
