Items_most_pop,Items_most_pop_L2,Items_most_pop_winrate,Items_L2,Items_L2_coef,Items_L2_winrate,Items_gold_adjusted_L2,Items_gold_adjusted_L2_coef,Items_gold_adjusted_L2_winrate
Warrior Tabi,-16.034845839807634,0.5056818181818182,Deathbringer,30.567358430976093,0.6984126984126984,Deathbringer,0.9552299509680029,2.1825396825396823
Transcendence,2.2199178902047123,0.52,Ichaival,15.985260288565456,0.5857142857142857,Ichaival,0.9403094287391445,3.4453781512605044
Qin's Sais,-20.467789099503904,0.5,Rage,15.176267114717213,0.6428571428571429,Ninja Tabi,0.7584945547304829,3.9080459770114944
Asi,-3.0254856228551685,0.5232558139534884,Ninja Tabi,11.377418320957242,0.5862068965517241,Rage,0.6323444631132171,2.6785714285714284
The Executioner,-1.0900363740626628,0.5487804878048781,Bloodforge,10.105258529441558,0.6190476190476191,Soul Eater,0.4083465685457563,2.8846153846153846
Ichaival,15.985260288565456,0.5857142857142857,Titan's Bane,8.224511426726986,0.5849056603773585,Titan's Bane,0.4011956793525359,2.8531983433041876
