Relics_most_pop,Relics_most_pop_L2,Relics_most_pop_winrate,Relics_most_pop_wr_paired,Relics_L2,Relics_L2_coef,Relics_L2_winrate,Relics_L2_wr_paired
Purification,3.362028808375153,0.5357142857142857,0.58064516129,Purification,3.362028808375153,0.5357142857142857,0.58064516129
Sanctuary,0.4506601290205635,0.5053763440860215,,Sprint,0.4942968793130816,0.5084745762711864,
