Items_most_pop,Items_most_pop_L2,Items_most_pop_winrate,Items_L2,Items_L2_coef,Items_L2_winrate,Items_gold_adjusted_L2,Items_gold_adjusted_L2_coef,Items_gold_adjusted_L2_winrate
Warrior Tabi,2.571462485921011,0.5355450236966824,Qin's Sais,8.99016897710677,0.6228070175438597,Ichaival,0.401661309478488,3.760848601735776
Transcendence,0.0008360259927795157,0.5170454545454546,Deathbringer,6.960195960926264,0.6428571428571429,Titan's Bane,0.33848708337313704,3.1563845050215207
Qin's Sais,8.99016897710677,0.6228070175438597,Titan's Bane,6.938985209149309,0.6470588235294118,Qin's Sais,0.3329692213743248,2.3066926575698505
Asi,5.760735869138716,0.5959595959595959,Ichaival,6.828242261134296,0.639344262295082,Asi,0.32363684658082675,3.348087617750539
The Executioner,-0.47394005902725034,0.5189873417721519,Asi,5.760735869138716,0.5959595959595959,Deathbringer,0.21750612377894574,2.0089285714285716
Devourer's Gauntlet,-5.772523235026126,0.43243243243243246,Wind Demon,4.701746438678614,0.6756756756756757,Wind Demon,0.18083640148763902,2.598752598752599
