,recommendations,win_rate,win_rate_per_cost
Starter Item,Death's Toll,,
Boots,Ninja Tabi,0.573770491803,3.58024691358
Item2,Qin's Sais,0.5473684210526316,2.02729044834
Item3,Hastened Fatalis,0.5211267605633803,2.55779636006
Item4,Transcendence,0.49710982658959535,2.10526315789
Item5,Titan's Bane,0.866666666667,3.28330206379
Item6,Malice,0.673076923077,2.88888888889
Relic1,Purification,0.535135135135,
Relic2,Relic,0.473684210526,
