Relics_most_pop,Relics_most_pop_L2,Relics_most_pop_winrate,Relics_most_pop_wr_paired,Relics_L2,Relics_L2_coef,Relics_L2_winrate,Relics_L2_wr_paired
Purification,8.04914442166981,0.6383647798742138,1.0,Teleport,16.031668707884943,0.7551020408163265,1.0
Sanctuary,-18.621909018686285,0.5803571428571429,,Blink,9.721013946242685,0.8461538461538461,
