Items_most_pop,Items_most_pop_L2,Items_most_pop_winrate,Items_L2,Items_L2_coef,Items_L2_winrate,Items_gold_adjusted_L2,Items_gold_adjusted_L2_coef,Items_gold_adjusted_L2_winrate
Warrior Tabi,47.96520949895932,0.5471698113207547,Warrior Tabi,47.96520949895932,0.5471698113207547,Warrior Tabi,3.0945296450941497,3.530127814972611
Transcendence,15.6363376690657,0.5231788079470199,Bloodforge,27.787832489018687,0.6341463414634146,Bloodforge,0.9750116662813575,2.2250748823277706
Qin's Sais,-4.0021068620057765,0.5230769230769231,Wind Demon,19.316239718655574,0.5393258426966292,Soul Eater,0.7508828151651483,3.018867924528302
Asi,-28.577197536743316,0.4972067039106145,Transcendence,15.6363376690657,0.5231788079470199,Wind Demon,0.7429322968713682,2.0743301642178045
The Executioner,-44.3419145798982,0.46099290780141844,Soul Eater,15.017656303302967,0.6037735849056604,Devourer's Gauntlet,0.6901778819072273,2.5037772501618822
Ichaival,10.255991031097162,0.5467625899280576,Devourer's Gauntlet,14.148646579098159,0.5132743362831859,Ichaival,0.603293590064539,3.216250528988574
