Items_most_pop,Items_most_pop_L2,Items_most_pop_winrate,Items_L2,Items_L2_coef,Items_L2_winrate,Items_gold_adjusted_L2,Items_gold_adjusted_L2_coef,Items_gold_adjusted_L2_winrate
Warrior Tabi,-8.800662378953602,0.5231910946196661,Bloodforge,21.88368903761256,0.7424242424242424,Ninja Tabi,0.915664556767601,4.254385964912281
Transcendence,18.096460836418338,0.573394495412844,Titan's Bane,18.240513216484157,0.6384180790960452,Titan's Bane,0.8897811325114223,3.1142345321758302
Qin's Sais,5.52343687367165,0.5699658703071673,Transcendence,18.096460836418338,0.573394495412844,Bloodforge,0.7678487381618441,2.604997341839447
Asi,-18.709959761082658,0.4921259842519685,Deathbringer,15.03745696945385,0.6272189349112426,Transcendence,0.6960177244776283,2.205363443895554
The Executioner,-2.1599972181613043,0.5441860465116279,Ninja Tabi,13.734968351514015,0.6381578947368421,Deathbringer,0.4699205302954328,1.9600591715976332
Devourer's Gauntlet,6.747559634422083,0.5625,Soul Eater,9.193973279124993,0.6329113924050633,Soul Eater,0.4596986639562497,3.1645569620253164
