Items_most_pop,Items_most_pop_L2,Items_most_pop_winrate,Items_L2,Items_L2_coef,Items_L2_winrate,Items_gold_adjusted_L2,Items_gold_adjusted_L2_coef,Items_gold_adjusted_L2_winrate
Warrior Tabi,-94.87133006531408,0.5260663507109005,Ichaival,289.23281539653163,0.6153846153846154,Ichaival,17.013695023325393,3.6199095022624435
Transcendence,101.38221971988143,0.5027322404371585,Asi,119.98082434453667,0.5508474576271186,Asi,6.740495749693071,3.0946486383545992
Qin's Sais,106.15950677263966,0.5655737704918032,Qin's Sais,106.15950677263966,0.5655737704918032,Qin's Sais,3.931833584171839,2.09471766848816
Asi,119.98082434453667,0.5508474576271186,Transcendence,101.38221971988143,0.5027322404371585,Transcendence,3.8993161430723626,1.9335855401429172
The Executioner,-15.315396407591193,0.4642857142857143,Devourer's Gauntlet,66.84843697950912,0.5797101449275363,Devourer's Gauntlet,3.260899364854103,2.8278543655001767
Ichaival,289.23281539653163,0.6153846153846154,Deathbringer,21.02569956604007,0.5066666666666667,Deathbringer,0.6570531114387522,1.5833333333333333
