Relics_most_pop,Relics_most_pop_L2,Relics_most_pop_winrate,Relics_most_pop_wr_paired,Relics_L2,Relics_L2_coef,Relics_L2_winrate,Relics_L2_wr_paired
Sanctuary,0.06538959816798003,0.5032051282051282,0.714285714286,Meditation,0.0667101203867051,0.5555555555555556,0.714285714286
Purification,-0.06250588495519781,0.4967105263157895,,Sanctuary,0.06538959816798003,0.5032051282051282,
