Items_most_pop,Items_most_pop_L2,Items_most_pop_winrate,Items_L2,Items_L2_coef,Items_L2_winrate,Items_gold_adjusted_L2,Items_gold_adjusted_L2_coef,Items_gold_adjusted_L2_winrate
Shoes of the Magi,13.685586705172506,0.5981308411214953,Rod of Tahuti,32.298336169706616,0.6863468634686347,Rod of Tahuti,0.9728414508947775,2.0673098297248034
Obsidian Shard,5.302928349198588,0.6177215189873417,Shoes of the Magi,13.685586705172506,0.5981308411214953,Shoes of the Magi,0.8553491690732816,3.7383177570093458
Book of Thoth,13.261294387543085,0.6047120418848168,Book of Thoth,13.261294387543085,0.6047120418848168,Dynasty Plate Helm,0.7377431354010066,3.9215686274509802
Chronos' Pendant,8.51177321466081,0.6048632218844985,Dynasty Plate Helm,12.541633301817113,0.6666666666666666,Doom Orb,0.5025659458488707,3.1813361611876987
Rod of Tahuti,32.298336169706616,0.6863468634686347,Doom Orb,10.30260188990185,0.6521739130434783,Book of Thoth,0.5004262033035126,2.2819322335276104
Warlock's Sash,7.991980508843907,0.5889328063241107,Polynomicon,9.47530909510405,0.6730769230769231,Polynomicon,0.4119699606566979,2.9264214046822743
