Relics_most_pop,Relics_most_pop_L2,Relics_most_pop_winrate,Relics_most_pop_wr_paired,Relics_L2,Relics_L2_coef,Relics_L2_winrate,Relics_L2_wr_paired
Sanctuary,-0.2285894249732572,0.47706422018348627,0.0,Meditation,0.2798679929222864,0.8571428571428571,0.0
Purification,-0.7331146353313538,0.4270833333333333,,Relic,0.1713973082890034,0.6363636363636364,
