Relics_most_pop,Relics_most_pop_L2,Relics_most_pop_winrate,Relics_most_pop_wr_paired,Relics_L2,Relics_L2_coef,Relics_L2_winrate,Relics_L2_wr_paired
Sanctuary,2.8864406128339146,0.5975609756097561,0.714285714286,Purification,5.712148436592375,0.6285714285714286,0.714285714286
Purification,5.712148436592375,0.6285714285714286,,Teleport,4.524564750014653,0.7058823529411765,
