,recommendations,win_rate,win_rate_per_cost
Starter Item,Soul Stone,,
Boots,Shoes of the Magi,0.564356435644,3.2158836689
Item2,Rod of Tahuti,0.6285714285714286,1.59387550201
Item3,Obsidian Shard,0.5502793296089385,2.58130081301
Item4,Book of Thoth,0.550314465408805,1.99685534591
Item5,Doom Orb,0.619047619048,2.88700846192
Item6,Polynomicon,0.529166666667,2.69151138716
Relic1,Purification,0.520607375271,
Relic2,Meditation,0.518518518519,
