Relics_most_pop,Relics_most_pop_L2,Relics_most_pop_winrate,Relics_most_pop_wr_paired,Relics_L2,Relics_L2_coef,Relics_L2_winrate,Relics_L2_wr_paired
Sanctuary,-1.450238091806128,0.5035460992907801,0.666666666667,Purification,1.164852275267089,0.5230769230769231,0.666666666667
Purification,1.164852275267089,0.5230769230769231,,Teleport,0.9066259674755158,0.5555555555555556,
