Relics_most_pop,Relics_most_pop_L2,Relics_most_pop_winrate,Relics_most_pop_wr_paired,Relics_L2,Relics_L2_coef,Relics_L2_winrate,Relics_L2_wr_paired
Sanctuary,9.487750944536382,0.6075949367088608,0.625,Sanctuary,9.487750944536382,0.6075949367088608,0.625
Purification,8.602450827081059,0.6081081081081081,,Purification,8.602450827081059,0.6081081081081081,
