,recommendations,win_rate,win_rate_per_cost
Starter Item,Soul Stone,,
Boots,Shoes of the Magi,0.63309352518,3.8141025641
Item2,Rod of Tahuti,0.7,1.90690820837
Item3,Book of Thoth,0.6330935251798561,2.38903217049
Item4,Chronos' Pendant,0.6481481481481481,2.63788968825
Item5,Breastplate of Valor,0.75,3.26086956522
Item6,Obsidian Shard,0.63309352518,3.08826109844
Relic1,Purification,0.634517766497,
Relic2,Sanctuary,0.623036649215,
