Items_most_pop,Items_most_pop_L2,Items_most_pop_winrate,Items_L2,Items_L2_coef,Items_L2_winrate,Items_gold_adjusted_L2,Items_gold_adjusted_L2_coef,Items_gold_adjusted_L2_winrate
Warrior Tabi,1.4672346917139287,0.5223759153783564,Titan's Bane,13.263472907887468,0.6226415094339622,Titan's Bane,0.6469986784335351,3.0372756557754257
Breastplate of Valor,1.8548138593154104,0.5268176400476758,Transcendence,9.952914581804892,0.6019417475728155,Transcendence,0.38280440699249585,2.315160567587752
Jotunn's Wrath,7.5058386379371305,0.545968882602546,Jotunn's Wrath,7.5058386379371305,0.545968882602546,Jotunn's Wrath,0.3076163376203742,2.237577387715352
Bluestone Pendant,-3.437346772421715,0.48771929824561405,Mantle of Discord,6.843113739776296,0.5909090909090909,Mantle of Discord,0.22074560450891278,1.906158357771261
Bulwark of Hope,3.781074837241552,0.5519125683060109,Bulwark of Hope,3.781074837241552,0.5519125683060109,Shield of Regrowth,0.19032761998088985,3.1024531024531026
Mystical Mail,-0.9900719174673408,0.5121107266435986,Shield of Regrowth,3.4258971596560177,0.5584415584415584,Runeforged Hammer,0.1619278195322947,2.8181818181818183
