Items_most_pop,Items_most_pop_L2,Items_most_pop_winrate,Items_L2,Items_L2_coef,Items_L2_winrate,Items_gold_adjusted_L2,Items_gold_adjusted_L2_coef,Items_gold_adjusted_L2_winrate
Warrior Tabi,-0.017219285335618072,0.49797979797979797,Titan's Bane,0.4912082650684882,0.6169154228855721,Titan's Bane,0.02396137878382869,3.0093435262710835
Breastplate of Valor,0.11747065191366927,0.5081168831168831,Shield of Regrowth,0.2841885830847906,0.608,Shield of Regrowth,0.0157882546158217,3.3777777777777778
Jotunn's Wrath,-0.0017454931211003499,0.4990791896869245,Transcendence,0.2541493647651965,0.573170731707317,Transcendence,0.009774975567892174,2.204502814258912
Bluestone Pendant,-0.436929398511446,0.4523809523809524,Bulwark of Hope,0.2009196316818123,0.5358490566037736,Hide of the Urchin,0.008366465435484449,2.284263959390863
Bulwark of Hope,0.2009196316818123,0.5358490566037736,Hide of the Urchin,0.2007951704516268,0.5482233502538071,Bulwark of Hope,0.007957213135913358,2.1221744815991035
Mystical Mail,-0.04649428773855869,0.4897119341563786,Breastplate of Valor,0.11747065191366927,0.5081168831168831,Breastplate of Valor,0.0051074196484204035,2.209203839638622
