,recommendations,win_rate,win_rate_per_cost
Starter Item,Bluestone Pendant,,
Boots,Warrior Tabi,0.644578313253,3.76887151081
Item2,Bulwark of Hope,0.6445783132530121,2.3135646898
Item3,Breastplate of Valor,0.6011080332409973,2.53989167033
Item4,Jotunn's Wrath,0.584375,2.39416018105
Item5,Titan's Bane,0.636363636364,3.11265969803
Item6,Transcendence,0.652173913043,2.44755244755
Relic1,Teleport,0.582322357019,
Relic2,Curse,0.597826086957,
