Relics_most_pop,Relics_most_pop_L2,Relics_most_pop_winrate,Relics_most_pop_wr_paired,Relics_L2,Relics_L2_coef,Relics_L2_winrate,Relics_L2_wr_paired
Teleport,11.687764045163249,0.6073131955484896,0.673076923077,Sprint,12.550830188946833,0.6695652173913044,0.673076923077
Curse,6.686562600911482,0.625,,Teleport,11.687764045163249,0.6073131955484896,
