Relics_most_pop,Relics_most_pop_L2,Relics_most_pop_winrate,Relics_most_pop_wr_paired,Relics_L2,Relics_L2_coef,Relics_L2_winrate,Relics_L2_wr_paired
Teleport,3.2262259296153117,0.49332285938727416,0.4,Shell,6.417478175005346,0.6530612244897959,0.4
Curse,3.7547774975389405,0.5053571428571428,,Curse,3.7547774975389405,0.5053571428571428,
