Items_most_pop,Items_most_pop_L2,Items_most_pop_winrate,Items_L2,Items_L2_coef,Items_L2_winrate,Items_gold_adjusted_L2,Items_gold_adjusted_L2_coef,Items_gold_adjusted_L2_winrate
Warrior Tabi,6.6419799921952904,0.5769230769230769,Mantle of Discord,11.157356781205042,0.8214285714285714,Warrior Tabi,0.4285148382061478,3.7220843672456576
Breastplate of Valor,4.749217299451916,0.5945945945945946,Bulwark of Hope,6.980897444891758,0.675,Mantle of Discord,0.359914734877582,2.6497695852534564
Jotunn's Wrath,4.09766241949209,0.59375,Warrior Tabi,6.6419799921952904,0.5769230769230769,Bulwark of Hope,0.27647118593630726,2.6732673267326734
Bluestone Pendant,-10.325069066467943,0.39622641509433965,Qin's Sais,6.073815129158825,1.0,Titan's Bane,0.26356470966115664,3.4552845528455283
Bulwark of Hope,6.980897444891758,0.675,Titan's Bane,5.403076548053711,0.7083333333333334,Qin's Sais,0.2249561158947713,3.7037037037037037
Mystical Mail,3.456113887147176,0.6129032258064516,Hide of the Urchin,5.265038083016214,0.6956521739130435,Hide of the Urchin,0.2193765867923423,2.898550724637681
