Items_most_pop,Items_most_pop_L2,Items_most_pop_winrate,Items_L2,Items_L2_coef,Items_L2_winrate,Items_gold_adjusted_L2,Items_gold_adjusted_L2_coef,Items_gold_adjusted_L2_winrate
Warrior Tabi,5.758871857056773,0.485414235705951,Mantle of Discord,30.29532254169018,0.6165413533834586,Mantle of Discord,0.97726846908678,1.9888430754305118
Breastplate of Valor,13.058249542759818,0.5135658914728682,Breastplate of Valor,13.058249542759818,0.5135658914728682,Breastplate of Valor,0.5677499801199921,2.2328951803168184
Jotunn's Wrath,7.995655791549263,0.4976958525345622,Spirit Robe,11.184552288109483,0.6,Spirit Robe,0.45465659707762135,2.4390243902439024
Bluestone Pendant,1.136369005440638,0.45454545454545453,Brawler's Beat Stick,8.258886199952721,0.5625,Warrior Tabi,0.3715401198101144,3.1317047464900063
Bulwark of Hope,-12.320043750243691,0.47058823529411764,Jotunn's Wrath,7.995655791549263,0.4976958525345622,Brawler's Beat Stick,0.34412025833136334,2.34375
Mystical Mail,-16.294290864778905,0.4207920792079208,Qin's Sais,7.194735105841317,0.5384615384615384,Jotunn's Wrath,0.3276908111290681,2.0397371005514846
