Items_most_pop,Items_most_pop_L2,Items_most_pop_winrate,Items_L2,Items_L2_coef,Items_L2_winrate,Items_gold_adjusted_L2,Items_gold_adjusted_L2_coef,Items_gold_adjusted_L2_winrate
Warrior Tabi,6.965206755355926,0.5698198198198198,Titan's Bane,16.4423805024037,0.6705882352941176,Titan's Bane,0.8020673415806683,3.2711621233859396
Breastplate of Valor,2.2244239703011814,0.5800711743772242,Mantle of Discord,14.838762400512145,0.6710526315789473,Runeforged Hammer,0.4832539491379266,3.25
Jotunn's Wrath,3.1291072758535785,0.5791666666666667,Runeforged Hammer,9.66507898275853,0.65,Mantle of Discord,0.4786697548552305,2.164685908319185
Bluestone Pendant,-0.21921461897836486,0.5392670157068062,Brawler's Beat Stick,9.567950148147618,0.6764705882352942,Warrior Tabi,0.4493681777648984,3.6762569020633538
Bulwark of Hope,-5.009309147807688,0.5508474576271186,Frostbound Hammer,8.941852714508858,0.7083333333333334,Pestilence,0.4052112571139678,2.9235880398671097
Mystical Mail,0.21873424724083151,0.5648148148148148,Pestilence,8.712042027950307,0.6285714285714286,Brawler's Beat Stick,0.39866458950615075,2.8186274509803924
