,recommendations,win_rate,win_rate_per_cost
Starter Item,Bluestone Pendant,,
Boots,Warrior Tabi,0.547904191617,3.53486575237
Item2,Breastplate of Valor,0.5728643216080402,2.38219213746
Item3,Jotunn's Wrath,0.5654761904761905,2.24550898204
Item4,Bluestone Pendant,0.5306122448979592,6.84880239521
Item5,Titan's Bane,0.565476190476,3.13588850174
Item6,Mantle of Discord,0.642857142857,2.21027479092
Relic1,Teleport,0.551083591331,
Relic2,Meditation,0.634920634921,
