Relics_most_pop,Relics_most_pop_L2,Relics_most_pop_winrate,Relics_most_pop_wr_paired,Relics_L2,Relics_L2_coef,Relics_L2_winrate,Relics_L2_wr_paired
Teleport,2.373742459142226,0.5367021276595745,0.666666666667,Meditation,7.410898384913037,0.5746478873239437,0.666666666667
Curse,0.8115487619739419,0.5431547619047619,,Wrath,5.117081239814067,0.6363636363636364,
