,recommendations,win_rate,win_rate_per_cost
Starter Item,Bluestone Pendant,,
Boots,Warrior Tabi,0.46214511041009465,2.83542223135
Item2,Jotunn's Wrath,0.5044510385756676,1.80119035188
Item3,Breastplate of Valor,0.4986149584487535,1.91082802548
Item4,Bulwark of Hope,0.5073170731707317,1.74055622123
Item5,Winged Blade,0.556701030928,3.22427690849
Item6,Mantle of Discord,0.59649122807,1.79580977719
Relic1,Shell,0.730769230769,
Relic2,Sprint,0.5,
