Relics_most_pop,Relics_most_pop_L2,Relics_most_pop_winrate,Relics_most_pop_wr_paired,Relics_L2,Relics_L2_coef,Relics_L2_winrate,Relics_L2_wr_paired
Teleport,-1.733881370427463,0.4912472647702407,1.0,Meditation,7.191464340347049,0.5680473372781065,1.0
Curse,4.833807689369681,0.5196078431372549,,Curse,4.833807689369681,0.5196078431372549,
