Items_most_pop,Items_most_pop_L2,Items_most_pop_winrate,Items_L2,Items_L2_coef,Items_L2_winrate,Items_gold_adjusted_L2,Items_gold_adjusted_L2_coef,Items_gold_adjusted_L2_winrate
Warrior Tabi,1.627584228294403,0.4869530309112806,Jotunn's Wrath,9.999601550144227,0.5244587008821171,Jotunn's Wrath,0.40981973566164864,2.149420905254578
Breastplate of Valor,4.222278839069009,0.4996956786366403,Titan's Bane,7.447800812330298,0.5641025641025641,Titan's Bane,0.36330735669903896,2.7517198248905568
Jotunn's Wrath,9.999601550144227,0.5244587008821171,Transcendence,6.787438298117032,0.5363825363825364,Shield of Regrowth,0.334190816566214,3.115079365079365
Bluestone Pendant,-7.611254487149982,0.4326494201605709,Qin's Sais,6.309962548344243,0.5977011494252874,Transcendence,0.2610553191583474,2.063009755317448
Bulwark of Hope,-4.391787356297267,0.4847560975609756,Shield of Regrowth,6.015434698191853,0.5607142857142857,Qin's Sais,0.23370231660534235,2.2137079608343977
Hide of the Urchin,-3.038811016026375,0.48398576512455516,Brawler's Beat Stick,4.251677603941954,0.5595854922279793,Breastplate of Valor,0.18357734082908736,2.1725899071158272
