,recommendations,win_rate,win_rate_per_cost
Starter Item,Bluestone Pendant,,
Boots,Warrior Tabi,0.63125,3.44086021505
Item2,Jotunn's Wrath,0.573055028462998,2.19747627265
Item3,Bluestone Pendant,0.5021551724137931,6.70230263158
Item4,Breastplate of Valor,0.5361842105263158,2.33123569794
Item5,Mantle of Discord,0.533333333333,2.03629032258
Item6,Shield of Regrowth,0.625,3.28467153285
Relic1,Meditation,0.59512195122,
Relic2,Shell,0.586956521739,
