Relics_most_pop,Relics_most_pop_L2,Relics_most_pop_winrate,Relics_most_pop_wr_paired,Relics_L2,Relics_L2_coef,Relics_L2_winrate,Relics_L2_wr_paired
Teleport,-16.26954374736305,0.5771276595744681,1.0,Sprint,28.978763305402527,0.6804123711340206,1.0
Curse,19.02976356771402,0.6107784431137725,,Curse,19.02976356771402,0.6107784431137725,
