,recommendations,win_rate,win_rate_per_cost
Starter Item,Bluestone Pendant,,
Boots,Warrior Tabi,0.5274566473988439,3.20499479709
Item2,Jotunn's Wrath,0.6048632218844985,2.03595980962
Item3,Pestilence,0.5595238095238095,2.31057764441
Item4,Breastplate of Valor,0.5324074074074074,2.15988779804
Item5,Mystical Mail,0.605442176871,2.24237843285
Item6,Winged Blade,0.601694915254,3.48735832607
Relic1,Shell,0.818181818182,
Relic2,Meditation,0.546296296296,
