Items_most_pop,Items_most_pop_L2,Items_most_pop_winrate,Items_L2,Items_L2_coef,Items_L2_winrate,Items_gold_adjusted_L2,Items_gold_adjusted_L2_coef,Items_gold_adjusted_L2_winrate
Warrior Tabi,6.168899098295897,0.5131128848346637,Titan's Bane,13.179668180454357,0.6225490196078431,Titan's Bane,0.642910642948993,3.0368244858919176
Breastplate of Valor,7.996380684478513,0.5368217054263565,Jotunn's Wrath,10.362189269754973,0.5560538116591929,Runeforged Hammer,0.4872055151629716,3.6
Jotunn's Wrath,10.362189269754973,0.5560538116591929,Runeforged Hammer,9.744110303259431,0.72,Shield of Regrowth,0.4723104163191043,3.343166175024582
Bluestone Pendant,-13.552363113907456,0.42091836734693877,Shield of Regrowth,8.501587493743877,0.6017699115044248,Jotunn's Wrath,0.4246798881047121,2.2789090641770198
Mystical Mail,1.2538428814435465,0.5086206896551724,Breastplate of Valor,7.996380684478513,0.5368217054263565,Warrior Tabi,0.3979934902126386,3.310405708610733
Bulwark of Hope,4.45259773084989,0.5670995670995671,Mantle of Discord,7.76584731578388,0.6030534351145038,Breastplate of Valor,0.34766872541210925,2.3340074148972025
