Relics_most_pop,Relics_most_pop_L2,Relics_most_pop_winrate,Relics_most_pop_wr_paired,Relics_L2,Relics_L2_coef,Relics_L2_winrate,Relics_L2_wr_paired
Teleport,54.562060734077086,0.5478105451295799,0.603448275862,Teleport,54.562060734077086,0.5478105451295799,0.603448275862
Curse,3.887427037451132,0.5443037974683544,,Sprint,26.696454640264434,0.5927835051546392,
