Relics_most_pop,Relics_most_pop_L2,Relics_most_pop_winrate,Relics_most_pop_wr_paired,Relics_L2,Relics_L2_coef,Relics_L2_winrate,Relics_L2_wr_paired
Meditation,1.1747780145987625,0.5155925155925156,0.833333333333,Meditation,1.1747780145987625,0.5155925155925156,0.833333333333
Blink,0.29659505488946064,0.506993006993007,,Wrath,0.8210841760432818,0.65,
