Items_most_pop,Items_most_pop_L2,Items_most_pop_winrate,Items_L2,Items_L2_coef,Items_L2_winrate,Items_gold_adjusted_L2,Items_gold_adjusted_L2_coef,Items_gold_adjusted_L2_winrate
Watcher's Gift,-0.40649551033835085,0.4923258559622196,Mantle of Discord,26.045289338090033,0.6888412017167382,Mantle of Discord,0.8401706238093559,2.222068392634639
Shoes of Focus,2.830478021571414,0.5282017252820173,Sovereignty,16.718481157885186,0.5844062947067239,Sovereignty,0.7961181503754851,2.7828871176510663
Sovereignty,16.718481157885186,0.5844062947067239,Bulwark of Hope,11.089158289350456,0.5905383360522023,Winged Blade,0.5685471691218533,3.3618984838497035
Hide of the Urchin,10.935147665729552,0.5708092485549133,Hide of the Urchin,10.935147665729552,0.5708092485549133,Hide of the Urchin,0.4556311527387313,2.3783718689788054
Heartward Amulet,7.211135573223175,0.578112609040444,Winged Blade,10.518122628754286,0.6219512195121951,Bulwark of Hope,0.4391745857168498,2.3387656873354548
Breastplate of Valor,3.358653333082748,0.543859649122807,Spirit Robe,9.101091576512948,0.6134969325153374,Spirit Robe,0.36996307221597347,2.4938899695745422
