Relics_most_pop,Relics_most_pop_L2,Relics_most_pop_winrate,Relics_most_pop_wr_paired,Relics_L2,Relics_L2_coef,Relics_L2_winrate,Relics_L2_wr_paired
Meditation,3.0327792930688933,0.5021786492374728,0.532258064516,Blink,13.566630029704783,0.5643382352941176,0.532258064516
Blink,13.566630029704783,0.5643382352941176,,Sprint,6.971542281606815,0.5442622950819672,
