,recommendations,win_rate,win_rate_per_cost
Starter Item,Watcher's Gift,,
Boots,Reinforced Shoes,0.709302325581,4.20779220779
Item2,Hide of the Urchin,0.5970149253731343,2.48992515832
Item3,Watcher's Gift,0.5247813411078717,7.46977547496
Item4,Sovereignty,0.5975820379965457,2.84562875236
Item5,Witchblade,0.752808988764,3.54767184035
Item6,Mantle of Discord,0.727272727273,2.42841609279
Relic1,Blink,0.619502868069,
Relic2,Curse,0.602564102564,
