Relics_most_pop,Relics_most_pop_L2,Relics_most_pop_winrate,Relics_most_pop_wr_paired,Relics_L2,Relics_L2_coef,Relics_L2_winrate,Relics_L2_wr_paired
Meditation,19.281016435647153,0.6102003642987249,0.695652173913,Meditation,19.281016435647153,0.6102003642987249,0.695652173913
Blink,0.04070341983371643,0.5854430379746836,,Curse,12.80242135590084,0.6564885496183206,
