Relics_most_pop,Relics_most_pop_L2,Relics_most_pop_winrate,Relics_most_pop_wr_paired,Relics_L2,Relics_L2_coef,Relics_L2_winrate,Relics_L2_wr_paired
Meditation,0.311481840051912,0.5916666666666667,0.563492063492,Meditation,0.311481840051912,0.5916666666666667,0.563492063492
Blink,0.2726159607152352,0.6244541484716157,,Blink,0.2726159607152352,0.6244541484716157,
