Items_most_pop,Items_most_pop_L2,Items_most_pop_winrate,Items_L2,Items_L2_coef,Items_L2_winrate,Items_gold_adjusted_L2,Items_gold_adjusted_L2_coef,Items_gold_adjusted_L2_winrate
Watcher's Gift,-7.33472146406497,0.4926052332195677,Sovereignty,13.019292989203754,0.5972644376899696,Sovereignty,0.6199663328192264,2.844116369952236
Shoes of Focus,1.8293793541022367,0.5354919053549191,Mantle of Discord,12.510962993232697,0.6936936936936937,Heartward Amulet,0.4051445823431891,2.85181236673774
Breastplate of Valor,6.752465478869263,0.5658263305322129,Heartward Amulet,8.508036229206972,0.5988805970149254,Mantle of Discord,0.4035794513946031,2.2377215925603022
Sovereignty,13.019292989203754,0.5972644376899696,Breastplate of Valor,6.752465478869263,0.5658263305322129,Reinforced Shoes,0.40026549432750713,4.093327875562832
Hide of the Urchin,5.54874645365415,0.5601217656012176,Void Stone,6.338205647137728,0.6907216494845361,Breastplate of Valor,0.2935854556030114,2.4601144805748385
Heartward Amulet,8.508036229206972,0.5988805970149254,Reinforced Shoes,5.6037169205851,0.5730659025787965,Void Stone,0.28810025668807854,3.139643861293346
