Items_most_pop,Items_most_pop_L2,Items_most_pop_winrate,Items_L2,Items_L2_coef,Items_L2_winrate,Items_gold_adjusted_L2,Items_gold_adjusted_L2_coef,Items_gold_adjusted_L2_winrate
Watcher's Gift,-2.5237149380811776,0.4915254237288136,Sovereignty,25.25092253510814,0.6306818181818182,Sovereignty,1.202424882624197,3.0032467532467533
Shoes of Focus,0.474490357599075,0.5173913043478261,Mantle of Discord,23.338718866467424,0.7540983606557377,Travelers Shoes,1.1525792933047074,4.616724738675958
Heartward Amulet,4.586771615836434,0.5763546798029556,Void Stone,17.454191708512077,0.7941176470588235,Void Stone,0.7933723503869127,3.609625668449198
Sovereignty,25.25092253510814,0.6306818181818182,Travelers Shoes,16.136110106265907,0.6463414634146342,Mantle of Discord,0.752861898918304,2.4325753569539925
Hide of the Urchin,6.775518373390348,0.5568862275449101,Spirit Robe,13.407365975339097,0.6785714285714286,Spirit Robe,0.5450148770463047,2.758420441347271
Breastplate of Valor,9.492700307300902,0.5751633986928104,Breastplate of Valor,9.492700307300902,0.5751633986928104,Breastplate of Valor,0.41272610031743057,2.500710429099176
