Items_most_pop,Items_most_pop_L2,Items_most_pop_winrate,Items_L2,Items_L2_coef,Items_L2_winrate,Items_gold_adjusted_L2,Items_gold_adjusted_L2_coef,Items_gold_adjusted_L2_winrate
Watcher's Gift,5.861238487088479,0.52428810720268,Mantle of Discord,21.62469916241231,0.6575342465753424,Winged Blade,1.0293127677620175,3.392754456584244
Shoes of Focus,6.950181671245942,0.5517241379310345,Winged Blade,19.04228620359732,0.6276595744680851,Mantle of Discord,0.6975709407229777,2.1210782147591694
Sovereignty,9.104311550932866,0.5763747454175153,Hide of the Urchin,16.656763471604457,0.5829787234042553,Hide of the Urchin,0.6940318113168522,2.4290780141843973
Hide of the Urchin,16.656763471604457,0.5829787234042553,Void Stone,14.677092492528073,0.6774193548387096,Void Stone,0.6671405678421852,3.0791788856304985
Breastplate of Valor,-4.2612584785658685,0.5440528634361234,Heartward Amulet,9.432747595720961,0.5842696629213483,Shoes of Focus,0.4633454447497295,3.67816091954023
Heartward Amulet,9.432747595720961,0.5842696629213483,Sovereignty,9.104311550932866,0.5763747454175153,Heartward Amulet,0.44917845693909336,2.7822364901016585
