Items_most_pop,Items_most_pop_L2,Items_most_pop_winrate,Items_L2,Items_L2_coef,Items_L2_winrate,Items_gold_adjusted_L2,Items_gold_adjusted_L2_coef,Items_gold_adjusted_L2_winrate
Hide of the Urchin,5.493642209345115,0.5565217391304348,Bulwark of Hope,18.05220284287493,0.7083333333333334,Bulwark of Hope,0.7149387264504922,2.8052805280528053
Watcher's Gift,-8.804087451792412,0.4732142857142857,Sovereignty,14.010944500447476,0.5963302752293578,Sovereignty,0.6671878333546416,2.839667977282656
Shoes of Focus,3.1846562765098057,0.5446428571428571,Mantle of Discord,9.245886526085576,0.6666666666666666,Mantle of Discord,0.29825440406727666,2.150537634408602
Breastplate of Valor,6.810321717936424,0.5779816513761468,Breastplate of Valor,6.810321717936424,0.5779816513761468,Breastplate of Valor,0.2961009442581054,2.512963701635421
Sovereignty,14.010944500447476,0.5963302752293578,Midgardian Mail,6.445334667144187,0.7142857142857143,Midgardian Mail,0.2864593185397416,3.1746031746031744
Heartward Amulet,1.403726367990107,0.5567010309278351,Hide of the Urchin,5.493642209345115,0.5565217391304348,Reinforced Shoes,0.2544273884625165,4.0431266846361185
