Items_most_pop,Items_most_pop_L2,Items_most_pop_winrate,Items_L2,Items_L2_coef,Items_L2_winrate,Items_gold_adjusted_L2,Items_gold_adjusted_L2_coef,Items_gold_adjusted_L2_winrate
Watcher's Gift,-11.993725383262417,0.4772727272727273,Breastplate of Valor,24.445633659583983,0.6555555555555556,Breastplate of Valor,1.062853637373217,2.8502415458937196
Hide of the Urchin,17.11013666827328,0.6083333333333333,Hide of the Urchin,17.11013666827328,0.6083333333333333,Hide of the Urchin,0.7129223611780534,2.5347222222222223
Shoes of Focus,-3.5393875762545908,0.5092592592592593,Mantle of Discord,9.747840936436578,0.6764705882352942,Travelers Shoes,0.5536061387464776,4.209183673469388
Sovereignty,2.8101253694857244,0.56,Bulwark of Hope,8.838426535537346,0.6363636363636364,Bulwark of Hope,0.35003669447672653,2.5202520252025202
Heartward Amulet,7.300698128466523,0.57,Travelers Shoes,7.750485942450686,0.5892857142857143,Heartward Amulet,0.3476522918317392,2.7142857142857144
Breastplate of Valor,24.445633659583983,0.6555555555555556,Spirit Robe,7.434318033598859,0.6551724137931034,Mantle of Discord,0.31444648182053475,2.1821631878557874
