Items_most_pop,Items_most_pop_L2,Items_most_pop_winrate,Items_L2,Items_L2_coef,Items_L2_winrate,Items_gold_adjusted_L2,Items_gold_adjusted_L2_coef,Items_gold_adjusted_L2_winrate
Watcher's Gift,-18.256294344829342,0.46987951807228917,Heartward Amulet,16.922263627444583,0.6262626262626263,Winged Blade,0.8893530603602828,3.7422037422037424
Shoes of Focus,1.243682668810849,0.5364238410596026,Winged Blade,16.453031616665232,0.6923076923076923,Heartward Amulet,0.805822077497361,2.982202982202982
Sovereignty,16.432041655865046,0.6036363636363636,Sovereignty,16.432041655865046,0.6036363636363636,Sovereignty,0.7824781740888117,2.8744588744588744
Breastplate of Valor,3.300950043579599,0.5627376425855514,Spirit Robe,13.67495263264498,0.7037037037037037,Pestilence,0.5896692791690136,2.949517867271696
Hide of the Urchin,9.133978930622016,0.5822784810126582,Pestilence,12.677889502133791,0.6341463414634146,Spirit Robe,0.5558923834408528,2.8605841613971696
Heartward Amulet,16.922263627444583,0.6262626262626263,Mantle of Discord,10.266194965649492,0.6901408450704225,Witchblade,0.3980377904599604,3.377110694183865
