Items_most_pop,Items_most_pop_L2,Items_most_pop_winrate,Items_L2,Items_L2_coef,Items_L2_winrate,Items_gold_adjusted_L2,Items_gold_adjusted_L2_coef,Items_gold_adjusted_L2_winrate
Watcher's Gift,0.7376221330455413,0.5231481481481481,Sovereignty,11.08160715729319,0.5923566878980892,Sovereignty,0.5276955789187233,2.820746132848044
Shoes of Focus,2.1322555859770906,0.5494505494505495,Void Stone,10.01767965974173,0.68,Void Stone,0.45534907544280595,3.090909090909091
Hide of the Urchin,8.378458242406873,0.5780346820809249,Mantle of Discord,8.537881052212851,0.6333333333333333,Travelers Shoes,0.3854115251751901,4.166666666666667
Heartward Amulet,3.4206967441460847,0.5798816568047337,Spirit Robe,8.525746912074887,0.6176470588235294,Hide of the Urchin,0.349102426766953,2.4084778420038537
Sovereignty,11.08160715729319,0.5923566878980892,Hide of the Urchin,8.378458242406873,0.5780346820809249,Spirit Robe,0.3465750777266214,2.5107604017216643
Breastplate of Valor,2.134982997739645,0.5510204081632653,Winged Blade,6.249044961477327,0.6119402985074627,Winged Blade,0.3377862141339095,3.307785397337636
