Relics_most_pop,Relics_most_pop_L2,Relics_most_pop_winrate,Relics_most_pop_wr_paired,Relics_L2,Relics_L2_coef,Relics_L2_winrate,Relics_L2_wr_paired
Meditation,11.339368231478673,0.531658817373103,0.589830508475,Meditation,11.339368231478673,0.531658817373103,0.589830508475
Blink,9.837420659548084,0.5612244897959183,,Blink,9.837420659548084,0.5612244897959183,
