Items_most_pop,Items_most_pop_L2,Items_most_pop_winrate,Items_L2,Items_L2_coef,Items_L2_winrate,Items_gold_adjusted_L2,Items_gold_adjusted_L2_coef,Items_gold_adjusted_L2_winrate
Watcher's Gift,-4.220539669866223,0.42962962962962964,Sovereignty,3.5822368290778166,0.55,Travelers Shoes,0.18185828507544333,4.098360655737705
Shoes of Focus,-0.6104683869480537,0.48120300751879697,Hide of the Urchin,3.1106264538450317,0.543859649122807,Sovereignty,0.1705827061465627,2.619047619047619
Sovereignty,3.5822368290778166,0.55,Pestilence,2.560497436612965,0.6451612903225806,Hide of the Urchin,0.12960943557687632,2.2660818713450293
Breastplate of Valor,-0.9138932823154694,0.4782608695652174,Travelers Shoes,2.5460159910562066,0.5737704918032787,Pestilence,0.11909290402850999,3.000750187546887
Hide of the Urchin,3.1106264538450317,0.543859649122807,Mantle of Discord,2.5114596535257485,0.6285714285714286,Spirit Robe,0.1008222273466687,2.4579315560597466
Heartward Amulet,1.3890924846917663,0.5192307692307693,Spirit Robe,2.48022679272805,0.6046511627906976,Void Stone,0.09415922201838912,3.110047846889952
