Relics_most_pop,Relics_most_pop_L2,Relics_most_pop_winrate,Relics_most_pop_wr_paired,Relics_L2,Relics_L2_coef,Relics_L2_winrate,Relics_L2_wr_paired
Meditation,3.0661653860375564,0.5433526011560693,0.8,Meditation,3.0661653860375564,0.5433526011560693,0.8
Blink,-0.7509931196864778,0.4807692307692308,,Curse,1.9078949076386433,0.6190476190476191,
