Relics_most_pop,Relics_most_pop_L2,Relics_most_pop_winrate,Relics_most_pop_wr_paired,Relics_L2,Relics_L2_coef,Relics_L2_winrate,Relics_L2_wr_paired
Wrath,11.744172251327155,0.5173333333333333,0.551020408163,Wrath,11.744172251327155,0.5173333333333333,0.551020408163
Purification,-1.3153633574953802,0.5214180206794683,,Curse,8.251233226608203,0.5670103092783505,
