,recommendations,win_rate,win_rate_per_cost
Starter Item,Bumba's Mask,,
Boots,Warrior Tabi,0.609756097561,3.55836381776
Item2,Stone Cutting Sword,0.6097560975609756,2.12133227597
Item3,Jotunn's Wrath,0.5658914728682171,2.26043603177
Item4,Qin's Sais,0.5773195876288659,2.0427644139
Item5,Ichaival,0.577319587629,3.29768270945
Item6,Hide of the Urchin,0.75,3.125
Relic1,Purification,0.546153846154,
Relic2,Wrath,0.542253521127,
