,recommendations,win_rate,win_rate_per_cost
Starter Item,Bumba's Mask,,
Boots,Warrior Tabi,0.4595238095238095,3.46063527376
Item2,Stone Cutting Sword,0.5363984674329502,2.06307102859
Item3,Qin's Sais,0.49876543209876545,1.98666099049
Item4,Jotunn's Wrath,0.46996466431095407,2.19835437473
Item5,Void Shield,0.543103448276,2.01149425287
Item6,Wind Demon,0.605633802817,2.32936078007
Relic1,Curse,0.51724137931,
Relic2,Wrath,0.463696369637,
