Items_most_pop,Items_most_pop_L2,Items_most_pop_winrate,Items_L2,Items_L2_coef,Items_L2_winrate,Items_gold_adjusted_L2,Items_gold_adjusted_L2_coef,Items_gold_adjusted_L2_winrate
Warrior Tabi,0.8771994583027031,0.48675914249684743,Stone Cutting Sword,14.363135759795535,0.5743494423791822,Stone Cutting Sword,0.5524282984536744,2.2090363168430085
Jotunn's Wrath,5.792282257294942,0.5018691588785047,Mantle of Discord,9.93744677930262,0.5985130111524164,Titan's Bane,0.32597580389512903,2.873702004346776
Bumba's Mask,-18.159185130925334,0.3862433862433862,Qin's Sais,7.581926947173873,0.535966149506347,Mantle of Discord,0.3205627993323426,1.9306871327497301
Qin's Sais,7.581926947173873,0.535966149506347,Void Shield,6.944741385244351,0.5275779376498801,Qin's Sais,0.2808121091545879,1.9850598129864703
Stone Cutting Sword,14.363135759795535,0.5743494423791822,Titan's Bane,6.682503979850145,0.5891089108910891,Ichaival,0.2577269150862833,2.985262627534954
Ichaival,4.381357556466816,0.5074946466809421,Wind Demon,6.115800637014123,0.6102941176470589,Void Shield,0.2572126438979389,1.9539923616662225
