,recommendations,win_rate,win_rate_per_cost
Starter Item,Bumba's Mask,,
Boots,Warrior Tabi,0.40747330960854095,3.33833458365
Item2,Stone Cutting Sword,0.5174418604651163,1.99016100179
Item3,Qin's Sais,0.47520661157024796,1.91645133506
Item4,Jotunn's Wrath,0.43967828418230565,2.12066336256
Item5,Mantle of Discord,0.542168674699,1.74893120871
Item6,Wind Demon,0.47520661157,2.2869022869
Relic1,Teleport,0.541666666667,
Relic2,Wrath,0.429611650485,
