,recommendations,win_rate,win_rate_per_cost
Starter Item,Bumba's Mask,,
Boots,Warrior Tabi,0.5201793721973094,3.47586896724
Item2,Stone Cutting Sword,0.6184615384615385,2.07215265355
Item3,Qin's Sais,0.5725593667546174,1.99540625897
Item4,Jotunn's Wrath,0.5242718446601942,2.20803151608
Item5,Winged Blade,0.618461538462,3.46077785102
Item6,Mantle of Discord,0.640243902439,2.11493270669
Relic1,Purification,0.545185185185,
Relic2,Wrath,0.516891891892,
