Relics_most_pop,Relics_most_pop_L2,Relics_most_pop_winrate,Relics_most_pop_wr_paired,Relics_L2,Relics_L2_coef,Relics_L2_winrate,Relics_L2_wr_paired
Wrath,1.9743313866836314,0.5724137931034483,0.608695652174,Purification,5.538233661524072,0.5903614457831325,0.608695652174
Purification,5.538233661524072,0.5903614457831325,,Sprint,5.307637971639486,0.625,
