Relics_most_pop,Relics_most_pop_L2,Relics_most_pop_winrate,Relics_most_pop_wr_paired,Relics_L2,Relics_L2_coef,Relics_L2_winrate,Relics_L2_wr_paired
Purification,0.24559566948927503,0.5097580015612803,0.615384615385,Sprint,0.505589908510005,0.5865724381625441,0.615384615385
Wrath,-0.050078949932087044,0.49765258215962443,,Purification,0.24559566948927503,0.5097580015612803,
