Relics_most_pop,Relics_most_pop_L2,Relics_most_pop_winrate,Relics_most_pop_wr_paired,Relics_L2,Relics_L2_coef,Relics_L2_winrate,Relics_L2_wr_paired
Wrath,1.587182304021369,0.5182119205298014,0.55737704918,Wrath,1.587182304021369,0.5182119205298014,0.55737704918
Purification,0.33958368339487577,0.5083487940630798,,Sprint,0.7144317729502008,0.5403225806451613,
