Relics_most_pop,Relics_most_pop_L2,Relics_most_pop_winrate,Relics_most_pop_wr_paired,Relics_L2,Relics_L2_coef,Relics_L2_winrate,Relics_L2_wr_paired
Wrath,0.6813279020120779,0.5419354838709678,0.69696969697,Wrath,0.6813279020120779,0.5419354838709678,0.69696969697
Purification,0.00031263264420400424,0.5,,Sprint,0.31691851988873776,0.5857142857142857,
