Items_most_pop,Items_most_pop_L2,Items_most_pop_winrate,Items_L2,Items_L2_coef,Items_L2_winrate,Items_gold_adjusted_L2,Items_gold_adjusted_L2_coef,Items_gold_adjusted_L2_winrate
Warrior Tabi,0.9012806942803865,0.5183823529411765,Stone Cutting Sword,13.192261310466549,0.6744186046511628,Stone Cutting Sword,0.507394665787175,2.59391771019678
Jotunn's Wrath,-1.6300871577395397,0.5077720207253886,Qin's Sais,10.463656692459299,0.6134453781512605,Qin's Sais,0.38754284046145554,2.2720199190787427
Bumba's Mask,-7.102942231844322,0.44274809160305345,Deathbringer,6.793249403833503,0.8095238095238095,Void Shield,0.24673186929937835,2.2126022126022127
Qin's Sais,10.463656692459299,0.6134453781512605,Void Shield,6.661760471083215,0.5974025974025974,Deathbringer,0.21228904386979697,2.5297619047619047
Stone Cutting Sword,13.192261310466549,0.6744186046511628,Wind Demon,3.0636583967351005,0.6521739130434783,Ichaival,0.1674873288824706,3.2507739938080493
Void Shield,6.661760471083215,0.5974025974025974,Ichaival,2.847284591002,0.5526315789473685,Wind Demon,0.11783301525904233,2.508361204013378
