Items_most_pop,Items_most_pop_L2,Items_most_pop_winrate,Items_L2,Items_L2_coef,Items_L2_winrate,Items_gold_adjusted_L2,Items_gold_adjusted_L2_coef,Items_gold_adjusted_L2_winrate
Warrior Tabi,1.3235009295074924,0.46441947565543074,Stone Cutting Sword,19.76133050241411,0.573170731707317,Stone Cutting Sword,0.7600511731697734,2.204502814258912
Jotunn's Wrath,7.970974007967363,0.48333333333333334,Deathbringer,18.4406956551788,0.65625,Frostbound Hammer,0.6036027975606288,2.9748283752860414
Bumba's Mask,-14.961942137076054,0.3700787401574803,Mantle of Discord,15.116006678169242,0.625,Deathbringer,0.5762717392243375,2.05078125
Qin's Sais,-0.17053661088592958,0.5,Frostbound Hammer,13.882864343894463,0.6842105263157895,Winged Blade,0.49211488769192147,3.063063063063063
Ichaival,2.1724467033207233,0.46236559139784944,Winged Blade,9.104125422300546,0.5666666666666667,Mantle of Discord,0.48761311865062074,2.0161290322580645
Stone Cutting Sword,19.76133050241411,0.573170731707317,The Executioner,9.089053281750873,0.5384615384615384,The Executioner,0.4039579236333721,2.393162393162393
