Relics_most_pop,Relics_most_pop_L2,Relics_most_pop_winrate,Relics_most_pop_wr_paired,Relics_L2,Relics_L2_coef,Relics_L2_winrate,Relics_L2_wr_paired
Purification,0.6197975120301819,0.5177304964539007,0.0,Sprint,6.764387115970891,0.5789473684210527,0.0
Wrath,-2.4308856157359027,0.49572649572649574,,Curse,1.6257310030353904,0.5294117647058824,
