,recommendations,win_rate,win_rate_per_cost
Starter Item,Bumba's Mask,,
Boots,Warrior Tabi,0.4630281690140845,3.09528249114
Item2,Stone Cutting Sword,0.5905511811023622,1.84526456203
Item3,Qin's Sais,0.5415821501014199,1.7769214301
Item4,Ichaival,0.4797687861271676,2.82216933016
Item5,Hydra's Lament,0.541582150101,2.57298367145
Item6,Deathbringer,0.553191489362,2.31741573034
Relic1,Sprint,0.517441860465,
Relic2,Wrath,0.471722365039,
