,recommendations,win_rate,win_rate_per_cost
Starter Item,Bumba's Mask,,
Boots,Warrior Tabi,0.47373540856031127,2.89281997919
Item2,Jotunn's Wrath,0.4958563535911602,1.83765203596
Item3,Qin's Sais,0.5203619909502263,1.66069295102
Item4,Stone Cutting Sword,0.5042492917847026,1.72456575682
Item5,Winged Blade,0.597402597403,3.2292032292
Item6,Titan's Bane,0.585526315789,2.85622593068
Relic1,Curse,0.577464788732,
Relic2,Teleport,0.564102564103,
