,recommendations,win_rate,win_rate_per_cost
Starter Item,Bumba's Mask,,
Boots,Warrior Tabi,0.658823529412,3.38258349565
Item2,Stone Cutting Sword,0.6697674418604651,2.23730517848
Item3,Qin's Sais,0.5816993464052288,2.15444202372
Item4,Jotunn's Wrath,0.5404814004376368,2.38401371478
Item5,Winged Blade,0.540481400438,3.56120826709
Item6,The Executioner,0.593220338983,2.63653483992
Relic1,Purification,0.527472527473,
Relic2,Wrath,0.52736318408,
