,recommendations,win_rate,win_rate_per_cost
Starter Item,Soul Stone,,
Boots,Shoes of the Magi,0.5104990455413144,3.27034883721
Item2,Rod of Tahuti,0.6053050397877984,1.57607172878
Item3,Book of Thoth,0.5216061185468451,1.97455024133
Item4,Obsidian Shard,0.5314834578441836,2.55246738514
Item5,Soul Reaver,0.605493133583,2.05950045436
Item6,Doom Orb,0.540740740741,2.63775971093
Relic1,Purification,0.51073661321,
Relic2,Sprint,0.506944444444,
