Relics_most_pop,Relics_most_pop_L2,Relics_most_pop_winrate,Relics_most_pop_wr_paired,Relics_L2,Relics_L2_coef,Relics_L2_winrate,Relics_L2_wr_paired
Purification,-0.3130408355087684,0.5608061153578874,0.551724137931,Sprint,1.0612376927981262,0.5645161290322581,0.551724137931
Sanctuary,-0.03125294035774607,0.5632183908045977,,Sanctuary,-0.03125294035774607,0.5632183908045977,
