,recommendations,win_rate,win_rate_per_cost
Starter Item,Soul Stone,,
Boots,Shoes of the Magi,0.47231955150665733,2.96257796258
Item2,Rod of Tahuti,0.5586398334489937,1.4277484157
Item3,Book of Thoth,0.4839506172839506,1.78872631703
Item4,Chronos' Pendant,0.47401247401247404,1.97505197505
Item5,Polynomicon,0.545454545455,2.37154150198
Item6,Dynasty Plate Helm,0.507337526205,2.98433838944
Relic1,Purification,0.474552957359,
Relic2,Relic,0.407960199005,
