Items_most_pop,Items_most_pop_L2,Items_most_pop_winrate,Items_L2,Items_L2_coef,Items_L2_winrate,Items_gold_adjusted_L2,Items_gold_adjusted_L2_coef,Items_gold_adjusted_L2_winrate
Shoes of the Magi,1.743938153309627,0.5110986232087665,Rod of Tahuti,26.968984011507306,0.5933884297520661,Rod of Tahuti,0.8123187955273286,1.7873145474459822
Obsidian Shard,1.1183621705527098,0.5351133869787856,Polynomicon,14.338917412039997,0.6077057793345009,Doom Orb,0.6590524919947914,2.8199131306381555
Book of Thoth,12.535473202638148,0.5330739299610895,Doom Orb,13.510576085893225,0.5780821917808219,Polynomicon,0.623431191827826,2.6421990405847864
Rod of Tahuti,26.968984011507306,0.5933884297520661,Book of Thoth,12.535473202638148,0.5330739299610895,Book of Thoth,0.4730367246278546,2.0115997357022244
Soul Stone,-5.577277875538618,0.4560643564356436,Spear of Desolation,6.16341714955736,0.6086956521739131,Dynasty Plate Helm,0.2925048974297784,3.1403796578392313
Chronos' Pendant,-11.731526896832216,0.4959546925566343,Dynasty Plate Helm,4.972583256306233,0.5338645418326693,Warlock's Sash,0.16601394382172044,1.940700808625337
