Items_most_pop,Items_most_pop_L2,Items_most_pop_winrate,Items_L2,Items_L2_coef,Items_L2_winrate,Items_gold_adjusted_L2,Items_gold_adjusted_L2_coef,Items_gold_adjusted_L2_winrate
Shoes of the Magi,3.666983347936778,0.48920140632847814,Rod of Tahuti,20.992429005555227,0.5725725725725725,Rod of Tahuti,0.6323020784805792,1.7246161824475077
Obsidian Shard,5.172833066177871,0.5098039215686274,Book of Thoth,7.339204542076068,0.5023890784982935,Book of Thoth,0.2769511147953233,1.895807843389787
Book of Thoth,7.339204542076068,0.5023890784982935,Obsidian Shard,5.172833066177871,0.5098039215686274,Obsidian Shard,0.2523333203013596,2.4868483978957436
Rod of Tahuti,20.992429005555227,0.5725725725725725,Soul Reaver,4.092893802877613,0.5491606714628298,Shoes of the Magi,0.22918645924604863,3.0575087895529887
Soul Stone,-7.150264712276157,0.4281009879253567,Shoes of the Magi,3.666983347936778,0.48920140632847814,Dynasty Plate Helm,0.20620609236780288,2.9791271347248576
Chronos' Pendant,-5.806445713735152,0.470679012345679,Dynasty Plate Helm,3.5055035702526487,0.5064516129032258,Doom Orb,0.16071984754044633,2.534672405547585
