Relics_most_pop,Relics_most_pop_L2,Relics_most_pop_winrate,Relics_most_pop_wr_paired,Relics_L2,Relics_L2_coef,Relics_L2_winrate,Relics_L2_wr_paired
Purification,-3.5597076552090554,0.44892221180880976,0.380952380952,Sprint,1.0531718990583423,0.4878048780487805,0.380952380952
Sanctuary,-4.301696213435066,0.4493927125506073,,Purification,-3.5597076552090554,0.44892221180880976,
