Items_most_pop,Items_most_pop_L2,Items_most_pop_winrate,Items_L2,Items_L2_coef,Items_L2_winrate,Items_gold_adjusted_L2,Items_gold_adjusted_L2_coef,Items_gold_adjusted_L2_winrate
Shoes of the Magi,9.412964432580061,0.5427522935779816,Rod of Tahuti,38.990702863374565,0.6207598371777476,Rod of Tahuti,1.1744187609450172,1.8697585457161072
Obsidian Shard,-2.097834870191044,0.566574839302112,Book of Thoth,25.441572682862596,0.5634721525338685,Doom Orb,1.1040165313659818,2.8343402700082048
Book of Thoth,25.441572682862596,0.5634721525338685,Doom Orb,22.632338893002625,0.581039755351682,Book of Thoth,0.9600593465231169,2.126310009561768
Rod of Tahuti,38.990702863374565,0.6207598371777476,Polynomicon,18.64364589989378,0.6191489361702127,Polynomicon,0.8105932999953817,2.6919518963922293
Soul Stone,13.62144195511529,0.4908026755852843,Warlock's Sash,11.73115378063557,0.5404663923182441,Shoes of the Magi,0.5883102770362538,3.3922018348623855
Chronos' Pendant,-9.645456484906518,0.5343347639484979,Shoes of the Magi,9.412964432580061,0.5427522935779816,Warlock's Sash,0.4426850483258706,2.0394958200688458
