Items_most_pop,Items_most_pop_L2,Items_most_pop_winrate,Items_L2,Items_L2_coef,Items_L2_winrate,Items_gold_adjusted_L2,Items_gold_adjusted_L2_coef,Items_gold_adjusted_L2_winrate
Shoes of the Magi,-1.8883359167371796,0.532555615843733,Spear of Desolation,37.510044062225624,0.7037037037037037,Doom Orb,1.684775975802546,3.0405182100601493
Obsidian Shard,-10.689979389216877,0.55,Rod of Tahuti,34.54526851458471,0.6089330024813896,Polynomicon,1.0927413804835908,2.6790952349912
Book of Thoth,13.525116959221506,0.5447570332480819,Doom Orb,34.53790750395219,0.6233062330623306,Rod of Tahuti,1.0405201359814673,1.8341355496427396
Rod of Tahuti,34.54526851458471,0.6089330024813896,Polynomicon,25.133051751122586,0.616191904047976,Spear of Desolation,0.987106422690148,1.8518518518518519
Soul Stone,14.148606491503926,0.4900990099009901,Book of Thoth,13.525116959221506,0.5447570332480819,Book of Thoth,0.5103817720460946,2.05568691791729
Chronos' Pendant,-8.194496890460051,0.5198412698412699,Warlock's Sash,11.444859811335425,0.5349716446124764,Warlock's Sash,0.43188150231454436,2.0187609230659485
