,recommendations,win_rate,win_rate_per_cost
Starter Item,Soul Stone,,
Boots,Shoes of Focus,0.521739130435,3.75757575758
Item2,Rod of Tahuti,0.6015625,1.57150340492
Item3,Obsidian Shard,0.539179104477612,2.54506892895
Item4,Book of Thoth,0.5235294117647059,1.9688269073
Item5,Polynomicon,0.631147540984,2.74411974341
Item6,Soul Reaver,0.6,2.04081632653
Relic1,Sprint,0.53488372093,
Relic2,Sanctuary,0.502152080344,
