Items_most_pop,Items_most_pop_L2,Items_most_pop_winrate,Items_L2,Items_L2_coef,Items_L2_winrate,Items_gold_adjusted_L2,Items_gold_adjusted_L2_coef,Items_gold_adjusted_L2_winrate
Shoes of the Magi,-7.89060681609946,0.4646522234891676,Rod of Tahuti,35.047526925216474,0.5749167591564928,Polynomicon,1.1637103121911179,2.6686656671664166
Obsidian Shard,-5.871494448654372,0.4963343108504399,Polynomicon,26.76533718039571,0.6137931034482759,Rod of Tahuti,1.0556484013619418,1.731676985411123
Book of Thoth,20.846465231441723,0.5003885003885004,Book of Thoth,20.846465231441723,0.5003885003885004,Book of Thoth,0.7866590653374236,1.8882584920320769
Rod of Tahuti,35.047526925216474,0.5749167591564928,Spear of Desolation,17.73826677136088,0.63,Shoes of Focus,0.7759738442676635,3.654320987654321
Soul Stone,-18.72371986147802,0.37823834196891193,Doom Orb,13.5801525047382,0.5,Doom Orb,0.6624464636457658,2.4390243902439024
Chronos' Pendant,-8.399427514271148,0.4723076923076923,Shoes of Focus,11.639607664014953,0.5481481481481482,Dynasty Plate Helm,0.6185249955233684,3.007518796992481
