Relics_most_pop,Relics_most_pop_L2,Relics_most_pop_winrate,Relics_most_pop_wr_paired,Relics_L2,Relics_L2_coef,Relics_L2_winrate,Relics_L2_wr_paired
Purification,6.412938426621023,0.5368068833652008,0.539522546419,Purification,6.412938426621023,0.5368068833652008,0.539522546419
Sanctuary,-6.327312593071468,0.533470648815654,,Sanctuary,-6.327312593071468,0.533470648815654,
