Items_most_pop,Items_most_pop_L2,Items_most_pop_winrate,Items_L2,Items_L2_coef,Items_L2_winrate,Items_gold_adjusted_L2,Items_gold_adjusted_L2_coef,Items_gold_adjusted_L2_winrate
Shoes of the Magi,9.084191736730673,0.5574963609898108,Rod of Tahuti,25.709259023617793,0.6348773841961853,Polynomicon,0.9087813581274788,2.8371407516580693
Obsidian Shard,9.518975901248355,0.5874769797421732,Polynomicon,20.901971236932013,0.652542372881356,Rod of Tahuti,0.7743752717957166,1.9122812776993532
Book of Thoth,-14.450064482423885,0.5458248472505092,Soul Reaver,12.461454244363086,0.6470588235294118,Shoes of the Magi,0.5677619835456671,3.4843522561863174
Rod of Tahuti,25.709259023617793,0.6348773841961853,Obsidian Shard,9.518975901248355,0.5874769797421732,Obsidian Shard,0.46434028786577347,2.8657413645959666
Soul Stone,3.368084999526312,0.504885993485342,Doom Orb,9.340028087887747,0.6,Doom Orb,0.4556111262384267,2.926829268292683
Chronos' Pendant,-1.115596011778876,0.5550239234449761,Shoes of the Magi,9.084191736730673,0.5574963609898108,Soul Reaver,0.4238589879035063,2.200880352140856
