Relics_most_pop,Relics_most_pop_L2,Relics_most_pop_winrate,Relics_most_pop_wr_paired,Relics_L2,Relics_L2_coef,Relics_L2_winrate,Relics_L2_wr_paired
Purification,2.684083325225034,0.5353499824129441,0.642857142857,Purification,2.684083325225034,0.5353499824129441,0.642857142857
Sanctuary,-2.8211420157777654,0.533879374534624,,Blink,2.6409801401553983,0.6170212765957447,
