Relics_most_pop,Relics_most_pop_L2,Relics_most_pop_winrate,Relics_most_pop_wr_paired,Relics_L2,Relics_L2_coef,Relics_L2_winrate,Relics_L2_wr_paired
Purification,-0.9751676509474857,0.48634204275534443,0.527777777778,Sanctuary,2.8109189351593367,0.4901112484548826,0.527777777778
Sanctuary,2.8109189351593367,0.4901112484548826,,Relic,0.17603563727637644,0.41025641025641024,
