,recommendations,win_rate,win_rate_per_cost
Starter Item,Soul Stone,,
Boots,Shoes of the Magi,0.454545454545,2.84090909091
Item2,Rod of Tahuti,0.5342465753424658,1.20736108993
Item3,Chronos' Pendant,0.46112600536193027,1.67018284107
Item4,Book of Thoth,0.45308310991957107,1.5126184221
Item5,Polynomicon,0.534246575342,2.5974025974
Item6,Doom Orb,0.512820512821,2.36933797909
Relic1,Sprint,0.487804878049,
Relic2,Purification,0.448922211809,
