Relics_most_pop,Relics_most_pop_L2,Relics_most_pop_winrate,Relics_most_pop_wr_paired,Relics_L2,Relics_L2_coef,Relics_L2_winrate,Relics_L2_wr_paired
Purification,-4.996953818747483,0.5686918445539135,0.62,Sanctuary,7.052320829534341,0.5780281690140845,0.62
Sanctuary,7.052320829534341,0.5780281690140845,,Sprint,2.242042464164948,0.5757575757575758,
