Items_most_pop,Items_most_pop_L2,Items_most_pop_winrate,Items_L2,Items_L2_coef,Items_L2_winrate,Items_gold_adjusted_L2,Items_gold_adjusted_L2_coef,Items_gold_adjusted_L2_winrate
Shoes of the Magi,-1.3331851848689036,0.5079586707623569,Rod of Tahuti,40.272995969382784,0.6087431693989072,Rod of Tahuti,1.2130420472705659,1.8335637632497201
Obsidian Shard,0.3720398579089093,0.5350781533987641,Polynomicon,17.136189170733488,0.5977564102564102,Polynomicon,0.745051703075369,2.5989409141583053
Book of Thoth,-1.4004901427998562,0.5136186770428015,Spear of Desolation,10.879943440579618,0.6448598130841121,Warlock's Sash,0.38504276336473897,2.018920775857513
Rod of Tahuti,40.272995969382784,0.6087431693989072,Warlock's Sash,10.203633229165582,0.5350140056022409,Doom Orb,0.3232959262917874,2.6165275129840246
Soul Stone,7.925525241913016,0.46757257566399013,Doom Orb,6.627566488981642,0.5363881401617251,Spear of Desolation,0.2863143010678847,1.6969995081160847
Chronos' Pendant,-1.4721827827027394,0.5240963855421686,Soul Reaver,5.055101146680708,0.5735294117647058,Soul Reaver,0.17194221587349348,1.95078031212485
