Items_most_pop,Items_most_pop_L2,Items_most_pop_winrate,Items_L2,Items_L2_coef,Items_L2_winrate,Items_gold_adjusted_L2,Items_gold_adjusted_L2_coef,Items_gold_adjusted_L2_winrate
Transcendence,-1.2341631584726949,0.4848084544253633,Deathbringer,20.725159547756355,0.6829268292682927,Titan's Bane,0.7795060579739986,2.819252527126032
Warrior Tabi,-1.1381626663209534,0.4830985915492958,Titan's Bane,15.979874188466972,0.5779467680608364,Deathbringer,0.6476612358673861,2.1341463414634148
Asi,6.2915538360507925,0.5084033613445378,The Executioner,9.595660442177937,0.5418326693227091,The Executioner,0.4264737974301306,2.4081451969898184
Qin's Sais,6.314729720589287,0.5251989389920424,Qin's Sais,6.314729720589287,0.5251989389920424,Asi,0.3534580806770108,2.8561986592389763
Titan's Bane,15.979874188466972,0.5779467680608364,Asi,6.2915538360507925,0.5084033613445378,Hastened Fatalis,0.2913243539862285,2.8213718920825253
The Executioner,9.595660442177937,0.5418326693227091,Hastened Fatalis,6.234341175305291,0.6037735849056604,Qin's Sais,0.23387887854034395,1.945181255526083
