,recommendations,win_rate,win_rate_per_cost
Starter Item,Death's Toll,,
Boots,Warrior Tabi,0.3916083916083916,3.22580645161
Item2,The Executioner,0.5,2.22222222222
Item3,Titan's Bane,0.3877551020408163,2.43902439024
Item4,Qin's Sais,0.37142857142857144,1.85185185185
Item5,Wind Demon,0.625,2.40384615385
Item6,Bloodforge,0.454545454545,1.59489633174
Relic1,Relic,0.6,
Relic2,Teleport,0.4,
