Relics_most_pop,Relics_most_pop_L2,Relics_most_pop_winrate,Relics_most_pop_wr_paired,Relics_L2,Relics_L2_coef,Relics_L2_winrate,Relics_L2_wr_paired
Purification,1.4702672680498732,0.5639097744360902,0.636363636364,Sanctuary,9.397516897106147,0.589041095890411,0.636363636364
Sanctuary,9.397516897106147,0.589041095890411,,Sprint,5.606050236479914,0.625,
