Items_most_pop,Items_most_pop_L2,Items_most_pop_winrate,Items_L2,Items_L2_coef,Items_L2_winrate,Items_gold_adjusted_L2,Items_gold_adjusted_L2_coef,Items_gold_adjusted_L2_winrate
Transcendence,-0.180743090749684,0.37748344370860926,Wind Demon,0.020422726247027442,0.625,Wind Demon,0.0007854894710395171,2.4038461538461537
Warrior Tabi,-0.1510132714741897,0.3916083916083916,The Executioner,0.001145179168948222,0.5,The Executioner,5.089685195325431e-05,2.2222222222222223
Asi,-0.1170273799001826,0.38235294117647056,Bloodforge,-0.004746272216162659,0.45454545454545453,Bloodforge,-0.0001665358672337775,1.594896331738437
Qin's Sais,-0.08796900357248706,0.37142857142857144,Deathbringer,-0.009441689015839154,0.45454545454545453,Deathbringer,-0.0002950527817449735,1.4204545454545454
Titan's Bane,-0.05360622814251191,0.3877551020408163,Soul Eater,-0.019411503112799232,0.4090909090909091,Rage,-0.0008202193780409403,1.3888888888888888
The Executioner,0.001145179168948222,0.5,Rage,-0.01968526507298257,0.3333333333333333,Hastened Fatalis,-0.000922116717102255,1.4018691588785046
