Items_most_pop,Items_most_pop_L2,Items_most_pop_winrate,Items_L2,Items_L2_coef,Items_L2_winrate,Items_gold_adjusted_L2,Items_gold_adjusted_L2_coef,Items_gold_adjusted_L2_winrate
Transcendence,1.8693926135238597,0.49747474747474746,Deathbringer,8.179421287708202,0.631578947368421,Asi,0.4034925690472309,2.986508500062654
Warrior Tabi,-1.3090652439516994,0.489010989010989,Asi,7.18216772904071,0.5315985130111525,The Executioner,0.29991638751897026,2.557651991614256
Asi,7.18216772904071,0.5315985130111525,The Executioner,6.748118719176831,0.5754716981132075,Titan's Bane,0.28865826679592915,2.7177700348432055
Qin's Sais,0.04339303969000641,0.505,Titan's Bane,5.917494469316548,0.5571428571428572,Deathbringer,0.2556069152408813,1.9736842105263157
Titan's Bane,5.917494469316548,0.5571428571428572,Jotunn's Wrath,4.114386499806585,0.5689655172413793,Jotunn's Wrath,0.1686223975330568,2.331825890333522
The Executioner,6.748118719176831,0.5754716981132075,Rage,3.7164502978370226,0.6538461538461539,Rage,0.1548520957432093,2.7243589743589745
