Items_most_pop,Items_most_pop_L2,Items_most_pop_winrate,Items_L2,Items_L2_coef,Items_L2_winrate,Items_gold_adjusted_L2,Items_gold_adjusted_L2_coef,Items_gold_adjusted_L2_winrate
Transcendence,-0.37107385856877145,0.4959349593495935,Wind Demon,5.233024237914079,0.7647058823529411,Wind Demon,0.20127016299669537,2.9411764705882355
Warrior Tabi,0.08549306314256179,0.5,Titan's Bane,3.4662490153904333,0.5652173913043478,Titan's Bane,0.16908531782392358,2.757158006362672
Asi,-1.1189317743082778,0.4868421052631579,Soul Eater,2.988707950659283,0.6923076923076923,Soul Eater,0.14943539753296414,3.4615384615384617
Qin's Sais,-0.0503057608610115,0.5,Hastened Fatalis,2.3815544667487702,0.75,Hastened Fatalis,0.11128759190414814,3.5046728971962615
Titan's Bane,3.4662490153904333,0.5652173913043478,Deathbringer,1.749137270446122,0.6,Deathbringer,0.05466053970144131,1.875
The Executioner,-0.25542411328401615,0.5,Warrior Tabi,0.08549306314256179,0.5,Warrior Tabi,0.005515681493068503,3.225806451612903
