,recommendations,win_rate,win_rate_per_cost
Starter Item,Death's Toll,,
Boots,Warrior Tabi,0.43147208121827413,3.33704115684
Item2,Titan's Bane,0.5172413793103449,2.52312867956
Item3,The Executioner,0.43103448275862066,2.29885057471
Item4,Asi,0.4397163120567376,2.90585044556
Item5,Wind Demon,0.615384615385,2.67558528428
Item6,Deathbringer,0.695652173913,1.92307692308
Relic1,Sprint,0.533333333333,
Relic2,Teleport,0.416666666667,
