,recommendations,win_rate,win_rate_per_cost
Starter Item,Death's Toll,,
Boots,Warrior Tabi,0.47368421052631576,3.97022332506
Item2,The Executioner,0.6153846153846154,2.73504273504
Item3,Asi,0.5346534653465347,3.45721694036
Item4,Titan's Bane,0.5535714285714286,3.00187617261
Item5,Deathbringer,0.534653465347,2.3097826087
Item6,Transcendence,0.485875706215,1.86875271621
Relic1,Sprint,0.6,
Relic2,Teleport,0.384615384615,
