Relics_most_pop,Relics_most_pop_L2,Relics_most_pop_winrate,Relics_most_pop_wr_paired,Relics_L2,Relics_L2_coef,Relics_L2_winrate,Relics_L2_wr_paired
Purification,-2.8530332298952046,0.4538152610441767,0.666666666667,Teleport,1.3634087719756645,0.5652173913043478,0.666666666667
Sanctuary,-1.3664177751226425,0.45893719806763283,,Sprint,0.022182798589821074,0.4772727272727273,
