Relics_most_pop,Relics_most_pop_L2,Relics_most_pop_winrate,Relics_most_pop_wr_paired,Relics_L2,Relics_L2_coef,Relics_L2_winrate,Relics_L2_wr_paired
Purification,-3.570094308071546,0.4675,0.142857142857,Teleport,-1.8181394001179476,0.4727272727272727,0.142857142857
Sanctuary,-10.557683737343059,0.463302752293578,,Sprint,-2.256986152687258,0.4797297297297297,
