Items_most_pop,Items_most_pop_L2,Items_most_pop_winrate,Items_L2,Items_L2_coef,Items_L2_winrate,Items_gold_adjusted_L2,Items_gold_adjusted_L2_coef,Items_gold_adjusted_L2_winrate
Transcendence,-0.9602989424504229,0.4652173913043478,Deathbringer,6.613759860505572,0.7027027027027027,Deathbringer,0.20667999564079914,2.195945945945946
Warrior Tabi,1.6997861573994164,0.48130841121495327,The Executioner,2.365554072381759,0.5272727272727272,Asi,0.11013017419561906,2.7474780611826457
Asi,1.9603171006820193,0.48905109489051096,Bloodforge,2.2585954279576366,0.6923076923076923,Warrior Tabi,0.10966362305802686,3.105215556225505
Qin's Sais,-6.533755895341149,0.3944954128440367,Jotunn's Wrath,2.2041318757629758,0.5625,The Executioner,0.10513573655030041,2.3434343434343434
Titan's Bane,1.9244678044805945,0.5061728395061729,Wind Demon,2.20221545467905,0.5625,Soul Eater,0.09865964211861732,2.7777777777777777
The Executioner,2.365554072381759,0.5272727272727272,Soul Eater,1.9731928423723462,0.5555555555555556,Titan's Bane,0.09387647826734608,2.4691358024691357
