Relics_most_pop,Relics_most_pop_L2,Relics_most_pop_winrate,Relics_most_pop_wr_paired,Relics_L2,Relics_L2_coef,Relics_L2_winrate,Relics_L2_wr_paired
Purification,57.39947349278117,0.48214285714285715,0.588235294118,Purification,57.39947349278117,0.48214285714285715,0.588235294118
Sanctuary,-104.14503245111231,0.40963855421686746,,Sprint,32.04497220609725,0.5454545454545454,
