Relics_most_pop,Relics_most_pop_L2,Relics_most_pop_winrate,Relics_most_pop_wr_paired,Relics_L2,Relics_L2_coef,Relics_L2_winrate,Relics_L2_wr_paired
Purification,-1.620633982745194,0.4930232558139535,0.333333333333,Sanctuary,5.018232314838703,0.5174418604651163,0.333333333333
Sanctuary,5.018232314838703,0.5174418604651163,,Relic,2.7340332213308787,0.4117647058823529,
