,recommendations,win_rate,win_rate_per_cost
Starter Item,Death's Toll,,
Boots,Warrior Tabi,0.45681818181818185,2.92839167239
Item2,Titan's Bane,0.5432098765432098,2.21414980107
Item3,The Executioner,0.45390070921985815,2.01733648542
Item4,Qin's Sais,0.46987951807228917,1.68111373785
Item5,Brawler's Beat Stick,0.558823529412,2.30654761905
Item6,Deathbringer,0.553571428571,1.74632352941
Relic1,Relic,0.55,
Relic2,Teleport,0.55,
