Items_most_pop,Items_most_pop_L2,Items_most_pop_winrate,Items_L2,Items_L2_coef,Items_L2_winrate,Items_gold_adjusted_L2,Items_gold_adjusted_L2_coef,Items_gold_adjusted_L2_winrate
Breastplate of Valor,3.7470915730378196,0.5542857142857143,Sovereignty,5.75115305760314,0.5897435897435898,Sovereignty,0.2738644313144352,2.808302808302808
Watcher's Gift,-4.349283897712681,0.4657142857142857,Heartward Amulet,5.159795317418728,0.5957446808510638,Heartward Amulet,0.2457045389247013,2.8368794326241136
Shoes of Focus,0.3907031476124876,0.5207100591715976,Hide of the Urchin,4.58629428576286,0.5709459459459459,Winged Blade,0.23331763890119836,3.523166023166023
Hide of the Urchin,4.58629428576286,0.5709459459459459,Winged Blade,4.31637631967217,0.6517857142857143,Hide of the Urchin,0.19109559524011918,2.3789414414414414
Sovereignty,5.75115305760314,0.5897435897435898,Breastplate of Valor,3.7470915730378196,0.5542857142857143,Breastplate of Valor,0.16291702491468782,2.409937888198758
Heartward Amulet,5.159795317418728,0.5957446808510638,Void Stone,3.264736625627225,0.6404494382022472,Void Stone,0.14839711934669203,2.9111338100102144
