Relics_most_pop,Relics_most_pop_L2,Relics_most_pop_winrate,Relics_most_pop_wr_paired,Relics_L2,Relics_L2_coef,Relics_L2_winrate,Relics_L2_wr_paired
Meditation,8.0952902524267,0.49583333333333335,0.56862745098,Sprint,8.595944506878944,0.5411764705882353,0.56862745098
Blink,4.257769069572639,0.49074074074074076,,Meditation,8.0952902524267,0.49583333333333335,
