,recommendations,win_rate,win_rate_per_cost
Starter Item,Watcher's Gift,,
Boots,Shoes of Focus,0.556818181818,3.18452380952
Item2,Heartward Amulet,0.4393939393939394,1.89280733214
Item3,Hide of the Urchin,0.44036697247706424,1.65620641562
Item4,Sovereignty,0.43575418994413406,1.89280733214
Item5,Bulwark of Hope,0.477678571429,2.20522052205
Item6,Void Stone,0.492957746479,2.47208931419
Relic1,Meditation,0.454545454545,
Relic2,Teleport,0.478260869565,
