Items_most_pop,Items_most_pop_L2,Items_most_pop_winrate,Items_L2,Items_L2_coef,Items_L2_winrate,Items_gold_adjusted_L2,Items_gold_adjusted_L2_coef,Items_gold_adjusted_L2_winrate
Watcher's Gift,-14.316867325313304,0.41637010676156583,Sovereignty,10.638504293975386,0.5656716417910448,Sovereignty,0.5065954425702565,2.693674484719261
Breastplate of Valor,3.0239993553460196,0.5163727959697733,Hide of the Urchin,7.690115203661215,0.5452091767881242,Hide of the Urchin,0.32042146681921724,2.2717049032838506
Shoes of Focus,-4.1594734114067835,0.47114093959731546,Bulwark of Hope,6.315767881662136,0.5898305084745763,Bulwark of Hope,0.25012942105592617,2.335962409800302
Hide of the Urchin,7.690115203661215,0.5452091767881242,Mantle of Discord,5.339069903923104,0.596958174904943,Winged Blade,0.2237367790450773,3.1094639790291962
Sovereignty,10.638504293975386,0.5656716417910448,Winged Blade,4.13913041233393,0.5752508361204013,Mantle of Discord,0.17222806141687433,1.9256715319514288
Heartward Amulet,1.2228740972209913,0.5241935483870968,Soul Reaver,3.701866566413882,0.651685393258427,Pestilence,0.14359079162400643,2.6506626656664167
