,recommendations,win_rate,win_rate_per_cost
Starter Item,Watcher's Gift,,
Boots,Shoes of Focus,0.672727272727,3.7807606264
Item2,Watcher's Gift,0.5460122699386503,6.82515337423
Item3,Sovereignty,0.6047430830039525,2.60005842828
Item4,Hide of the Urchin,0.581081081081081,2.27505112474
Item5,Mantle of Discord,0.666666666667,2.17008797654
Item6,Soul Reaver,0.53164556962,2.26757369615
Relic1,Meditation,0.565217391304,
Relic2,Blink,0.577777777778,
