,recommendations,win_rate,win_rate_per_cost
Starter Item,Watcher's Gift,,
Boots,Travelers Shoes,0.518987341772,3.31402831403
Item2,Sovereignty,0.5032397408207343,2.44453864632
Item3,Heartward Amulet,0.5133531157270029,2.44453864632
Item4,Hide of the Urchin,0.4599659284497445,2.13897131553
Item5,Winged Blade,0.627906976744,3.003003003
Item6,Mantle of Discord,0.555555555556,2.02550637659
Relic1,Meditation,0.457683741648,
Relic2,Sprint,0.486646884273,
