Relics_most_pop,Relics_most_pop_L2,Relics_most_pop_winrate,Relics_most_pop_wr_paired,Relics_L2,Relics_L2_coef,Relics_L2_winrate,Relics_L2_wr_paired
Meditation,9.625831871949325,0.4781954887218045,0.503333333333,Meditation,9.625831871949325,0.4781954887218045,0.503333333333
Blink,3.0255426355501043,0.47294938917975565,,Blink,3.0255426355501043,0.47294938917975565,
