Items_most_pop,Items_most_pop_L2,Items_most_pop_winrate,Items_L2,Items_L2_coef,Items_L2_winrate,Items_gold_adjusted_L2,Items_gold_adjusted_L2_coef,Items_gold_adjusted_L2_winrate
Watcher's Gift,-11.190065444717,0.423728813559322,Heartward Amulet,11.406948159226566,0.5544554455445545,Heartward Amulet,0.5431880075822174,2.6402640264026402
Shoes of Focus,-1.9091034338289223,0.4728813559322034,Mantle of Discord,10.97873952716756,0.631578947368421,Hide of the Urchin,0.3862527470157397,2.1893939393939394
Breastplate of Valor,-0.37115931774785627,0.48324514991181655,Hide of the Urchin,9.270065928377752,0.5254545454545455,Winged Blade,0.35604601504116906,3.063792537476748
Hide of the Urchin,9.270065928377752,0.5254545454545455,Winged Blade,6.586851278261628,0.5668016194331984,Mantle of Discord,0.35415288797314715,2.037351443123939
Sovereignty,4.3858823363707655,0.5173913043478261,Sovereignty,4.3858823363707655,0.5173913043478261,Sovereignty,0.2088515398271793,2.463768115942029
Heartward Amulet,11.406948159226566,0.5544554455445545,Bulwark of Hope,4.146388122787001,0.5220883534136547,Void Stone,0.17252856750196788,2.498494882600843
