Relics_most_pop,Relics_most_pop_L2,Relics_most_pop_winrate,Relics_most_pop_wr_paired,Relics_L2,Relics_L2_coef,Relics_L2_winrate,Relics_L2_wr_paired
Meditation,25.57009837411303,0.4913294797687861,0.583333333333,Meditation,25.57009837411303,0.4913294797687861,0.583333333333
Blink,2.049967081991953,0.5017064846416383,,Wrath,9.799311281318456,0.4791666666666667,
