Relics_most_pop,Relics_most_pop_L2,Relics_most_pop_winrate,Relics_most_pop_wr_paired,Relics_L2,Relics_L2_coef,Relics_L2_winrate,Relics_L2_wr_paired
Meditation,14.635982487479883,0.4780999383096854,0.528409090909,Meditation,14.635982487479883,0.4780999383096854,0.528409090909
Blink,4.740924749256603,0.48728246318607765,,Sprint,5.806835396821573,0.4868238557558946,
