,recommendations,win_rate,win_rate_per_cost
Starter Item,Watcher's Gift,,
Boots,Reinforced Shoes,0.594594594595,4.12561576355
Item2,Hide of the Urchin,0.5818181818181818,2.39485981308
Item3,Sovereignty,0.5849802371541502,2.73698264352
Item4,Heartward Amulet,0.5747663551401869,2.73698264352
Item5,Void Stone,0.646464646465,2.93847566575
Item6,Winged Blade,0.57476635514,3.23535214046
Relic1,Blink,0.592592592593,
Relic2,Curse,0.566037735849,
