,recommendations,win_rate,win_rate_per_cost
Starter Item,Watcher's Gift,,
Boots,Shoes of Focus,0.476875,3.47158218126
Item2,Sovereignty,0.5358744394618834,2.47970155804
Item3,Hide of the Urchin,0.4956575682382134,2.16973886329
Item4,Heartward Amulet,0.5207373271889401,2.47970155804
Item5,Winged Blade,0.535874439462,3.07125307125
Item6,Mantle of Discord,0.568181818182,1.89621318373
Relic1,Meditation,0.493279022403,
Relic2,Blink,0.498617511521,
