Items_most_pop,Items_most_pop_L2,Items_most_pop_winrate,Items_L2,Items_L2_coef,Items_L2_winrate,Items_gold_adjusted_L2,Items_gold_adjusted_L2_coef,Items_gold_adjusted_L2_winrate
Shoes of Focus,-0.21672418152977793,0.4742729306487696,Hide of the Urchin,22.93765647632188,0.5406698564593302,Hide of the Urchin,0.9557356865134117,2.2527910685805423
Hide of the Urchin,22.93765647632188,0.5406698564593302,Soul Reaver,17.429743123121348,0.7142857142857143,Void Stone,0.7845479744302797,2.7072192513368982
Breastplate of Valor,-2.7130615235494426,0.47721822541966424,Void Stone,17.260055437466153,0.5955882352941176,Soul Reaver,0.5928484055483453,2.4295432458697763
Watcher's Gift,-10.651222448714964,0.4182692307692308,Winged Blade,8.8193425999486,0.551219512195122,Winged Blade,0.4767212216188432,2.979564930784443
Sovereignty,8.645603199804487,0.513677811550152,Sovereignty,8.645603199804487,0.513677811550152,Sovereignty,0.41169539046688036,2.4460848169054854
Heartward Amulet,0.9766597032117682,0.5071942446043165,Bulwark of Hope,5.601804277342703,0.5307262569832403,Bulwark of Hope,0.22185363474624567,2.1018861662702584
