Relics_most_pop,Relics_most_pop_L2,Relics_most_pop_winrate,Relics_most_pop_wr_paired,Relics_L2,Relics_L2_coef,Relics_L2_winrate,Relics_L2_wr_paired
Meditation,18.345269707862723,0.46298472385428907,0.537931034483,Meditation,18.345269707862723,0.46298472385428907,0.537931034483
Blink,-10.316288478617897,0.4236453201970443,,Curse,6.709418259207249,0.48398576512455516,
