,recommendations,win_rate,win_rate_per_cost
Starter Item,Watcher's Gift,,
Boots,Shoes of Focus,0.4723320158102767,3.20754716981
Item2,Sovereignty,0.5038560411311054,2.29110512129
Item3,Hide of the Urchin,0.4777777777777778,2.00471698113
Item4,Heartward Amulet,0.4811320754716981,2.29110512129
Item5,Winged Blade,0.562790697674,3.04211187932
Item6,Mantle of Discord,0.503856041131,1.77832919768
Relic1,Meditation,0.489583333333,
Relic2,Sprint,0.475352112676,
