Relics_most_pop,Relics_most_pop_L2,Relics_most_pop_winrate,Relics_most_pop_wr_paired,Relics_L2,Relics_L2_coef,Relics_L2_winrate,Relics_L2_wr_paired
Meditation,2.4609430999380186,0.5098722415795587,0.619469026549,Curse,3.676857773661664,0.5666666666666667,0.619469026549
Blink,1.708701628551971,0.5209876543209877,,Meditation,2.4609430999380186,0.5098722415795587,
