,recommendations,win_rate,win_rate_per_cost
Starter Item,Watcher's Gift,,
Boots,Shoes of Focus,0.5461346633416458,3.73333333333
Item2,Hide of the Urchin,0.5909090909090909,2.33333333333
Item3,Breastplate of Valor,0.5853658536585366,2.4347826087
Item4,Sovereignty,0.56797583081571,2.66666666667
Item5,Mantle of Discord,0.585365853659,2.17443249701
Item6,Bulwark of Hope,0.62091503268,2.45906943636
Relic1,Meditation,0.548859934853,
Relic2,Blink,0.567669172932,
