,recommendations,win_rate,win_rate_per_cost
Starter Item,Soul Stone,,
Boots,Shoes of the Magi,0.4217643271088216,2.03239608802
Item2,Rod of Tahuti,0.5771567436208992,0.979467994226
Item3,Obsidian Shard,0.4718208092485549,1.58626036138
Item4,Book of Thoth,0.4433460076045627,1.22710707201
Item5,Doom Orb,0.471820809249,2.30635779161
Item6,Soul Reaver,0.47280334728,1.872001872
Relic1,Purification,0.425660792952,
Relic2,Sprint,0.411764705882,
