Relics_most_pop,Relics_most_pop_L2,Relics_most_pop_winrate,Relics_most_pop_wr_paired,Relics_L2,Relics_L2_coef,Relics_L2_winrate,Relics_L2_wr_paired
Purification,-1.1640389423334758,0.4457498272287491,0.518518518519,Sprint,5.86334830868878,0.4642857142857143,0.518518518519
Sanctuary,-13.839409413514211,0.4454609429978888,,Purification,-1.1640389423334758,0.4457498272287491,
