,recommendations,win_rate,win_rate_per_cost
Starter Item,Soul Stone,,
Boots,Shoes of the Magi,0.535031847134,2.65957446809
Item2,Rod of Tahuti,0.5398394070413836,1.32155920269
Item3,Book of Thoth,0.4334862385321101,1.65568926526
Item4,Soul Stone,0.35815384615384616,5.48447069116
Item5,Doom Orb,0.47972972973,2.34014502307
Item6,Dynasty Plate Helm,0.466302367942,2.74295510554
Relic1,Purification,0.427532327586,
Relic2,Sprint,0.419540229885,
