Relics_most_pop,Relics_most_pop_L2,Relics_most_pop_winrate,Relics_most_pop_wr_paired,Relics_L2,Relics_L2_coef,Relics_L2_winrate,Relics_L2_wr_paired
Purification,1.7893591467595455,0.4028985507246377,0.36,Purification,1.7893591467595455,0.4028985507246377,0.36
Sanctuary,-14.458461995230646,0.39586410635155095,,Sprint,-5.890838317321808,0.36054421768707484,
