,recommendations,win_rate,win_rate_per_cost
Starter Item,Soul Stone,,
Boots,Shoes of the Magi,0.603448275862,2.96266233766
Item2,Rod of Tahuti,0.5768056968463886,1.49729633279
Item3,Book of Thoth,0.477414871438499,1.87585804712
Item4,Obsidian Shard,0.4971023824855119,2.42488967066
Item5,Doom Orb,0.498360655738,2.43102758896
Item6,Spear of Desolation,0.474025974026,1.58802177858
Relic1,Purification,0.463260340633,
Relic2,Sanctuary,0.468894601542,
