,recommendations,win_rate,win_rate_per_cost
Starter Item,Soul Stone,,
Boots,Shoes of the Magi,0.3307291666666667,2.86246612466
Item2,Rod of Tahuti,0.45799457994579945,1.37950174682
Item3,Book of Thoth,0.3470394736842105,1.72828143376
Item4,Chronos' Pendant,0.35368043087971274,1.90831074977
Item5,Soul Reaver,0.479289940828,1.63023789397
Item6,Doom Orb,0.361344537815,1.76265628203
Relic1,Sprint,0.432835820896,
Relic2,Sanctuary,0.331781140861,
