Items_most_pop,Items_most_pop_L2,Items_most_pop_winrate,Items_L2,Items_L2_coef,Items_L2_winrate,Items_gold_adjusted_L2,Items_gold_adjusted_L2_coef,Items_gold_adjusted_L2_winrate
Shoes of the Magi,5.2443090015778715,0.43410404624277454,Rod of Tahuti,53.192554637462365,0.5795454545454546,Rod of Tahuti,1.6021853806464568,1.745618838992333
Obsidian Shard,-2.942109900733293,0.464576802507837,Spear of Desolation,10.55615939167781,0.5916666666666667,Dynasty Plate Helm,0.527179144395914,2.716577540106952
Book of Thoth,5.501099727102011,0.44436813186813184,Doom Orb,9.782726063145077,0.45317220543806647,Doom Orb,0.4772061494217111,2.210596124088129
Chronos' Pendant,6.590298441300909,0.45861807137433563,Dynasty Plate Helm,8.962045454730537,0.4618181818181818,Shoes of the Magi,0.32776931259861697,2.713150289017341
Rod of Tahuti,53.192554637462365,0.5795454545454546,Chronos' Pendant,6.590298441300909,0.45861807137433563,Spear of Desolation,0.2777936682020476,1.5570175438596492
Soul Stone,-15.441666837591653,0.32531500572737687,Book of Thoth,5.501099727102011,0.44436813186813184,Chronos' Pendant,0.2745957683875379,1.9109086307263983
