Items_most_pop,Items_most_pop_L2,Items_most_pop_winrate,Items_L2,Items_L2_coef,Items_L2_winrate,Items_gold_adjusted_L2,Items_gold_adjusted_L2_coef,Items_gold_adjusted_L2_winrate
Shoes of the Magi,11.672882322772198,0.474025974025974,Rod of Tahuti,43.00799189375733,0.5768056968463886,Rod of Tahuti,1.2954214425830524,1.7373665567662306
Obsidian Shard,-2.6756921614061944,0.4971023824855119,Spear of Desolation,13.126489202699732,0.603448275862069,Shoes of the Magi,0.7295551451732624,2.9626623376623376
Book of Thoth,3.5074941271181985,0.477414871438499,Doom Orb,13.038596324317215,0.49836065573770494,Doom Orb,0.6360290889910836,2.4310275889644144
Chronos' Pendant,-9.390819015175751,0.47103658536585363,Shoes of the Magi,11.672882322772198,0.474025974025974,Spear of Desolation,0.345433926386835,1.588021778584392
Rod of Tahuti,43.00799189375733,0.5768056968463886,Soul Reaver,9.44687153232266,0.5583657587548638,Soul Reaver,0.3213221609633558,1.8992032610709653
Soul Stone,-5.093932268978756,0.3837072018890201,Book of Thoth,3.5074941271181985,0.477414871438499,Book of Thoth,0.13235826894785654,1.8015655525981094
