Items_most_pop,Items_most_pop_L2,Items_most_pop_winrate,Items_L2,Items_L2_coef,Items_L2_winrate,Items_gold_adjusted_L2,Items_gold_adjusted_L2_coef,Items_gold_adjusted_L2_winrate
Shoes of the Magi,4.95764590783605,0.42820380854348944,Rod of Tahuti,47.01134099169243,0.5412322274881517,Rod of Tahuti,1.4160042467377238,1.6302175526751557
Obsidian Shard,-18.200263672264423,0.4532627865961199,Dynasty Plate Helm,14.663877378640318,0.47202797202797203,Dynasty Plate Helm,0.8625810222729601,2.776635129576306
Book of Thoth,5.4815833476594396,0.4422724496029322,Doom Orb,6.3581903699115125,0.4420731707317073,Doom Orb,0.31015562780056155,2.156454491374182
Chronos' Pendant,-0.17472933983749145,0.44429254955570746,Book of Thoth,5.4815833476594396,0.4422724496029322,Shoes of the Magi,0.30985286923975314,2.676273803396809
Rod of Tahuti,47.01134099169243,0.5412322274881517,Soul Reaver,5.425469528203908,0.5204460966542751,Book of Thoth,0.20685220179846944,1.6689526400110648
Soul Stone,-10.81411782156659,0.34881320949432404,Shoes of the Magi,4.95764590783605,0.42820380854348944,Soul Reaver,0.18453977987088122,1.770224818551956
