Items_most_pop,Items_most_pop_L2,Items_most_pop_winrate,Items_L2,Items_L2_coef,Items_L2_winrate,Items_gold_adjusted_L2,Items_gold_adjusted_L2_coef,Items_gold_adjusted_L2_winrate
Obsidian Shard,-1.0896634612445086,0.41471571906354515,Rod of Tahuti,13.196513253214794,0.5059523809523809,Shoes of Focus,0.5038108440919122,3.369175627240143
Shoes of the Magi,-14.827953036355494,0.3593220338983051,Shoes of Focus,7.557162661378683,0.5053763440860215,Rod of Tahuti,0.3974853389522529,1.5239529546758463
Book of Thoth,6.248038723803208,0.4342629482071713,Book of Thoth,6.248038723803208,0.4342629482071713,Book of Thoth,0.2357750461812531,1.638728106442156
Chronos' Pendant,3.8296995142366708,0.43478260869565216,Spear of Desolation,5.339422130576173,0.6363636363636364,Doom Orb,0.20081519930061803,2.2688598979013044
Rod of Tahuti,13.196513253214794,0.5059523809523809,Doom Orb,4.11671158566267,0.46511627906976744,Chronos' Pendant,0.15957081309319462,1.8115942028985508
Soul Stone,-10.555356005373344,0.3146853146853147,Chronos' Pendant,3.8296995142366708,0.43478260869565216,Spear of Desolation,0.14051110869937297,1.674641148325359
