Items_most_pop,Items_most_pop_L2,Items_most_pop_winrate,Items_L2,Items_L2_coef,Items_L2_winrate,Items_gold_adjusted_L2,Items_gold_adjusted_L2_coef,Items_gold_adjusted_L2_winrate
Shoes of the Magi,-2.1066700356976114,0.4755134281200632,Rod of Tahuti,11.521168752127585,0.5833333333333334,Rod of Tahuti,0.34702315518456583,1.7570281124497993
Obsidian Shard,2.2756423003531414,0.5051546391752577,Chronos' Pendant,4.384579453040902,0.5154639175257731,Chronos' Pendant,0.18269081054337094,2.147766323024055
Book of Thoth,3.9418221775370195,0.5053571428571428,Book of Thoth,3.9418221775370195,0.5053571428571428,Book of Thoth,0.14874800669951016,1.9070080862533694
Chronos' Pendant,4.384579453040902,0.5154639175257731,Soul Reaver,3.340327073105661,0.5513513513513514,Soul Reaver,0.11361656711243744,1.8753447324875896
Rod of Tahuti,11.521168752127585,0.5833333333333334,Obsidian Shard,2.2756423003531414,0.5051546391752577,Obsidian Shard,0.11100694148064104,2.464168971586623
Soul Stone,-4.762552288390109,0.420863309352518,Spear of Desolation,0.9891566749002495,0.5609756097560976,Dynasty Plate Helm,0.04117678862800593,2.9411764705882355
