Relics_most_pop,Relics_most_pop_L2,Relics_most_pop_winrate,Relics_most_pop_wr_paired,Relics_L2,Relics_L2_coef,Relics_L2_winrate,Relics_L2_wr_paired
Purification,-3.6325810879899034,0.42542372881355933,0.438223938224,Sanctuary,-2.705627337362765,0.43214285714285716,0.438223938224
Sanctuary,-2.705627337362765,0.43214285714285716,,Purification,-3.6325810879899034,0.42542372881355933,
