Items_most_pop,Items_most_pop_L2,Items_most_pop_winrate,Items_L2,Items_L2_coef,Items_L2_winrate,Items_gold_adjusted_L2,Items_gold_adjusted_L2_coef,Items_gold_adjusted_L2_winrate
Shoes of the Magi,1.9754117648657095,0.39371980676328505,Rod of Tahuti,38.01180778527139,0.48484848484848486,Doom Orb,1.1981419198791985,2.1967371991600713
Obsidian Shard,-19.8049250456786,0.417890520694259,Doom Orb,24.561909357523568,0.4503311258278146,Rod of Tahuti,1.1449339694358853,1.4603870025556773
Book of Thoth,22.588519090644596,0.42670537010159654,Book of Thoth,22.588519090644596,0.42670537010159654,Book of Thoth,0.8523969468167771,1.6102089437796094
Chronos' Pendant,-3.17068525496892,0.4078303425774878,Shoes of Focus,11.151900874613208,0.43333333333333335,Shoes of Focus,0.7434600583075471,2.888888888888889
Soul Stone,8.288436651535973,0.3695150115473441,Spear of Desolation,11.029723022254919,0.5238095238095238,Soul Reaver,0.3071872175129646,1.605315023205544
Rod of Tahuti,38.01180778527139,0.48484848484848486,Soul Reaver,9.031304194881159,0.4719626168224299,Spear of Desolation,0.29025586900670836,1.3784461152882206
