,recommendations,win_rate,win_rate_per_cost
Starter Item,Soul Stone,,
Boots,Shoes of the Magi,0.4755134281200632,2.63039568345
Item2,Rod of Tahuti,0.5833333333333334,1.26766057034
Item3,Chronos' Pendant,0.5154639175257731,1.7535971223
Item4,Book of Thoth,0.5053571428571428,1.58816343152
Item5,Soul Reaver,0.551351351351,1.87534473249
Item6,Obsidian Shard,0.505154639175,2.46416897159
Relic1,Sanctuary,0.486111111111,
Relic2,Sprint,0.45652173913,
