Items_most_pop,Items_most_pop_L2,Items_most_pop_winrate,Items_L2,Items_L2_coef,Items_L2_winrate,Items_gold_adjusted_L2,Items_gold_adjusted_L2_coef,Items_gold_adjusted_L2_winrate
Shoes of the Magi,-11.691246135656948,0.4208211143695015,Soul Reaver,39.70717261216375,0.6333333333333333,Soul Reaver,1.3505841024545493,2.1541950113378685
Obsidian Shard,1.3406934347667483,0.4755905511811024,Chronos' Pendant,24.150528793796376,0.4875717017208413,Dynasty Plate Helm,1.0526864050840332,2.748763056624519
Book of Thoth,7.780123501717563,0.4470588235294118,Rod of Tahuti,18.55767504813402,0.5531914893617021,Chronos' Pendant,1.006272033074849,2.0315487571701722
Chronos' Pendant,24.150528793796376,0.4875717017208413,Dynasty Plate Helm,17.895668886428563,0.4672897196261682,Rod of Tahuti,0.5589661159076512,1.6662394257882593
Rod of Tahuti,18.55767504813402,0.5531914893617021,Book of Thoth,7.780123501717563,0.4470588235294118,Book of Thoth,0.29358956610254955,1.6870144284128745
Soul Stone,-25.979715259730845,0.31266846361185985,Shoes of Focus,3.4392780748334397,0.45454545454545453,Shoes of Focus,0.22928520498889599,3.0303030303030303
