Relics_most_pop,Relics_most_pop_L2,Relics_most_pop_winrate,Relics_most_pop_wr_paired,Relics_L2,Relics_L2_coef,Relics_L2_winrate,Relics_L2_wr_paired
Purification,-6.9175006703589474,0.37449392712550605,0.6,Sprint,7.836761927115399,0.4745762711864407,0.6
Sanctuary,-27.102755085741986,0.3677685950413223,,Purification,-6.9175006703589474,0.37449392712550605,
