Relics_most_pop,Relics_most_pop_L2,Relics_most_pop_winrate,Relics_most_pop_wr_paired,Relics_L2,Relics_L2_coef,Relics_L2_winrate,Relics_L2_wr_paired
Teleport,-8.585029423314174,0.4153846153846154,0.0,Sprint,14.067797543395532,0.5185185185185185,0.0
Curse,-1.5185360302878999,0.4318181818181818,,Purification,10.643023572498942,0.5238095238095238,
