Items_most_pop,Items_most_pop_L2,Items_most_pop_winrate,Items_L2,Items_L2_coef,Items_L2_winrate,Items_gold_adjusted_L2,Items_gold_adjusted_L2_coef,Items_gold_adjusted_L2_winrate
Warrior Tabi,13.179433215073836,0.5017667844522968,Qin's Sais,33.95973516508711,0.5578947368421052,Qin's Sais,1.2577679690773003,2.0662768031189085
Qin's Sais,33.95973516508711,0.5578947368421052,Frostbound Hammer,26.788555027408677,0.5521472392638037,Frostbound Hammer,1.1647197838003773,2.40064017071219
Witchblade,19.696440133182975,0.521978021978022,Witchblade,19.696440133182975,0.521978021978022,Winged Blade,1.000892306563692,3.088803088803089
Death's Toll,-12.936600231392273,0.39080459770114945,Winged Blade,18.516507671428304,0.5714285714285714,Witchblade,0.9608019577162425,2.5462342535513267
Frostbound Hammer,26.788555027408677,0.5521472392638037,Mantle of Discord,17.675595621222335,0.627906976744186,Warrior Tabi,0.8502860138757312,3.2372050609825602
Breastplate of Valor,3.2191291491316,0.4864864864864865,The Executioner,17.550229356614818,0.5135135135135135,The Executioner,0.7800101936273253,2.2822822822822824
