Relics_most_pop,Relics_most_pop_L2,Relics_most_pop_winrate,Relics_most_pop_wr_paired,Relics_L2,Relics_L2_coef,Relics_L2_winrate,Relics_L2_wr_paired
Teleport,1.4332386939568091,0.4703703703703704,1.0,Sprint,17.12958392489316,0.6470588235294118,1.0
Curse,-16.373307947445465,0.3956043956043956,,Meditation,6.500618598203473,0.5272727272727272,
