Relics_most_pop,Relics_most_pop_L2,Relics_most_pop_winrate,Relics_most_pop_wr_paired,Relics_L2,Relics_L2_coef,Relics_L2_winrate,Relics_L2_wr_paired
Teleport,-4.794953360146321,0.446360153256705,1.0,Wrath,4.494974244400912,0.5666666666666667,1.0
Curse,1.2788761507730968,0.4551282051282051,,Meditation,2.0557553962825224,0.4766355140186916,
