,recommendations,win_rate,win_rate_per_cost
Starter Item,Death's Toll,,
Boots,Warrior Tabi,0.430379746835,3.01075268817
Item2,Frostbound Hammer,0.5192307692307693,1.99696663296
Item3,Witchblade,0.45930232558139533,2.24049914918
Item4,Breastplate of Valor,0.43037974683544306,1.99696663296
Item5,Ichaival,0.511627906977,3.00957592339
Item6,Winged Blade,0.56,3.02702702703
Relic1,Wrath,0.526315789474,
Relic2,Teleport,0.427083333333,
