Items_most_pop,Items_most_pop_L2,Items_most_pop_winrate,Items_L2,Items_L2_coef,Items_L2_winrate,Items_gold_adjusted_L2,Items_gold_adjusted_L2_coef,Items_gold_adjusted_L2_winrate
Warrior Tabi,12.180592797607673,0.46733668341708545,Qin's Sais,33.7583728064753,0.5413533834586466,Qin's Sais,1.2503101039435296,2.0050125313283207
Witchblade,-4.316611316443603,0.417910447761194,Frostbound Hammer,18.80637408759803,0.5181818181818182,Frostbound Hammer,0.8176684385912187,2.2529644268774702
Qin's Sais,33.7583728064753,0.5413533834586466,Mystical Mail,17.682442344101474,0.6875,Warrior Tabi,0.7858446966198499,3.0150753768844223
Death's Toll,-22.54171327621508,0.34375,Bulwark of Hope,15.453230993539854,0.527027027027027,Mystical Mail,0.6549052720037583,2.5462962962962963
Breastplate of Valor,9.746197743977113,0.4649122807017544,Warrior Tabi,12.180592797607673,0.46733668341708545,Bulwark of Hope,0.6120091482590042,2.0872357506020873
Frostbound Hammer,18.80637408759803,0.5181818181818182,Mantle of Discord,10.553595631301029,0.5714285714285714,Breastplate of Valor,0.4237477279990049,2.0213577421815407
