Relics_most_pop,Relics_most_pop_L2,Relics_most_pop_winrate,Relics_most_pop_wr_paired,Relics_L2,Relics_L2_coef,Relics_L2_winrate,Relics_L2_wr_paired
Teleport,-10.392485278271502,0.4,1.0,Wrath,11.800174060810491,0.7142857142857143,1.0
Curse,4.359026652585389,0.45714285714285713,,Curse,4.359026652585389,0.45714285714285713,
