Relics_most_pop,Relics_most_pop_L2,Relics_most_pop_winrate,Relics_most_pop_wr_paired,Relics_L2,Relics_L2_coef,Relics_L2_winrate,Relics_L2_wr_paired
Teleport,-5.412203244349086,0.4084967320261438,0.75,Sanctuary,16.62875692685535,0.6818181818181818,0.75
Curse,-18.920931006228503,0.35294117647058826,,Purification,1.476989274486384,0.46153846153846156,
