,recommendations,win_rate,win_rate_per_cost
Starter Item,Death's Toll,,
Boots,Warrior Tabi,0.5,2.52650575231
Item2,Witchblade,0.39325842696629215,1.393728223
Item3,Qin's Sais,0.39,1.0582010582
Item4,Breastplate of Valor,0.3617021276595745,1.24223602484
Item5,Hide of the Urchin,0.566666666667,2.36111111111
Item6,Frostbound Hammer,0.43661971831,1.89834660135
Relic1,Curse,0.396226415094,
Relic2,Shell,0.428571428571,
