Relics_most_pop,Relics_most_pop_L2,Relics_most_pop_winrate,Relics_most_pop_wr_paired,Relics_L2,Relics_L2_coef,Relics_L2_winrate,Relics_L2_wr_paired
Purification,5.38130361881316,0.524263431542461,0.547770700637,Purification,5.38130361881316,0.524263431542461,0.547770700637
Sanctuary,-2.9154187054274425,0.5226833976833977,,Sprint,2.2979184296503665,0.5346534653465347,
