,recommendations,win_rate,win_rate_per_cost
Starter Item,Death's Toll,,
Boots,Warrior Tabi,0.523241464417935,2.84318342359
Item2,Qin's Sais,0.5612121212121212,1.63219789132
Item3,Ichaival,0.5190999476713762,2.59231429798
Item4,Devourer's Gauntlet,0.5248713550600344,2.14972405199
Item5,Wind Demon,0.636708860759,2.39176124422
Item6,Deathbringer,0.621857923497,1.98971518987
Relic1,Purification,0.525728679381,
Relic2,Relic,0.396984924623,
