Items_most_pop,Items_most_pop_L2,Items_most_pop_winrate,Items_L2,Items_L2_coef,Items_L2_winrate,Items_gold_adjusted_L2,Items_gold_adjusted_L2_coef,Items_gold_adjusted_L2_winrate
Warrior Tabi,-3.5911365720317203,0.4613259668508287,Wind Demon,8.800247677774983,0.5575221238938053,Wind Demon,0.3384710645298071,2.1443158611300204
Ichaival,5.653008702756,0.4907749077490775,Ichaival,5.653008702756,0.4907749077490775,Ichaival,0.3325299236915294,2.886911222053397
Qin's Sais,-3.8397521612835703,0.4576271186440678,Deathbringer,4.144029458054383,0.5172413793103449,Rage,0.15489137163598857,2.364864864864865
Asi,-0.7119256521755916,0.4720812182741117,Rage,3.7173929192637254,0.5675675675675675,Titan's Bane,0.15036179527041396,2.4932249322493223
Death's Toll,-1.2918796040675906,0.453551912568306,Titan's Bane,3.082416803043486,0.5111111111111111,The Executioner,0.13642562500292466,2.1832358674463936
Devourer's Gauntlet,-3.6914020782419863,0.45054945054945056,The Executioner,3.069576562565805,0.49122807017543857,Deathbringer,0.12950092056419946,1.6163793103448276
