Items_most_pop,Items_most_pop_L2,Items_most_pop_winrate,Items_L2,Items_L2_coef,Items_L2_winrate,Items_gold_adjusted_L2,Items_gold_adjusted_L2_coef,Items_gold_adjusted_L2_winrate
Warrior Tabi,-4.350906985435664,0.45466279444982255,Deathbringer,34.30604173290742,0.6072507552870091,Deathbringer,1.0720638041533568,1.8976586102719033
Ichaival,-0.5250473416787533,0.443307757885763,Wind Demon,21.807674556538206,0.5644724977457168,Wind Demon,0.8387567137130079,2.171048068252757
Qin's Sais,16.06877432801053,0.5047892720306514,Qin's Sais,16.06877432801053,0.5047892720306514,Qin's Sais,0.5951397899263159,1.8695898964098199
Asi,-8.937076941728685,0.4590453741897466,Titan's Bane,10.523808599920786,0.535796766743649,Titan's Bane,0.5133565170693067,2.6136427646031657
Devourer's Gauntlet,-3.512116713882095,0.4638436482084691,The Executioner,2.897724684167785,0.4823695345557123,The Executioner,0.12878776374079043,2.143864598025388
Death's Toll,2.0089863112926656,0.38779803646563815,Hastened Fatalis,1.7312079459327168,0.4883720930232558,Ninja Tabi,0.11474929750070782,3.2203389830508473
