Relics_most_pop,Relics_most_pop_L2,Relics_most_pop_winrate,Relics_most_pop_wr_paired,Relics_L2,Relics_L2_coef,Relics_L2_winrate,Relics_L2_wr_paired
Purification,25.40133596243765,0.5144308473793581,0.562659846547,Purification,25.40133596243765,0.5144308473793581,0.562659846547
Sanctuary,-27.821502180575074,0.5093733261917515,,Sprint,-3.8103372923904937,0.5346938775510204,
