Relics_most_pop,Relics_most_pop_L2,Relics_most_pop_winrate,Relics_most_pop_wr_paired,Relics_L2,Relics_L2_coef,Relics_L2_winrate,Relics_L2_wr_paired
Purification,820.5227350778406,0.5446428571428571,0.651162790698,Sprint,905.4999356930732,0.6296296296296297,0.651162790698
Sanctuary,-305.303833869459,0.5277777777777778,,Purification,820.5227350778406,0.5446428571428571,
