,recommendations,win_rate,win_rate_per_cost
Starter Item,Death's Toll,,
Boots,Warrior Tabi,0.4483675018982536,2.86795153622
Item2,Qin's Sais,0.503695281409892,1.64641662264
Item3,Asi,0.47802197802197804,2.49737352873
Item4,Ichaival,0.4407114624505929,2.61489698891
Item5,Deathbringer,0.607416879795,1.89817774936
Item6,Hastened Fatalis,0.562002275313,2.77453271028
Relic1,Sprint,0.486068111455,
Relic2,Purification,0.449571522742,
