Relics_most_pop,Relics_most_pop_L2,Relics_most_pop_winrate,Relics_most_pop_wr_paired,Relics_L2,Relics_L2_coef,Relics_L2_winrate,Relics_L2_wr_paired
Purification,2.0214229862434228,0.5094972067039106,0.551136363636,Purification,2.0214229862434228,0.5094972067039106,0.551136363636
Sanctuary,-1.7433014752558782,0.5038216560509554,,Sprint,0.4244075792338932,0.5137254901960784,
