Relics_most_pop,Relics_most_pop_L2,Relics_most_pop_winrate,Relics_most_pop_wr_paired,Relics_L2,Relics_L2_coef,Relics_L2_winrate,Relics_L2_wr_paired
Purification,-2.0335697767268934,0.45291777188328913,0.466666666667,Sanctuary,0.8928464639463486,0.46531566640685895,0.466666666667
Sanctuary,0.8928464639463486,0.46531566640685895,,Sprint,-1.0648452499808756,0.4438202247191011,
