,recommendations,win_rate,win_rate_per_cost
Starter Item,Death's Toll,,
Boots,Warrior Tabi,0.5149863760217984,2.64244946867
Item2,Qin's Sais,0.5758389261744966,1.51696173202
Item3,Asi,0.5557363710333605,2.30100936879
Item4,Devourer's Gauntlet,0.4930102516309413,1.99794959826
Item5,Wind Demon,0.575838926174,2.38117961443
Item6,Titan's Bane,0.619106699752,3.01268292683
Relic1,Purification,0.517942583732,
Relic2,Sprint,0.534810126582,
