,recommendations,win_rate,win_rate_per_cost
Starter Item,Death's Toll,,
Boots,Warrior Tabi,0.425806451613,2.7471383975
Item2,Qin's Sais,0.46311475409836067,1.3325494807
Item3,Devourer's Gauntlet,0.43103448275862066,1.7550651697
Item4,Death's Toll,0.35978835978835977,4.49735449735
Item5,Deathbringer,0.616438356164,1.92636986301
Item6,Wind Demon,0.55985915493,2.15330444204
Relic1,Purification,0.431662870159,
Relic2,Relic,0.367088607595,
