Items_most_pop,Items_most_pop_L2,Items_most_pop_winrate,Items_L2,Items_L2_coef,Items_L2_winrate,Items_gold_adjusted_L2,Items_gold_adjusted_L2_coef,Items_gold_adjusted_L2_winrate
Warrior Tabi,-1.4770077044126386,0.4746136865342163,Deathbringer,11.4185875929291,0.6111111111111112,Deathbringer,0.3568308622790344,1.9097222222222223
Ichaival,-2.4509143647615037,0.4626865671641791,Wind Demon,7.185551547600312,0.5681818181818182,Wind Demon,0.2763673672153966,2.1853146853146854
Qin's Sais,6.062607970134777,0.5224358974358975,Qin's Sais,6.062607970134777,0.5224358974358975,Qin's Sais,0.22454103593091768,1.9349477682811016
Asi,2.2947390226347113,0.5020746887966805,Titan's Bane,4.229469097851228,0.5583333333333333,Titan's Bane,0.20631556574884038,2.7235772357723578
Devourer's Gauntlet,-4.867160157267545,0.44933920704845814,The Executioner,3.842414971591678,0.5174129353233831,The Executioner,0.17077399873740792,2.299613045881703
Death's Toll,-8.668429675240283,0.3875598086124402,Rage,3.0893127925579944,0.5606060606060606,Asi,0.1289179226199276,2.820644319082475
