Items_most_pop,Items_most_pop_L2,Items_most_pop_winrate,Items_L2,Items_L2_coef,Items_L2_winrate,Items_gold_adjusted_L2,Items_gold_adjusted_L2_coef,Items_gold_adjusted_L2_winrate
Warrior Tabi,0.007419391193052713,0.48564593301435405,Deathbringer,13.911612589360184,0.6158301158301158,Wind Demon,0.440012368439272,2.249874308697838
Ichaival,-5.571307867499184,0.46178343949044587,Wind Demon,11.440321579421072,0.5849673202614379,Deathbringer,0.43473789341750574,1.924469111969112
Qin's Sais,7.352100907916712,0.5282511210762332,Titan's Bane,8.885580472551325,0.582441113490364,Titan's Bane,0.43344294988055243,2.8411761633676296
Asi,4.057241053212513,0.5122994652406417,Qin's Sais,7.352100907916712,0.5282511210762332,Qin's Sais,0.27230003362654487,1.9564856336156784
Devourer's Gauntlet,-2.28410859781946,0.47387173396674587,Asi,4.057241053212513,0.5122994652406417,Asi,0.22793489062991648,2.8780868833743916
Death's Toll,-9.681505668430004,0.3989962358845671,The Executioner,3.787373101919256,0.5209742895805142,The Executioner,0.1683276934186336,2.3154412870245076
