,recommendations,win_rate,win_rate_per_cost
Starter Item,Bumba's Mask,,
Boots,Warrior Tabi,0.4818702290076336,3.63668152811
Item2,Deathbringer,0.5361271676300579,1.76151761518
Item3,Malice,0.5636856368563685,1.87895212285
Item4,Titan's Bane,0.5316742081447964,2.74968603345
Item5,Winged Blade,0.6,3.24324324324
Item6,Brawler's Beat Stick,0.574626865672,2.25583864119
Relic1,Blink,0.517316017316,
Relic2,Wrath,0.481840193705,
