Items_most_pop,Items_most_pop_L2,Items_most_pop_winrate,Items_L2,Items_L2_coef,Items_L2_winrate,Items_gold_adjusted_L2,Items_gold_adjusted_L2_coef,Items_gold_adjusted_L2_winrate
Warrior Tabi,-2.2588225880658457,0.47783251231527096,Malice,7.994800876809484,0.5813953488372093,Winged Blade,0.3833813454893073,3.691496374423204
Jotunn's Wrath,3.9798410832782087,0.5,Winged Blade,7.092554891552185,0.6829268292682927,Titan's Bane,0.3338867259011096,2.720450281425891
Deathbringer,6.588801905364407,0.5255474452554745,Titan's Bane,6.844677880972746,0.5576923076923077,Malice,0.26649336256031614,1.937984496124031
Bumba's Mask,-8.037295723759676,0.40331491712707185,Deathbringer,6.588801905364407,0.5255474452554745,Deathbringer,0.2059000595426377,1.6423357664233578
Titan's Bane,6.844677880972746,0.5576923076923077,Breastplate of Valor,4.306794679943714,0.6097560975609756,Breastplate of Valor,0.18725194260624842,2.651113467656416
Malice,7.994800876809484,0.5813953488372093,Jotunn's Wrath,3.9798410832782087,0.5,Jotunn's Wrath,0.16310824111795938,2.0491803278688523
