Relics_most_pop,Relics_most_pop_L2,Relics_most_pop_winrate,Relics_most_pop_wr_paired,Relics_L2,Relics_L2_coef,Relics_L2_winrate,Relics_L2_wr_paired
Purification,0.005523134109299562,0.5061728395061729,0.5,Purification,0.005523134109299562,0.5061728395061729,0.5
Wrath,-0.01467185279415795,0.47058823529411764,,Relic,0.00505556033102445,0.5454545454545454,
