Items_most_pop,Items_most_pop_L2,Items_most_pop_winrate,Items_L2,Items_L2_coef,Items_L2_winrate,Items_gold_adjusted_L2,Items_gold_adjusted_L2_coef,Items_gold_adjusted_L2_winrate
Warrior Tabi,-1.1756845782535748,0.4878048780487805,Deathbringer,3.7822037991738657,0.5447761194029851,Winged Blade,0.1431284330206915,3.6036036036036037
Jotunn's Wrath,2.4884393867443246,0.5159574468085106,Magi's Blessing,3.068280214398358,0.7647058823529411,Magi's Blessing,0.14271070764643526,3.556771545827633
Deathbringer,3.7822037991738657,0.5447761194029851,Winged Blade,2.647876010882793,0.6666666666666666,Deathbringer,0.1181938687241833,1.7024253731343284
Bumba's Mask,-2.4664877570565085,0.44680851063829785,Jotunn's Wrath,2.4884393867443246,0.5159574468085106,Jotunn's Wrath,0.10198522076821004,2.11457970003488
Malice,-0.8189023791515105,0.48717948717948717,Spirit Robe,2.026870043932198,0.75,Titan's Bane,0.0909373556788789,2.64808362369338
Titan's Bane,1.8642157914170172,0.5428571428571428,Titan's Bane,1.8642157914170172,0.5428571428571428,Spirit Robe,0.08239309121675602,3.048780487804878
