Items_most_pop,Items_most_pop_L2,Items_most_pop_winrate,Items_L2,Items_L2_coef,Items_L2_winrate,Items_gold_adjusted_L2,Items_gold_adjusted_L2_coef,Items_gold_adjusted_L2_winrate
Warrior Tabi,-4.042264734880219,0.432,Deathbringer,5.25238672835447,0.4788135593220339,Deathbringer,0.16413708526107718,1.496292372881356
Jotunn's Wrath,-2.4051954756900877,0.436950146627566,Brawler's Beat Stick,3.491070575925892,0.5306122448979592,Brawler's Beat Stick,0.14546127399691217,2.2108843537414966
Deathbringer,5.25238672835447,0.4788135593220339,Hydra's Lament,1.6247687812902236,0.4755244755244755,Winged Blade,0.07662584898159802,2.7470093043863537
Bumba's Mask,-6.406812476554361,0.39185750636132316,Winged Blade,1.4175782061595634,0.5081967213114754,Hydra's Lament,0.07557064099024297,2.2117417466254676
Titan's Bane,-2.12397899139286,0.43973941368078173,Mantle of Discord,1.0035795507255132,0.4875,Mantle of Discord,0.03237353389437139,1.5725806451612903
Malice,0.19976585138548478,0.461864406779661,Malice,0.19976585138548478,0.461864406779661,Malice,0.006658861712849493,1.53954802259887
