Relics_most_pop,Relics_most_pop_L2,Relics_most_pop_winrate,Relics_most_pop_wr_paired,Relics_L2,Relics_L2_coef,Relics_L2_winrate,Relics_L2_wr_paired
Purification,-3.011074524582358,0.4,0.75,Blink,0.04172315247553912,0.4107142857142857,0.75
Wrath,-2.0816291593431746,0.39436619718309857,,Wrath,-2.0816291593431746,0.39436619718309857,
