Items_most_pop,Items_most_pop_L2,Items_most_pop_winrate,Items_L2,Items_L2_coef,Items_L2_winrate,Items_gold_adjusted_L2,Items_gold_adjusted_L2_coef,Items_gold_adjusted_L2_winrate
Warrior Tabi,-4.071622972522299,0.4409090909090909,Deathbringer,14.585303461852497,0.5034013605442177,Hydra's Lament,0.5915201923768992,2.6744186046511627
Jotunn's Wrath,-1.4111351645495298,0.4472361809045226,Hydra's Lament,12.717684136103333,0.575,Deathbringer,0.45579073318289054,1.5731292517006803
Deathbringer,14.585303461852497,0.5034013605442177,Wind Demon,7.916842584874788,0.6428571428571429,Titan's Bane,0.3461105604866402,2.498512790005949
Bumba's Mask,0.45361560999419076,0.4152542372881356,Titan's Bane,7.095266489976123,0.5121951219512195,Wind Demon,0.30449394557210724,2.4725274725274726
Titan's Bane,7.095266489976123,0.5121951219512195,Malice,4.430343145813047,0.4875,Brawler's Beat Stick,0.1712080853941205,2.2916666666666665
Malice,4.430343145813047,0.4875,Brawler's Beat Stick,4.108994049458892,0.55,Malice,0.1476781048604349,1.625
