Items_most_pop,Items_most_pop_L2,Items_most_pop_winrate,Items_L2,Items_L2_coef,Items_L2_winrate,Items_gold_adjusted_L2,Items_gold_adjusted_L2_coef,Items_gold_adjusted_L2_winrate
Warrior Tabi,-1.4777454402540424,0.4690265486725664,Deathbringer,6.370837572011213,0.5507246376811594,Deathbringer,0.19908867412535042,1.7210144927536233
Jotunn's Wrath,2.183580489670821,0.49038461538461536,Malice,5.941585910604421,0.6,Malice,0.19805286368681402,2.0
Deathbringer,6.370837572011213,0.5507246376811594,Jotunn's Wrath,2.183580489670821,0.49038461538461536,Titan's Bane,0.09267524795387913,2.591463414634146
Bumba's Mask,-1.459309341919979,0.4461538461538462,Titan's Bane,1.8998425830545222,0.53125,Jotunn's Wrath,0.08949100367503364,2.0097730138713747
Malice,5.941585910604421,0.6,Rage,1.4089356556911916,0.5454545454545454,Rage,0.058705652320466324,2.272727272727273
Titan's Bane,1.8998425830545222,0.53125,Hydra's Lament,0.8428107573520613,0.5384615384615384,Hydra's Lament,0.03920050034195634,2.5044722719141324
