Relics_most_pop,Relics_most_pop_L2,Relics_most_pop_winrate,Relics_most_pop_wr_paired,Relics_L2,Relics_L2_coef,Relics_L2_winrate,Relics_L2_wr_paired
Purification,-17.849785244265234,0.39166666666666666,0.833333333333,Blink,8.793245502285979,0.46551724137931033,0.833333333333
Wrath,-12.690632246264402,0.36470588235294116,,Sanctuary,4.331355338454001,0.45544554455445546,
