,recommendations,win_rate,win_rate_per_cost
Starter Item,Bumba's Mask,,
Boots,Warrior Tabi,0.4756637168141593,3.55247039608
Item2,Deathbringer,0.5420875420875421,1.7207278481
Item3,Malice,0.5506329113924051,1.83544303797
Item4,Jotunn's Wrath,0.4853658536585366,2.2566922598
Item5,Hydra's Lament,0.542087542088,2.85714285714
Item6,Magi's Blessing,0.565217391304,2.90697674419
Relic1,Blink,0.54748603352,
Relic2,Purification,0.494594594595,
