Relics_most_pop,Relics_most_pop_L2,Relics_most_pop_winrate,Relics_most_pop_wr_paired,Relics_L2,Relics_L2_coef,Relics_L2_winrate,Relics_L2_wr_paired
Purification,-1.6107160126129956,0.44954128440366975,0.0,Blink,0.714113439317612,0.4728682170542636,0.0
Blink,0.714113439317612,0.4728682170542636,,Sanctuary,0.5059872624237124,0.4594594594594595,
