Relics_most_pop,Relics_most_pop_L2,Relics_most_pop_winrate,Relics_most_pop_wr_paired,Relics_L2,Relics_L2_coef,Relics_L2_winrate,Relics_L2_wr_paired
Purification,1.6385945441068903,0.45254237288135596,0.25,Purification,1.6385945441068903,0.45254237288135596,0.25
Blink,-2.7142043373239897,0.4303030303030303,,Sprint,-0.8005045074544106,0.375,
