Relics_most_pop,Relics_most_pop_L2,Relics_most_pop_winrate,Relics_most_pop_wr_paired,Relics_L2,Relics_L2_coef,Relics_L2_winrate,Relics_L2_wr_paired
Meditation,24.416785762099348,0.5818181818181818,1.0,Meditation,24.416785762099348,0.5818181818181818,1.0
Blink,-9.941360997002189,0.4634146341463415,,Wrath,14.956870808526332,0.5454545454545454,
