Relics_most_pop,Relics_most_pop_L2,Relics_most_pop_winrate,Relics_most_pop_wr_paired,Relics_L2,Relics_L2_coef,Relics_L2_winrate,Relics_L2_wr_paired
Blink,21.699642004278306,0.6333333333333333,0.75,Blink,21.699642004278306,0.6333333333333333,0.75
Meditation,-4.94492548639286,0.524822695035461,,Curse,8.987928456957349,0.6086956521739131,
