,recommendations,win_rate,win_rate_per_cost
Starter Item,Watcher's Gift,,
Boots,Shoes of the Magi,0.78125,3.56638418079
Item2,Void Stone,0.5955056179775281,2.59373394967
Item3,Polynomicon,0.6029411764705882,2.48096290838
Item4,Hide of the Urchin,0.5671641791044776,2.37758945386
Item5,Warlock's Sash,0.722222222222,2.94811320755
Item6,Heartward Amulet,0.570621468927,3.3189033189
Relic1,Blink,0.570175438596,
Relic2,Teleport,0.590163934426,
