Relics_most_pop,Relics_most_pop_L2,Relics_most_pop_winrate,Relics_most_pop_wr_paired,Relics_L2,Relics_L2_coef,Relics_L2_winrate,Relics_L2_wr_paired
Blink,4.174790498520082,0.5701754385964912,0.625,Blink,4.174790498520082,0.5701754385964912,0.625
Meditation,1.7216933465399615,0.5360824742268041,,Teleport,3.941598481935333,0.5901639344262295,
