Items_most_pop,Items_most_pop_L2,Items_most_pop_winrate,Items_L2,Items_L2_coef,Items_L2_winrate,Items_gold_adjusted_L2,Items_gold_adjusted_L2_coef,Items_gold_adjusted_L2_winrate
Shoes of the Magi,-0.20555717723441513,0.5240641711229946,Breastplate of Valor,8.368866119581252,0.6186440677966102,Breastplate of Valor,0.36386374432961965,2.6897568165070007
Breastplate of Valor,8.368866119581252,0.6186440677966102,Mantle of Discord,6.1899582593608855,0.673469387755102,Winged Blade,0.2843751670352316,3.7537537537537538
Void Stone,5.613189015895737,0.5961538461538461,Void Stone,5.613189015895737,0.5961538461538461,Void Stone,0.255144955267988,2.7097902097902096
Hide of the Urchin,4.767773760169995,0.5978260869565217,Winged Blade,5.260940590151784,0.6944444444444444,Mantle of Discord,0.19967607288260925,2.1724818959842
Shoes of Focus,-0.4515204195197273,0.525,Hide of the Urchin,4.767773760169995,0.5978260869565217,Hide of the Urchin,0.19865724000708315,2.4909420289855073
Watcher's Gift,-0.7304122212151949,0.5072463768115942,Heartward Amulet,3.791526435618099,0.6181818181818182,Heartward Amulet,0.18054887788657614,2.9437229437229435
