Relics_most_pop,Relics_most_pop_L2,Relics_most_pop_winrate,Relics_most_pop_wr_paired,Relics_L2,Relics_L2_coef,Relics_L2_winrate,Relics_L2_wr_paired
Meditation,4.5601148280476345,0.5340501792114696,0.689655172414,Blink,9.039707025817393,0.5767790262172284,0.689655172414
Blink,9.039707025817393,0.5767790262172284,,Wrath,5.197535712075874,0.6176470588235294,
