Relics_most_pop,Relics_most_pop_L2,Relics_most_pop_winrate,Relics_most_pop_wr_paired,Relics_L2,Relics_L2_coef,Relics_L2_winrate,Relics_L2_wr_paired
Meditation,1.2909849897678922,0.5396825396825397,1.0,Blink,4.95565587357815,0.5967741935483871,1.0
Blink,4.95565587357815,0.5967741935483871,,Sprint,3.860269200713567,0.6071428571428571,
