Items_most_pop,Items_most_pop_L2,Items_most_pop_winrate,Items_L2,Items_L2_coef,Items_L2_winrate,Items_gold_adjusted_L2,Items_gold_adjusted_L2_coef,Items_gold_adjusted_L2_winrate
Shoes of the Magi,1.4399759263425358,0.496,Spirit Robe,6.536694954208211,0.7272727272727273,Spirit Robe,0.2657193070816346,2.9563932002956395
Breastplate of Valor,-0.7348972227518433,0.48,Sovereignty,4.475606386748476,0.5789473684210527,Winged Blade,0.23010253875338718,3.2094594594594597
Void Stone,2.5988653324788764,0.5217391304347826,Winged Blade,4.256896966937663,0.59375,Sovereignty,0.2131241136546893,2.756892230576441
Shoes of Focus,-0.3880966900688734,0.46551724137931033,Mantle of Discord,4.206605703287643,0.5789473684210527,Heartward Amulet,0.1490713711606672,2.7777777777777777
Hide of the Urchin,2.8934223270512214,0.5272727272727272,Heartward Amulet,3.1304987943740112,0.5833333333333334,Mantle of Discord,0.13569695817056912,1.867572156196944
Watcher's Gift,-7.48300034666656,0.35294117647058826,Polynomicon,3.0825216004977536,0.5434782608695652,Polynomicon,0.13402267828251102,2.3629489603024574
