Relics_most_pop,Relics_most_pop_L2,Relics_most_pop_winrate,Relics_most_pop_wr_paired,Relics_L2,Relics_L2_coef,Relics_L2_winrate,Relics_L2_wr_paired
Blink,1.5331235917091284,0.46629213483146065,0.5,Shell,8.807037144433078,0.4523809523809524,0.5
Meditation,1.2040134698802198,0.4171779141104294,,Curse,5.150635821395041,0.47058823529411764,
