,recommendations,win_rate,win_rate_per_cost
Starter Item,Watcher's Gift,,
Boots,Shoes of Focus,0.657894736842,3.62139917695
Item2,Breastplate of Valor,0.5481481481481482,2.38325281804
Item3,Hide of the Urchin,0.5394736842105263,2.28395061728
Item4,Void Stone,0.5700934579439252,2.49158249158
Item5,Polynomicon,0.633802816901,2.75566442131
Item6,Gem of Isolation,0.543209876543,2.43664717349
Relic1,Meditation,0.522388059701,
Relic2,Wrath,0.666666666667,
