Items_most_pop,Items_most_pop_L2,Items_most_pop_winrate,Items_L2,Items_L2_coef,Items_L2_winrate,Items_gold_adjusted_L2,Items_gold_adjusted_L2_coef,Items_gold_adjusted_L2_winrate
Shoes of the Magi,2.87314590305424,0.5348837209302325,Sovereignty,4.436945064508983,0.6666666666666666,Sovereignty,0.21128309830995154,3.1746031746031744
Breastplate of Valor,-2.7695412686098977,0.4387755102040816,Shoes of the Magi,2.87314590305424,0.5348837209302325,Shoes of the Magi,0.17957161894089002,3.3430232558139537
Shoes of Focus,-1.295106637942679,0.4567901234567901,Heartward Amulet,2.8459962060450628,0.625,Heartward Amulet,0.13552362885928868,2.9761904761904763
Hide of the Urchin,-0.8466207335223688,0.4722222222222222,Mantle of Discord,2.7928761722130844,0.625,Void Stone,0.10597313160381547,2.5482093663911844
Void Stone,2.3314088952839405,0.5606060606060606,Gem of Isolation,2.3320392444591813,0.6538461538461539,Mantle of Discord,0.09009277974880918,2.0161290322580645
Watcher's Gift,-3.2284492331953727,0.39344262295081966,Void Stone,2.3314088952839405,0.5606060606060606,Bulwark of Hope,0.08766004280803351,2.5346534653465347
