,recommendations,win_rate,win_rate_per_cost
Starter Item,Watcher's Gift,,
Boots,Reinforced Shoes,0.636363636364,4.28571428571
Item2,Hide of the Urchin,0.6166666666666667,1.88172043011
Item3,Void Stone,0.5454545454545454,2.05278592375
Item4,Breastplate of Valor,0.45161290322580644,1.96353436185
Item5,Gem of Isolation,0.571428571429,2.3569023569
Item6,Heartward Amulet,0.6,2.72108843537
Relic1,Meditation,0.582278481013,
Relic2,Shell,0.576923076923,
