,recommendations,win_rate,win_rate_per_cost
Starter Item,Watcher's Gift,,
Boots,Shoes of Focus,0.6,3.6974789916
Item2,Heartward Amulet,0.5915492957746479,2.62725779967
Item3,Breastplate of Valor,0.5517241379310345,2.3988005997
Item4,Hide of the Urchin,0.5217391304347826,2.29885057471
Item5,Bulwark of Hope,0.591549295775,2.60254596888
Item6,Winged Blade,0.666666666667,3.24324324324
Relic1,Shell,0.673469387755,
Relic2,Sprint,0.608695652174,
