,recommendations,win_rate,win_rate_per_cost
Starter Item,Watcher's Gift,,
Boots,Travelers Shoes,0.553734061931,3.94285714286
Item2,Heartward Amulet,0.5761772853185596,2.41758241758
Item3,Lotus Crown,0.5537340619307832,2.4765478424
Item4,Hide of the Urchin,0.5076923076923077,2.11538461538
Item5,Winged Blade,0.594827586207,3.21528424977
Item6,Sovereignty,0.572222222222,2.72486772487
Relic1,Shell,0.548262548263,
Relic2,Sprint,0.529816513761,
