Relics_most_pop,Relics_most_pop_L2,Relics_most_pop_winrate,Relics_most_pop_wr_paired,Relics_L2,Relics_L2_coef,Relics_L2_winrate,Relics_L2_wr_paired
Meditation,-0.42971891082579977,0.496551724137931,0.75,Relic,1.0046949050719054,0.6052631578947368,0.75
Sprint,-0.2833256603854114,0.49382716049382713,,Blink,0.8507854525472017,0.5660377358490566,
