Relics_most_pop,Relics_most_pop_L2,Relics_most_pop_winrate,Relics_most_pop_wr_paired,Relics_L2,Relics_L2_coef,Relics_L2_winrate,Relics_L2_wr_paired
Meditation,0.3864367717630849,0.5260115606936416,0.583333333333,Sprint,0.8241277507584959,0.5596330275229358,0.583333333333
Sprint,0.8241277507584959,0.5596330275229358,,Curse,0.6111580585994112,0.5789473684210527,
