Relics_most_pop,Relics_most_pop_L2,Relics_most_pop_winrate,Relics_most_pop_wr_paired,Relics_L2,Relics_L2_coef,Relics_L2_winrate,Relics_L2_wr_paired
Meditation,24.231747958834006,0.5238095238095238,0.545454545455,Meditation,24.231747958834006,0.5238095238095238,0.545454545455
Sprint,-11.362967426977132,0.44785276073619634,,Blink,5.943491136794389,0.5234375,
