Relics_most_pop,Relics_most_pop_L2,Relics_most_pop_winrate,Relics_most_pop_wr_paired,Relics_L2,Relics_L2_coef,Relics_L2_winrate,Relics_L2_wr_paired
Meditation,-13.150588637971957,0.3855421686746988,1.0,Relic,4.355016744136724,0.5217391304347826,1.0
Sprint,-0.40234003457196144,0.43137254901960786,,Curse,3.0327277206367835,0.4782608695652174,
