Relics_most_pop,Relics_most_pop_L2,Relics_most_pop_winrate,Relics_most_pop_wr_paired,Relics_L2,Relics_L2_coef,Relics_L2_winrate,Relics_L2_wr_paired
Meditation,-0.8876807435133779,0.5308641975308642,0.545454545455,Shell,10.039966966703755,0.5900621118012422,0.545454545455
Sprint,5.373440719645136,0.56,,Blink,5.84116770455716,0.5672514619883041,
