,recommendations,win_rate,win_rate_per_cost
Starter Item,Watcher's Gift,,
Boots,Shoes of Focus,0.518595041322314,3.17567567568
Item2,Lotus Crown,0.5707656612529002,2.32366512854
Item3,Heartward Amulet,0.527027027027027,2.26833976834
Item4,Breastplate of Valor,0.5167785234899329,2.07109283196
Item5,Rod of Asclepius,0.676470588235,2.54312251216
Item6,Void Stone,0.621212121212,3.13479623824
Relic1,Meditation,0.537037037037,
Relic2,Curse,0.552486187845,
