Items_most_pop,Items_most_pop_L2,Items_most_pop_winrate,Items_L2,Items_L2_coef,Items_L2_winrate,Items_gold_adjusted_L2,Items_gold_adjusted_L2_coef,Items_gold_adjusted_L2_winrate
Shoes of Focus,1.2580917308146051,0.5384615384615384,Mantle of Discord,3.167523521087543,0.7241379310344828,Mantle of Discord,0.10217817809959817,2.335928809788654
Lotus Crown,1.8265772826671574,0.549618320610687,Rod of Asclepius,2.224250262085818,0.6610169491525424,Lotus Crown,0.08910133086181256,2.6810649785887173
Watcher's Gift,-0.4596250043450397,0.5119047619047619,Lotus Crown,1.8265772826671574,0.549618320610687,Winged Blade,0.08873517852528807,3.1220876048462256
Breastplate of Valor,1.741136863826689,0.5549738219895288,Breastplate of Valor,1.741136863826689,0.5549738219895288,Shoes of Focus,0.08387278205430701,3.58974358974359
Heartward Amulet,0.1851277918930536,0.5287356321839081,Winged Blade,1.6416008027178293,0.5775862068965517,Rod of Asclepius,0.08361843090548188,2.485026124633618
Sovereignty,1.6402105322919893,0.5609756097560976,Sovereignty,1.6402105322919893,0.5609756097560976,Sovereignty,0.07810526344247568,2.671312427409988
