Relics_most_pop,Relics_most_pop_L2,Relics_most_pop_winrate,Relics_most_pop_wr_paired,Relics_L2,Relics_L2_coef,Relics_L2_winrate,Relics_L2_wr_paired
Meditation,0.3541606127322417,0.4518201284796574,0.489361702128,Sprint,14.32393391349411,0.4967948717948718,0.489361702128
Sprint,14.32393391349411,0.4967948717948718,,Blink,8.195633037211504,0.49387755102040815,
