Relics_most_pop,Relics_most_pop_L2,Relics_most_pop_winrate,Relics_most_pop_wr_paired,Relics_L2,Relics_L2_coef,Relics_L2_winrate,Relics_L2_wr_paired
Meditation,6.694625258384991,0.5370370370370371,0.593406593407,Meditation,6.694625258384991,0.5370370370370371,0.593406593407
Sprint,2.2133515782977247,0.5249266862170088,,Curse,3.672652063267402,0.5524861878453039,
