Relics_most_pop,Relics_most_pop_L2,Relics_most_pop_winrate,Relics_most_pop_wr_paired,Relics_L2,Relics_L2_coef,Relics_L2_winrate,Relics_L2_wr_paired
Meditation,16.01892419344621,0.6712328767123288,0.692307692308,Meditation,16.01892419344621,0.6712328767123288,0.692307692308
Sprint,2.993476792154628,0.6136363636363636,,Curse,6.7672593219112995,0.68,
