,recommendations,win_rate,win_rate_per_cost
Starter Item,Watcher's Gift,,
Boots,Shoes of Focus,0.545454545455,3.4309623431
Item2,Heartward Amulet,0.5625,2.49542124542
Item3,Sovereignty,0.5454545454545454,2.49542124542
Item4,Lotus Crown,0.5240384615384616,2.55628517824
Item5,Rod of Asclepius,0.767857142857,2.88668098818
Item6,Spirit Robe,0.576923076923,2.37953599048
Relic1,Sprint,0.524509803922,
Relic2,Shell,0.516393442623,
