Relics_most_pop,Relics_most_pop_L2,Relics_most_pop_winrate,Relics_most_pop_wr_paired,Relics_L2,Relics_L2_coef,Relics_L2_winrate,Relics_L2_wr_paired
Meditation,15.07058511003145,0.5736434108527132,0.625,Meditation,15.07058511003145,0.5736434108527132,0.625
Sprint,-7.072096495167522,0.5061728395061729,,Curse,3.414739751576519,0.5726495726495726,
