Relics_most_pop,Relics_most_pop_L2,Relics_most_pop_winrate,Relics_most_pop_wr_paired,Relics_L2,Relics_L2_coef,Relics_L2_winrate,Relics_L2_wr_paired
Meditation,-5.783052211139688,0.4111111111111111,0.5,Sprint,2.4191159869503145,0.5227272727272727,0.5
Blink,1.4090317077727612,0.5,,Curse,1.4238309451535465,0.5185185185185185,
