Relics_most_pop,Relics_most_pop_L2,Relics_most_pop_winrate,Relics_most_pop_wr_paired,Relics_L2,Relics_L2_coef,Relics_L2_winrate,Relics_L2_wr_paired
Meditation,5.215591852381767,0.5376344086021505,0.594202898551,Meditation,5.215591852381767,0.5376344086021505,0.594202898551
Sprint,-0.7219864825893438,0.5,,Shell,1.4563488618840248,0.5319148936170213,
