Relics_most_pop,Relics_most_pop_L2,Relics_most_pop_winrate,Relics_most_pop_wr_paired,Relics_L2,Relics_L2_coef,Relics_L2_winrate,Relics_L2_wr_paired
Meditation,-0.1760030090935003,0.4732620320855615,0.375,Blink,3.1877972896843536,0.5114942528735632,0.375
Sprint,-1.867129317977181,0.468,,Curse,1.7612172562007324,0.4947916666666667,
