Items_most_pop,Items_most_pop_L2,Items_most_pop_winrate,Items_L2,Items_L2_coef,Items_L2_winrate,Items_gold_adjusted_L2,Items_gold_adjusted_L2_coef,Items_gold_adjusted_L2_winrate
Watcher's Gift,-12.60835830289832,0.4895833333333333,Lotus Crown,20.577312975117078,0.6309523809523809,Travelers Shoes,1.2391061479209453,4.658385093167702
Lotus Crown,20.577312975117078,0.6309523809523809,Winged Blade,19.49726296737022,0.6744186046511628,Winged Blade,1.053906106344336,3.6455059710873665
Shoes of Focus,-13.529395411145634,0.5060240963855421,Travelers Shoes,17.347486070893233,0.6521739130434783,Lotus Crown,1.0037713646398576,3.077816492450639
Breastplate of Valor,12.753391852332637,0.6153846153846154,Rod of Asclepius,15.051495533535666,0.7,Rod of Asclepius,0.5658456967494612,2.6315789473684212
Sovereignty,10.296281965645989,0.6,Breastplate of Valor,12.753391852332637,0.6153846153846154,Breastplate of Valor,0.5544952979275061,2.6755852842809364
Hide of the Urchin,-7.015311550026292,0.5272727272727272,Sovereignty,10.296281965645989,0.6,Sovereignty,0.4902991412212375,2.857142857142857
