Relics_most_pop,Relics_most_pop_L2,Relics_most_pop_winrate,Relics_most_pop_wr_paired,Relics_L2,Relics_L2_coef,Relics_L2_winrate,Relics_L2_wr_paired
Purification,-1.0736187348137485,0.4370860927152318,0.666666666667,Sprint,12.283815396764354,0.6153846153846154,0.666666666667
Blink,-20.607611319238707,0.430622009569378,,Wrath,11.842368067323958,0.4632352941176471,
