,recommendations,win_rate,win_rate_per_cost
Starter Item,Bumba's Mask,,
Boots,Shoes of Focus,0.510869565217,3.33333333333
Item2,Polynomicon,0.5113636363636364,2.63868065967
Item3,Bumba's Mask,0.4672131147540984,7.58620689655
Item4,Obsidian Shard,0.5108695652173914,2.96047098402
Item5,Spear of Desolation,0.85,2.23684210526
Item6,Book of Thoth,0.583333333333,2.20125786164
Relic1,Relic,0.45,
Relic2,Blink,0.507692307692,
