Items_most_pop,Items_most_pop_L2,Items_most_pop_winrate,Items_L2,Items_L2_coef,Items_L2_winrate,Items_gold_adjusted_L2,Items_gold_adjusted_L2_coef,Items_gold_adjusted_L2_winrate
Shoes of the Magi,-0.3922473754234759,0.47575757575757577,Spear of Desolation,0.479584125323593,0.7272727272727273,Spear of Desolation,0.012620634876936657,1.9138755980861244
Polynomicon,-0.5251904263862286,0.4691780821917808,Rod of Tahuti,0.3807468245828543,0.5159235668789809,Soul Reaver,0.011837997245989261,1.7406962785114046
Obsidian Shard,-0.6942505136346155,0.4537037037037037,Soul Reaver,0.34803711903208434,0.5117647058823529,Rod of Tahuti,0.011468277848881154,1.5539866472258461
Soul Reaver,0.34803711903208434,0.5117647058823529,Winged Blade,0.11867590881536191,0.5384615384615384,Winged Blade,0.006414913990019563,2.9106029106029108
Rod of Tahuti,0.3807468245828543,0.5159235668789809,Chronos' Pendant,0.0672476320331887,0.52,Chronos' Pendant,0.0028019846680495293,2.1666666666666665
Dynasty Plate Helm,-0.7591199879782156,0.42857142857142855,Book of Thoth,0.02793573286133554,0.5,Book of Thoth,0.0010541785985409636,1.8867924528301887
