Relics_most_pop,Relics_most_pop_L2,Relics_most_pop_winrate,Relics_most_pop_wr_paired,Relics_L2,Relics_L2_coef,Relics_L2_winrate,Relics_L2_wr_paired
Purification,-30.43403192764228,0.5238879736408567,0.551020408163,Wrath,-19.103722611620434,0.5420560747663551,0.551020408163
Blink,-36.77493939361374,0.5306553911205074,,Purification,-30.43403192764228,0.5238879736408567,
