,recommendations,win_rate,win_rate_per_cost
Starter Item,Bumba's Mask,,
Boots,Shoes of Focus,0.469387755102,2.5
Item2,Dynasty Plate Helm,0.46938775510204084,2.57997936017
Item3,Soul Reaver,0.43859649122807015,1.4918248001
Item4,Polynomicon,0.45454545454545453,1.90694126621
Item5,Rod of Tahuti,0.551020408163,1.65970002459
Item6,Chronos' Pendant,0.533333333333,2.22222222222
Relic1,Relic,0.5,
Relic2,Sprint,0.5,
