Items_most_pop,Items_most_pop_L2,Items_most_pop_winrate,Items_L2,Items_L2_coef,Items_L2_winrate,Items_gold_adjusted_L2,Items_gold_adjusted_L2_coef,Items_gold_adjusted_L2_winrate
Shoes of the Magi,-41.658561685863326,0.511520737327189,Rod of Tahuti,295.07062051402175,0.5916666666666667,Rod of Tahuti,8.887669292591017,1.7821285140562249
Polynomicon,-0.1210782725116494,0.517948717948718,Shoes of Focus,108.39293764782289,0.5833333333333334,Shoes of Focus,7.226195843188193,3.888888888888889
Obsidian Shard,-13.226835988799431,0.512987012987013,Winged Blade,85.1382925134986,0.5454545454545454,Winged Blade,4.602069865594519,2.9484029484029484
Rod of Tahuti,295.07062051402175,0.5916666666666667,Chronos' Pendant,69.33802106107241,0.64,Chronos' Pendant,2.889084210878017,2.6666666666666665
Soul Reaver,-101.50346127433376,0.49572649572649574,Spear of the Magus,57.57589428298922,0.5625,Spear of the Magus,2.677948571301824,2.616279069767442
Bumba's Mask,177.57233998552218,0.5476190476190477,Polynomicon,-0.1210782725116494,0.517948717948718,Polynomicon,-0.0052642727178978,2.2519509476031216
