Items_most_pop,Items_most_pop_L2,Items_most_pop_winrate,Items_L2,Items_L2_coef,Items_L2_winrate,Items_gold_adjusted_L2,Items_gold_adjusted_L2_coef,Items_gold_adjusted_L2_winrate
Shoes of the Magi,-9.696587040995103,0.5140997830802603,Rod of Tahuti,761.5858106092381,0.6234309623430963,Rod of Tahuti,22.93933164485657,1.877804103443061
Polynomicon,-67.4435918469486,0.5196304849884527,Soul Reaver,423.78519046769105,0.5862068965517241,Soul Reaver,14.414462260805818,1.9939010086793338
Obsidian Shard,120.44395445336112,0.5504587155963303,Spear of Desolation,389.7915447859701,0.6363636363636364,Chronos' Pendant,12.39914255343453,2.5568181818181817
Rod of Tahuti,761.5858106092381,0.6234309623430963,Chronos' Pendant,297.5794212824287,0.6136363636363636,Spear of Desolation,10.257672231209737,1.674641148325359
Soul Reaver,423.78519046769105,0.5862068965517241,Winged Blade,136.36024094131176,0.5,Winged Blade,7.370823834665501,2.7027027027027026
Dynasty Plate Helm,-196.89045531675032,0.48128342245989303,Obsidian Shard,120.44395445336112,0.5504587155963303,Obsidian Shard,5.875314851383469,2.6851644663235623
