,recommendations,win_rate,win_rate_per_cost
Starter Item,Bumba's Mask,,
Boots,Shoes of the Magi,0.627906976744,3.75874125874
Item2,Rod of Tahuti,0.6708860759493671,1.89128607453
Item3,Polynomicon,0.6115107913669064,2.73003033367
Item4,Soul Reaver,0.627906976744186,2.13573801614
Item5,Spear of Desolation,0.611510791367,2.19298245614
Item6,Obsidian Shard,0.617647058824,3.01291248207
Relic1,Blink,0.648351648352,
Relic2,Purification,0.633928571429,
