Relics_most_pop,Relics_most_pop_L2,Relics_most_pop_winrate,Relics_most_pop_wr_paired,Relics_L2,Relics_L2_coef,Relics_L2_winrate,Relics_L2_wr_paired
Purification,0.3075099800696496,0.5284360189573459,0.547703180212,Blink,2.4608216457343577,0.5607476635514018,0.547703180212
Blink,2.4608216457343577,0.5607476635514018,,Purification,0.3075099800696496,0.5284360189573459,
