Items_most_pop,Items_most_pop_L2,Items_most_pop_winrate,Items_L2,Items_L2_coef,Items_L2_winrate,Items_gold_adjusted_L2,Items_gold_adjusted_L2_coef,Items_gold_adjusted_L2_winrate
Shoes of the Magi,5.841879958062201,0.5460992907801419,Rod of Tahuti,24.30308560943715,0.6274509803921569,Rod of Tahuti,0.7320206508866611,1.8899125915426411
Polynomicon,5.60138170679302,0.5518518518518518,Spear of the Magus,13.453606035609084,0.7619047619047619,Spear of the Magus,0.6257491179353063,3.5437430786267994
Obsidian Shard,-16.552265715435688,0.5175879396984925,Celestial Legion Helm,12.38360256732723,0.7777777777777778,Celestial Legion Helm,0.5384175029272709,3.3816425120772946
Soul Reaver,6.16958795647916,0.5723270440251572,Dynasty Plate Helm,7.544347811517478,0.5747126436781609,Dynasty Plate Helm,0.44378516538338103,3.3806626098715347
Rod of Tahuti,24.30308560943715,0.6274509803921569,Spear of Desolation,6.707889134189786,0.7,Shoes of the Magi,0.36511749737888755,3.4131205673758864
Bumba's Mask,-3.5795388748393027,0.4857142857142857,Soul Reaver,6.16958795647916,0.5723270440251572,Polynomicon,0.24353833507795739,2.399355877616747
