Items_most_pop,Items_most_pop_L2,Items_most_pop_winrate,Items_L2,Items_L2_coef,Items_L2_winrate,Items_gold_adjusted_L2,Items_gold_adjusted_L2_coef,Items_gold_adjusted_L2_winrate
Shoes of the Magi,1.0905565830644357,0.5118483412322274,Rod of Tahuti,26.79141546689854,0.61,Rod of Tahuti,0.8069703453885102,1.8373493975903614
Polynomicon,3.569985034720221,0.5230769230769231,Soul Reaver,20.21548987517314,0.6,Soul Reaver,0.6876016964344607,2.0408163265306123
Obsidian Shard,-12.537828841407892,0.5098039215686274,Chronos' Pendant,13.75351413977945,0.7333333333333333,Chronos' Pendant,0.5730630891574771,3.0555555555555554
Soul Reaver,20.21548987517314,0.6,Spear of the Magus,6.802149365397621,0.6666666666666666,Spear of the Magus,0.3163790402510521,3.10077519379845
Rod of Tahuti,26.79141546689854,0.61,Spear of Desolation,4.802157651143908,0.6666666666666666,Polynomicon,0.1552167406400096,2.274247491638796
Bumba's Mask,-12.497350473492851,0.4117647058823529,Polynomicon,3.569985034720221,0.5230769230769231,Winged Blade,0.14423303548573982,3.088803088803089
