Relics_most_pop,Relics_most_pop_L2,Relics_most_pop_winrate,Relics_most_pop_wr_paired,Relics_L2,Relics_L2_coef,Relics_L2_winrate,Relics_L2_wr_paired
Purification,17.19712731368628,0.5089605734767025,0.35,Blink,35.1751163231508,0.5445544554455446,0.35
Blink,35.1751163231508,0.5445544554455446,,Wrath,28.44587496568153,0.46956521739130436,
