,recommendations,win_rate,win_rate_per_cost
Starter Item,Bumba's Mask,,
Boots,Shoes of Focus,0.583333333333,3.88888888889
Item2,Rod of Tahuti,0.5916666666666667,1.56008649985
Item3,Bumba's Mask,0.5476190476190477,6.47435897436
Item4,Polynomicon,0.517948717948718,2.2519509476
Item5,Winged Blade,0.545454545455,2.9484029484
Item6,Chronos' Pendant,0.64,2.66666666667
Relic1,Sanctuary,0.542857142857,
Relic2,Blink,0.525179856115,
