Items_most_pop,Items_most_pop_L2,Items_most_pop_winrate,Items_L2,Items_L2_coef,Items_L2_winrate,Items_gold_adjusted_L2,Items_gold_adjusted_L2_coef,Items_gold_adjusted_L2_winrate
Shoes of the Magi,-0.9611140427297324,0.5547445255474452,Obsidian Shard,29.132626431915696,0.6047297297297297,Obsidian Shard,1.4211037283861314,2.949901120632828
Polynomicon,13.747877927365659,0.5681233933161953,Spear of Desolation,28.456107823606242,0.7575757575757576,Rod of Tahuti,0.7942732166475717,1.884314509221721
Obsidian Shard,29.132626431915696,0.6047297297297297,Rod of Tahuti,26.36987079269938,0.6255924170616114,Spear of Desolation,0.74884494272648,1.9936204146730463
Soul Reaver,-5.813038591160491,0.5676855895196506,Chronos' Pendant,16.688189225435714,0.6571428571428571,Chronos' Pendant,0.695341217726488,2.738095238095238
Rod of Tahuti,26.36987079269938,0.6255924170616114,Polynomicon,13.747877927365659,0.5681233933161953,Spear of the Magus,0.6372840285890169,2.9069767441860463
Bumba's Mask,6.6773113947681955,0.5240963855421686,Spear of the Magus,13.701606614663863,0.625,Polynomicon,0.5977338229289417,2.4701017100704146
