Items_most_pop,Items_most_pop_L2,Items_most_pop_winrate,Items_L2,Items_L2_coef,Items_L2_winrate,Items_gold_adjusted_L2,Items_gold_adjusted_L2_coef,Items_gold_adjusted_L2_winrate
Shoes of the Magi,-1.1924915464691277,0.5739130434782609,Rod of Tahuti,24.0666964255226,0.6678445229681979,Rod of Tahuti,0.7249004947446567,2.0115798884584275
Polynomicon,11.707836130984122,0.5962264150943396,Polynomicon,11.707836130984122,0.5962264150943396,Polynomicon,0.5090363535210488,2.5922887612797374
Obsidian Shard,7.996660679094046,0.6019417475728155,Dynasty Plate Helm,8.174228619042347,0.5991902834008097,Dynasty Plate Helm,0.48083697759072624,3.524648725887116
Soul Reaver,2.064268301685447,0.598705501618123,Obsidian Shard,7.996660679094046,0.6019417475728155,Obsidian Shard,0.390081008736295,2.9363012076722708
Rod of Tahuti,24.0666964255226,0.6678445229681979,Spear of Desolation,7.653535446518308,0.725,Spear of Desolation,0.20140882753995548,1.9078947368421053
Dynasty Plate Helm,8.174228619042347,0.5991902834008097,Chronos' Pendant,4.721929163167654,0.6530612244897959,Chronos' Pendant,0.19674704846531893,2.7210884353741496
