Relics_most_pop,Relics_most_pop_L2,Relics_most_pop_winrate,Relics_most_pop_wr_paired,Relics_L2,Relics_L2_coef,Relics_L2_winrate,Relics_L2_wr_paired
Purification,0.39804705718171735,0.4955223880597015,0.0,Blink,1.1055695185488628,0.5092936802973977,0.0
Blink,1.1055695185488628,0.5092936802973977,,Sprint,0.5845017893703504,0.625,
