Relics_most_pop,Relics_most_pop_L2,Relics_most_pop_winrate,Relics_most_pop_wr_paired,Relics_L2,Relics_L2_coef,Relics_L2_winrate,Relics_L2_wr_paired
Purification,1.184904188977914,0.48201438848920863,0.52808988764,Blink,2.2156436948249163,0.5,0.52808988764
Blink,2.2156436948249163,0.5,,Purification,1.184904188977914,0.48201438848920863,
