,recommendations,win_rate,win_rate_per_cost
Starter Item,Soul Stone,,
Boots,Shoes of the Magi,0.42358078602620086,3.58910891089
Item2,Rod of Tahuti,0.5742574257425742,1.72969104139
Item3,Book of Thoth,0.4367816091954023,2.16700915375
Item4,Soul Stone,0.3900414937759336,7.17821782178
Item5,Bancroft's Talon,0.564102564103,2.04545454545
Item6,Dynasty Plate Helm,0.490909090909,2.79162512463
Relic1,Sanctuary,0.434210526316,
Relic2,Sprint,0.4375,
