,recommendations,win_rate,win_rate_per_cost
Starter Item,Soul Stone,,
Boots,Shoes of the Magi,0.503370786517,3.10337370242
Item2,Rod of Tahuti,0.6115384615384616,1.41662540573
Item3,Obsidian Shard,0.5400943396226415,2.2942421205
Item4,Book of Thoth,0.503370786516854,1.77479107435
Item5,Breastplate of Valor,0.496539792388,2.55198487713
Item6,Soul Reaver,0.503649635036,1.71309399672
Relic1,Sprint,0.569230769231,
Relic2,Purification,0.492512479201,
