Items_most_pop,Items_most_pop_L2,Items_most_pop_winrate,Items_L2,Items_L2_coef,Items_L2_winrate,Items_gold_adjusted_L2,Items_gold_adjusted_L2_coef,Items_gold_adjusted_L2_winrate
Shoes of the Magi,4.700696975095267,0.48,Book of Thoth,34.84232527106473,0.5394736842105263,Book of Thoth,1.3148047272099896,2.035749751737835
Chronos' Pendant,-11.38451826815284,0.453781512605042,Spear of Desolation,17.7546815549428,0.6923076923076923,Obsidian Shard,0.5409076013540273,2.449768991081981
Book of Thoth,34.84232527106473,0.5394736842105263,Rod of Tahuti,14.046974728201722,0.5357142857142857,Spear of Desolation,0.4672284619721789,1.8218623481781377
Obsidian Shard,11.088605827757558,0.5022026431718062,Obsidian Shard,11.088605827757558,0.5022026431718062,Rod of Tahuti,0.4231016484398109,1.6135972461273667
Soul Stone,5.1829017430902375,0.4605263157894737,Spear of the Magus,7.631647304439769,0.5,Spear of the Magus,0.3549603397413846,2.3255813953488373
Rod of Tahuti,14.046974728201722,0.5357142857142857,Warlock's Sash,5.489680200625136,0.47297297297297297,Shoes of the Magi,0.29379356094345416,3.0
