Items_most_pop,Items_most_pop_L2,Items_most_pop_winrate,Items_L2,Items_L2_coef,Items_L2_winrate,Items_gold_adjusted_L2,Items_gold_adjusted_L2_coef,Items_gold_adjusted_L2_winrate
Shoes of the Magi,-5.355372540325174,0.44921875,Rod of Tahuti,15.27020761238733,0.5619834710743802,Shoes of Focus,0.5412464337260408,3.5555555555555554
Book of Thoth,10.494863943469191,0.5,Book of Thoth,10.494863943469191,0.5,Rod of Tahuti,0.4599460124213051,1.6927212984168076
Chronos' Pendant,-1.2938499685159528,0.467005076142132,Shoes of Focus,8.118696505890611,0.5333333333333333,Book of Thoth,0.39603260164034687,1.8867924528301887
Obsidian Shard,-0.21830808086697717,0.4789473684210526,Pythagorem's Piece,8.094212221869348,0.7058823529411765,Pythagorem's Piece,0.3372588425778895,2.9411764705882355
Soul Stone,-5.472351956966815,0.42657342657342656,Spear of the Magus,5.913937184571816,0.5666666666666667,Spear of the Magus,0.27506684579403795,2.635658914728682
Rod of Tahuti,15.27020761238733,0.5619834710743802,Spear of Desolation,5.159835461036751,0.5909090909090909,Spear of Desolation,0.13578514371149347,1.555023923444976
