,recommendations,win_rate,win_rate_per_cost
Starter Item,Soul Stone,,
Boots,Shoes of the Magi,0.467741935484,2.87642045455
Item2,Rod of Tahuti,0.5617977528089888,1.530713016
Item3,Book of Thoth,0.5081967213114754,1.91772347665
Item4,Obsidian Shard,0.46774193548387094,2.47900839664
Item5,Spear of the Magus,0.551724137931,2.56615878107
Item6,Dynasty Plate Helm,0.533333333333,3.13725490196
Relic1,Teleport,0.533333333333,
Relic2,Relic,0.352941176471,
