,recommendations,win_rate,win_rate_per_cost
Starter Item,Soul Stone,,
Boots,Shoes of the Magi,0.531034482759,2.81481481481
Item2,Rod of Tahuti,0.5138888888888888,1.35728097575
Item3,Soul Stone,0.42178770949720673,5.63271604938
Item4,Chronos' Pendant,0.4588235294117647,1.87757201646
Item5,Spear of Desolation,0.589285714286,1.5507518797
Item6,Soul Reaver,0.45037037037,1.80623973727
Relic1,Teleport,0.521739130435,
Relic2,Meditation,0.463414634146,
