Relics_most_pop,Relics_most_pop_L2,Relics_most_pop_winrate,Relics_most_pop_wr_paired,Relics_L2,Relics_L2_coef,Relics_L2_winrate,Relics_L2_wr_paired
Sanctuary,-3.6487118595174812,0.4584450402144772,0.333333333333,Purification,1.2778727949526176,0.46756756756756757,0.333333333333
Purification,1.2778727949526176,0.46756756756756757,,Relic,0.10480245392269481,0.4,
