Relics_most_pop,Relics_most_pop_L2,Relics_most_pop_winrate,Relics_most_pop_wr_paired,Relics_L2,Relics_L2_coef,Relics_L2_winrate,Relics_L2_wr_paired
Sanctuary,7.15081880624866,0.4342105263157895,0.457142857143,Sanctuary,7.15081880624866,0.4342105263157895,0.457142857143
Purification,-8.162342083356585,0.42008196721311475,,Sprint,2.306206932455152,0.4375,
