,recommendations,win_rate,win_rate_per_cost
Starter Item,Soul Stone,,
Boots,Shoes of Focus,0.536585365854,3.57723577236
Item2,Rod of Tahuti,0.5769230769230769,1.36592883161
Item3,Book of Thoth,0.5196850393700787,1.71127687582
Item4,Obsidian Shard,0.4881889763779528,2.21213840045
Item5,Spear of the Magus,0.576923076923,4.03100775194
Item6,Soul Reaver,0.615384615385,2.09314495029
Relic1,Meditation,0.615384615385,
Relic2,Sanctuary,0.489690721649,
