Items_most_pop,Items_most_pop_L2,Items_most_pop_winrate,Items_L2,Items_L2_coef,Items_L2_winrate,Items_gold_adjusted_L2,Items_gold_adjusted_L2_coef,Items_gold_adjusted_L2_winrate
Shoes of the Magi,-1.8694957600333895,0.4654255319148936,Rod of Tahuti,4.856398805103463,0.5443037974683544,Rod of Tahuti,0.14627707244287538,1.6394692694829953
Book of Thoth,-1.2597856521738517,0.46715328467153283,Spear of Desolation,3.842847575756044,0.7407407407407407,Dynasty Plate Helm,0.14040826407907078,3.2805429864253393
Chronos' Pendant,-1.5679219510584632,0.46511627906976744,Warlock's Sash,2.4004306196570195,0.5169491525423728,Spear of Desolation,0.1011275677830538,1.949317738791423
Obsidian Shard,-1.4917605504775988,0.4701195219123506,Dynasty Plate Helm,2.3869404893442034,0.5576923076923077,Warlock's Sash,0.09058228753422716,1.9507515190278222
Soul Stone,-3.1237841830047435,0.4375,Celestial Legion Helm,1.8121854365735606,0.5806451612903226,Celestial Legion Helm,0.0787906711553722,2.524544179523142
Rod of Tahuti,4.856398805103463,0.5443037974683544,Spear of the Magus,1.0063322373258348,0.5227272727272727,Spear of the Magus,0.04680615057329464,2.431289640591966
