Relics_most_pop,Relics_most_pop_L2,Relics_most_pop_winrate,Relics_most_pop_wr_paired,Relics_L2,Relics_L2_coef,Relics_L2_winrate,Relics_L2_wr_paired
Sanctuary,-48.0471136958523,0.48484848484848486,0.0,Sprint,38.778121433022946,0.5294117647058824,0.0
Purification,6.954913544242106,0.512396694214876,,Meditation,36.35117154750888,0.46153846153846156,
