Relics_most_pop,Relics_most_pop_L2,Relics_most_pop_winrate,Relics_most_pop_wr_paired,Relics_L2,Relics_L2_coef,Relics_L2_winrate,Relics_L2_wr_paired
Sanctuary,-2.170797719889878,0.4274193548387097,1.0,Relic,0.22335545979715568,0.4444444444444444,1.0
Purification,-3.1940499858969926,0.42342342342342343,,Sprint,-0.6827826067534858,0.42105263157894735,
