Relics_most_pop,Relics_most_pop_L2,Relics_most_pop_winrate,Relics_most_pop_wr_paired,Relics_L2,Relics_L2_coef,Relics_L2_winrate,Relics_L2_wr_paired
Sanctuary,-12.138848256462962,0.4400684931506849,1.0,Teleport,6.1362861257334655,0.5172413793103449,1.0
Purification,2.1163876249631683,0.4527972027972028,,Meditation,5.08328043207335,0.46153846153846156,
