,recommendations,win_rate,win_rate_per_cost
Starter Item,Soul Stone,,
Boots,Shoes of Focus,0.654545454545,3.65591397849
Item2,Rod of Tahuti,0.6418439716312057,1.65109981209
Item3,Chronos' Pendant,0.5690376569037657,2.28402140673
Item4,Book of Thoth,0.5596330275229358,2.06854768911
Item5,Spear of Desolation,0.6,1.72248803828
Item6,Doom Orb,0.548387096774,2.92682926829
Relic1,Purification,0.542940320233,
Relic2,Sprint,0.553571428571,
