,recommendations,win_rate,win_rate_per_cost
Starter Item,Soul Stone,,
Boots,Shoes of the Magi,0.43656716417910446,3.59513274336
Item2,Rod of Tahuti,0.5752212389380531,1.73259409319
Item3,Book of Thoth,0.4725,2.17064618467
Item4,Chronos' Pendant,0.4677804295942721,2.39675516224
Item5,Spear of the Magus,0.4725,2.5
Item6,Doom Orb,0.571428571429,2.38924838228
Relic1,Sanctuary,0.449275362319,
Relic2,Teleport,0.454545454545,
