,recommendations,win_rate,win_rate_per_cost
Starter Item,Bumba's Mask,,
Boots,Warrior Tabi,0.649180327869,3.82911944202
Item2,Stone Cutting Sword,0.6604477611940298,2.07327883384
Item3,Titan's Bane,0.641755634638197,2.62952437463
Item4,Hydra's Lament,0.6123595505617978,2.50722091534
Item5,Brawler's Beat Stick,0.659025787966,2.74594078319
Item6,Transcendence,0.646153846154,2.48520710059
Relic1,Blink,0.662288930582,
Relic2,Wrath,0.603136308806,
