Relics_most_pop,Relics_most_pop_L2,Relics_most_pop_winrate,Relics_most_pop_wr_paired,Relics_L2,Relics_L2_coef,Relics_L2_winrate,Relics_L2_wr_paired
Purification,2.215938346660917,0.4975124378109453,0.75,Purification,2.215938346660917,0.4975124378109453,0.75
Sanctuary,-5.244827083839745,0.43478260869565216,,Sprint,1.6066387477107116,0.6153846153846154,
