,recommendations,win_rate,win_rate_per_cost
Starter Item,Bumba's Mask,,
Boots,Warrior Tabi,0.49507735583684953,3.53798126951
Item2,Titan's Bane,0.5494880546075085,2.67505900865
Item3,Stone Cutting Sword,0.5483870967741935,2.10918114144
Item4,Hydra's Lament,0.5174418604651163,2.55063765941
Item5,Brawler's Beat Stick,0.549488054608,2.38853503185
Item6,Mantle of Discord,0.587786259542,2.07373271889
Relic1,Blink,0.55737704918,
Relic2,Wrath,0.523659305994,
