Items_most_pop,Items_most_pop_L2,Items_most_pop_winrate,Items_L2,Items_L2_coef,Items_L2_winrate,Items_gold_adjusted_L2,Items_gold_adjusted_L2_coef,Items_gold_adjusted_L2_winrate
Warrior Tabi,1.9993244997435937,0.47434292866082606,Stone Cutting Sword,22.19581701806168,0.5727699530516432,Stone Cutting Sword,0.8536852699254492,2.2029613578909353
Jotunn's Wrath,3.3717608725517714,0.48540706605222733,Void Shield,20.648739983356126,0.5605095541401274,Void Shield,0.7647681475317084,2.0759613116301012
Bumba's Mask,-17.89410481099666,0.38082191780821917,Qin's Sais,17.053742793490315,0.5725190839694656,Qin's Sais,0.6316201034626042,2.1204410517387617
Hydra's Lament,2.4329927603708152,0.49303621169916434,Titan's Bane,12.347680351710528,0.5393586005830904,Titan's Bane,0.6023258708151478,2.631017563819953
Titan's Bane,12.347680351710528,0.5393586005830904,The Executioner,11.563671519620284,0.59375,The Executioner,0.5139409564275682,2.638888888888889
Stone Cutting Sword,22.19581701806168,0.5727699530516432,Brawler's Beat Stick,11.33759344333673,0.5629139072847682,Brawler's Beat Stick,0.4723997268056971,2.3454746136865343
