Items_most_pop,Items_most_pop_L2,Items_most_pop_winrate,Items_L2,Items_L2_coef,Items_L2_winrate,Items_gold_adjusted_L2,Items_gold_adjusted_L2_coef,Items_gold_adjusted_L2_winrate
Warrior Tabi,-2.0817380210747913,0.5024777006937562,Qin's Sais,17.089996652914927,0.6453488372093024,Titan's Bane,0.6790200322546562,2.8089238238353946
Jotunn's Wrath,11.37559086213177,0.526060606060606,Titan's Bane,13.919910661220452,0.5758293838862559,Qin's Sais,0.6329628389968491,2.3901808785529717
Hydra's Lament,4.800862330993455,0.5265306122448979,Stone Cutting Sword,11.380520230874366,0.5797101449275363,Brawler's Beat Stick,0.46985727437393604,2.5449101796407185
Bumba's Mask,-15.178135041825438,0.42340425531914894,Jotunn's Wrath,11.37559086213177,0.526060606060606,Jotunn's Wrath,0.466212740251302,2.15598609041232
Titan's Bane,13.919910661220452,0.5758293838862559,Brawler's Beat Stick,11.276574584974465,0.6107784431137725,Stone Cutting Sword,0.43771231657209103,2.229654403567447
Stone Cutting Sword,11.380520230874366,0.5797101449275363,Void Shield,6.365812640212167,0.5614035087719298,Void Shield,0.23577083852637654,2.079272254710851
