,recommendations,win_rate,win_rate_per_cost
Starter Item,Bumba's Mask,,
Boots,Warrior Tabi,0.5234375,3.80095023756
Item2,Titan's Bane,0.6089743589743589,2.87388920401
Item3,Hydra's Lament,0.5679824561403509,2.74021993871
Item4,Stone Cutting Sword,0.5891472868217055,2.26595110316
Item5,Brawler's Beat Stick,0.627118644068,2.51610305958
Item6,Mantle of Discord,0.6038647343,2.02296336796
Relic1,Purification,0.547435897436,
Relic2,Blink,0.580858085809,
