Items_most_pop,Items_most_pop_L2,Items_most_pop_winrate,Items_L2,Items_L2_coef,Items_L2_winrate,Items_gold_adjusted_L2,Items_gold_adjusted_L2_coef,Items_gold_adjusted_L2_winrate
Warrior Tabi,4.3665585247234855,0.5124378109452736,Stone Cutting Sword,18.43512072673402,0.6231155778894473,Stone Cutting Sword,0.7090431048743854,2.3965983764978738
Jotunn's Wrath,1.8658417911935417,0.5164179104477612,Qin's Sais,9.348235329271432,0.6124031007751938,Hydra's Lament,0.36965578098593804,2.541914548404543
Bumba's Mask,-7.95036162057917,0.44141689373297005,Hydra's Lament,7.947599291197667,0.5465116279069767,Qin's Sais,0.3462309381211642,2.268159632500718
Hydra's Lament,7.947599291197667,0.5465116279069767,Hide of the Urchin,7.5516706770368796,0.6444444444444445,Hide of the Urchin,0.31465294487653667,2.685185185185185
Titan's Bane,-0.5114802614493935,0.5462686567164179,Warrior Tabi,4.3665585247234855,0.5124378109452736,Warrior Tabi,0.28171345320796676,3.3060503931953136
Stone Cutting Sword,18.43512072673402,0.6231155778894473,The Executioner,2.3153814235648382,0.5614035087719298,The Executioner,0.10290584104732614,2.4951267056530213
