Relics_most_pop,Relics_most_pop_L2,Relics_most_pop_winrate,Relics_most_pop_wr_paired,Relics_L2,Relics_L2_coef,Relics_L2_winrate,Relics_L2_wr_paired
Purification,-3.8428992789564957,0.5207253886010362,1.0,Blink,10.867878559525789,0.5789473684210527,1.0
Wrath,1.077455347080401,0.5206286836935167,,Sprint,3.654613378420288,0.5769230769230769,
