Items_most_pop,Items_most_pop_L2,Items_most_pop_winrate,Items_L2,Items_L2_coef,Items_L2_winrate,Items_gold_adjusted_L2,Items_gold_adjusted_L2_coef,Items_gold_adjusted_L2_winrate
Warrior Tabi,0.014193968205073305,0.5017543859649123,Qin's Sais,0.3145038478209186,0.5647668393782384,Titan's Bane,0.012888994628329193,2.967060598441036
Asi,5.748247295859907e-05,0.5,Titan's Bane,0.2642243898807484,0.6082474226804123,Qin's Sais,0.011648290660034023,2.091729034734216
Transcendence,-0.14988238649201835,0.47029702970297027,Devourer's Gauntlet,0.13911673673305217,0.6037735849056604,Devourer's Gauntlet,0.006786182279661082,2.945236999539807
Qin's Sais,0.3145038478209186,0.5647668393782384,Hastened Fatalis,0.05046928143438351,0.6,Hastened Fatalis,0.0023583776371207247,2.803738317757009
Ichaival,-0.049543515391312465,0.4864864864864865,Warrior Tabi,0.014193968205073305,0.5017543859649123,Warrior Tabi,0.0009157398841982778,3.2371250707413695
The Executioner,-0.15047772756152966,0.45588235294117646,Deathbringer,0.012620847307431845,0.5074626865671642,Deathbringer,0.0003944014783572452,1.585820895522388
