,recommendations,win_rate,win_rate_per_cost
Starter Item,Death's Toll,,
Boots,Ninja Tabi,0.513513513514,3.15151515152
Item2,Asi,0.4553072625698324,2.55790596949
Item3,Transcendence,0.44505494505494503,1.75118177911
Item4,Qin's Sais,0.44321329639889195,1.6863231947
Item5,Titan's Bane,0.508108108108,2.47857613711
Item6,Wind Demon,0.532786885246,1.96458218041
Relic1,Teleport,0.375,
Relic2,Sprint,0.382978723404,
