Relics_most_pop,Relics_most_pop_L2,Relics_most_pop_winrate,Relics_most_pop_wr_paired,Relics_L2,Relics_L2_coef,Relics_L2_winrate,Relics_L2_wr_paired
Purification,-4.9984102763055,0.47527472527472525,0.0,Relic,50.79229643911985,0.4576271186440678,0.0
Sanctuary,21.413975159268052,0.4785276073619632,,Sprint,47.417636314603115,0.5416666666666666,
