Items_most_pop,Items_most_pop_L2,Items_most_pop_winrate,Items_L2,Items_L2_coef,Items_L2_winrate,Items_gold_adjusted_L2,Items_gold_adjusted_L2_coef,Items_gold_adjusted_L2_winrate
Warrior Tabi,-11.236816312298608,0.45121951219512196,Transcendence,35.42716630343751,0.5462962962962963,Transcendence,1.362583319362981,2.101139601139601
Qin's Sais,6.7758522053219234,0.4745762711864407,Hastened Fatalis,23.04618079099485,0.6428571428571429,Hastened Fatalis,1.0769243360277967,3.0040053404539386
Asi,-0.5900409771433366,0.48623853211009177,Rage,13.750404221519036,0.5263157894736842,Rage,0.5729335092299599,2.192982456140351
Transcendence,35.42716630343751,0.5462962962962963,Qin's Sais,6.7758522053219234,0.4745762711864407,Ninja Tabi,0.4309051849678106,3.270440251572327
Ichaival,-16.33429326775719,0.4175824175824176,Ninja Tabi,6.46357777451716,0.49056603773584906,Qin's Sais,0.2509574890859972,1.7576898932831135
The Executioner,-5.674546127576167,0.4342105263157895,Asi,-0.5900409771433366,0.48623853211009177,Asi,-0.03314836950243464,2.7316771466859087
