Relics_most_pop,Relics_most_pop_L2,Relics_most_pop_winrate,Relics_most_pop_wr_paired,Relics_L2,Relics_L2_coef,Relics_L2_winrate,Relics_L2_wr_paired
Purification,8.729061151775221,0.4271137026239067,0.487179487179,Purification,8.729061151775221,0.4271137026239067,0.487179487179
Sanctuary,-14.851906355523248,0.4157303370786517,,Relic,5.39489070488893,0.42857142857142855,
