Items_most_pop,Items_most_pop_L2,Items_most_pop_winrate,Items_L2,Items_L2_coef,Items_L2_winrate,Items_gold_adjusted_L2,Items_gold_adjusted_L2_coef,Items_gold_adjusted_L2_winrate
Warrior Tabi,-4.975763114471373,0.4308510638297872,Qin's Sais,17.04134672219155,0.5203252032520326,Titan's Bane,0.717502950836401,2.8048780487804876
Asi,11.855099088114706,0.4874551971326165,Titan's Bane,14.70881049214622,0.575,Asi,0.6660168027030733,2.738512343441666
Transcendence,-5.649626802344359,0.412,Asi,11.855099088114706,0.4874551971326165,Qin's Sais,0.631160989710798,1.9271303824149353
Qin's Sais,17.04134672219155,0.5203252032520326,Deathbringer,10.456530776742971,0.5543478260869565,Soul Eater,0.4620429563201496,2.8048780487804876
Ichaival,3.5993871935691195,0.4488888888888889,Soul Eater,9.240859126402992,0.5609756097560976,Deathbringer,0.32676658677321785,1.732336956521739
The Executioner,-0.7304571525312196,0.44886363636363635,Wind Demon,7.189089349652329,0.5432098765432098,Wind Demon,0.2765034365250896,2.0892687559354224
