Items_most_pop,Items_most_pop_L2,Items_most_pop_winrate,Items_L2,Items_L2_coef,Items_L2_winrate,Items_gold_adjusted_L2,Items_gold_adjusted_L2_coef,Items_gold_adjusted_L2_winrate
Warrior Tabi,4.067939666467235,0.4984025559105431,Deathbringer,7.747283656400167,0.5862068965517241,Devourer's Gauntlet,0.29185864974808823,2.7874564459930316
Transcendence,-3.981442797576299,0.4594594594594595,Devourer's Gauntlet,5.983102319835808,0.5714285714285714,Titan's Bane,0.28280794235382917,2.6807295099978026
Asi,-9.907702262094185,0.4305555555555556,Titan's Bane,5.797562818253497,0.5495495495495496,Warrior Tabi,0.26244772041724096,3.2155003607131816
Qin's Sais,1.0906800939608328,0.4975609756097561,Warrior Tabi,4.067939666467235,0.4984025559105431,Deathbringer,0.24210261426250523,1.831896551724138
Ichaival,-1.2414087216912335,0.4742857142857143,Soul Eater,2.2324696310988585,0.5365853658536586,Soul Eater,0.11162348155494294,2.682926829268293
The Executioner,1.7912759492601162,0.5034013605442177,Rage,1.964447453480091,0.5517241379310345,Rage,0.08185197722833712,2.2988505747126435
