,recommendations,win_rate,win_rate_per_cost
Starter Item,Death's Toll,,
Boots,Warrior Tabi,0.38521739130434784,2.50570809672
Item2,Qin's Sais,0.4218362282878412,1.43846205552
Item3,Transcendence,0.3953185955786736,1.4937875192
Item4,The Executioner,0.38838475499092556,1.72615446663
Item5,Titan's Bane,0.493606138107,2.40783482004
Item6,Deathbringer,0.466019417476,1.45631067961
Relic1,Sprint,0.427135678392,
Relic2,Relic,0.330769230769,
