Relics_most_pop,Relics_most_pop_L2,Relics_most_pop_winrate,Relics_most_pop_wr_paired,Relics_L2,Relics_L2_coef,Relics_L2_winrate,Relics_L2_wr_paired
Purification,1.5652326947616475,0.4777911164465786,0.507462686567,Purification,1.5652326947616475,0.4777911164465786,0.507462686567
Sanctuary,-7.23258919438623,0.4697173620457604,,Sprint,1.3093411015494982,0.4845360824742268,
