,recommendations,win_rate,win_rate_per_cost
Starter Item,Death's Toll,,
Boots,Warrior Tabi,0.526595744681,2.74271466417
Item2,The Executioner,0.4641638225255973,1.86810366949
Item3,Qin's Sais,0.4543269230769231,1.55675305791
Item4,Ichaival,0.40821917808219177,2.47249015079
Item5,Titan's Bane,0.552,2.56875973015
Item6,Wind Demon,0.541984732824,2.08455666471
Relic1,Sprint,0.468468468468,
Relic2,Purification,0.417582417582,
