Items_most_pop,Items_most_pop_L2,Items_most_pop_winrate,Items_L2,Items_L2_coef,Items_L2_winrate,Items_gold_adjusted_L2,Items_gold_adjusted_L2_coef,Items_gold_adjusted_L2_winrate
Warrior Tabi,0.09535052693389041,0.5015105740181269,Qin's Sais,1.477036061314212,0.6666666666666666,Qin's Sais,0.05470503930793378,2.4691358024691357
Frostbound Hammer,0.7750803109903133,0.5336538461538461,Frostbound Hammer,0.7750803109903133,0.5336538461538461,Frostbound Hammer,0.033699143956100575,2.3202341137123748
Breastplate of Valor,-0.6987721190413357,0.467005076142132,Jotunn's Wrath,0.765038372519993,0.6029411764705882,Jotunn's Wrath,0.03135403166065545,2.4710703953712634
Death's Toll,-0.4414236040168341,0.46616541353383456,Hide of the Urchin,0.4933385920571802,0.5584415584415584,Hide of the Urchin,0.020555774669049176,2.326839826839827
Qin's Sais,1.477036061314212,0.6666666666666666,Bulwark of Hope,0.43860894201048833,0.55,Titan's Bane,0.01893440034785183,2.926829268292683
Bulwark of Hope,0.43860894201048833,0.55,Titan's Bane,0.3881552071309625,0.6,Bulwark of Hope,0.017370651168732213,2.1782178217821784
