,recommendations,win_rate,win_rate_per_cost
Starter Item,Death's Toll,,
Boots,Warrior Tabi,0.5068493150684932,3.34987593052
Item2,Frostbound Hammer,0.5481481481481482,2.25752508361
Item3,Breastplate of Valor,0.5052264808362369,2.25752508361
Item4,Qin's Sais,0.5615384615384615,1.92307692308
Item5,Witchblade,0.718309859155,3.13588850174
Item6,Mantle of Discord,0.642857142857,2.31712857792
Relic1,Teleport,0.521028037383,
Relic2,Relic,0.46875,
