Items_most_pop,Items_most_pop_L2,Items_most_pop_winrate,Items_L2,Items_L2_coef,Items_L2_winrate,Items_gold_adjusted_L2,Items_gold_adjusted_L2_coef,Items_gold_adjusted_L2_winrate
Warrior Tabi,31.951624525092903,0.46179401993355484,Winged Blade,37.01660670458641,0.5803571428571429,Warrior Tabi,2.061395130651155,2.9793162576358374
Frostbound Hammer,30.934720354901373,0.5054151624548736,Qin's Sais,36.71974537676763,0.5669291338582677,Winged Blade,2.0008976597073733,3.137065637065637
Breastplate of Valor,-16.14742429690853,0.4342857142857143,Warrior Tabi,31.951624525092903,0.46179401993355484,Ichaival,1.4042125793462479,2.8719723183391004
Death's Toll,-20.025321980447988,0.3684210526315789,Frostbound Hammer,30.934720354901373,0.5054151624548736,Qin's Sais,1.3599905695099122,2.099737532808399
Bulwark of Hope,-6.195531091362541,0.4689922480620155,Ichaival,23.871613848886213,0.48823529411764705,Frostbound Hammer,1.344987841517451,2.197457228064668
Qin's Sais,36.71974537676763,0.5669291338582677,Titan's Bane,19.236580682507583,0.5373134328358209,Titan's Bane,0.9383697893906137,2.621041135784492
