Items_most_pop,Items_most_pop_L2,Items_most_pop_winrate,Items_L2,Items_L2_coef,Items_L2_winrate,Items_gold_adjusted_L2,Items_gold_adjusted_L2_coef,Items_gold_adjusted_L2_winrate
Warrior Tabi,8.969261786146436,0.5033377837116155,Qin's Sais,40.85554894710937,0.6439024390243903,Qin's Sais,1.5131684795225693,2.3848238482384825
Breastplate of Valor,-35.26450921688579,0.46547884187082406,Frostbound Hammer,33.36895037827028,0.5829596412556054,Frostbound Hammer,1.450823929490012,2.5346071358939364
Frostbound Hammer,33.36895037827028,0.5829596412556054,Pestilence,17.379142477569857,0.5922330097087378,Pestilence,0.8083322082590632,2.754572138180176
Death's Toll,1.675714772754964,0.44329896907216493,The Executioner,15.155088989203183,0.631578947368421,Winged Blade,0.769516328425884,3.3716885202033717
Bulwark of Hope,6.658848202605171,0.5446428571428571,Winged Blade,14.236052075878854,0.6237623762376238,The Executioner,0.6735595106312526,2.807017543859649
Witchblade,-13.658543057013958,0.5142857142857142,Warrior Tabi,8.969261786146436,0.5033377837116155,Warrior Tabi,0.5786620507191249,3.2473405400749384
