Relics_most_pop,Relics_most_pop_L2,Relics_most_pop_winrate,Relics_most_pop_wr_paired,Relics_L2,Relics_L2_coef,Relics_L2_winrate,Relics_L2_wr_paired
Teleport,-2.2648744360394377,0.46635182998819363,1.0,Curse,7.122953253286367,0.518918918918919,1.0
Meditation,4.993243340399969,0.49748743718592964,,Shell,5.934492144880526,0.5396825396825397,
