,recommendations,win_rate,win_rate_per_cost
Starter Item,Death's Toll,,
Boots,Warrior Tabi,0.4993757802746567,3.38445267054
Item2,Frostbound Hammer,0.5596153846153846,2.28082679971
Item3,Witchblade,0.5864661654135338,2.55897640944
Item4,Bulwark of Hope,0.5245901639344263,2.07758480766
Item5,Qin's Sais,0.586466165414,2.30669265757
Item6,Mantle of Discord,0.611111111111,1.97132616487
Relic1,Sprint,0.573529411765,
Relic2,Teleport,0.507803121248,
