Items_most_pop,Items_most_pop_L2,Items_most_pop_winrate,Items_L2,Items_L2_coef,Items_L2_winrate,Items_gold_adjusted_L2,Items_gold_adjusted_L2_coef,Items_gold_adjusted_L2_winrate
Warrior Tabi,16.225198931429457,0.48313090418353577,Qin's Sais,29.961319602871235,0.5902439024390244,Qin's Sais,1.1096785038100458,2.1860885275519424
Frostbound Hammer,21.911858437563723,0.5257270693512305,Frostbound Hammer,21.911858437563723,0.5257270693512305,Warrior Tabi,1.0467870278341584,3.11697357537765
Breastplate of Valor,7.47984073259825,0.48642533936651583,Mantle of Discord,20.352455579806904,0.5887096774193549,Frostbound Hammer,0.9526894972853793,2.28576986674448
Death's Toll,7.122229498359936,0.4307692307692308,Warrior Tabi,16.225198931429457,0.48313090418353577,Ichaival,0.7196547284072218,2.9820261437908497
Qin's Sais,29.961319602871235,0.5902439024390244,Ichaival,12.234130382922768,0.5069444444444444,Mantle of Discord,0.6565308251550613,1.8990634755463058
Witchblade,2.334605346710795,0.484375,Winged Blade,8.984110908111258,0.5490196078431373,Winged Blade,0.4856276166546626,2.96767355590885
