Items_most_pop,Items_most_pop_L2,Items_most_pop_winrate,Items_L2,Items_L2_coef,Items_L2_winrate,Items_gold_adjusted_L2,Items_gold_adjusted_L2_coef,Items_gold_adjusted_L2_winrate
Warrior Tabi,205.32498365734875,0.4448979591836735,Warrior Tabi,205.32498365734875,0.4448979591836735,Warrior Tabi,13.24677313918379,2.870309414088216
Frostbound Hammer,7.707504543442173,0.5033112582781457,Ninja Tabi,89.44138088129087,0.40425531914893614,Ninja Tabi,5.96275872541939,2.6950354609929077
Breastplate of Valor,-160.10181018517503,0.4527027027027027,The Executioner,86.49845638263713,0.5588235294117647,The Executioner,3.8443758392283165,2.4836601307189543
Death's Toll,-48.71917155084917,0.4011299435028249,Frostbound Hammer,7.707504543442173,0.5033112582781457,Frostbound Hammer,0.3351088931931379,2.1883098186006333
Bulwark of Hope,-146.38493088320268,0.45,Jotunn's Wrath,-20.63102679367771,0.45348837209302323,Mantle of Discord,-0.8300701521747339,1.8095987411487018
Qin's Sais,-29.153092008794285,0.5611510791366906,Mantle of Discord,-25.73217471741675,0.5609756097560976,Jotunn's Wrath,-0.8455338849867914,1.858558902020587
