,recommendations,win_rate,win_rate_per_cost
Starter Item,Death's Toll,,
Boots,Ninja Tabi,0.552325581395,4.05797101449
Item2,Qin's Sais,0.5523255813953488,1.61111111111
Item3,Frostbound Hammer,0.5,1.89130434783
Item4,Witchblade,0.4948453608247423,2.12195121951
Item5,Pestilence,0.543209876543,2.52655756532
Item6,Mantle of Discord,0.53488372093,1.72543135784
Relic1,Meditation,0.541984732824,
Relic2,Relic,0.448275862069,
