,recommendations,win_rate,win_rate_per_cost
Starter Item,Death's Toll,,
Boots,Ninja Tabi,0.628099173554,3.89513108614
Item2,Bulwark of Hope,0.5505050505050505,1.83022153306
Item3,Frostbound Hammer,0.49709864603481624,2.00926494391
Item4,Witchblade,0.4818181818181818,2.25429725414
Item5,Mantle of Discord,0.573770491803,2.0261263663
Item6,Qin's Sais,0.550505050505,2.12507589557
Relic1,Meditation,0.546875,
Relic2,Shell,0.553191489362,
