,recommendations,win_rate,win_rate_per_cost
Starter Item,Death's Toll,,
Boots,Ninja Tabi,0.486301369863,3.47222222222
Item2,Ichaival,0.5164835164835165,2.62443438914
Item3,Asi,0.4863013698630137,2.50648228176
Item4,Qin's Sais,0.48201438848920863,1.65242165242
Item5,The Executioner,0.482014388489,2.24836601307
Item6,Deathbringer,0.505882352941,1.6875
Relic1,Sprint,0.541666666667,
Relic2,Sanctuary,0.461224489796,
