,recommendations,win_rate,win_rate_per_cost
Starter Item,Death's Toll,,
Boots,Ninja Tabi,0.515625,3.4375
Item2,Qin's Sais,0.53125,1.78389398573
Item3,Transcendence,0.49333333333333335,1.85250529287
Item4,Asi,0.4878048780487805,2.70590660757
Item5,Deathbringer,0.611111111111,1.90972222222
Item6,Rage,0.568,2.40610328638
Relic1,Sprint,0.5,
Relic2,Purification,0.479233226837,
