Items_most_pop,Items_most_pop_L2,Items_most_pop_winrate,Items_L2,Items_L2_coef,Items_L2_winrate,Items_gold_adjusted_L2,Items_gold_adjusted_L2_coef,Items_gold_adjusted_L2_winrate
Warrior Tabi,-1.9609642680247077,0.5115511551155115,Qin's Sais,17.83513274303901,0.615819209039548,Qin's Sais,0.6605604719644078,2.2808118853316595
Transcendence,0.5939520186135147,0.5145228215767634,Deathbringer,13.108742125844678,0.6629213483146067,Wind Demon,0.44581943862777584,2.648171500630517
Qin's Sais,17.83513274303901,0.615819209039548,Wind Demon,11.591305404322172,0.6885245901639344,Deathbringer,0.4096481914326462,2.071629213483146
Asi,4.2430449227390135,0.5502958579881657,The Executioner,5.05798436458518,0.5764705882352941,Asi,0.23837331026623673,3.091549763978459
Ichaival,0.26682372782320063,0.5188679245283019,Asi,4.2430449227390135,0.5502958579881657,The Executioner,0.22479930509267468,2.5620915032679736
Deathbringer,13.108742125844678,0.6629213483146067,Hastened Fatalis,3.989510851320124,0.5641025641025641,Hastened Fatalis,0.18642574071589363,2.635993290198898
