,recommendations,win_rate,win_rate_per_cost
Starter Item,Death's Toll,,
Boots,Ninja Tabi,0.586206896552,3.57142857143
Item2,Qin's Sais,0.6610169491525424,2.44821092279
Item3,Asi,0.532258064516129,3.71357836603
Item4,The Executioner,0.532258064516129,2.93785310734
Item5,Wind Demon,0.72,2.76923076923
Item6,Titan's Bane,0.75,3.65853658537
Relic1,Sanctuary,0.530973451327,
Relic2,Sprint,0.526315789474,
