Items_most_pop,Items_most_pop_L2,Items_most_pop_winrate,Items_L2,Items_L2_coef,Items_L2_winrate,Items_gold_adjusted_L2,Items_gold_adjusted_L2_coef,Items_gold_adjusted_L2_winrate
Warrior Tabi,1.2707846918997256,0.48466257668711654,Deathbringer,3.306334219628826,0.5576923076923077,Hastened Fatalis,0.11810889141131112,2.548853016142736
Transcendence,0.6570794981692392,0.48091603053435117,Hastened Fatalis,2.5275302762020577,0.5454545454545454,Deathbringer,0.10332294436340081,1.7427884615384615
Qin's Sais,-0.7669754555744963,0.4642857142857143,Wind Demon,1.7449585621270465,0.5517241379310345,Soul Eater,0.0828352430649726,2.857142857142857
Asi,-0.030572701496433322,0.475,Soul Eater,1.6567048612994522,0.5714285714285714,Warrior Tabi,0.081986109154821,3.1268553334652682
The Executioner,-5.787287951404975,0.35,Warrior Tabi,1.2707846918997256,0.48466257668711654,Wind Demon,0.06711379085104026,2.1220159151193636
Titan's Bane,-0.7007588884379192,0.46296296296296297,Transcendence,0.6570794981692392,0.48091603053435117,Ichaival,0.0308992266159235,2.883506343713956
