,recommendations,win_rate,win_rate_per_cost
Starter Item,Death's Toll,,
Boots,Warrior Tabi,0.475,3.6866359447
Item2,Hastened Fatalis,0.5714285714285714,2.67022696929
Item3,The Executioner,0.5686274509803921,2.53968253968
Item4,Qin's Sais,0.5263157894736842,2.1164021164
Item5,Soul Eater,0.555555555556,2.77777777778
Item6,Deathbringer,0.540540540541,1.68918918919
Relic1,Purification,0.493827160494,
Relic2,Teleport,0.666666666667,
