Relics_most_pop,Relics_most_pop_L2,Relics_most_pop_winrate,Relics_most_pop_wr_paired,Relics_L2,Relics_L2_coef,Relics_L2_winrate,Relics_L2_wr_paired
Purification,-6.850013261302124,0.4496124031007752,0.588235294118,Sprint,8.214189856267165,0.5416666666666666,0.588235294118
Sanctuary,-0.7288410518834346,0.46122448979591835,,Sanctuary,-0.7288410518834346,0.46122448979591835,
