Relics_most_pop,Relics_most_pop_L2,Relics_most_pop_winrate,Relics_most_pop_wr_paired,Relics_L2,Relics_L2_coef,Relics_L2_winrate,Relics_L2_wr_paired
Purification,2.6150040791198066,0.5573770491803278,0.785714285714,Purification,2.6150040791198066,0.5573770491803278,0.785714285714
Sanctuary,-0.3959690923595882,0.5135135135135135,,Sprint,1.2001242303875983,0.5806451612903226,
