,recommendations,win_rate,win_rate_per_cost
Starter Item,Death's Toll,,
Boots,Warrior Tabi,0.528169014084507,3.70624571036
Item2,Qin's Sais,0.6842105263157895,2.12765957447
Item3,Transcendence,0.5689655172413793,2.20949263502
Item4,Asi,0.5857142857142857,3.22734879273
Item5,Titan's Bane,0.682926829268,3.33135038667
Item6,Deathbringer,0.69696969697,2.17803030303
Relic1,Sprint,0.65,
Relic2,Sanctuary,0.551181102362,
