,recommendations,win_rate,win_rate_per_cost
Starter Item,Soul Stone,,
Boots,Shoes of Focus,0.714285714286,3.7037037037
Item2,Gem of Isolation,0.5757575757575758,2.05761316872
Item3,Book of Thoth,0.5466666666666666,2.0964360587
Item4,Warlock's Sash,0.5333333333333333,2.0964360587
Item5,Spear of the Magus,0.575757575758,3.32225913621
Item6,Breastplate of Valor,0.769230769231,3.34448160535
Relic1,Purification,0.532710280374,
Relic2,Sprint,0.615384615385,
