Items_most_pop,Items_most_pop_L2,Items_most_pop_winrate,Items_L2,Items_L2_coef,Items_L2_winrate,Items_gold_adjusted_L2,Items_gold_adjusted_L2_coef,Items_gold_adjusted_L2_winrate
Warlock's Sash,-0.019284787901259336,0.47297297297297297,Soul Reaver,9.621240327523634e-05,0.5,Soul Reaver,3.2725307236474946e-06,1.7006802721088434
Shoes of the Magi,-0.05921088533833896,0.4166666666666667,Spear of the Magus,-0.004817098105363371,0.47368421052631576,Spear of the Magus,-0.0002240510746680638,2.2031823745410035
Obsidian Shard,-0.0742574733071938,0.38461538461538464,Shoes of Focus,-0.009433622859766419,0.48333333333333334,Shoes of Focus,-0.0006289081906510946,3.2222222222222223
Shoes of Focus,-0.009433622859766419,0.48333333333333334,Breastplate of Valor,-0.014905348867400513,0.36363636363636365,Breastplate of Valor,-0.000648058646408718,1.5810276679841897
Book of Thoth,-0.03438853124818509,0.43636363636363634,Warlock's Sash,-0.019284787901259336,0.47297297297297297,Gem of Isolation,-0.0007201611706616751,1.7146776406035664
Gem of Isolation,-0.019444351607865226,0.46296296296296297,Gem of Isolation,-0.019444351607865226,0.46296296296296297,Warlock's Sash,-0.000727727845330541,1.7848036715961244
