,recommendations,win_rate,win_rate_per_cost
Starter Item,Soul Stone,,
Boots,Shoes of the Magi,0.591397849462,3.69623655914
Item2,Book of Thoth,0.6111111111111112,2.05831903945
Item3,Gem of Isolation,0.5568181818181818,2.0202020202
Item4,Warlock's Sash,0.5454545454545454,2.05831903945
Item5,Obsidian Shard,0.5625,2.67290344136
Item6,,0.0,0.0
Relic1,Purification,0.555555555556,
Relic2,Sanctuary,0.541984732824,
