Relics_most_pop,Relics_most_pop_L2,Relics_most_pop_winrate,Relics_most_pop_wr_paired,Relics_L2,Relics_L2_coef,Relics_L2_winrate,Relics_L2_wr_paired
Purification,0.14600690725874427,0.5327102803738317,0.666666666667,Purification,0.14600690725874427,0.5327102803738317,0.666666666667
Sanctuary,-0.07425485018690431,0.48598130841121495,,Sprint,0.13050671833813493,0.6153846153846154,
