,recommendations,win_rate,win_rate_per_cost
Starter Item,Soul Stone,,
Boots,Shoes of Focus,0.4915254237288136,2.80701754386
Item2,Gem of Isolation,0.5285714285714286,1.55945419103
Item3,Warlock's Sash,0.5223880597014925,1.58887785501
Item4,Obsidian Shard,0.42105263157894735,2.05391527599
Item5,Rod of Tahuti,0.666666666667,2.00803212851
Item6,Divine Ruin,0.857142857143,3.663003663
Relic1,Meditation,0.636363636364,
Relic2,Sprint,0.51724137931,
