,recommendations,win_rate,win_rate_per_cost
Starter Item,Bumba's Mask,,
Boots,Titan's Bane,0.654320987654321,2.97228778739
Item2,Hydra's Lament,0.6101694915254238,2.83404184379
Item3,Jotunn's Wrath,0.5875331564986738,2.4972090017
Item4,Acorn of Yggdrasil,0.5711159737417943,3.8082437276
Item5,Brawler's Beat Stick,0.587533156499,2.76741293532
Item6,Transcendence,0.611940298507,2.35361653272
Relic1,Teleport,0.678571428571,
Relic2,Blink,0.6875,
