Items_most_pop,Items_most_pop_L2,Items_most_pop_winrate,Items_L2,Items_L2_coef,Items_L2_winrate,Items_gold_adjusted_L2,Items_gold_adjusted_L2_coef,Items_gold_adjusted_L2_winrate
Acorn of Yggdrasil,6.2217127721280905,0.5726027397260274,Titan's Bane,10.878436754700846,0.6205128205128205,Titan's Bane,0.5306554514488218,3.026891807379612
Jotunn's Wrath,3.702702073350233,0.5714285714285714,Acorn of Yggdrasil,6.2217127721280905,0.5726027397260274,Acorn of Yggdrasil,0.38885704825800566,3.578767123287671
Titan's Bane,10.878436754700846,0.6205128205128205,Bloodforge,5.723837755539724,0.6530612244897959,Bloodforge,0.200836412475078,2.291442892946652
Hydra's Lament,-6.968378672976912,0.5197368421052632,Brawler's Beat Stick,3.923730744563924,0.6063829787234043,Winged Blade,0.16985030175246527,3.6855036855036856
Bumba's Mask,0.4920537231119716,0.5460526315789473,Jotunn's Wrath,3.702702073350233,0.5714285714285714,Brawler's Beat Stick,0.16348878102349682,2.526595744680851
Void Shield,-6.122000252661496,0.5259259259259259,Transcendence,3.1772602380567068,0.6538461538461539,Jotunn's Wrath,0.1517500849733702,2.34192037470726
