Items_most_pop,Items_most_pop_L2,Items_most_pop_winrate,Items_L2,Items_L2_coef,Items_L2_winrate,Items_gold_adjusted_L2,Items_gold_adjusted_L2_coef,Items_gold_adjusted_L2_winrate
Acorn of Yggdrasil,1.4601971694299605,0.5339805825242718,Bloodforge,3.4313934122677914,0.7368421052631579,Hydra's Lament,0.12553674065846196,2.8727770177838576
Jotunn's Wrath,-1.26521879467301,0.5,Bulwark of Hope,2.7053226190745603,0.7692307692307693,Bloodforge,0.12039976885150146,2.5854108956602033
Titan's Bane,2.3584655596953055,0.5740740740740741,Hydra's Lament,2.6990399241569323,0.6176470588235294,Titan's Bane,0.11504710047294174,2.8003613369467026
Bumba's Mask,0.9001898690740393,0.5384615384615384,Titan's Bane,2.3584655596953055,0.5740740740740741,Bulwark of Hope,0.10714148986433902,3.0464584920030466
Hydra's Lament,2.6990399241569323,0.6176470588235294,Breastplate of Valor,2.339731516265371,0.75,Breastplate of Valor,0.10172745722892917,3.260869565217391
Brawler's Beat Stick,0.2769350130562089,0.5333333333333333,Transcendence,1.613409163584432,0.75,Acorn of Yggdrasil,0.09126232308937253,3.337378640776699
