,recommendations,win_rate,win_rate_per_cost
Starter Item,Bumba's Mask,,
Boots,Acorn of Yggdrasil,0.5582163501238646,3.61211031175
Item2,Hydra's Lament,0.5779376498800959,2.68808209247
Item3,Titan's Bane,0.5856515373352855,2.8192080482
Item4,Jotunn's Wrath,0.5613861386138614,2.36859692574
Item5,Winged Blade,0.630662020906,3.69022869023
Item6,Brawler's Beat Stick,0.616564417178,2.56901840491
Relic1,Wrath,0.565028901734,
Relic2,Curse,0.6,
