Items_most_pop,Items_most_pop_L2,Items_most_pop_winrate,Items_L2,Items_L2_coef,Items_L2_winrate,Items_gold_adjusted_L2,Items_gold_adjusted_L2_coef,Items_gold_adjusted_L2_winrate
Acorn of Yggdrasil,0.13140377489700977,0.5062893081761006,Titan's Bane,0.969896001324971,0.5590062111801242,Titan's Bane,0.04731200006463273,2.7268595667323132
Jotunn's Wrath,0.471167129740619,0.5192307692307693,Brawler's Beat Stick,0.560026180209366,0.5662650602409639,Hydra's Lament,0.023848622544167922,2.526062550120289
Titan's Bane,0.969896001324971,0.5590062111801242,Void Shield,0.5140042647311482,0.55,Brawler's Beat Stick,0.02333442417539025,2.359437751004016
Bumba's Mask,-1.0567337807708843,0.43790849673202614,Hydra's Lament,0.5127453846996103,0.5431034482758621,Jotunn's Wrath,0.019310128268058155,2.1279949558638083
Hydra's Lament,0.5127453846996103,0.5431034482758621,Jotunn's Wrath,0.471167129740619,0.5192307692307693,Void Shield,0.019037194990042527,2.037037037037037
Void Shield,0.5140042647311482,0.55,Breastplate of Valor,0.37926393841206196,0.6060606060606061,Breastplate of Valor,0.01648973645269835,2.635046113306983
