,recommendations,win_rate,win_rate_per_cost
Starter Item,Bumba's Mask,,
Boots,Hydra's Lament,0.6104417670682731,2.82809395816
Item2,Jotunn's Wrath,0.589648798521257,2.49196803691
Item3,Titan's Bane,0.608433734939759,2.966049761
Item4,Void Shield,0.6080402010050251,2.25200074446
Item5,Mantle of Discord,0.671428571429,2.16589861751
Item6,Transcendence,0.640449438202,2.51479289941
Relic1,Purification,0.59287054409,
Relic2,Wrath,0.585185185185,
