Relics_most_pop,Relics_most_pop_L2,Relics_most_pop_winrate,Relics_most_pop_wr_paired,Relics_L2,Relics_L2_coef,Relics_L2_winrate,Relics_L2_wr_paired
Purification,8.311456227880536,0.548361310951239,0.620689655172,Purification,8.311456227880536,0.548361310951239,0.620689655172
Wrath,7.258016934871975,0.545766590389016,,Blink,8.26257139986977,0.6493506493506493,
