,recommendations,win_rate,win_rate_per_cost
Starter Item,Bumba's Mask,,
Boots,Titan's Bane,0.5434262948207171,2.54534909946
Item2,Void Shield,0.5217965653896962,1.93257987181
Item3,Hydra's Lament,0.5144124168514412,2.42696076925
Item4,Acorn of Yggdrasil,0.4964349376114082,3.26122853369
Item5,Mantle of Discord,0.571955719557,1.85728250244
Item6,Bulwark of Hope,0.543426294821,2.27663484911
Relic1,Relic,0.405594405594,
Relic2,Purification,0.507862550961,
