Items_most_pop,Items_most_pop_L2,Items_most_pop_winrate,Items_L2,Items_L2_coef,Items_L2_winrate,Items_gold_adjusted_L2,Items_gold_adjusted_L2_coef,Items_gold_adjusted_L2_winrate
Acorn of Yggdrasil,2.6455964163073893,0.5317035905271199,Jotunn's Wrath,11.969598694094582,0.5475966069745523,Titan's Bane,0.5589167071520608,2.823397861485778
Jotunn's Wrath,11.969598694094582,0.5475966069745523,Titan's Bane,11.457792496617248,0.5787965616045845,Jotunn's Wrath,0.4905573235284665,2.2442483892399685
Titan's Bane,11.457792496617248,0.5787965616045845,Mantle of Discord,9.110807223088218,0.6,Winged Blade,0.39115910532586146,3.4278180619644036
Hydra's Lament,7.952748544716058,0.5537190082644629,Hydra's Lament,7.952748544716058,0.5537190082644629,Hydra's Lament,0.36989528114958414,2.5754372477416876
Bumba's Mask,-8.458755542386022,0.4678030303030303,Bulwark of Hope,7.824570410408882,0.6363636363636364,Bulwark of Hope,0.3098839766498567,2.5202520252025202
Void Shield,-2.2926677831167477,0.5296912114014252,Winged Blade,7.236443448528437,0.6341463414634146,Mantle of Discord,0.2938970071963941,1.935483870967742
