,recommendations,win_rate,win_rate_per_cost
Starter Item,Bumba's Mask,,
Boots,Titan's Bane,0.6606060606060606,2.56739409499
Item2,Hydra's Lament,0.6228070175438597,2.44798041616
Item3,Jotunn's Wrath,0.5720338983050848,2.15703192407
Item4,Bumba's Mask,0.5317460317460317,6.57894736842
Item5,Brawler's Beat Stick,0.622807017544,2.75974025974
Item6,Mantle of Discord,0.666666666667,2.15053763441
Relic1,Purification,0.589622641509,
Relic2,Wrath,0.585185185185,
