,recommendations,win_rate,win_rate_per_cost
Starter Item,Bumba's Mask,,
Boots,Hydra's Lament,0.5672009864364982,2.67494794791
Item2,Titan's Bane,0.5866177818515124,2.80543321366
Item3,Void Shield,0.575113808801214,2.13005114371
Item4,Acorn of Yggdrasil,0.5377405032067094,3.59446130501
Item5,Brawler's Beat Stick,0.604982206406,2.52075919336
Item6,Bulwark of Hope,0.567200986436,2.52475247525
Relic1,Blink,0.615384615385,
Relic2,Sprint,0.572519083969,
