Relics_most_pop,Relics_most_pop_L2,Relics_most_pop_winrate,Relics_most_pop_wr_paired,Relics_L2,Relics_L2_coef,Relics_L2_winrate,Relics_L2_wr_paired
Purification,0.17509453446029424,0.59375,0.645569620253,Purification,0.17509453446029424,0.59375,0.645569620253
Wrath,0.11157373222435414,0.583941605839416,,Wrath,0.11157373222435414,0.583941605839416,
