Items_most_pop,Items_most_pop_L2,Items_most_pop_winrate,Items_L2,Items_L2_coef,Items_L2_winrate,Items_gold_adjusted_L2,Items_gold_adjusted_L2_coef,Items_gold_adjusted_L2_winrate
Acorn of Yggdrasil,16.091592483341945,0.6730987514188422,Titan's Bane,17.760442867904,0.7217391304347827,Acorn of Yggdrasil,1.0057245302088718,4.206867196367764
Jotunn's Wrath,14.943079438138012,0.6853146853146853,Acorn of Yggdrasil,16.091592483341945,0.6730987514188422,Titan's Bane,0.8663630667270245,3.52067868504772
Titan's Bane,17.760442867904,0.7217391304347827,Jotunn's Wrath,14.943079438138012,0.6853146853146853,Jotunn's Wrath,0.6124212884482793,2.8086667430929726
Bumba's Mask,-8.563281014082232,0.601078167115903,Mantle of Discord,12.02892060429598,0.7403846153846154,Brawler's Beat Stick,0.5000436393372816,3.017832647462277
Hydra's Lament,3.89720666431446,0.6755952380952381,Brawler's Beat Stick,12.00104734409476,0.7242798353909465,Mantle of Discord,0.3880296969127735,2.3883374689826304
Void Shield,7.50881944347876,0.6941580756013745,Bloodforge,10.436708914376714,0.743801652892562,Bloodforge,0.3662003127851479,2.609830361026533
