,recommendations,win_rate,win_rate_per_cost
Starter Item,Death's Toll,,
Boots,Warrior Tabi,0.48770491803278687,2.88624787776
Item2,Breastplate of Valor,0.5099009900990099,1.94508009153
Item3,Qin's Sais,0.5465116279069767,1.65692007797
Item4,Frostbound Hammer,0.47619047619047616,1.94508009153
Item5,Ichaival,0.6875,4.04411764706
Item6,Hide of the Urchin,0.605263157895,2.52192982456
Relic1,Relic,0.6,
Relic2,Meditation,0.5,
