,recommendations,win_rate,win_rate_per_cost
Starter Item,Death's Toll,,
Boots,Warrior Tabi,0.4661529994496423,3.24961314129
Item2,Qin's Sais,0.5725429017160687,1.86551865519
Item3,Witchblade,0.503690036900369,2.45702457025
Item4,Frostbound Hammer,0.5027881040892194,2.18995668218
Item5,Ichaival,0.583596214511,3.31154684096
Item6,Mantle of Discord,0.562962962963,1.88256843391
Relic1,Wrath,0.553191489362,
Relic2,Relic,0.402877697842,
