,recommendations,win_rate,win_rate_per_cost
Starter Item,Death's Toll,,
Boots,Warrior Tabi,0.41317365269461076,3.09139784946
Item2,Frostbound Hammer,0.4897959183673469,2.08333333333
Item3,Qin's Sais,0.48,1.77469135802
Item4,Pestilence,0.4791666666666667,2.22868217054
Item5,Mantle of Discord,0.489795918367,2.22469410456
Item6,Winged Blade,0.510638297872,2.87162162162
Relic1,Shell,0.615384615385,
Relic2,Relic,0.384615384615,
