,recommendations,win_rate,win_rate_per_cost
Starter Item,Death's Toll,,
Boots,Warrior Tabi,0.583333333333,3.08700238743
Item2,Qin's Sais,0.5521739130434783,1.68419448255
Item3,Witchblade,0.4852941176470588,2.21820736726
Item4,Frostbound Hammer,0.45722713864306785,1.97709787082
Item5,Ichaival,0.552173913043,3.43137254902
Item6,Hide of the Urchin,0.478485370052,2.36111111111
Relic1,Curse,0.518518518519,
Relic2,Shell,0.6,
