Relics_most_pop,Relics_most_pop_L2,Relics_most_pop_winrate,Relics_most_pop_wr_paired,Relics_L2,Relics_L2_coef,Relics_L2_winrate,Relics_L2_wr_paired
Teleport,59.04850115169186,0.4197952218430034,0.75,Teleport,59.04850115169186,0.4197952218430034,0.75
Curse,-22.73426628291408,0.4388888888888889,,Wrath,30.625633045416624,0.46153846153846156,
