Relics_most_pop,Relics_most_pop_L2,Relics_most_pop_winrate,Relics_most_pop_wr_paired,Relics_L2,Relics_L2_coef,Relics_L2_winrate,Relics_L2_wr_paired
Teleport,7.12632681849991,0.5491803278688525,0.586206896552,Teleport,7.12632681849991,0.5491803278688525,0.586206896552
Curse,-0.27551625356356896,0.5476190476190477,,Meditation,2.9701561574149755,0.5591397849462365,
