Items_most_pop,Items_most_pop_L2,Items_most_pop_winrate,Items_L2,Items_L2_coef,Items_L2_winrate,Items_gold_adjusted_L2,Items_gold_adjusted_L2_coef,Items_gold_adjusted_L2_winrate
Warrior Tabi,7.358578349464359,0.5658682634730539,Frostbound Hammer,9.106684079256254,0.6009852216748769,Warrior Tabi,0.47474699028802314,3.650762990148735
Breastplate of Valor,0.6871288737582575,0.5480427046263345,Warrior Tabi,7.358578349464359,0.5658682634730539,Frostbound Hammer,0.3959427860546198,2.6129792246733774
Frostbound Hammer,9.106684079256254,0.6009852216748769,Brawler's Beat Stick,6.764691463534247,0.8,Winged Blade,0.3574901711000588,3.7162162162162162
Qin's Sais,5.846657868755919,0.5939849624060151,Winged Blade,6.613568165351088,0.6875,Brawler's Beat Stick,0.281862144313927,3.3333333333333335
Death's Toll,-5.265939559164987,0.47619047619047616,Qin's Sais,5.846657868755919,0.5939849624060151,Pestilence,0.2277875338621995,2.783072817384674
Pestilence,4.897431978037289,0.5983606557377049,Pestilence,4.897431978037289,0.5983606557377049,Qin's Sais,0.21654288402799698,2.199944305207463
