Items_most_pop,Items_most_pop_L2,Items_most_pop_winrate,Items_L2,Items_L2_coef,Items_L2_winrate,Items_gold_adjusted_L2,Items_gold_adjusted_L2_coef,Items_gold_adjusted_L2_winrate
Warrior Tabi,-1.0544102408636706,0.45652173913043476,Qin's Sais,24.164136528912707,0.589041095890411,Qin's Sais,0.8949680195893595,2.1816336884830037
Breastplate of Valor,-0.8541328343387053,0.4573643410852713,Hide of the Urchin,17.32400724652169,0.6428571428571429,Hide of the Urchin,0.721833635271737,2.6785714285714284
Frostbound Hammer,3.3508570457586475,0.48936170212765956,Mantle of Discord,12.206233552076561,0.6363636363636364,Mantle of Discord,0.3937494694218246,2.0527859237536656
Witchblade,-9.41790227618936,0.4418604651162791,Frostbound Hammer,3.3508570457586475,0.48936170212765956,Ichaival,0.15920881644237722,3.1372549019607843
Death's Toll,-11.486826603088467,0.38666666666666666,Hide of the Nemean Lion,3.0847220552668464,0.4782608695652174,Frostbound Hammer,0.14568943677211513,2.127659574468085
Qin's Sais,24.164136528912707,0.589041095890411,Ichaival,2.706549879520413,0.5333333333333333,Hide of the Nemean Lion,0.14021463887576577,2.1739130434782608
