Relics_most_pop,Relics_most_pop_L2,Relics_most_pop_winrate,Relics_most_pop_wr_paired,Relics_L2,Relics_L2_coef,Relics_L2_winrate,Relics_L2_wr_paired
Teleport,-1.5446305060926546,0.4840182648401826,0.0,Relic,7.412103336063764,0.4897959183673469,0.0
Curse,4.958527464143681,0.5128205128205128,,Curse,4.958527464143681,0.5128205128205128,
