Items_most_pop,Items_most_pop_L2,Items_most_pop_winrate,Items_L2,Items_L2_coef,Items_L2_winrate,Items_gold_adjusted_L2,Items_gold_adjusted_L2_coef,Items_gold_adjusted_L2_winrate
Warrior Tabi,6.280797511042854,0.450261780104712,Jotunn's Wrath,19.21583459456794,0.54,Jotunn's Wrath,0.7875342046954075,2.2131147540983607
Breastplate of Valor,-4.961121915004899,0.4420401854714065,Mantle of Discord,18.77019218616309,0.576,Frostbound Hammer,0.7443201263524091,2.183839587055787
Frostbound Hammer,17.11936290610541,0.502283105022831,Frostbound Hammer,17.11936290610541,0.502283105022831,Qin's Sais,0.6066999377458447,1.909521978726131
Qin's Sais,16.380898319137806,0.5155709342560554,Qin's Sais,16.380898319137806,0.5155709342560554,Mantle of Discord,0.60549007052139,1.8580645161290323
Death's Toll,-8.865682137528223,0.38596491228070173,Ichaival,8.930555018372383,0.515625,Ichaival,0.5253267657866107,3.0330882352941178
Bulwark of Hope,-9.74943871371777,0.4576271186440678,Warrior Tabi,6.280797511042854,0.450261780104712,Warrior Tabi,0.40521274264792606,2.904914710352981
