,recommendations,win_rate,win_rate_per_cost
Starter Item,Death's Toll,,
Boots,Warrior Tabi,0.565749235474,3.40240169531
Item2,Frostbound Hammer,0.5657492354740061,2.29292288162
Item3,Qin's Sais,0.5714285714285714,1.95323060287
Item4,Witchblade,0.5401069518716578,2.57254762329
Item5,Ichaival,0.625,3.69357045144
Item6,Mantle of Discord,0.627906976744,2.01612903226
Relic1,Purification,0.602941176471,
Relic2,Shell,0.620689655172,
