Items_most_pop,Items_most_pop_L2,Items_most_pop_winrate,Items_L2,Items_L2_coef,Items_L2_winrate,Items_gold_adjusted_L2,Items_gold_adjusted_L2_coef,Items_gold_adjusted_L2_winrate
Warrior Tabi,2.4629937796830514,0.47577092511013214,Qin's Sais,17.110446708490006,0.5577299412915852,Frostbound Hammer,0.70853576156413,2.3367422727532423
Breastplate of Valor,-4.59370385742144,0.4684354986276304,Frostbound Hammer,16.29632251597499,0.5374507227332457,Qin's Sais,0.6337202484625927,2.065666449228093
Frostbound Hammer,16.29632251597499,0.5374507227332457,Winged Blade,7.693652409529678,0.5592417061611374,Winged Blade,0.4158731032178204,3.022928141411554
Qin's Sais,17.110446708490006,0.5577299412915852,Mantle of Discord,7.563771230578395,0.5746606334841629,Mantle of Discord,0.24399262034123856,1.8537439789811707
Death's Toll,-14.802172655078923,0.38477366255144035,Spirit Robe,4.887170734109408,0.5562913907284768,Spirit Robe,0.1986654769963174,2.261347116782426
Witchblade,2.8659964766242716,0.5024630541871922,Hide of the Urchin,3.6277039116606367,0.5219298245614035,Warrior Tabi,0.15890282449568072,3.0694898394202075
