Items_most_pop,Items_most_pop_L2,Items_most_pop_winrate,Items_L2,Items_L2_coef,Items_L2_winrate,Items_gold_adjusted_L2,Items_gold_adjusted_L2_coef,Items_gold_adjusted_L2_winrate
Warrior Tabi,6.390895848395781,0.525,Qin's Sais,31.998510672127356,0.6116504854368932,Qin's Sais,1.1851300248936056,2.26537216828479
Breastplate of Valor,13.894637342882692,0.535,Hide of the Nemean Lion,22.726497438191153,0.7647058823529411,Hide of the Nemean Lion,1.0330226108268707,3.4759358288770055
Frostbound Hammer,14.019344309373272,0.5540540540540541,Frostbound Hammer,14.019344309373272,0.5540540540540541,Frostbound Hammer,0.6095367091031857,2.408930669800235
Qin's Sais,31.998510672127356,0.6116504854368932,Breastplate of Valor,13.894637342882692,0.535,Breastplate of Valor,0.6041146670818562,2.3260869565217392
Death's Toll,5.915141818936374,0.4777777777777778,Mantle of Discord,8.438105537084512,0.6041666666666666,Warrior Tabi,0.41231586118682456,3.3870967741935485
Witchblade,4.091503233586157,0.4927536231884058,Bulwark of Hope,7.82459569239084,0.5606060606060606,Bulwark of Hope,0.3098849779164689,2.22022202220222
