,recommendations,win_rate,win_rate_per_cost
Starter Item,Death's Toll,,
Boots,Warrior Tabi,0.4557522123893805,2.95698924731
Item2,Frostbound Hammer,0.48507462686567165,1.99275362319
Item3,Breastplate of Valor,0.47368421052631576,1.99275362319
Item4,Death's Toll,0.4065934065934066,5.72916666667
Item5,Jotunn's Wrath,0.589743589744,2.41698192518
Item6,Titan's Bane,0.533333333333,3.25203252033
Relic1,Wrath,0.583333333333,
Relic2,Meditation,0.486486486486,
