,recommendations,win_rate,win_rate_per_cost
Starter Item,Watcher's Gift,,
Boots,Travelers Shoes,0.613065326633,4.71281296024
Item2,Sovereignty,0.6130653266331658,2.57936507937
Item3,Heartward Amulet,0.6228571428571429,2.57936507937
Item4,Hide of the Urchin,0.5816326530612245,2.25694444444
Item5,Winged Blade,0.666666666667,3.69843527738
Item6,Bulwark of Hope,0.684210526316,2.6402640264
Relic1,Sprint,0.612121212121,
Relic2,Meditation,0.566563467492,
