,recommendations,win_rate,win_rate_per_cost
Starter Item,Watcher's Gift,,
Boots,Shoes of Focus,0.45695364238410596,3.58422939068
Item2,Watcher's Gift,0.5231788079470199,6.72043010753
Item3,Hide of the Urchin,0.5376344086021505,2.24014336918
Item4,Heartward Amulet,0.4807692307692308,2.56016385049
Item5,Midgardian Mail,0.5625,2.5
Item6,Bulwark of Hope,0.583333333333,2.3102310231
Relic1,Wrath,0.625,
Relic2,Meditation,0.510869565217,
