Relics_most_pop,Relics_most_pop_L2,Relics_most_pop_winrate,Relics_most_pop_wr_paired,Relics_L2,Relics_L2_coef,Relics_L2_winrate,Relics_L2_wr_paired
Meditation,6.851677348442848,0.5471349353049908,0.583333333333,Meditation,6.851677348442848,0.5471349353049908,0.583333333333
Sprint,-2.1504065051013033,0.5231481481481481,,Wrath,2.6204106213413985,0.6206896551724138,
