Items_most_pop,Items_most_pop_L2,Items_most_pop_winrate,Items_L2,Items_L2_coef,Items_L2_winrate,Items_gold_adjusted_L2,Items_gold_adjusted_L2_coef,Items_gold_adjusted_L2_winrate
Watcher's Gift,4.466089761382943,0.44680851063829785,Pestilence,15.964974874651237,0.5686274509803921,Pestilence,0.742556970914011,2.644778841769266
Shoes of Focus,-11.449118859044301,0.44936708860759494,Reinforced Shoes,10.220787850845415,0.5104166666666666,Reinforced Shoes,0.7300562750603868,3.6458333333333335
Sovereignty,1.1322650248194053,0.4881889763779528,Winged Blade,8.464296425655077,0.5445544554455446,Winged Blade,0.45752953652189604,2.9435375970029436
Breastplate of Valor,-3.9939829029572134,0.4717741935483871,Spirit Robe,7.755909561435077,0.5396825396825397,Travelers Shoes,0.43928554879661613,3.368176538908246
Hide of the Urchin,-0.4526328322942991,0.48582995951417,Bulwark of Hope,6.151317855099054,0.5360824742268041,Spirit Robe,0.3152808764811007,2.193831462124145
Heartward Amulet,-0.9775955181222021,0.48325358851674644,Travelers Shoes,6.149997683152626,0.4715447154471545,Bulwark of Hope,0.24361654871679422,2.1230989078289273
