,recommendations,win_rate,win_rate_per_cost
Starter Item,Watcher's Gift,,
Boots,Reinforced Shoes,0.703296703297,4.24242424242
Item2,Sovereignty,0.5884057971014492,2.46031746032
Item3,Hide of the Urchin,0.5744047619047619,2.15277777778
Item4,Heartward Amulet,0.6047297297297297,2.46031746032
Item5,Mantle of Discord,0.588405797101,2.26869904289
Item6,Bulwark of Hope,0.60472972973,2.4035506999
Relic1,Meditation,0.562913907285,
Relic2,Wrath,0.583333333333,
