Items_most_pop,Items_most_pop_L2,Items_most_pop_winrate,Items_L2,Items_L2_coef,Items_L2_winrate,Items_gold_adjusted_L2,Items_gold_adjusted_L2_coef,Items_gold_adjusted_L2_winrate
Watcher's Gift,17.308059141309162,0.5587529976019184,Sovereignty,37.248686092894985,0.6114649681528662,Sovereignty,1.773746956804523,2.911737943585077
Shoes of Focus,1.6865825233542346,0.5544303797468354,Mantle of Discord,33.3569355431432,0.6966292134831461,Winged Blade,1.5743192407605402,3.6184945275854368
Sovereignty,37.248686092894985,0.6114649681528662,Winged Blade,29.124905954069995,0.6694214876033058,Travelers Shoes,1.3770300701525284,4.359925788497217
Hide of the Urchin,25.63269404921153,0.5909090909090909,Mystical Mail,25.98747723375197,0.7222222222222222,Mantle of Discord,1.0760301788110709,2.247191011235955
Breastplate of Valor,13.797235251187786,0.581081081081081,Hide of the Urchin,25.63269404921153,0.5909090909090909,Hide of the Urchin,1.0680289187171472,2.462121212121212
Heartward Amulet,15.856107011978892,0.6035714285714285,Travelers Shoes,19.278420982135398,0.6103896103896104,Mystical Mail,0.9624991568056285,2.674897119341564
