Relics_most_pop,Relics_most_pop_L2,Relics_most_pop_winrate,Relics_most_pop_wr_paired,Relics_L2,Relics_L2_coef,Relics_L2_winrate,Relics_L2_wr_paired
Meditation,-0.16403082485723666,0.4907539118065434,0.634146341463,Sprint,0.2605659025427777,0.5266457680250783,0.634146341463
Sprint,0.2605659025427777,0.5266457680250783,,Curse,0.14563897113354282,0.5191489361702127,
