Relics_most_pop,Relics_most_pop_L2,Relics_most_pop_winrate,Relics_most_pop_wr_paired,Relics_L2,Relics_L2_coef,Relics_L2_winrate,Relics_L2_wr_paired
Meditation,0.09452806842509193,0.5153846153846153,0.558139534884,Sprint,0.10071843651303386,0.5288135593220339,0.558139534884
Sprint,0.10071843651303386,0.5288135593220339,,Meditation,0.09452806842509193,0.5153846153846153,
