Items_most_pop,Items_most_pop_L2,Items_most_pop_winrate,Items_L2,Items_L2_coef,Items_L2_winrate,Items_gold_adjusted_L2,Items_gold_adjusted_L2_coef,Items_gold_adjusted_L2_winrate
Watcher's Gift,-4.124217207237392,0.468503937007874,Heartward Amulet,6.028210286718832,0.5576923076923077,Heartward Amulet,0.2870576327008968,2.6556776556776556
Shoes of Focus,0.5821451012789663,0.5027932960893855,Sovereignty,4.766669493907645,0.5386702849389416,Winged Blade,0.23300703759299818,3.196971290356504
Sovereignty,4.766669493907645,0.5386702849389416,Winged Blade,4.310630195470466,0.5914396887159533,Sovereignty,0.22698426161464974,2.565096594947341
Hide of the Urchin,2.1659040358859234,0.5140449438202247,Bulwark of Hope,4.138339436821124,0.5683890577507599,Bulwark of Hope,0.16389463116123265,2.251045773270336
Breastplate of Valor,1.0836127736894472,0.5119887165021156,Hide of the Urchin,2.1659040358859234,0.5140449438202247,Hide of the Urchin,0.09024600149524681,2.1418539325842696
Heartward Amulet,6.028210286718832,0.5576923076923077,Mantle of Discord,2.160236673933279,0.5683060109289617,Mantle of Discord,0.0696850539978477,1.8332451965450378
