Relics_most_pop,Relics_most_pop_L2,Relics_most_pop_winrate,Relics_most_pop_wr_paired,Relics_L2,Relics_L2_coef,Relics_L2_winrate,Relics_L2_wr_paired
Meditation,6.806202634198762,0.5351773902585688,0.571111111111,Meditation,6.806202634198762,0.5351773902585688,0.571111111111
Sprint,-1.490619780284421,0.5160875160875161,,Shell,4.8967995304782015,0.559774964838256,
