Items_most_pop,Items_most_pop_L2,Items_most_pop_winrate,Items_L2,Items_L2_coef,Items_L2_winrate,Items_gold_adjusted_L2,Items_gold_adjusted_L2_coef,Items_gold_adjusted_L2_winrate
Watcher's Gift,-0.7995500637254007,0.4489051094890511,Sovereignty,0.81457339473762,0.5610859728506787,Sovereignty,0.03878920927322,2.671837965955613
Shoes of Focus,0.21682133615863772,0.512720156555773,Heartward Amulet,0.7039038189080338,0.5591939546599496,Heartward Amulet,0.03351922947181113,2.6628283555235694
Sovereignty,0.81457339473762,0.5610859728506787,Winged Blade,0.43613478514369275,0.6,Winged Blade,0.02357485325101042,3.2432432432432434
Hide of the Urchin,0.1490697412048987,0.5106382978723404,Mantle of Discord,0.302386793430689,0.5925925925925926,Shoes of Focus,0.014454755743909182,3.4181343770384864
Heartward Amulet,0.7039038189080338,0.5591939546599496,Breastplate of Valor,0.2719539734545561,0.5230352303523035,Breastplate of Valor,0.011824085802372004,2.2740662189230587
Breastplate of Valor,0.2719539734545561,0.5230352303523035,Shoes of Focus,0.21682133615863772,0.512720156555773,Mantle of Discord,0.009754412691312551,1.911589008363202
