Relics_most_pop,Relics_most_pop_L2,Relics_most_pop_winrate,Relics_most_pop_wr_paired,Relics_L2,Relics_L2_coef,Relics_L2_winrate,Relics_L2_wr_paired
Meditation,1.7976572417165673,0.6072727272727273,1.0,Sprint,9.760426057214993,0.6338028169014085,1.0
Shell,-8.913795018950083,0.5833333333333334,,Wrath,9.468406731275406,0.7857142857142857,
