Items_most_pop,Items_most_pop_L2,Items_most_pop_winrate,Items_L2,Items_L2_coef,Items_L2_winrate,Items_gold_adjusted_L2,Items_gold_adjusted_L2_coef,Items_gold_adjusted_L2_winrate
Watcher's Gift,4.231513081609382,0.4980544747081712,Travelers Shoes,41.71266586663819,0.5932203389830508,Travelers Shoes,2.9794761333312993,4.237288135593221
Shoes of Focus,12.741555897632665,0.4978902953586498,Sovereignty,37.25049913038201,0.5754716981132075,Sovereignty,1.7738332919229527,2.7403414195867026
Sovereignty,37.25049913038201,0.5754716981132075,Pestilence,29.822071618677075,0.5984848484848485,Pestilence,1.3870730985431199,2.783650458069063
Hide of the Urchin,9.081388528808942,0.574585635359116,Winged Blade,22.81666330024047,0.6285714285714286,Winged Blade,1.2333331513643497,3.3976833976833976
Breastplate of Valor,-22.701401015741084,0.5144508670520231,Mantle of Discord,15.844031767505804,0.6229508196721312,Shoes of Focus,0.8494370598421775,3.319268635724332
Heartward Amulet,-32.980486292944775,0.5189873417721519,Shoes of Focus,12.741555897632665,0.4978902953586498,Mantle of Discord,0.5110977989518001,2.0095187731359068
