,recommendations,win_rate,win_rate_per_cost
Starter Item,Watcher's Gift,,
Boots,Reinforced Shoes,0.647435897436,4.91071428571
Item2,Hide of the Urchin,0.6722222222222223,2.80092592593
Item3,Breastplate of Valor,0.66875,2.92270531401
Item4,Sovereignty,0.6474358974358975,3.20105820106
Item5,Spirit Robe,0.707692307692,3.02514653054
Item6,Heartward Amulet,0.6451612903225806,3.07219662058
Relic1,Meditation,0.629893238434,
Relic2,Sprint,0.661971830986,
