,recommendations,win_rate,win_rate_per_cost
Starter Item,Watcher's Gift,,
Boots,Shoes of Focus,0.49142857142857144,3.72634643377
Item2,Sovereignty,0.5672727272727273,2.66167602412
Item3,Heartward Amulet,0.5589519650655022,2.66167602412
Item4,Hide of the Urchin,0.516245487364621,2.32896652111
Item5,Winged Blade,0.611764705882,3.0233623454
Item6,Mantle of Discord,0.559322033898,1.9734345351
Relic1,Curse,0.541062801932,
Relic2,Sprint,0.533333333333,
