Items_most_pop,Items_most_pop_L2,Items_most_pop_winrate,Items_L2,Items_L2_coef,Items_L2_winrate,Items_gold_adjusted_L2,Items_gold_adjusted_L2_coef,Items_gold_adjusted_L2_winrate
Breastplate of Valor,-13.554876148837733,0.4606741573033708,Void Stone,39.31933037358009,0.6170212765957447,Void Stone,1.7872422897081859,2.804642166344294
Shoes of Focus,-0.3991654235255396,0.4875,Mantle of Discord,36.21224683969043,0.6129032258064516,Sovereignty,1.2598134094941407,2.6315789473684212
Hide of the Urchin,-27.965353425448125,0.43859649122807015,Sovereignty,26.45608159937695,0.5526315789473685,Mantle of Discord,1.1681369948287237,1.9771071800208118
Shoes of the Magi,-9.64331653128642,0.46,Gem of Isolation,19.56383888697078,0.5909090909090909,Travelers Shoes,1.0646883337512612,4.285714285714286
Watcher's Gift,29.203955493461365,0.5208333333333334,Travelers Shoes,14.905636672517655,0.6,Gem of Isolation,0.7245866254433623,2.1885521885521886
Void Stone,39.31933037358009,0.6170212765957447,Pestilence,9.339792470694617,0.5294117647058824,Reinforced Shoes,0.4711497651674381,3.4285714285714284
