Items_most_pop,Items_most_pop_L2,Items_most_pop_winrate,Items_L2,Items_L2_coef,Items_L2_winrate,Items_gold_adjusted_L2,Items_gold_adjusted_L2_coef,Items_gold_adjusted_L2_winrate
Breastplate of Valor,15.463535438956042,0.5595854922279793,Mystical Mail,17.468024478947417,0.6666666666666666,Breastplate of Valor,0.6723276277806974,2.432980400991214
Shoes of Focus,5.8237015338596185,0.5268817204301075,Breastplate of Valor,15.463535438956042,0.5595854922279793,Mystical Mail,0.646963869590645,2.4691358024691357
Hide of the Urchin,8.979417325807278,0.5448275862068965,Mantle of Discord,10.056557236330793,0.6086956521739131,Shoes of Focus,0.38824676892397453,3.5125448028673834
Void Stone,-3.2378626262567427,0.5,Hide of the Urchin,8.979417325807278,0.5448275862068965,Hide of the Urchin,0.37414238857530324,2.2701149425287355
Shoes of the Magi,-4.12080429617617,0.4745762711864407,Sovereignty,7.403352481932873,0.5473684210526316,Sovereignty,0.3525405943777559,2.606516290726817
Watcher's Gift,-5.196700931800819,0.45689655172413796,Shoes of Focus,5.8237015338596185,0.5268817204301075,Mantle of Discord,0.324405072139703,1.9635343618513323
