,recommendations,win_rate,win_rate_per_cost
Starter Item,Watcher's Gift,,
Boots,Reinforced Shoes,0.663366336634,4.2471042471
Item2,Breastplate of Valor,0.557632398753894,2.35940050453
Item3,Void Stone,0.6012269938650306,2.466645982
Item4,Hide of the Urchin,0.5502008032128514,2.26109215017
Item5,Sovereignty,0.626016260163,2.9810298103
Item6,Heartward Amulet,0.612903225806,2.91858678955
Relic1,Shell,0.647727272727,
Relic2,Curse,0.556390977444,
