Relics_most_pop,Relics_most_pop_L2,Relics_most_pop_winrate,Relics_most_pop_wr_paired,Relics_L2,Relics_L2_coef,Relics_L2_winrate,Relics_L2_wr_paired
Meditation,5.91282425384501,0.5472222222222223,0.6375,Blink,8.71428449337868,0.5852534562211982,0.6375
Teleport,-7.350740246320727,0.4727272727272727,,Meditation,5.91282425384501,0.5472222222222223,
