,recommendations,win_rate,win_rate_per_cost
Starter Item,Watcher's Gift,,
Boots,Shoes of Focus,0.509433962264,3.29896907216
Item2,Void Stone,0.532258064516129,2.24071702945
Item3,Hide of the Urchin,0.49295774647887325,2.05399061033
Item4,Watcher's Gift,0.44776119402985076,6.16197183099
Item5,Sovereignty,0.59375,2.63424518744
Item6,Gem of Isolation,0.532258064516,2.19907407407
Relic1,Blink,0.507042253521,
Relic2,Meditation,0.482142857143,
