,recommendations,win_rate,win_rate_per_cost
Starter Item,Watcher's Gift,,
Boots,Shoes of the Magi,0.4915254237288136,3.15789473684
Item2,Hide of the Urchin,0.518796992481203,2.10526315789
Item3,Breastplate of Valor,0.4948453608247423,2.19679633867
Item4,Void Stone,0.5052631578947369,2.2966507177
Item5,Sovereignty,0.65306122449,2.7822364901
Item6,Spirit Robe,0.584269662921,2.65472042476
Relic1,Meditation,0.557142857143,
Relic2,Wrath,0.64,
