Relics_most_pop,Relics_most_pop_L2,Relics_most_pop_winrate,Relics_most_pop_wr_paired,Relics_L2,Relics_L2_coef,Relics_L2_winrate,Relics_L2_wr_paired
Meditation,5.229297884171906,0.5523012552301255,0.6,Meditation,5.229297884171906,0.5523012552301255,0.6
Teleport,0.6449474466255276,0.5220588235294118,,Curse,4.152317627651088,0.5752212389380531,
