Relics_most_pop,Relics_most_pop_L2,Relics_most_pop_winrate,Relics_most_pop_wr_paired,Relics_L2,Relics_L2_coef,Relics_L2_winrate,Relics_L2_wr_paired
Meditation,-0.16660216501872405,0.5474137931034483,1.0,Curse,8.1774362630421,0.6185567010309279,1.0
Teleport,-3.3688146493163873,0.5272727272727272,,Wrath,5.858754252133848,0.6585365853658537,
