Relics_most_pop,Relics_most_pop_L2,Relics_most_pop_winrate,Relics_most_pop_wr_paired,Relics_L2,Relics_L2_coef,Relics_L2_winrate,Relics_L2_wr_paired
Purification,-7.15366505539074,0.5056947608200456,0.75,Sprint,5.868874550936608,0.5945945945945946,0.75
Sanctuary,-1.4358002731875452,0.5157384987893463,,Teleport,0.3895697942068848,0.5116279069767442,
