Items_most_pop,Items_most_pop_L2,Items_most_pop_winrate,Items_L2,Items_L2_coef,Items_L2_winrate,Items_gold_adjusted_L2,Items_gold_adjusted_L2_coef,Items_gold_adjusted_L2_winrate
Shoes of the Magi,-3.5586701900432685,0.5129770992366413,Rod of Tahuti,17.192514574196114,0.5772646536412078,Warlock's Sash,0.6419716003682729,2.183185136991253
Obsidian Shard,0.36783017207609714,0.5291428571428571,Warlock's Sash,17.012247409759233,0.578544061302682,Rod of Tahuti,0.5178468245239793,1.738748956750626
Polynomicon,6.213925494111436,0.5300146412884333,Telkhines Ring,9.519087170015823,0.5502183406113537,Telkhines Ring,0.44795704329486224,2.5892627793475467
Rod of Tahuti,17.192514574196114,0.5772646536412078,Celestial Legion Helm,9.479350930998867,0.5735294117647058,Celestial Legion Helm,0.41214569265212464,2.493606138107417
Book of Thoth,-11.701420485051647,0.4826325411334552,Chronos' Pendant,7.5185518077750615,0.574468085106383,Chronos' Pendant,0.3132729919906276,2.393617021276596
Soul Stone,7.92233261914782,0.5020833333333333,Polynomicon,6.213925494111436,0.5300146412884333,Polynomicon,0.27017067365701897,2.304411483862754
