Relics_most_pop,Relics_most_pop_L2,Relics_most_pop_winrate,Relics_most_pop_wr_paired,Relics_L2,Relics_L2_coef,Relics_L2_winrate,Relics_L2_wr_paired
Purification,0.061730372800216184,0.5265306122448979,0.534246575342,Sanctuary,0.09671809618778436,0.5413223140495868,0.534246575342
Sanctuary,0.09671809618778436,0.5413223140495868,,Purification,0.061730372800216184,0.5265306122448979,
