Relics_most_pop,Relics_most_pop_L2,Relics_most_pop_winrate,Relics_most_pop_wr_paired,Relics_L2,Relics_L2_coef,Relics_L2_winrate,Relics_L2_wr_paired
Purification,0.3720475442671242,0.5435936315390447,0.558823529412,Relic,7.221835548145607,0.5,0.558823529412
Sanctuary,-8.64102769466511,0.5401284109149278,,Purification,0.3720475442671242,0.5435936315390447,
