Items_most_pop,Items_most_pop_L2,Items_most_pop_winrate,Items_L2,Items_L2_coef,Items_L2_winrate,Items_gold_adjusted_L2,Items_gold_adjusted_L2_coef,Items_gold_adjusted_L2_winrate
Shoes of the Magi,-9.530581465454423,0.49130434782608695,Rod of Tahuti,18.1623037303669,0.6144578313253012,Celestial Legion Helm,0.7228759313792114,3.1055900621118013
Obsidian Shard,8.407404051096078,0.5481481481481482,Celestial Legion Helm,16.62614642172186,0.7142857142857143,Shoes of Focus,0.6567422334063073,4.888888888888889
Polynomicon,-0.46657743448202255,0.5092592592592593,Book of Thoth,10.877520619654504,0.5578947368421052,Rod of Tahuti,0.5470573412761115,1.8507766003774133
Book of Thoth,10.877520619654504,0.5578947368421052,Shoes of Focus,9.851133501094612,0.7333333333333333,Dynasty Plate Helm,0.49714568434120865,3.2563025210084033
Soul Stone,8.158281595987049,0.5287356321839081,Dynasty Plate Helm,8.451476633800548,0.5535714285714286,Book of Thoth,0.4104724762133775,2.1052631578947367
Demonic Grip,-3.8692112320296337,0.4883720930232558,Obsidian Shard,8.407404051096078,0.5481481481481482,Obsidian Shard,0.4101172707851745,2.673893405600723
