Items_most_pop,Items_most_pop_L2,Items_most_pop_winrate,Items_L2,Items_L2_coef,Items_L2_winrate,Items_gold_adjusted_L2,Items_gold_adjusted_L2_coef,Items_gold_adjusted_L2_winrate
Shoes of the Magi,3.378654251781837,0.5145175064047822,Rod of Tahuti,14.106300953692994,0.5762195121951219,Rod of Tahuti,0.42488858294256004,1.735600940346753
Obsidian Shard,5.13247439055725,0.5353403141361257,Warlock's Sash,7.188906192261904,0.5513833992094862,Warlock's Sash,0.2712794789532794,2.080692072488627
Polynomicon,-0.8191656043624422,0.5169281585466556,Obsidian Shard,5.13247439055725,0.5353403141361257,Obsidian Shard,0.2503646044174268,2.611416166517686
Book of Thoth,3.8124866142996345,0.525,Book of Thoth,3.8124866142996345,0.525,Shoes of the Magi,0.21116589073636483,3.215734415029889
Rod of Tahuti,14.106300953692994,0.5762195121951219,Shoes of the Magi,3.378654251781837,0.5145175064047822,Dynasty Plate Helm,0.1882503152046207,3.1412977562158884
Soul Stone,-1.4055609988022193,0.4811218985976268,Dynasty Plate Helm,3.200255358478552,0.534020618556701,Book of Thoth,0.14386741940753336,1.9811320754716981
