,recommendations,win_rate,win_rate_per_cost
Starter Item,Soul Stone,,
Boots,Shoes of the Magi,0.597826086957,3.73641304348
Item2,Obsidian Shard,0.6238532110091743,2.91622481442
Item3,Rod of Tahuti,0.6432,1.80068098481
Item4,Polynomicon,0.6122448979591837,2.59924385633
Item5,Book of Thoth,0.612377850163,2.31085981194
Item6,Telkhines Ring,0.615711252654,2.89746471837
Relic1,Purification,0.602777777778,
Relic2,Sanctuary,0.602593440122,
