Items_most_pop,Items_most_pop_L2,Items_most_pop_winrate,Items_L2,Items_L2_coef,Items_L2_winrate,Items_gold_adjusted_L2,Items_gold_adjusted_L2_coef,Items_gold_adjusted_L2_winrate
Shoes of the Magi,7.127133615087811,0.558567279767667,Rod of Tahuti,21.23162183486095,0.6435185185185185,Rod of Tahuti,0.6395066817729201,1.9383087907184293
Obsidian Shard,0.46196618311316395,0.5672082717872969,Book of Thoth,9.081471181314463,0.5880952380952381,Shoes of the Magi,0.44544585094298816,3.4910454985479187
Polynomicon,0.4898130438119746,0.5591603053435115,Shoes of the Magi,7.127133615087811,0.558567279767667,Book of Thoth,0.34269702570997973,2.219227313566936
Rod of Tahuti,21.23162183486095,0.6435185185185185,Dynasty Plate Helm,2.9254146921567075,0.5707762557077626,Dynasty Plate Helm,0.17208321718568867,3.35750738651625
Book of Thoth,9.081471181314463,0.5880952380952381,Celestial Legion Helm,2.675824258284822,0.5826086956521739,Celestial Legion Helm,0.11634018514281835,2.5330812854442346
Soul Stone,0.5460996601152442,0.5317073170731708,Demonic Grip,2.2381538851407212,0.5673076923076923,Demonic Grip,0.09816464408511935,2.488191632928475
