Items_most_pop,Items_most_pop_L2,Items_most_pop_winrate,Items_L2,Items_L2_coef,Items_L2_winrate,Items_gold_adjusted_L2,Items_gold_adjusted_L2_coef,Items_gold_adjusted_L2_winrate
Shoes of the Magi,1.1668674568796078,0.5978260869565217,Shoes of the Magi,1.1668674568796078,0.5978260869565217,Shoes of the Magi,0.07292921605497549,3.7364130434782608
Obsidian Shard,1.0207926484546537,0.6238532110091743,Obsidian Shard,1.0207926484546537,0.6238532110091743,Obsidian Shard,0.0497947633392514,3.0431863951667038
Polynomicon,0.7276689388973256,0.6122448979591837,Rod of Tahuti,0.7699516561226348,0.6432,Polynomicon,0.03163777995205764,2.6619343389529724
Rod of Tahuti,0.7699516561226348,0.6432,Polynomicon,0.7276689388973256,0.6122448979591837,Rod of Tahuti,0.023191314943452855,1.9373493975903615
Book of Thoth,0.572373610398543,0.6123778501628665,Book of Thoth,0.572373610398543,0.6123778501628665,Book of Thoth,0.021599004165982753,2.310859811935345
Soul Stone,0.3920439397940633,0.5831932773109244,Telkhines Ring,0.45470805542926296,0.6157112526539278,Telkhines Ring,0.021398026137847668,2.897464718371425
