,recommendations,win_rate,win_rate_per_cost
Starter Item,Soul Stone,,
Boots,Shoes of the Magi,0.4707740916271722,2.73489932886
Item2,Rod of Tahuti,0.5634920634920635,1.31802377294
Item3,Obsidian Shard,0.5199044585987261,2.13455557374
Item4,Polynomicon,0.5076586433260394,1.90253866355
Item5,Telkhines Ring,0.509118541033,2.3958519578
Item6,Dynasty Plate Helm,0.5,2.94117647059
Relic1,Sanctuary,0.481776765376,
Relic2,Purification,0.477443609023,
