,recommendations,win_rate,win_rate_per_cost
Starter Item,Soul Stone,,
Boots,Shoes of the Magi,0.534688995215,3.3418062201
Item2,Rod of Tahuti,0.6388888888888888,1.92436412316
Item3,Book of Thoth,0.5821325648414986,2.41090146751
Item4,Polynomicon,0.5835411471321695,2.77777777778
Item5,Dynasty Plate Helm,0.59477124183,3.31304935767
Item6,Warlock's Sash,0.563218390805,2.24441978049
Relic1,Sprint,0.62,
Relic2,Purification,0.534332084894,
