Items_most_pop,Items_most_pop_L2,Items_most_pop_winrate,Items_L2,Items_L2_coef,Items_L2_winrate,Items_gold_adjusted_L2,Items_gold_adjusted_L2_coef,Items_gold_adjusted_L2_winrate
Shoes of the Magi,-3.0892855650200843,0.47440273037542663,Rod of Tahuti,12.83525626410689,0.5841121495327103,Rod of Tahuti,0.38660410434056897,1.7593739443756333
Obsidian Shard,1.232227942097065,0.49473684210526314,Book of Thoth,5.171282698896966,0.5114503816793893,Book of Thoth,0.1951427433546025,1.9300014402995822
Polynomicon,1.2740958296057212,0.49466192170818507,Warlock's Sash,4.333118803880724,0.5299145299145299,Warlock's Sash,0.16351391712757446,1.9996774713755845
Book of Thoth,5.171282698896966,0.5114503816793893,Soul Reaver,2.9999592797989947,0.5945945945945946,Soul Reaver,0.10203943128568009,2.0224305938591653
Soul Stone,-4.011392133619955,0.44081632653061226,Dynasty Plate Helm,1.7227285891789517,0.496,Dynasty Plate Helm,0.10133697583405597,2.9176470588235293
Rod of Tahuti,12.83525626410689,0.5841121495327103,Polynomicon,1.2740958296057212,0.49466192170818507,Obsidian Shard,0.06010868010229586,2.413350449293967
