Items_most_pop,Items_most_pop_L2,Items_most_pop_winrate,Items_L2,Items_L2_coef,Items_L2_winrate,Items_gold_adjusted_L2,Items_gold_adjusted_L2_coef,Items_gold_adjusted_L2_winrate
Shoes of the Magi,0.8698513577268876,0.49193548387096775,Demonic Grip,13.481491844375585,0.6,Demonic Grip,0.5912935019462976,2.6315789473684212
Obsidian Shard,2.372764566820863,0.5067567567567568,Rod of Tahuti,8.880273585172228,0.5733333333333334,Rod of Tahuti,0.2674781200353081,1.7269076305220883
Polynomicon,-0.8691421414270921,0.4954954954954955,Book of Thoth,3.04505237439676,0.5094339622641509,Obsidian Shard,0.11574461301565185,2.4719841793012525
Soul Stone,-2.6591717259068335,0.45871559633027525,Obsidian Shard,2.372764566820863,0.5067567567567568,Book of Thoth,0.11490763676968907,1.9223923104307583
Book of Thoth,3.04505237439676,0.5094339622641509,Celestial Legion Helm,1.0439709283915835,0.5,Shoes of the Magi,0.054365709857930475,3.0745967741935485
Demonic Grip,13.481491844375585,0.6,Shoes of the Magi,0.8698513577268876,0.49193548387096775,Celestial Legion Helm,0.04539004036485145,2.1739130434782608
