,recommendations,win_rate,win_rate_per_cost
Starter Item,Soul Stone,,
Boots,Shoes of the Magi,0.5451895043731778,3.92720306513
Item2,Rod of Tahuti,0.6283524904214559,1.8926279832
Item3,Obsidian Shard,0.5930232558139535,3.06513409962
Item4,Soul Stone,0.5523465703971119,7.85440613027
Item5,Dynasty Plate Helm,0.601265822785,3.53685778109
Item6,Telkhines Ring,0.581081081081,2.73449920509
Relic1,Purification,0.558282208589,
Relic2,Sanctuary,0.559157212318,
