Relics_most_pop,Relics_most_pop_L2,Relics_most_pop_winrate,Relics_most_pop_wr_paired,Relics_L2,Relics_L2_coef,Relics_L2_winrate,Relics_L2_wr_paired
Purification,-1.7815575932636774,0.5178926441351889,0.666666666667,Sanctuary,3.74575613841983,0.5342163355408388,0.666666666667
Sanctuary,3.74575613841983,0.5342163355408388,,Teleport,1.1829504127348607,0.5540540540540541,
