Items_most_pop,Items_most_pop_L2,Items_most_pop_winrate,Items_L2,Items_L2_coef,Items_L2_winrate,Items_gold_adjusted_L2,Items_gold_adjusted_L2_coef,Items_gold_adjusted_L2_winrate
Shoes of the Magi,-1.881035794615344,0.49331103678929766,Rod of Tahuti,14.896014400894794,0.5863453815261044,Rod of Tahuti,0.4486751325570721,1.7661005467653748
Obsidian Shard,-1.0101346998657705,0.5025773195876289,Polynomicon,6.574971192284046,0.5283018867924528,Polynomicon,0.285868312708002,2.2969647251845777
Polynomicon,6.574971192284046,0.5283018867924528,Dynasty Plate Helm,4.832563050055015,0.5495495495495496,Dynasty Plate Helm,0.28426841470911846,3.2326444091149975
Book of Thoth,-0.15001458725901742,0.4961832061068702,Celestial Legion Helm,4.514689677717667,0.5818181818181818,Celestial Legion Helm,0.19629085555294204,2.5296442687747036
Rod of Tahuti,14.896014400894794,0.5863453815261044,Warlock's Sash,2.860422130047913,0.5203252032520326,Warlock's Sash,0.10794045773765709,1.9634913330265378
Soul Stone,2.5060868314452796,0.49333333333333335,Soul Reaver,0.7598622019495114,0.5405405405405406,Chronos' Pendant,0.029972386756734977,2.1367521367521367
