Relics_most_pop,Relics_most_pop_L2,Relics_most_pop_winrate,Relics_most_pop_wr_paired,Relics_L2,Relics_L2_coef,Relics_L2_winrate,Relics_L2_wr_paired
Purification,-11.402528875446677,0.4618055555555556,0.714285714286,Sanctuary,13.34583465656451,0.4980544747081712,0.714285714286
Sanctuary,13.34583465656451,0.4980544747081712,,Sprint,10.214327152680454,0.5263157894736842,
