Items_most_pop,Items_most_pop_L2,Items_most_pop_winrate,Items_L2,Items_L2_coef,Items_L2_winrate,Items_gold_adjusted_L2,Items_gold_adjusted_L2_coef,Items_gold_adjusted_L2_winrate
Warrior Tabi,2.8323700882206926,0.5090361445783133,Titan's Bane,16.082446522655545,0.6509433962264151,Titan's Bane,0.7845095864710021,3.175333640128854
Transcendence,-3.2830389030995986,0.48909657320872274,Qin's Sais,11.681573954605565,0.5686274509803921,Asi,0.4865044171468724,3.0808263863718737
Asi,8.65977862521433,0.5483870967741935,Asi,8.65977862521433,0.5483870967741935,Qin's Sais,0.4326508872076135,2.1060275962236745
Qin's Sais,11.681573954605565,0.5686274509803921,Odysseus' Bow,6.268180711841582,0.68,Soul Eater,0.30160310922213723,2.972972972972973
The Executioner,2.112766765300372,0.5185185185185185,Soul Eater,6.0320621844427444,0.5945945945945946,Hastened Fatalis,0.26072332322096486,2.942194530979578
Titan's Bane,16.082446522655545,0.6509433962264151,Hastened Fatalis,5.579479116928648,0.6296296296296297,Odysseus' Bow,0.25584411068741153,2.7755102040816326
