Relics_most_pop,Relics_most_pop_L2,Relics_most_pop_winrate,Relics_most_pop_wr_paired,Relics_L2,Relics_L2_coef,Relics_L2_winrate,Relics_L2_wr_paired
Purification,0.7814000991737952,0.5306122448979592,0.5,Sanctuary,3.614862803891489,0.5632183908045977,0.5
Sanctuary,3.614862803891489,0.5632183908045977,,Sprint,0.8104641160934404,0.5555555555555556,
