Items_most_pop,Items_most_pop_L2,Items_most_pop_winrate,Items_L2,Items_L2_coef,Items_L2_winrate,Items_gold_adjusted_L2,Items_gold_adjusted_L2_coef,Items_gold_adjusted_L2_winrate
Warrior Tabi,-7.643011135188796,0.43670886075949367,Deathbringer,12.664826223731454,0.6756756756756757,Ninja Tabi,0.5653010582004122,4.102564102564102
Transcendence,3.5022866591818658,0.4807692307692308,Ninja Tabi,8.479515873006184,0.6153846153846154,Deathbringer,0.39577581949160795,2.1114864864864864
Asi,3.191029864367571,0.49074074074074076,Wind Demon,6.7055038280344785,0.6129032258064516,Wind Demon,0.2579039933859415,2.357320099255583
Qin's Sais,2.5026375458244,0.49056603773584906,Transcendence,3.5022866591818658,0.4807692307692308,Asi,0.17927134069480738,2.756970453599667
The Executioner,-2.551596216430096,0.45454545454545453,Asi,3.191029864367571,0.49074074074074076,Transcendence,0.13470333304545637,1.849112426035503
Titan's Bane,-1.146933558946801,0.46808510638297873,Odysseus' Bow,2.998182323291964,0.6153846153846154,Odysseus' Bow,0.12237478870579445,2.511773940345369
