,recommendations,win_rate,win_rate_per_cost
Starter Item,Bluestone Pendant,,
Boots,Warrior Tabi,0.4357142857142857,3.63937138131
Item2,Titan's Bane,0.5641025641025641,2.75171982489
Item3,Transcendence,0.4460431654676259,2.16962524655
Item4,Qin's Sais,0.45,2.08926875594
Item5,Rage,0.583333333333,2.43055555556
Item6,Hastened Fatalis,0.5,2.33644859813
Relic1,Curse,0.625,
Relic2,Sanctuary,0.443609022556,
