,recommendations,win_rate,win_rate_per_cost
Starter Item,Bluestone Pendant,,
Boots,Warrior Tabi,0.523255813953,3.399236906
Item2,Asi,0.5967741935483871,3.55805243446
Item3,Titan's Bane,0.6333333333333333,3.08943089431
Item4,Transcendence,0.5232558139534884,2.4358974359
Item5,Deathbringer,0.596774193548,2.46710526316
Item6,Wind Demon,0.8,3.07692307692
Relic1,Purification,0.534653465347,
Relic2,Sprint,0.5,
