,recommendations,win_rate,win_rate_per_cost
Starter Item,Bluestone Pendant,,
Boots,Warrior Tabi,0.673913043478,3.46184107002
Item2,Titan's Bane,0.5764705882352941,2.61748958953
Item3,Asi,0.5481481481481482,3.01452452727
Item4,Transcendence,0.531578947368421,2.06378986867
Item5,Deathbringer,0.536585365854,2.10597826087
Item6,Devourer's Gauntlet,0.546153846154,3.15638450502
Relic1,Purification,0.532188841202,
Relic2,Sanctuary,0.519230769231,
