Items_most_pop,Items_most_pop_L2,Items_most_pop_winrate,Items_L2,Items_L2_coef,Items_L2_winrate,Items_gold_adjusted_L2,Items_gold_adjusted_L2_coef,Items_gold_adjusted_L2_winrate
Warrior Tabi,3.385322877332079,0.54,Wind Demon,18.936619594207514,0.875,Wind Demon,0.7283315228541352,3.3653846153846154
Transcendence,6.8841232957157885,0.5483870967741935,Deathbringer,17.374457777694595,0.7241379310344828,Deathbringer,0.5429518055529562,2.2629310344827585
Asi,6.71574181683525,0.5714285714285714,Ninja Tabi,6.977244471982368,0.6086956521739131,Ninja Tabi,0.46514963146549115,4.057971014492754
Qin's Sais,6.824381662429942,0.5645161290322581,Transcendence,6.8841232957157885,0.5483870967741935,Asi,0.3772888661143398,3.2102728731942216
The Executioner,-4.784738931402679,0.5098039215686274,Qin's Sais,6.824381662429942,0.5645161290322581,Ichaival,0.26600592196917905,3.415559772296015
Titan's Bane,-9.297926594651315,0.4722222222222222,Asi,6.71574181683525,0.5714285714285714,Transcendence,0.2647739729121457,2.109181141439206
