,recommendations,win_rate,win_rate_per_cost
Starter Item,Bluestone Pendant,,
Boots,Warrior Tabi,0.48502994011976047,2.99539170507
Item2,Transcendence,0.48502994011976047,1.78571428571
Item3,The Executioner,0.5512820512820513,2.06349206349
Item4,Ichaival,0.4642857142857143,2.73109243697
Item5,Jotunn's Wrath,0.636363636364,2.60804769001
Item6,Titan's Bane,0.553191489362,2.69849507006
Relic1,Relic,0.571428571429,
Relic2,Purification,0.491891891892,
