Relics_most_pop,Relics_most_pop_L2,Relics_most_pop_winrate,Relics_most_pop_wr_paired,Relics_L2,Relics_L2_coef,Relics_L2_winrate,Relics_L2_wr_paired
Purification,-0.4186360695658896,0.47540983606557374,0.0,Sprint,0.12608363146766025,0.5172413793103449,0.0
Sanctuary,-1.003436568611067,0.45348837209302323,,Teleport,0.09097757070095375,0.5714285714285714,
