Items_most_pop,Items_most_pop_L2,Items_most_pop_winrate,Items_L2,Items_L2_coef,Items_L2_winrate,Items_gold_adjusted_L2,Items_gold_adjusted_L2_coef,Items_gold_adjusted_L2_winrate
Warrior Tabi,-5.4076011644118305,0.4969512195121951,Deathbringer,41.10987825180627,0.6712328767123288,Devourer's Gauntlet,1.5971172013103445,3.5647279549718576
Transcendence,-20.609978885572797,0.48297213622291024,Devourer's Gauntlet,32.74090262686206,0.7307692307692307,Deathbringer,1.2846836953689458,2.0976027397260273
Asi,14.33004566711617,0.5390946502057613,Wind Demon,26.889049813600437,0.660377358490566,Wind Demon,1.0341942236000168,2.539912917271408
Qin's Sais,-10.666216673368103,0.5142857142857142,Brawler's Beat Stick,22.017316461158977,0.7272727272727273,Brawler's Beat Stick,0.9173881858816242,3.0303030303030303
The Executioner,-11.489586998879634,0.5153846153846153,Hastened Fatalis,19.458023447906804,0.5769230769230769,Hastened Fatalis,0.9092534321451777,2.695902228612509
Titan's Bane,5.862480189088159,0.56,Asi,14.33004566711617,0.5390946502057613,Asi,0.805058745343605,3.0286216303694458
