Relics_most_pop,Relics_most_pop_L2,Relics_most_pop_winrate,Relics_most_pop_wr_paired,Relics_L2,Relics_L2_coef,Relics_L2_winrate,Relics_L2_wr_paired
Purification,11.726999184676993,0.540268456375839,0.545064377682,Purification,11.726999184676993,0.540268456375839,0.545064377682
Sanctuary,-0.5869821297047954,0.5052264808362369,,Sanctuary,-0.5869821297047954,0.5052264808362369,
