,recommendations,win_rate,win_rate_per_cost
Starter Item,Death's Toll,,
Boots,Ninja Tabi,0.608695652174,4.05797101449
Item2,Transcendence,0.5483870967741935,2.1978021978
Item3,Qin's Sais,0.5645161290322581,2.1164021164
Item4,Asi,0.5714285714285714,3.21027287319
Item5,Wind Demon,0.875,3.36538461538
Item6,Deathbringer,0.724137931034,2.26293103448
Relic1,Sprint,0.8,
Relic2,Curse,0.6,
