Relics_most_pop,Relics_most_pop_L2,Relics_most_pop_winrate,Relics_most_pop_wr_paired,Relics_L2,Relics_L2_coef,Relics_L2_winrate,Relics_L2_wr_paired
Purification,7.18698437702808,0.5714285714285714,0.703703703704,Purification,7.18698437702808,0.5714285714285714,0.703703703704
Sanctuary,-2.6767169585230994,0.5333333333333333,,Teleport,6.99804313312106,0.6538461538461539,
