,recommendations,win_rate,win_rate_per_cost
Starter Item,Death's Toll,,
Boots,Warrior Tabi,0.709359605911,4.48807854137
Item2,Transcendence,0.7093596059113301,2.72830617658
Item3,Asi,0.7217391304347827,3.98516632534
Item4,Titan's Bane,0.7093023255813954,3.46029076054
Item5,Soul Eater,0.695652173913,4.13793103448
Item6,The Executioner,0.84375,3.57487922705
Relic1,Purification,0.707865168539,
Relic2,Teleport,0.7,
