Items_most_pop,Items_most_pop_L2,Items_most_pop_winrate,Items_L2,Items_L2_coef,Items_L2_winrate,Items_gold_adjusted_L2,Items_gold_adjusted_L2_coef,Items_gold_adjusted_L2_winrate
Transcendence,27.16966285994607,0.6221374045801527,Transcendence,27.16966285994607,0.6221374045801527,Transcendence,1.0449870330748487,2.392836171462126
Warrior Tabi,13.821814936629782,0.6106194690265486,Hastened Fatalis,20.005672963972987,0.78125,Hastened Fatalis,0.934844531026775,3.6507009345794392
Qin's Sais,8.980212113512795,0.6206896551724138,The Crusher,18.861872497233623,0.7391304347826086,Warrior Tabi,0.8917299959115987,3.9394804453325722
Asi,12.291328825425584,0.6131386861313869,Soul Eater,15.273543145807226,0.6896551724137931,The Crusher,0.820081412923201,3.213610586011342
Titan's Bane,6.488068918223055,0.6328125,Warrior Tabi,13.821814936629782,0.6106194690265486,Soul Eater,0.7636771572903612,3.4482758620689653
Ninja Tabi,-0.5234102810711411,0.5555555555555556,Asi,12.291328825425584,0.6131386861313869,Asi,0.690524091316044,3.44459936028869
