Relics_most_pop,Relics_most_pop_L2,Relics_most_pop_winrate,Relics_most_pop_wr_paired,Relics_L2,Relics_L2_coef,Relics_L2_winrate,Relics_L2_wr_paired
Purification,1.8855641094873001,0.5225806451612903,0.532258064516,Sprint,2.043522891510675,0.5277777777777778,0.532258064516
Sanctuary,1.3893644007436898,0.5198675496688742,,Purification,1.8855641094873001,0.5225806451612903,
