Items_most_pop,Items_most_pop_L2,Items_most_pop_winrate,Items_L2,Items_L2_coef,Items_L2_winrate,Items_gold_adjusted_L2,Items_gold_adjusted_L2_coef,Items_gold_adjusted_L2_winrate
Transcendence,-111.97427927798125,0.5221238938053098,The Crusher,201.22234842716793,0.7916666666666666,The Crusher,8.748797757702953,3.4420289855072466
Warrior Tabi,65.62181561950354,0.5288461538461539,The Executioner,145.3082009715934,0.6875,Soul Eater,6.482806382333249,2.6470588235294117
Asi,-28.76196239146066,0.5151515151515151,Soul Eater,129.65612764666497,0.5294117647058824,The Executioner,6.458142265404151,3.0555555555555554
Qin's Sais,-12.64860500289149,0.5172413793103449,Wind Demon,103.90611537153735,0.6,Warrior Tabi,4.233665523838938,3.411910669975186
Titan's Bane,-14.074272489053497,0.625,Warrior Tabi,65.62181561950354,0.5288461538461539,Wind Demon,3.996389052751437,2.3076923076923075
Ninja Tabi,29.629867061313025,0.5116279069767442,Jotunn's Wrath,57.94781485350361,0.5666666666666667,Jotunn's Wrath,2.3749104448157214,2.3224043715846996
