Relics_most_pop,Relics_most_pop_L2,Relics_most_pop_winrate,Relics_most_pop_wr_paired,Relics_L2,Relics_L2_coef,Relics_L2_winrate,Relics_L2_wr_paired
Teleport,1.1548383963245021,0.4738955823293173,0.333333333333,Meditation,19.758268969466002,0.5555555555555556,0.333333333333
Meditation,19.758268969466002,0.5555555555555556,,Curse,13.578916574707817,0.5428571428571428,
