Items_most_pop,Items_most_pop_L2,Items_most_pop_winrate,Items_L2,Items_L2_coef,Items_L2_winrate,Items_gold_adjusted_L2,Items_gold_adjusted_L2_coef,Items_gold_adjusted_L2_winrate
Warrior Tabi,1.9592745582870708,0.5964125560538116,Qin's Sais,22.480394137903133,0.7868852459016393,Titan's Bane,0.8443647147288785,3.991130820399113
Breastplate of Valor,10.561175380467562,0.6209912536443148,Titan's Bane,17.30947665194201,0.8181818181818182,Qin's Sais,0.8326071902927087,2.914389799635701
Frostbound Hammer,16.912661105149297,0.6650485436893204,Frostbound Hammer,16.912661105149297,0.6650485436893204,Frostbound Hammer,0.7353330915282302,2.8915154073448712
Bulwark of Hope,-1.425305903469279,0.6097560975609756,Hide of the Urchin,14.669413309311496,0.691358024691358,Hide of the Urchin,0.6112255545546457,2.880658436213992
Jotunn's Wrath,-14.542347378257842,0.5357142857142857,Void Shield,14.438341704155338,0.723404255319149,Void Shield,0.5347533964501977,2.6792750197005515
Bluestone Pendant,-11.780913462688792,0.5135135135135135,Witchblade,10.647293158605407,0.671875,Witchblade,0.5193801540783125,3.277439024390244
