Items_most_pop,Items_most_pop_L2,Items_most_pop_winrate,Items_L2,Items_L2_coef,Items_L2_winrate,Items_gold_adjusted_L2,Items_gold_adjusted_L2_coef,Items_gold_adjusted_L2_winrate
Warrior Tabi,-2.637783795189237,0.5195822454308094,Frostbound Hammer,23.83041449872038,0.6373626373626373,Frostbound Hammer,1.0361049782052338,2.771141901576684
Breastplate of Valor,1.4384143183671596,0.5298013245033113,Witchblade,13.305118208107219,0.6666666666666666,Witchblade,0.6490301564930351,3.252032520325203
Frostbound Hammer,23.83041449872038,0.6373626373626373,Qin's Sais,8.937814655405713,0.6363636363636364,Winged Blade,0.36964025827382946,3.2432432432432434
Bulwark of Hope,-0.8018761952971792,0.5304347826086957,Void Shield,8.515029075617985,0.7037037037037037,Ninja Tabi,0.355507837994206,4.63768115942029
Death's Toll,4.541870739288762,0.5306122448979592,Hide of the Urchin,7.678852704829901,0.609375,Qin's Sais,0.3310301724224338,2.356902356902357
Jotunn's Wrath,-2.8373310632235267,0.5053763440860215,Winged Blade,6.838344778065844,0.6,Hide of the Urchin,0.3199521960345792,2.5390625
