Items_most_pop,Items_most_pop_L2,Items_most_pop_winrate,Items_L2,Items_L2_coef,Items_L2_winrate,Items_gold_adjusted_L2,Items_gold_adjusted_L2_coef,Items_gold_adjusted_L2_winrate
Warrior Tabi,-2.634258430606131,0.514018691588785,Qin's Sais,28.537232090555815,0.717391304347826,Winged Blade,1.491568613034877,3.6036036036036037
Breastplate of Valor,1.085097913152593,0.5330578512396694,Winged Blade,27.594019341145227,0.6666666666666666,Frostbound Hammer,1.1848775732899528,2.6821005081874647
Frostbound Hammer,27.252184185668916,0.6168831168831169,Frostbound Hammer,27.252184185668916,0.6168831168831169,Qin's Sais,1.0569345218724375,2.657004830917874
Bulwark of Hope,8.6778229319497,0.6,Mantle of Discord,13.684284249151297,0.6595744680851063,Ichaival,0.7246028429143534,4.248366013071895
Winged Blade,27.594019341145227,0.6666666666666666,Ichaival,12.318248329544009,0.7222222222222222,Genji's Guard,0.5165584419236143,3.1620553359683794
Bluestone Pendant,-13.829459781904701,0.40963855421686746,Genji's Guard,11.364285722319515,0.6956521739130435,Mantle of Discord,0.44142852416617084,2.127659574468085
