,recommendations,win_rate,win_rate_per_cost
Starter Item,Bluestone Pendant,,
Boots,Warrior Tabi,0.4675925925925926,3.48087021755
Item2,Frostbound Hammer,0.5742857142857143,2.34580384226
Item3,Witchblade,0.5395348837209303,2.63187748157
Item4,Breastplate of Valor,0.4873417721518987,2.34580384226
Item5,Mantle of Discord,0.539534883721,2.06938527085
Item6,Winged Blade,0.547738693467,2.91467938527
Relic1,Curse,0.535714285714,
Relic2,Meditation,0.510791366906,
