Items_most_pop,Items_most_pop_L2,Items_most_pop_winrate,Items_L2,Items_L2_coef,Items_L2_winrate,Items_gold_adjusted_L2,Items_gold_adjusted_L2_coef,Items_gold_adjusted_L2_winrate
Warrior Tabi,2.691185959987155,0.4797507788161994,Void Shield,34.463267518992154,0.7428571428571429,Witchblade,1.471423301809525,3.3259423503325944
Breastplate of Valor,9.399628198852717,0.49612403100775193,Witchblade,30.16417768709527,0.6818181818181818,Void Shield,1.276417315518228,2.751322751322751
Frostbound Hammer,25.86811922101791,0.5891472868217055,Frostbound Hammer,25.86811922101791,0.5891472868217055,Frostbound Hammer,1.1247008356964308,2.561509942703067
Pestilence,-14.532182102898128,0.45544554455445546,Hide of the Urchin,20.62556685969389,0.6428571428571429,Hide of the Urchin,0.8593986191539121,2.6785714285714284
Death's Toll,-13.51927149655133,0.38636363636363635,Qin's Sais,20.137405067709576,0.6590909090909091,Qin's Sais,0.7458298173225769,2.441077441077441
Winged Blade,8.663997615018424,0.5375,Breastplate of Valor,9.399628198852717,0.49612403100775193,Winged Blade,0.46832419540640136,2.9054054054054053
