,recommendations,win_rate,win_rate_per_cost
Starter Item,Bluestone Pendant,,
Boots,Warrior Tabi,0.5045454545454545,2.91363163371
Item2,Jotunn's Wrath,0.6,1.8508725542
Item3,Frostbound Hammer,0.5619047619047619,1.96353436185
Item4,Death's Toll,0.45161290322580644,5.64516129032
Item5,Mantle of Discord,0.771428571429,2.48847926267
Item6,Genji's Guard,0.75,3.40909090909
Relic1,Sprint,0.632653061224,
Relic2,Curse,0.584905660377,
