Items_most_pop,Items_most_pop_L2,Items_most_pop_winrate,Items_L2,Items_L2_coef,Items_L2_winrate,Items_gold_adjusted_L2,Items_gold_adjusted_L2_coef,Items_gold_adjusted_L2_winrate
Warrior Tabi,1.4739388318656657,0.46437994722955145,Mantle of Discord,16.190689884209398,0.72,Mantle of Discord,0.5222803188454644,2.3225806451612905
Breastplate of Valor,-8.352364750850093,0.4444444444444444,Frostbound Hammer,9.217630287431502,0.52,Frostbound Hammer,0.40076653423615227,2.260869565217391
Frostbound Hammer,9.217630287431502,0.52,Jotunn's Wrath,8.00902174239247,0.5443037974683544,Titan's Bane,0.35303804480347484,3.484320557491289
Pestilence,-3.02511376032416,0.4491525423728814,Bulwark of Hope,7.641498225735709,0.5584415584415584,Winged Blade,0.35298705782906875,2.868174296745725
Death's Toll,-12.774340682390445,0.35514018691588783,Titan's Bane,7.237279918471234,0.7142857142857143,Jotunn's Wrath,0.3282385959996914,2.230753268312928
Winged Blade,6.530260569837772,0.5306122448979592,Winged Blade,6.530260569837772,0.5306122448979592,Bulwark of Hope,0.3026335930984439,2.2116497364022116
