Relics_most_pop,Relics_most_pop_L2,Relics_most_pop_winrate,Relics_most_pop_wr_paired,Relics_L2,Relics_L2_coef,Relics_L2_winrate,Relics_L2_wr_paired
Teleport,3.801912940980397,0.581081081081081,0.666666666667,Curse,14.86739844534098,0.6548672566371682,0.666666666667
Meditation,6.165469678512338,0.5892857142857143,,Wrath,9.349691024781661,0.6585365853658537,
