Items_most_pop,Items_most_pop_L2,Items_most_pop_winrate,Items_L2,Items_L2_coef,Items_L2_winrate,Items_gold_adjusted_L2,Items_gold_adjusted_L2_coef,Items_gold_adjusted_L2_winrate
Warrior Tabi,-3.2750550980989406,0.46619217081850534,Hide of the Urchin,10.199749248963874,0.5579710144927537,Witchblade,0.4599411195272114,2.694541231126597
Breastplate of Valor,1.5092899624227847,0.4789325842696629,Bulwark of Hope,9.926777290369088,0.5441860465116279,Hide of the Urchin,0.4249895520401614,2.32487922705314
Frostbound Hammer,8.522069871284616,0.5179063360881543,Mantle of Discord,9.6311196751284,0.5769230769230769,Bulwark of Hope,0.39313969466808274,2.155192263412388
Winged Blade,2.8980812137690783,0.5207373271889401,Witchblade,9.428792950307834,0.5523809523809524,Ninja Tabi,0.3891986617916245,3.625730994152047
Bulwark of Hope,9.926777290369088,0.5441860465116279,Qin's Sais,8.819297196130004,0.5714285714285714,Frostbound Hammer,0.3705247770123746,2.251766678644149
Pestilence,4.7128813827597895,0.5141509433962265,Frostbound Hammer,8.522069871284616,0.5179063360881543,Qin's Sais,0.3266406368937038,2.1164021164021163
