Items_most_pop,Items_most_pop_L2,Items_most_pop_winrate,Items_L2,Items_L2_coef,Items_L2_winrate,Items_gold_adjusted_L2,Items_gold_adjusted_L2_coef,Items_gold_adjusted_L2_winrate
Warrior Tabi,2.915997571142474,0.5264341957255343,Frostbound Hammer,11.970108805611723,0.5989717223650386,Winged Blade,0.523264209962762,3.413940256045519
Breastplate of Valor,3.03465630136874,0.537007874015748,Winged Blade,9.680387884311097,0.631578947368421,Frostbound Hammer,0.5204395132874663,2.604224879847994
Frostbound Hammer,11.970108805611723,0.5989717223650386,Witchblade,8.612686490670104,0.6357142857142857,Witchblade,0.42013104832537096,3.1010452961672472
Bulwark of Hope,6.211232046686056,0.5826771653543307,Qin's Sais,7.373091962504496,0.6557377049180327,Titan's Bane,0.297721826662037,3.5895075931891394
Jotunn's Wrath,6.115996398380933,0.5818181818181818,Mantle of Discord,6.568112468476005,0.65,Qin's Sais,0.2730774800927591,2.428658166363084
Bluestone Pendant,-10.743432922329816,0.3972602739726027,Bulwark of Hope,6.211232046686056,0.5826771653543307,Jotunn's Wrath,0.2506555900975792,2.384500745156483
