Relics_most_pop,Relics_most_pop_L2,Relics_most_pop_winrate,Relics_most_pop_wr_paired,Relics_L2,Relics_L2_coef,Relics_L2_winrate,Relics_L2_wr_paired
Teleport,0.48819111653562797,0.46601941747572817,0.625,Sprint,6.762915639379802,0.512396694214876,0.625
Meditation,4.8204306157787595,0.48936170212765956,,Meditation,4.8204306157787595,0.48936170212765956,
