Relics_most_pop,Relics_most_pop_L2,Relics_most_pop_winrate,Relics_most_pop_wr_paired,Relics_L2,Relics_L2_coef,Relics_L2_winrate,Relics_L2_wr_paired
Teleport,-0.8771492495213372,0.5220820189274448,0.666666666667,Meditation,8.45937961576857,0.5482625482625483,0.666666666667
Meditation,8.45937961576857,0.5482625482625483,,Curse,2.3661543547971866,0.5431034482758621,
