,recommendations,win_rate,win_rate_per_cost
Starter Item,Bluestone Pendant,,
Boots,Warrior Tabi,0.4939759036144578,2.53314862458
Item2,Pestilence,0.5678571428571428,1.82622342702
Item3,Frostbound Hammer,0.5448028673835126,1.70712189917
Item4,Winged Blade,0.5757575757575758,2.12236776654
Item5,Witchblade,0.544802867384,2.9897718332
Item6,Jotunn's Wrath,0.612903225806,2.34616298408
Relic1,Wrath,0.652173913043,
Relic2,Teleport,0.493171471927,
