Items_most_pop,Items_most_pop_L2,Items_most_pop_winrate,Items_L2,Items_L2_coef,Items_L2_winrate,Items_gold_adjusted_L2,Items_gold_adjusted_L2_coef,Items_gold_adjusted_L2_winrate
Warrior Tabi,-3.7891510748687907,0.4666666666666667,Hide of the Urchin,18.883410358662378,0.5964912280701754,Hide of the Urchin,0.7868087649442658,2.4853801169590644
Breastplate of Valor,-1.3131646471809315,0.47619047619047616,Titan's Bane,13.762817849557043,0.7058823529411765,Titan's Bane,0.6713569682710753,3.443328550932568
Frostbound Hammer,13.268549953956029,0.5357142857142857,Qin's Sais,13.6431368886688,0.6153846153846154,Winged Blade,0.6294494895727829,3.063063063063063
Bulwark of Hope,3.997465663095606,0.5189873417721519,Frostbound Hammer,13.268549953956029,0.5357142857142857,Frostbound Hammer,0.5768934762589578,2.329192546583851
Winged Blade,11.644815557096484,0.5666666666666667,Winged Blade,11.644815557096484,0.5666666666666667,Qin's Sais,0.5053013662469926,2.2792022792022792
Death's Toll,2.5723288178542236,0.43859649122807015,Jotunn's Wrath,10.01570664398711,0.5454545454545454,Jotunn's Wrath,0.410479780491275,2.235469448584203
