Relics_most_pop,Relics_most_pop_L2,Relics_most_pop_winrate,Relics_most_pop_wr_paired,Relics_L2,Relics_L2_coef,Relics_L2_winrate,Relics_L2_wr_paired
Teleport,3.1784820070498516,0.5290519877675841,0.631578947368,Meditation,13.59222399278888,0.611353711790393,0.631578947368
Meditation,13.59222399278888,0.611353711790393,,Teleport,3.1784820070498516,0.5290519877675841,
