Relics_most_pop,Relics_most_pop_L2,Relics_most_pop_winrate,Relics_most_pop_wr_paired,Relics_L2,Relics_L2_coef,Relics_L2_winrate,Relics_L2_wr_paired
Purification,-2.7438721796507477,0.4447004608294931,0.445595854922,Purification,-2.7438721796507477,0.4447004608294931,0.445595854922
Sanctuary,-9.430306038127934,0.44389027431421446,,Sanctuary,-9.430306038127934,0.44389027431421446,
