Relics_most_pop,Relics_most_pop_L2,Relics_most_pop_winrate,Relics_most_pop_wr_paired,Relics_L2,Relics_L2_coef,Relics_L2_winrate,Relics_L2_wr_paired
Purification,-10.008837886845518,0.40665701881331406,0.388888888889,Sprint,-1.3683225554557394,0.3888888888888889,0.388888888889
Sanctuary,-5.762366206829599,0.41142020497803805,,Sanctuary,-5.762366206829599,0.41142020497803805,
