,recommendations,win_rate,win_rate_per_cost
Starter Item,Soul Stone,,
Boots,Shoes of the Magi,0.4269005847953216,3.125
Item2,Rod of Tahuti,0.618421052631579,1.50602409639
Item3,Warlock's Sash,0.5,1.88679245283
Item4,Obsidian Shard,0.47101449275362317,2.43902439024
Item5,Bancroft's Talon,0.560975609756,2.33739837398
Item6,Soul Reaver,0.65,1.88964474679
Relic1,Sanctuary,0.438953488372,
Relic2,Purification,0.435158501441,
