Items_most_pop,Items_most_pop_L2,Items_most_pop_winrate,Items_L2,Items_L2_coef,Items_L2_winrate,Items_gold_adjusted_L2,Items_gold_adjusted_L2_coef,Items_gold_adjusted_L2_winrate
Shoes of the Magi,24.58969419948465,0.4370860927152318,Book of Thoth,34.168309039973735,0.47619047619047616,Shoes of the Magi,1.5368558874677904,2.7317880794701987
Obsidian Shard,2.559915546079936,0.460093896713615,Polynomicon,30.8096172196705,0.6086956521739131,Polynomicon,1.3395485747682825,2.6465028355387523
Book of Thoth,34.168309039973735,0.47619047619047616,Soul Reaver,30.098868723018324,0.5555555555555556,Book of Thoth,1.289370152451839,1.7969451931716083
Rod of Tahuti,26.428745044974804,0.5547445255474452,Rod of Tahuti,26.428745044974804,0.5547445255474452,Soul Reaver,1.0237710450006232,1.8896447467876039
Soul Stone,-15.43175937317156,0.34814814814814815,Shoes of the Magi,24.58969419948465,0.4370860927152318,Dynasty Plate Helm,0.8428813506803399,2.6654411764705883
Chronos' Pendant,-38.11877454861911,0.39655172413793105,Dynasty Plate Helm,14.328982961565778,0.453125,Rod of Tahuti,0.796046537499241,1.6709172456248351
