,recommendations,win_rate,win_rate_per_cost
Starter Item,Soul Stone,,
Boots,Shoes of the Magi,0.4508519003931848,2.46350364964
Item2,Rod of Tahuti,0.5779816513761468,1.18723067452
Item3,Book of Thoth,0.48582995951417,1.48739842997
Item4,Obsidian Shard,0.4857142857142857,1.92273455581
Item5,Soul Reaver,0.60625,2.06207482993
Item6,Dynasty Plate Helm,0.485829959514,2.97537619699
Relic1,Sprint,0.457142857143,
Relic2,Meditation,0.36,
