Items_most_pop,Items_most_pop_L2,Items_most_pop_winrate,Items_L2,Items_L2_coef,Items_L2_winrate,Items_gold_adjusted_L2,Items_gold_adjusted_L2_coef,Items_gold_adjusted_L2_winrate
Shoes of the Magi,-15.501654552881794,0.4257095158597663,Rod of Tahuti,47.5595455337444,0.5687732342007435,Rod of Tahuti,1.4325164317392889,1.713172392170914
Obsidian Shard,13.730670681036559,0.4793926247288503,Soul Reaver,17.935922221267916,0.5789473684210527,Obsidian Shard,0.6697888137091004,2.3385006084334163
Book of Thoth,3.3304960612228074,0.4476439790575916,Obsidian Shard,13.730670681036559,0.4793926247288503,Doom Orb,0.6173092239886326,2.5673940949935816
Soul Stone,-5.739500787324428,0.3665480427046263,Doom Orb,12.65483909176697,0.5263157894736842,Soul Reaver,0.6100653816757795,1.9692087361260293
Rod of Tahuti,47.5595455337444,0.5687732342007435,Shoes of Focus,8.979121890371996,0.5098039215686274,Shoes of Focus,0.5986081260247998,3.3986928104575163
Warlock's Sash,-4.181020930310916,0.4177215189873418,Bancroft's Talon,3.6479063455448886,0.4852941176470588,Bancroft's Talon,0.15199609773103703,2.0220588235294117
