Items_most_pop,Items_most_pop_L2,Items_most_pop_winrate,Items_L2,Items_L2_coef,Items_L2_winrate,Items_gold_adjusted_L2,Items_gold_adjusted_L2_coef,Items_gold_adjusted_L2_winrate
Shoes of the Magi,5.653466106317011,0.5245726495726496,Rod of Tahuti,34.58911137107814,0.6468085106382979,Rod of Tahuti,1.0418407039481368,1.9482184055370417
Obsidian Shard,-1.0179699842949277,0.5421853388658368,Book of Thoth,11.431774992637735,0.5494327390599676,Book of Thoth,0.4313877355712352,2.0733310907923306
Book of Thoth,11.431774992637735,0.5494327390599676,Warlock's Sash,6.447639380735621,0.5425867507886435,Shoes of the Magi,0.3533416316448132,3.2785790598290596
Rod of Tahuti,34.58911137107814,0.6468085106382979,Shoes of the Magi,5.653466106317011,0.5245726495726496,Warlock's Sash,0.24330714644285364,2.047497172787334
Soul Stone,-13.264843697301243,0.43661971830985913,Shoes of Focus,2.7744422146365735,0.5454545454545454,Shoes of Focus,0.1849628143091049,3.6363636363636362
Warlock's Sash,6.447639380735621,0.5425867507886435,Soul Reaver,2.113976987572293,0.5806451612903226,Soul Reaver,0.07190397916912561,1.9749835418038184
