,recommendations,win_rate,win_rate_per_cost
Starter Item,Soul Stone,,
Boots,Shoes of the Magi,0.4,2.5
Item2,Rod of Tahuti,0.5581395348837209,0.782350179941
Item3,Obsidian Shard,0.4596774193548387,1.26702565727
Item4,Book of Thoth,0.4344262295081967,0.980151923548
Item5,Polynomicon,0.642857142857,2.7950310559
Item6,Soul Reaver,0.52380952381,1.78166504697
Relic1,Relic,0.214285714286,
Relic2,Sanctuary,0.389473684211,
