Items_most_pop,Items_most_pop_L2,Items_most_pop_winrate,Items_L2,Items_L2_coef,Items_L2_winrate,Items_gold_adjusted_L2,Items_gold_adjusted_L2_coef,Items_gold_adjusted_L2_winrate
Shoes of the Magi,-36.99300592987231,0.3567251461988304,Rod of Tahuti,46.444205349022454,0.5540540540540541,Shoes of Focus,1.7987245314067004,5.128205128205129
Obsidian Shard,-1.664073294137923,0.4296875,Shoes of Focus,26.98086797110051,0.7692307692307693,Rod of Tahuti,1.3989218478621221,1.6688375122110062
Book of Thoth,26.257558595117953,0.4396551724137931,Book of Thoth,26.257558595117953,0.4396551724137931,Book of Thoth,0.9908512677403001,1.6590761223162005
Soul Stone,-19.006756006468013,0.3,Soul Reaver,0.7166029901854453,0.46875,Soul Reaver,0.02437425136685188,1.594387755102041
Rod of Tahuti,46.444205349022454,0.5540540540540541,Polynomicon,0.13421714906411147,0.4117647058823529,Polynomicon,0.00583552822017876,1.7902813299232736
Warlock's Sash,-5.724986101693492,0.36923076923076925,Obsidian Shard,-1.664073294137923,0.4296875,Obsidian Shard,-0.08117430703111819,2.096036585365854
