,recommendations,win_rate,win_rate_per_cost
Starter Item,Soul Stone,,
Boots,Shoes of the Magi,0.59765625,3.7353515625
Item2,Book of Thoth,0.6206896551724138,2.53492726487
Item3,Rod of Tahuti,0.6717557251908397,2.02336061804
Item4,Warlock's Sash,0.5348837209302325,2.53492726487
Item5,Soul Reaver,0.786885245902,2.67648042824
Item6,Dynasty Plate Helm,0.620689655172,3.81110190555
Relic1,Purification,0.606177606178,
Relic2,Sanctuary,0.6015625,
