,recommendations,win_rate,win_rate_per_cost
Starter Item,Soul Stone,,
Boots,Shoes of the Magi,0.4145616641901932,2.734375
Item2,Rod of Tahuti,0.5833333333333334,1.31777108434
Item3,Obsidian Shard,0.47784200385356457,2.13414634146
Item4,Book of Thoth,0.44786729857819907,1.65094339623
Item5,Soul Reaver,0.477842003854,1.90572682974
Item6,Dynasty Plate Helm,0.438775510204,2.58103241297
Relic1,Sprint,0.4,
Relic2,Relic,0.254545454545,
