,recommendations,win_rate,win_rate_per_cost
Starter Item,Soul Stone,,
Boots,Shoes of the Magi,0.4418439716312057,2.85751565762
Item2,Rod of Tahuti,0.5648854961832062,1.37711597958
Item3,Book of Thoth,0.46352413019079686,1.72529247253
Item4,Warlock's Sash,0.4572025052192067,1.72529247253
Item5,Soul Reaver,0.572368421053,1.94683136412
Item6,Doom Orb,0.463524130191,2.46317314658
Relic1,Purification,0.450387051372,
Relic2,Sprint,0.466666666667,
