Relics_most_pop,Relics_most_pop_L2,Relics_most_pop_winrate,Relics_most_pop_wr_paired,Relics_L2,Relics_L2_coef,Relics_L2_winrate,Relics_L2_wr_paired
Purification,2.7422012111903267,0.4425612052730697,0.647058823529,Sprint,4.602885910849041,0.5142857142857142,0.647058823529
Sanctuary,-3.664095532949838,0.44,,Purification,2.7422012111903267,0.4425612052730697,
