Items_most_pop,Items_most_pop_L2,Items_most_pop_winrate,Items_L2,Items_L2_coef,Items_L2_winrate,Items_gold_adjusted_L2,Items_gold_adjusted_L2_coef,Items_gold_adjusted_L2_winrate
Shoes of the Magi,-5.3786547875525095,0.45710627400768244,Rod of Tahuti,14.607868197008035,0.5588235294117647,Rod of Tahuti,0.4399960300303625,1.6832034018426647
Obsidian Shard,-0.6094613822179242,0.4865771812080537,Soul Reaver,12.759909419954521,0.6011560693641619,Soul Reaver,0.43401052448824906,2.044748535252251
Book of Thoth,2.967264983870593,0.4766536964980545,Chronos' Pendant,7.196667210802583,0.5238095238095238,Chronos' Pendant,0.299861133783441,2.1825396825396823
Rod of Tahuti,14.607868197008035,0.5588235294117647,Warlock's Sash,6.156530739512362,0.5,Shoes of Focus,0.2731309083758822,3.611111111111111
Soul Stone,-16.09893047902672,0.3649025069637883,Doom Orb,4.272710235724843,0.5490196078431373,Warlock's Sash,0.23232191469857968,1.8867924528301887
Warlock's Sash,6.156530739512362,0.5,Shoes of Focus,4.096963625638233,0.5416666666666666,Doom Orb,0.2084248895475533,2.6781444285031086
