Items_most_pop,Items_most_pop_L2,Items_most_pop_winrate,Items_L2,Items_L2_coef,Items_L2_winrate,Items_gold_adjusted_L2,Items_gold_adjusted_L2_coef,Items_gold_adjusted_L2_winrate
Shoes of the Magi,-18.69969860847283,0.40816326530612246,Chronos' Pendant,30.279069883430022,0.5168539325842697,Chronos' Pendant,1.2616279118095841,2.153558052434457
Obsidian Shard,-5.079842876452354,0.44549763033175355,Rod of Tahuti,25.989985679185896,0.5338983050847458,Dynasty Plate Helm,1.1468689904073375,2.857142857142857
Book of Thoth,4.414958490337163,0.44086021505376344,Soul Reaver,23.24411616163274,0.5862068965517241,Soul Reaver,0.7906161959739026,1.9939010086793338
Soul Stone,-12.474996311493953,0.3475177304964539,Dynasty Plate Helm,19.496772836924738,0.4857142857142857,Rod of Tahuti,0.7828308939513825,1.6081274249540536
Rod of Tahuti,25.989985679185896,0.5338983050847458,Shoes of Focus,7.82970945335488,0.5,Shoes of Focus,0.5219806302236586,3.3333333333333335
Warlock's Sash,-15.656410368819751,0.3652173913043478,Celestial Legion Helm,7.125224445387825,0.48,Doom Orb,0.3371758919241237,2.3228803716608595
