Items_most_pop,Items_most_pop_L2,Items_most_pop_winrate,Items_L2,Items_L2_coef,Items_L2_winrate,Items_gold_adjusted_L2,Items_gold_adjusted_L2_coef,Items_gold_adjusted_L2_winrate
Shoes of the Magi,-6.108547109326282,0.45652173913043476,Rod of Tahuti,25.887042672339593,0.65,Rod of Tahuti,0.7797302009740842,1.9578313253012047
Obsidian Shard,0.2806685887236966,0.4854368932038835,Soul Reaver,8.485831156009956,0.6060606060606061,Soul Reaver,0.28863371278945427,2.0614306328592042
Book of Thoth,6.539976990523997,0.5125,Book of Thoth,6.539976990523997,0.5125,Book of Thoth,0.24679158454807537,1.9339622641509433
Soul Stone,-2.770382740853828,0.42857142857142855,Warlock's Sash,5.457887837867316,0.5116279069767442,Shoes of Focus,0.22860987061261076,4.0
Rod of Tahuti,25.887042672339593,0.65,Shoes of Focus,3.4291480591891617,0.6,Warlock's Sash,0.20595803161763457,1.9306713470820536
Warlock's Sash,5.457887837867316,0.5116279069767442,Obsidian Shard,0.2806685887236966,0.4854368932038835,Obsidian Shard,0.013691150669448615,2.3679848448969927
