Items_most_pop,Items_most_pop_L2,Items_most_pop_winrate,Items_L2,Items_L2_coef,Items_L2_winrate,Items_gold_adjusted_L2,Items_gold_adjusted_L2_coef,Items_gold_adjusted_L2_winrate
Shoes of the Magi,-1.1985323858622392,0.47596153846153844,Rod of Tahuti,11.024569977486637,0.5938144329896907,Rod of Tahuti,0.3320653607676698,1.788597689727984
Obsidian Shard,1.9965584631986415,0.5012562814070352,Soul Reaver,3.6306576431537905,0.5637860082304527,Soul Reaver,0.12349175656985682,1.9176394837770498
Book of Thoth,2.0603977948118675,0.49557522123893805,Book of Thoth,2.0603977948118675,0.49557522123893805,Dynasty Plate Helm,0.10782559344618517,2.9844290657439445
Rod of Tahuti,11.024569977486637,0.5938144329896907,Obsidian Shard,1.9965584631986415,0.5012562814070352,Obsidian Shard,0.0973930957657874,2.44515259222944
Soul Stone,-8.341289532770334,0.3862212943632568,Dynasty Plate Helm,1.8330350885851479,0.5073529411764706,Book of Thoth,0.07775086018157991,1.8700951744865586
Warlock's Sash,0.8868772059854834,0.49117647058823527,Chronos' Pendant,1.6848227607920607,0.509375,Chronos' Pendant,0.07020094836633586,2.1223958333333335
