Items_most_pop,Items_most_pop_L2,Items_most_pop_winrate,Items_L2,Items_L2_coef,Items_L2_winrate,Items_gold_adjusted_L2,Items_gold_adjusted_L2_coef,Items_gold_adjusted_L2_winrate
Shoes of the Magi,-5.356606991831566,0.4408866995073892,Rod of Tahuti,25.009360821718733,0.5672514619883041,Rod of Tahuti,0.7532940006541787,1.708588740928627
Obsidian Shard,6.903211572791879,0.48,Book of Thoth,14.890792599913178,0.484,Book of Thoth,0.5619167018835162,1.8264150943396227
Book of Thoth,14.890792599913178,0.484,Doom Orb,7.856860094593561,0.48717948717948717,Shoes of Focus,0.3951617037791686,3.4285714285714284
Soul Stone,-14.176056066791027,0.375,Obsidian Shard,6.903211572791879,0.48,Doom Orb,0.3832614680289542,2.3764853033145714
Rod of Tahuti,25.009360821718733,0.5672514619883041,Shoes of Focus,5.9274255566875285,0.5142857142857142,Obsidian Shard,0.3367420279410673,2.341463414634146
Warlock's Sash,-2.4344731659965544,0.4304635761589404,Polynomicon,4.415219485143728,0.5416666666666666,Polynomicon,0.19196606457146645,2.3550724637681157
