Items_most_pop,Items_most_pop_L2,Items_most_pop_winrate,Items_L2,Items_L2_coef,Items_L2_winrate,Items_gold_adjusted_L2,Items_gold_adjusted_L2_coef,Items_gold_adjusted_L2_winrate
Warrior Tabi,4.470834849439127,0.5202769535113749,Deathbringer,41.08130537135193,0.6611374407582938,Wind Demon,1.5283390224297804,2.468743377834287
Ichaival,11.638083541067264,0.5176470588235295,Wind Demon,39.736814583174294,0.6418732782369146,Deathbringer,1.283790792854748,2.0660545023696684
Qin's Sais,10.877665642249305,0.5641221374045802,Titan's Bane,12.825933344949094,0.6078799249530957,Ichaival,0.6845931494745449,3.0449826989619377
Devourer's Gauntlet,2.2106608547691144,0.5180412371134021,Ichaival,11.638083541067264,0.5176470588235295,Titan's Bane,0.625655285119468,2.965267926600467
Wind Demon,39.736814583174294,0.6418732782369146,Qin's Sais,10.877665642249305,0.5641221374045802,Qin's Sais,0.4028765052684928,2.0893412496465933
The Executioner,-5.2860202144032495,0.5365622032288699,Warrior Tabi,4.470834849439127,0.5202769535113749,Warrior Tabi,0.28844095802833075,3.356625506524999
