,recommendations,win_rate,win_rate_per_cost
Starter Item,Death's Toll,,
Boots,Warrior Tabi,0.47689320388349515,3.40085021255
Item2,Wind Demon,0.5779179810725552,2.02742993441
Item3,The Executioner,0.5271317829457365,2.3428079242
Item4,Ichaival,0.4748380667663179,3.1007751938
Item5,Deathbringer,0.577917981073,1.88129722922
Item6,Titan's Bane,0.547963206307,2.67299125028
Relic1,Relic,0.384615384615,
Relic2,Purification,0.488479262673,
