Relics_most_pop,Relics_most_pop_L2,Relics_most_pop_winrate,Relics_most_pop_wr_paired,Relics_L2,Relics_L2_coef,Relics_L2_winrate,Relics_L2_wr_paired
Purification,4.86755162194263,0.5147313691507799,0.459459459459,Purification,4.86755162194263,0.5147313691507799,0.459459459459
Sanctuary,-5.863289122381141,0.5055970149253731,,Relic,0.5532277423134584,0.4318181818181818,
