Relics_most_pop,Relics_most_pop_L2,Relics_most_pop_winrate,Relics_most_pop_wr_paired,Relics_L2,Relics_L2_coef,Relics_L2_winrate,Relics_L2_wr_paired
Purification,7.347296267640978,0.6207584830339321,0.626738794436,Purification,7.347296267640978,0.6207584830339321,0.626738794436
Sanctuary,4.930232076934352,0.6238060249816312,,Sanctuary,4.930232076934352,0.6238060249816312,
