Items_most_pop,Items_most_pop_L2,Items_most_pop_winrate,Items_L2,Items_L2_coef,Items_L2_winrate,Items_gold_adjusted_L2,Items_gold_adjusted_L2_coef,Items_gold_adjusted_L2_winrate
Warrior Tabi,-8.17852206642903,0.48043478260869565,Wind Demon,16.896408899075706,0.6209677419354839,Wind Demon,0.6498618807336809,2.3883374689826304
Ichaival,-1.862962888968631,0.4918032786885246,Deathbringer,10.898658014968527,0.5964912280701754,Ninja Tabi,0.516293029673862,4.021164021164021
Qin's Sais,6.70213523886129,0.5454545454545454,Ninja Tabi,7.744395445107931,0.6031746031746031,Deathbringer,0.3405830629677664,1.8640350877192982
Devourer's Gauntlet,-0.006600131757395158,0.5058823529411764,Qin's Sais,6.70213523886129,0.5454545454545454,Qin's Sais,0.24822723106893665,2.0202020202020203
Asi,-1.3888465484189492,0.5098814229249012,The Executioner,4.423863457226047,0.5454545454545454,The Executioner,0.19661615365449098,2.4242424242424243
Wind Demon,16.896408899075706,0.6209677419354839,Transcendence,2.3199158938230435,0.55,Transcendence,0.08922753437780936,2.1153846153846154
