,recommendations,win_rate,win_rate_per_cost
Starter Item,Death's Toll,,
Boots,Warrior Tabi,0.5511145272867025,3.83152556698
Item2,Wind Demon,0.6321381142098274,2.28417870339
Item3,The Executioner,0.5938864628820961,2.63949539059
Item4,Qin's Sais,0.5796460176991151,2.19957949216
Item5,Deathbringer,0.651933701657,2.03729281768
Item6,Ichaival,0.574468085106,3.22769266752
Relic1,Relic,0.525252525253,
Relic2,Purification,0.559173450219,
