,recommendations,win_rate,win_rate_per_cost
Starter Item,Death's Toll,,
Boots,Ninja Tabi,0.561403508772,3.74269005848
Item2,Wind Demon,0.6268656716417911,2.41102181401
Item3,The Executioner,0.5887096774193549,2.78606965174
Item4,Qin's Sais,0.5662650602409639,2.32172470978
Item5,Deathbringer,0.592592592593,1.85185185185
Item6,Titan's Bane,0.560606060606,2.73466371027
Relic1,Relic,0.52380952381,
Relic2,Sanctuary,0.532319391635,
