Items_most_pop,Items_most_pop_L2,Items_most_pop_winrate,Items_L2,Items_L2_coef,Items_L2_winrate,Items_gold_adjusted_L2,Items_gold_adjusted_L2_coef,Items_gold_adjusted_L2_winrate
Warrior Tabi,-0.5889403069492489,0.5570193495265542,Deathbringer,33.431284868446895,0.6409090909090909,Ichaival,1.5444318400493022,3.3969405456552595
Ichaival,26.25534128083814,0.5774798927613941,Ichaival,26.25534128083814,0.5774798927613941,Deathbringer,1.0447276521389655,2.002840909090909
Qin's Sais,3.130717179063261,0.5736568457538995,Wind Demon,26.212714442465025,0.6212737127371274,Wind Demon,1.0081813247101934,2.389514279758182
Wind Demon,26.212714442465025,0.6212737127371274,The Executioner,8.370059410904952,0.5837173579109063,The Executioner,0.3720026404846645,2.594299368492917
Devourer's Gauntlet,-1.2976760913259622,0.5650929899856938,Titan's Bane,6.558061161557818,0.5957446808510638,Titan's Bane,0.3199054225150155,2.9060716139076286
Asi,-5.870583417871768,0.5600907029478458,Ninja Tabi,3.415192697127674,0.5728571428571428,Ninja Tabi,0.22767951314184492,3.8190476190476192
