Relics_most_pop,Relics_most_pop_L2,Relics_most_pop_winrate,Relics_most_pop_wr_paired,Relics_L2,Relics_L2_coef,Relics_L2_winrate,Relics_L2_wr_paired
Purification,9.389083847258233,0.5635467980295567,0.48,Purification,9.389083847258233,0.5635467980295567,0.48
Sanctuary,-5.997149399808992,0.563003663003663,,Relic,5.297652149849705,0.47701149425287354,
