Relics_most_pop,Relics_most_pop_L2,Relics_most_pop_winrate,Relics_most_pop_wr_paired,Relics_L2,Relics_L2_coef,Relics_L2_winrate,Relics_L2_wr_paired
Purification,-0.2140168177463888,0.5331683168316832,0.565789473684,Sprint,2.213676737444007,0.5597826086956522,0.565789473684
Sanctuary,-6.7344821621011475,0.5339696799550814,,Purification,-0.2140168177463888,0.5331683168316832,
