,recommendations,win_rate,win_rate_per_cost
Starter Item,Death's Toll,,
Boots,Ninja Tabi,0.503863987635,3.64285714286
Item2,Wind Demon,0.5874894336432798,1.96581196581
Item3,Qin's Sais,0.5314401622718052,1.89300411523
Item4,Ichaival,0.5038639876352395,3.00653594771
Item5,Deathbringer,0.587489433643,1.93452380952
Item6,Titan's Bane,0.573451327434,2.79732354846
Relic1,Sprint,0.510822510823,
Relic2,Purification,0.506397028477,
