Items_most_pop,Items_most_pop_L2,Items_most_pop_winrate,Items_L2,Items_L2_coef,Items_L2_winrate,Items_gold_adjusted_L2,Items_gold_adjusted_L2_coef,Items_gold_adjusted_L2_winrate
Warrior Tabi,-7.053847696193746,0.5012106537530266,Wind Demon,28.1487661252109,0.5926470588235294,Wind Demon,1.08264485096965,2.2794117647058822
Ichaival,-4.195502078536639,0.4923234390992835,Deathbringer,26.611410112164958,0.6122840690978887,Deathbringer,0.8316065660051549,1.913387715930902
Qin's Sais,13.668769406426717,0.5417661097852029,Transcendence,16.712779108598134,0.5233644859813084,Titan's Bane,0.7645212322955219,2.86770140428677
Devourer's Gauntlet,-5.98582459328095,0.5092724679029957,Titan's Bane,15.6726852620582,0.5878787878787879,Transcendence,0.6427991964845436,2.01294033069734
Wind Demon,28.1487661252109,0.5926470588235294,Qin's Sais,13.668769406426717,0.5417661097852029,Qin's Sais,0.5062507187565451,2.0065411473526034
Asi,-3.9735427581802845,0.5178041543026706,The Executioner,10.984194892628144,0.5466034755134281,The Executioner,0.4881864396723619,2.4293487800596805
