,recommendations,win_rate,win_rate_per_cost
Starter Item,Death's Toll,,
Boots,Ninja Tabi,0.601398601399,4.00932400932
Item2,Wind Demon,0.6228070175438597,2.16737659734
Item3,Ichaival,0.5714285714285714,3.31481126653
Item4,The Executioner,0.5824915824915825,2.50452406804
Item5,Deathbringer,0.63179916318,1.97437238494
Item6,Titan's Bane,0.571428571429,2.977878616
Relic1,Purification,0.567407407407,
Relic2,Sanctuary,0.565640194489,
