Items_most_pop,Items_most_pop_L2,Items_most_pop_winrate,Items_L2,Items_L2_coef,Items_L2_winrate,Items_gold_adjusted_L2,Items_gold_adjusted_L2_coef,Items_gold_adjusted_L2_winrate
Warrior Tabi,-1.4944670213646012,0.5092699884125145,Wind Demon,10.437575838950224,0.5861405197305101,Wind Demon,0.40144522457500864,2.2543866143481157
Ichaival,1.6561585748971472,0.5176110260336907,Deathbringer,9.163473603532507,0.5997340425531915,Deathbringer,0.28635855011039085,1.8741688829787233
Qin's Sais,4.084318859793064,0.5429787234042553,Qin's Sais,4.084318859793064,0.5429787234042553,Asi,0.1683050446234305,3.046720552538725
Wind Demon,10.437575838950224,0.5861405197305101,Titan's Bane,3.233416943035207,0.5681341719077568,Titan's Bane,0.15772765575781497,2.771386204428082
Devourer's Gauntlet,-2.078524376611496,0.5004945598417408,Asi,2.995829794297063,0.5423162583518931,Qin's Sais,0.1512710688812246,2.011032308904649
The Executioner,0.1010333998874224,0.5212649945474372,Ninja Tabi,1.8313589734565978,0.5410526315789473,Ninja Tabi,0.12209059823043987,3.6070175438596492
