,recommendations,win_rate,win_rate_per_cost
Starter Item,Death's Toll,,
Boots,Ninja Tabi,0.56414922657,3.8010393467
Item2,Wind Demon,0.6343366778149386,2.43975645313
Item3,Qin's Sais,0.5641492265696088,2.34939510302
Item4,Ichaival,0.5211521152115212,3.73139222244
Item5,Deathbringer,0.687218045113,2.14755639098
Item6,Titan's Bane,0.610993657505,2.98045686588
Relic1,Purification,0.53518907563,
Relic2,Sanctuary,0.537578886976,
