,recommendations,win_rate,win_rate_per_cost
Starter Item,Bumba's Mask,,
Boots,Warrior Tabi,0.45252225519287836,3.94838709677
Item2,Brawler's Beat Stick,0.612,2.55
Item3,Titan's Bane,0.5201072386058981,2.98536585366
Item4,Jotunn's Wrath,0.4756756756756757,2.50819672131
Item5,Transcendence,0.574712643678,2.21043324492
Item6,Void Shield,0.529411764706,1.96078431373
Relic1,Blink,0.526315789474,
Relic2,Sanctuary,0.483108108108,
