,recommendations,win_rate,win_rate_per_cost
Starter Item,Bumba's Mask,,
Boots,Warrior Tabi,0.5044843049327354,2.68817204301
Item2,Titan's Bane,0.5681818181818182,2.0325203252
Item3,Brawler's Beat Stick,0.5689655172413793,1.73611111111
Item4,Jotunn's Wrath,0.5281501340482574,1.70765027322
Item5,Hydra's Lament,0.568965517241,2.51657117178
Item6,Stone Cutting Sword,0.541062801932,2.76923076923
Relic1,Purification,0.525198938992,
Relic2,Teleport,0.552631578947,
