Items_most_pop,Items_most_pop_L2,Items_most_pop_winrate,Items_L2,Items_L2_coef,Items_L2_winrate,Items_gold_adjusted_L2,Items_gold_adjusted_L2_coef,Items_gold_adjusted_L2_winrate
Warrior Tabi,-1.9962976789057785,0.46526655896607433,Brawler's Beat Stick,22.47259400764163,0.6153846153846154,Titan's Bane,0.9381129922000475,2.785476718403548
Jotunn's Wrath,4.370150684796732,0.4909456740442656,Titan's Bane,19.231316340100975,0.5710227272727273,Brawler's Beat Stick,0.9363580836517346,2.5641025641025643
Titan's Bane,19.231316340100975,0.5710227272727273,Void Shield,15.125480622208991,0.5882352941176471,Void Shield,0.5602029860077404,2.178649237472767
Hydra's Lament,-11.401606243350809,0.4377224199288256,Mantle of Discord,14.716699957769396,0.6410256410256411,Mantle of Discord,0.4747322567022386,2.0678246484698097
Bumba's Mask,-19.561646322014788,0.3225806451612903,Stone Cutting Sword,5.38982813329315,0.6363636363636364,Stone Cutting Sword,0.20730108204973655,2.4475524475524475
Brawler's Beat Stick,22.47259400764163,0.6153846153846154,Bloodforge,4.999074355423131,0.6176470588235294,Jotunn's Wrath,0.17910453626216113,2.0120724346076457
