Relics_most_pop,Relics_most_pop_L2,Relics_most_pop_winrate,Relics_most_pop_wr_paired,Relics_L2,Relics_L2_coef,Relics_L2_winrate,Relics_L2_wr_paired
Purification,22.86816012052622,0.45454545454545453,0.560975609756,Purification,22.86816012052622,0.45454545454545453,0.560975609756
Sanctuary,-8.583158616314957,0.4339622641509434,,Blink,10.231067398958025,0.5348837209302325,
