Relics_most_pop,Relics_most_pop_L2,Relics_most_pop_winrate,Relics_most_pop_wr_paired,Relics_L2,Relics_L2_coef,Relics_L2_winrate,Relics_L2_wr_paired
Purification,-4.693508548501922,0.4634146341463415,0.0,Curse,4.874689067113506,0.6666666666666666,0.0
Sanctuary,-3.8011872292829074,0.46464646464646464,,Blink,4.445961837362766,0.5769230769230769,
