,recommendations,win_rate,win_rate_per_cost
Starter Item,Bumba's Mask,,
Boots,Warrior Tabi,0.3993174061433447,3.53140916808
Item2,Brawler's Beat Stick,0.5473684210526316,2.28070175439
Item3,Bumba's Mask,0.25,6.84210526316
Item4,Hydra's Lament,0.4444444444444444,2.5458996328
Item5,Jotunn's Wrath,0.412955465587,1.69244043273
Item6,Stone Cutting Sword,0.52380952381,2.01465201465
Relic1,Blink,0.583333333333,
Relic2,Wrath,0.451327433628,
