,recommendations,win_rate,win_rate_per_cost
Starter Item,Bumba's Mask,,
Boots,Warrior Tabi,0.4131455399061033,3.84141836986
Item2,Brawler's Beat Stick,0.5954198473282443,2.48091603053
Item3,Jotunn's Wrath,0.4473684210526316,2.44024527594
Item4,Titan's Bane,0.5111111111111111,2.90448706014
Item5,Mantle of Discord,0.595419847328,2.09241499564
Item6,Spirit Robe,0.542857142857,2.20673635308
Relic1,Wrath,0.442424242424,
Relic2,Curse,0.5,
