Items_most_pop,Items_most_pop_L2,Items_most_pop_winrate,Items_L2,Items_L2_coef,Items_L2_winrate,Items_gold_adjusted_L2,Items_gold_adjusted_L2_coef,Items_gold_adjusted_L2_winrate
Warrior Tabi,-0.3540381052361936,0.4525316455696203,Bloodforge,20.515456366283857,0.6981132075471698,Bloodforge,0.7198405742555739,2.4495200264812977
Jotunn's Wrath,9.010039106638777,0.4726930320150659,Transcendence,14.633080904984089,0.55,Transcendence,0.5628108040378496,2.1153846153846154
Titan's Bane,7.690885741967994,0.514367816091954,Stone Cutting Sword,13.065253647367117,0.6341463414634146,Stone Cutting Sword,0.5025097556679661,2.4390243902439024
Bumba's Mask,-23.63494372034433,0.3237704918032787,Void Shield,12.372184395858762,0.5224719101123596,Void Shield,0.4582290516984726,1.9350811485642947
Hydra's Lament,1.5004586632770336,0.4692982456140351,Brawler's Beat Stick,10.012836001413424,0.5225225225225225,Brawler's Beat Stick,0.41720150005889267,2.1771771771771773
Brawler's Beat Stick,10.012836001413424,0.5225225225225225,Jotunn's Wrath,9.010039106638777,0.4726930320150659,Titan's Bane,0.3751651581447802,2.509111298009532
