,recommendations,win_rate,win_rate_per_cost
Starter Item,Watcher's Gift,,
Boots,Shoes of the Magi,0.4722222222222222,2.95138888889
Item2,Sovereignty,0.5621621621621622,2.24867724868
Item3,Heartward Amulet,0.5833333333333334,2.24867724868
Item4,Breastplate of Valor,0.4782608695652174,2.05314009662
Item5,Void Stone,0.59375,2.69886363636
Item6,Winged Blade,0.573170731707,3.003003003
Relic1,Meditation,0.48115942029,
Relic2,Wrath,0.514285714286,
