Relics_most_pop,Relics_most_pop_L2,Relics_most_pop_winrate,Relics_most_pop_wr_paired,Relics_L2,Relics_L2_coef,Relics_L2_winrate,Relics_L2_wr_paired
Meditation,9.33245192727333,0.48847926267281105,0.55023923445,Meditation,9.33245192727333,0.48847926267281105,0.55023923445
Shell,6.700956130792654,0.5040983606557377,,Sprint,8.798601903193644,0.52,
