,recommendations,win_rate,win_rate_per_cost
Starter Item,Watcher's Gift,,
Boots,Shoes of the Magi,0.54,3.375
Item2,Watcher's Gift,0.47619047619047616,6.5
Item3,Sovereignty,0.4358974358974359,2.47619047619
Item4,Hide of the Urchin,0.5230769230769231,2.16666666667
Item5,Gem of Isolation,0.777777777778,2.88065843621
Item6,Mantle of Discord,0.653846153846,2.10918114144
Relic1,Relic,0.357142857143,
Relic2,Shell,0.54347826087,
