,recommendations,win_rate,win_rate_per_cost
Starter Item,Watcher's Gift,,
Boots,Shoes of the Magi,0.609756097561,3.15290178571
Item2,Heartward Amulet,0.5378486055776892,2.28060572888
Item3,Sovereignty,0.4967948717948718,2.28060572888
Item4,Hide of the Urchin,0.4793814432989691,1.99553001277
Item5,Winged Blade,0.602409638554,3.07463426729
Item6,Void Stone,0.56880733945,2.73822562979
Relic1,Meditation,0.502008032129,
Relic2,Curse,0.512345679012,
