Items_most_pop,Items_most_pop_L2,Items_most_pop_winrate,Items_L2,Items_L2_coef,Items_L2_winrate,Items_gold_adjusted_L2,Items_gold_adjusted_L2_coef,Items_gold_adjusted_L2_winrate
Hide of the Urchin,5.697999924961512,0.5407725321888412,Sovereignty,21.889272056953008,0.610062893081761,Shoes of Focus,1.3047530086546921,3.989071038251366
Watcher's Gift,2.088848370647807,0.4956896551724138,Spirit Robe,20.55552514247793,0.6404494382022472,Sovereignty,1.0423462884263337,2.9050613956274334
Breastplate of Valor,0.8331702700413531,0.5209580838323353,Shoes of Focus,19.571295129820378,0.5983606557377049,Spirit Robe,0.8355904529462572,2.6034530008221433
Sovereignty,21.889272056953008,0.610062893081761,Mystical Mail,17.22851851207442,0.68,Mystical Mail,0.6380932782249785,2.5185185185185186
Heartward Amulet,12.35874192006176,0.6071428571428571,Pestilence,13.122765998992902,0.6136363636363636,Pestilence,0.6103612092554838,2.854122621564482
Shoes of Focus,19.571295129820378,0.5983606557377049,Heartward Amulet,12.35874192006176,0.6071428571428571,Heartward Amulet,0.588511520002941,2.891156462585034
