,recommendations,win_rate,win_rate_per_cost
Starter Item,Watcher's Gift,,
Boots,Reinforced Shoes,0.575342465753,4.35267857143
Item2,Sovereignty,0.6206896551724138,2.7397260274
Item3,Hide of the Urchin,0.5753424657534246,2.39726027397
Item4,Breastplate of Valor,0.5597014925373134,2.50148898154
Item5,Dynasty Plate Helm,0.609375,4.57516339869
Item6,Void Stone,0.578947368421,2.92207792208
Relic1,Wrath,0.708333333333,
Relic2,Shell,0.57264957265,
