,recommendations,win_rate,win_rate_per_cost
Starter Item,Watcher's Gift,,
Boots,Shoes of Focus,0.56,3.40909090909
Item2,Heartward Amulet,0.5665529010238908,2.28310502283
Item3,Sovereignty,0.5471698113207547,2.28310502283
Item4,Hide of the Urchin,0.5031847133757962,1.99771689498
Item5,Mantle of Discord,0.547169811321,1.95391705069
Item6,Spirit Robe,0.58389261745,2.37354722541
Relic1,Sprint,0.533783783784,
Relic2,Curse,0.530172413793,
