Items_most_pop,Items_most_pop_L2,Items_most_pop_winrate,Items_L2,Items_L2_coef,Items_L2_winrate,Items_gold_adjusted_L2,Items_gold_adjusted_L2_coef,Items_gold_adjusted_L2_winrate
Watcher's Gift,-10.714737851744829,0.39869989165763814,Mantle of Discord,19.327810552514403,0.5691823899371069,Void Stone,0.865666845638931,2.658279220779221
Hide of the Urchin,0.753077773715864,0.45139664804469276,Void Stone,19.04467060405648,0.5848214285714286,Mantle of Discord,0.6234777597585291,1.8360722256035706
Sovereignty,10.820288036368494,0.48546511627906974,Mystical Mail,13.447079885562838,0.58,Sovereignty,0.5152518112556425,2.3117386489479514
Breastplate of Valor,-1.6637753171120706,0.44832826747720367,Sovereignty,10.820288036368494,0.48546511627906974,Mystical Mail,0.49803999576158653,2.1481481481481484
Heartward Amulet,5.18193526875926,0.4842105263157895,Travelers Shoes,5.631971265843013,0.4692556634304207,Travelers Shoes,0.40228366184592956,3.351826167360148
Shoes of the Magi,-3.3580272100492574,0.4342105263157895,Heartward Amulet,5.18193526875926,0.4842105263157895,Heartward Amulet,0.24675882232186955,2.305764411027569
