,recommendations,win_rate,win_rate_per_cost
Starter Item,Watcher's Gift,,
Boots,Shoes of the Magi,0.5401459854014599,3.37591240876
Item2,Hide of the Urchin,0.5605381165919282,2.25060827251
Item3,Sovereignty,0.5794871794871795,2.57212374001
Item4,Heartward Amulet,0.569620253164557,2.57212374001
Item5,Winged Blade,0.6875,3.71621621622
Item6,Pestilence,0.560538116592,2.93757649939
Relic1,Meditation,0.565916398714,
Relic2,Sprint,0.560810810811,
