,recommendations,win_rate,win_rate_per_cost
Starter Item,Watcher's Gift,,
Boots,Shoes of Focus,0.688311688312,4.14565826331
Item2,Sovereignty,0.6677215189873418,2.66421681213
Item3,Heartward Amulet,0.6416666666666667,2.66421681213
Item4,Hide of the Urchin,0.5920398009950248,2.33118971061
Item5,Void Stone,0.667721518987,3.36134453782
Item6,Winged Blade,0.714285714286,3.861003861
Relic1,Sprint,0.641434262948,
Relic2,Meditation,0.586956521739,
