Relics_most_pop,Relics_most_pop_L2,Relics_most_pop_winrate,Relics_most_pop_wr_paired,Relics_L2,Relics_L2_coef,Relics_L2_winrate,Relics_L2_wr_paired
Meditation,-1.4469453737704472,0.46938775510204084,0.0,Frenzy,15.626317870795143,0.7,0.0
Shell,-15.981499146749758,0.4322033898305085,,Sprint,7.896759336747686,0.4946236559139785,
