,recommendations,win_rate,win_rate_per_cost
Starter Item,Watcher's Gift,,
Boots,Shoes of Focus,0.617647058824,3.62484157161
Item2,Sovereignty,0.5469613259668509,2.37596086653
Item3,Breastplate of Valor,0.5472779369627507,2.16935557379
Item4,Hide of the Urchin,0.4989517819706499,2.07896575821
Item5,Winged Blade,0.543726235741,3.23438192291
Item6,Mantle of Discord,0.598360655738,1.99240986717
Relic1,Curse,0.531446540881,
Relic2,Wrath,0.537313432836,
