Relics_most_pop,Relics_most_pop_L2,Relics_most_pop_winrate,Relics_most_pop_wr_paired,Relics_L2,Relics_L2_coef,Relics_L2_winrate,Relics_L2_wr_paired
Meditation,1.6617165105506932,0.4792843691148776,0.575,Wrath,3.1639149780730262,0.5266666666666666,0.575
Shell,0.2512931840317976,0.48619631901840493,,Meditation,1.6617165105506932,0.4792843691148776,
