Items_most_pop,Items_most_pop_L2,Items_most_pop_winrate,Items_L2,Items_L2_coef,Items_L2_winrate,Items_gold_adjusted_L2,Items_gold_adjusted_L2_coef,Items_gold_adjusted_L2_winrate
Hide of the Urchin,-28.38763425695752,0.5230769230769231,Gem of Isolation,832.9205701000918,0.7777777777777778,Gem of Isolation,30.8489100037071,2.880658436213992
Watcher's Gift,387.1434523128545,0.47619047619047616,Mantle of Discord,658.8638100968909,0.6538461538461539,Mantle of Discord,21.253671293448097,2.109181141439206
Breastplate of Valor,-265.63026162362326,0.52,Shoes of the Magi,295.74409761126043,0.54,Shoes of the Magi,18.484006100703777,3.375
Shoes of the Magi,295.74409761126043,0.54,Spirit Robe,266.78108017231546,0.5714285714285714,Dynasty Plate Helm,13.888994299019133,3.9215686274509802
Sovereignty,54.131309651782836,0.4358974358974359,Dynasty Plate Helm,236.11290308332525,0.6666666666666666,Spirit Robe,10.844759356598187,2.3228803716608595
Heartward Amulet,-365.2654740070896,0.4594594594594595,Void Stone,147.636156746611,0.5263157894736842,Reinforced Shoes,8.016857017289437,3.7593984962406015
