,recommendations,win_rate,win_rate_per_cost
Starter Item,Watcher's Gift,,
Boots,Shoes of Focus,0.539256198347,3.67816091954
Item2,Sovereignty,0.5707196029776674,2.71771239513
Item3,Hide of the Urchin,0.5392561983471075,2.37799834574
Item4,Breastplate of Valor,0.5319693094629157,2.48138957816
Item5,Void Stone,0.644927536232,2.93148880105
Item6,Spirit Robe,0.567010309278,2.30491995642
Relic1,Shell,0.540983606557,
Relic2,Curse,0.550218340611,
