Items_most_pop,Items_most_pop_L2,Items_most_pop_winrate,Items_L2,Items_L2_coef,Items_L2_winrate,Items_gold_adjusted_L2,Items_gold_adjusted_L2_coef,Items_gold_adjusted_L2_winrate
Watcher's Gift,-11.796896107707624,0.41391106043329534,Void Stone,12.401345802296548,0.6580310880829016,Sovereignty,0.5871337613110887,2.567287784679089
Hide of the Urchin,1.9364534763182273,0.4830097087378641,Sovereignty,12.329808987532862,0.5391304347826087,Void Stone,0.5636975364680249,2.9910504003768255
Sovereignty,12.329808987532862,0.5391304347826087,Heartward Amulet,9.074091336567971,0.5424610051993067,Heartward Amulet,0.4320995874556177,2.583147643806223
Breastplate of Valor,1.4273718455719917,0.488013698630137,Mantle of Discord,7.635925153028642,0.5780730897009967,Mantle of Discord,0.2463201662267304,1.8647519022612795
Heartward Amulet,9.074091336567971,0.5424610051993067,Winged Blade,3.150057246992384,0.53125,Shoes of Focus,0.1913440128432191,3.296047725577927
Shoes of the Magi,3.0040442870329485,0.4927835051546392,Shoes of the Magi,3.0040442870329485,0.4927835051546392,Shoes of the Magi,0.18775276793955928,3.079896907216495
