Relics_most_pop,Relics_most_pop_L2,Relics_most_pop_winrate,Relics_most_pop_wr_paired,Relics_L2,Relics_L2_coef,Relics_L2_winrate,Relics_L2_wr_paired
Meditation,13.90058043331851,0.4927797833935018,0.538461538462,Meditation,13.90058043331851,0.4927797833935018,0.538461538462
Shell,10.062459555609692,0.5208333333333334,,Shell,10.062459555609692,0.5208333333333334,
