Relics_most_pop,Relics_most_pop_L2,Relics_most_pop_winrate,Relics_most_pop_wr_paired,Relics_L2,Relics_L2_coef,Relics_L2_winrate,Relics_L2_wr_paired
Meditation,1.748227340924342,0.5,0.552845528455,Curse,4.382509086991502,0.5396825396825397,0.552845528455
Curse,4.382509086991502,0.5396825396825397,,Meditation,1.748227340924342,0.5,
