,recommendations,win_rate,win_rate_per_cost
Starter Item,Death's Toll,,
Boots,Warrior Tabi,0.5219638242894057,3.43602754621
Item2,Qin's Sais,0.6189290161892902,1.97253433208
Item3,Witchblade,0.5963149078726968,2.59797204714
Item4,Death's Toll,0.487378640776699,6.65730337079
Item5,Mantle of Discord,0.697959183673,2.25148123766
Item6,Winged Blade,0.596314907873,3.38070028792
Relic1,Meditation,0.613095238095,
Relic2,Teleport,0.541666666667,
