Relics_most_pop,Relics_most_pop_L2,Relics_most_pop_winrate,Relics_most_pop_wr_paired,Relics_L2,Relics_L2_coef,Relics_L2_winrate,Relics_L2_wr_paired
Teleport,5.291558224705993,0.5537567455375675,0.619047619048,Meditation,16.579231551564252,0.5931307793923382,0.619047619048
Purification,-9.714704957036178,0.5164433617539586,,Sprint,5.390504064297385,0.5709156193895871,
