Relics_most_pop,Relics_most_pop_L2,Relics_most_pop_winrate,Relics_most_pop_wr_paired,Relics_L2,Relics_L2_coef,Relics_L2_winrate,Relics_L2_wr_paired
Teleport,7.150753920804299,0.4758454106280193,0.517647058824,Meditation,9.41467810589996,0.5173745173745173,0.517647058824
Curse,-2.1079586994467343,0.4562841530054645,,Teleport,7.150753920804299,0.4758454106280193,
