Items_most_pop,Items_most_pop_L2,Items_most_pop_winrate,Items_L2,Items_L2_coef,Items_L2_winrate,Items_gold_adjusted_L2,Items_gold_adjusted_L2_coef,Items_gold_adjusted_L2_winrate
Warrior Tabi,-5.269041997434619,0.563953488372093,Qin's Sais,34.5517296991895,0.6447368421052632,Qin's Sais,1.2796936925625741,2.387914230019493
Qin's Sais,34.5517296991895,0.6447368421052632,Stone Cutting Sword,23.142989681838408,0.7692307692307693,Winged Blade,1.0813642251302258,3.565267395054629
Breastplate of Valor,-6.092723590524356,0.5572232645403377,Witchblade,21.76806072910134,0.625,Witchblade,1.0618566209317726,3.048780487804878
Witchblade,21.76806072910134,0.625,Winged Blade,20.00523816490918,0.6595744680851063,Stone Cutting Sword,0.8901149877630157,2.9585798816568047
Death's Toll,14.513754696235958,0.5552699228791774,Frostbound Hammer,17.582874379394926,0.6319702602230484,Frostbound Hammer,0.7644727991041271,2.747696783578471
Ichaival,8.675505215640486,0.5726495726495726,Ichaival,8.675505215640486,0.5726495726495726,Ichaival,0.5103238362141462,3.3685268979386627
