Relics_most_pop,Relics_most_pop_L2,Relics_most_pop_winrate,Relics_most_pop_wr_paired,Relics_L2,Relics_L2_coef,Relics_L2_winrate,Relics_L2_wr_paired
Teleport,13.523072475495166,0.5786924939467313,0.590163934426,Sprint,13.639663892009413,0.6236559139784946,0.590163934426
Purification,3.054995513513249,0.5672514619883041,,Teleport,13.523072475495166,0.5786924939467313,
