Items_most_pop,Items_most_pop_L2,Items_most_pop_winrate,Items_L2,Items_L2_coef,Items_L2_winrate,Items_gold_adjusted_L2,Items_gold_adjusted_L2_coef,Items_gold_adjusted_L2_winrate
Warrior Tabi,-5.791456428092498,0.5842450765864332,Stone Cutting Sword,27.807949468697224,0.8333333333333334,Ichaival,1.221957930456049,3.8983640793595544
Qin's Sais,25.24323428509384,0.6455696202531646,Qin's Sais,25.24323428509384,0.6455696202531646,Witchblade,1.1105511046226377,3.275597973371038
Breastplate of Valor,-0.644903125608386,0.5766423357664233,Witchblade,22.766297644764073,0.6714975845410628,Stone Cutting Sword,1.0695365180268164,3.2051282051282053
Witchblade,22.766297644764073,0.6714975845410628,Ichaival,20.77328481775283,0.6627218934911243,Sovereignty,0.9580521740226072,3.4226190476190474
Death's Toll,16.368302496812774,0.5776699029126213,Sovereignty,20.11909565447475,0.71875,Qin's Sais,0.9349346031516237,2.390998593530239
Ichaival,20.77328481775283,0.6627218934911243,The Executioner,18.055288100557824,0.6694214876033058,The Executioner,0.8024572489136811,2.975206611570248
