,recommendations,win_rate,win_rate_per_cost
Starter Item,Death's Toll,,
Boots,Warrior Tabi,0.53821656051,3.47236490651
Item2,Death's Toll,0.518796992481203,6.48496240602
Item3,Qin's Sais,0.5654008438818565,1.92147034252
Item4,Ichaival,0.503448275862069,3.0517470146
Item5,Stone Cutting Sword,0.757575757576,2.91375291375
Item6,The Executioner,0.651515151515,2.89562289562
Relic1,Meditation,0.542857142857,
Relic2,Wrath,0.544117647059,
