,recommendations,win_rate,win_rate_per_cost
Starter Item,Death's Toll,,
Boots,Warrior Tabi,0.5235361653272101,3.31744868035
Item2,Qin's Sais,0.5964052287581699,1.90446127946
Item3,Death's Toll,0.4672131147540984,6.42755681818
Item4,Witchblade,0.5387931034482759,2.50831485588
Item5,Winged Blade,0.596405228758,3.5112035112
Item6,The Executioner,0.673366834171,2.83597883598
Relic1,Meditation,0.560885608856,
Relic2,Sprint,0.569721115538,
