Items_most_pop,Items_most_pop_L2,Items_most_pop_winrate,Items_L2,Items_L2_coef,Items_L2_winrate,Items_gold_adjusted_L2,Items_gold_adjusted_L2_coef,Items_gold_adjusted_L2_winrate
Warrior Tabi,-1.2641033854988297,0.47855917667238423,Qin's Sais,3.487124570133203,0.5976744186046512,Qin's Sais,0.12915276185678531,2.2136089577950044
Qin's Sais,3.487124570133203,0.5976744186046512,Frostbound Hammer,1.484087415499087,0.5988700564971752,Ninja Tabi,0.09617791956660506,3.944153577661431
Breastplate of Valor,-0.28099237148867073,0.4942528735632184,Ninja Tabi,1.4426687934990758,0.5916230366492147,Frostbound Hammer,0.06452553980430814,2.603782854335544
Witchblade,0.712385690844196,0.5353159851301115,Hide of the Urchin,1.402758363104577,0.609271523178808,Hide of the Urchin,0.058448265129357385,2.5386313465783665
Death's Toll,-0.8099155060578905,0.4624505928853755,The Executioner,0.9295338312483633,0.5761589403973509,Winged Blade,0.04474896080200933,3.0346135609293503
Ichaival,0.15313725235424253,0.5104602510460251,Bulwark of Hope,0.8598370584214605,0.5544554455445545,The Executioner,0.041312614722149484,2.5607064017660046
