Items_most_pop,Items_most_pop_L2,Items_most_pop_winrate,Items_L2,Items_L2_coef,Items_L2_winrate,Items_gold_adjusted_L2,Items_gold_adjusted_L2_coef,Items_gold_adjusted_L2_winrate
Warrior Tabi,-2.0611063422794293,0.5692307692307692,Winged Blade,23.05473916432978,0.7241379310344828,Winged Blade,1.2462021169907989,3.91425908667288
Qin's Sais,15.225900963190494,0.6266666666666667,Ichaival,20.14271986455898,0.6823529411764706,Ichaival,1.1848658743858225,4.013840830449827
Breastplate of Valor,-2.2867201326065683,0.5583333333333333,Mantle of Discord,17.943653029538268,0.7142857142857143,Pestilence,0.6979660041022044,3.5348837209302326
Witchblade,-12.131523634923973,0.5363636363636364,Qin's Sais,15.225900963190494,0.6266666666666667,Mantle of Discord,0.5788275170818796,2.304147465437788
Death's Toll,-7.802894037027751,0.5,Pestilence,15.006269088197396,0.76,Qin's Sais,0.5639222578959443,2.3209876543209877
Ichaival,20.14271986455898,0.6823529411764706,Hide of the Urchin,12.957289892036055,0.6607142857142857,Hide of the Urchin,0.5398870788348357,2.7529761904761907
