Items_most_pop,Items_most_pop_L2,Items_most_pop_winrate,Items_L2,Items_L2_coef,Items_L2_winrate,Items_gold_adjusted_L2,Items_gold_adjusted_L2_coef,Items_gold_adjusted_L2_winrate
Warrior Tabi,-1.864920336688804,0.49606299212598426,Frostbound Hammer,42.347186388229616,0.691358024691358,Frostbound Hammer,1.8411820168795483,3.0059044551798175
Qin's Sais,20.665334380121177,0.5952380952380952,The Executioner,23.99080075617821,0.6981132075471698,Ninja Tabi,1.356458618144158,4.065040650406504
Breastplate of Valor,-30.8522251715086,0.4217687074829932,Qin's Sais,20.665334380121177,0.5952380952380952,The Executioner,1.0662578113856982,3.10272536687631
Witchblade,18.806516407050932,0.5925925925925926,Ninja Tabi,20.346879272162372,0.6097560975609756,Witchblade,0.917391044246387,2.890695573622403
Death's Toll,-5.983229236993951,0.4274193548387097,Witchblade,18.806516407050932,0.5925925925925926,Qin's Sais,0.7653827548193028,2.2045855379188715
Ichaival,-2.0398439241354653,0.5,Stone Cutting Sword,16.390191217910903,0.7333333333333333,Stone Cutting Sword,0.6303919699196501,2.8205128205128207
