,recommendations,win_rate,win_rate_per_cost
Starter Item,Watcher's Gift,,
Boots,Reinforced Shoes,0.66,3.9880952381
Item2,Sovereignty,0.6685714285714286,2.81954887218
Item3,Pestilence,0.5921052631578947,2.75397796818
Item4,Hide of the Urchin,0.5405405405405406,2.46710526316
Item5,Lotus Crown,0.791666666667,2.97526379519
Item6,Rod of Asclepius,0.609929078014,2.97619047619
Relic1,Curse,0.586387434555,
Relic2,Shell,0.587096774194,
