,recommendations,win_rate,win_rate_per_cost
Starter Item,Watcher's Gift,,
Boots,Travelers Shoes,0.59649122807,4.26065162907
Item2,Sovereignty,0.5739644970414202,2.27190112686
Item3,Breastplate of Valor,0.5041322314049587,2.07434450714
Item4,Hide of the Urchin,0.5272727272727272,1.98791348601
Item5,Lotus Crown,0.626168224299,3.05447914292
Item6,Pestilence,0.648648648649,3.01697045883
Relic1,Meditation,0.554347826087,
Relic2,Wrath,0.609756097561,
