Items_most_pop,Items_most_pop_L2,Items_most_pop_winrate,Items_L2,Items_L2_coef,Items_L2_winrate,Items_gold_adjusted_L2,Items_gold_adjusted_L2_coef,Items_gold_adjusted_L2_winrate
Watcher's Gift,-23.244124464975776,0.48579545454545453,Mantle of Discord,29.597692554556993,0.7631578947368421,Mantle of Discord,0.9547642759534514,2.461799660441426
Shoes of Focus,10.022740481920732,0.5631067961165048,Rod of Asclepius,21.060184604039996,0.6973684210526315,Winged Blade,0.8763124386110364,3.6036036036036037
Hide of the Urchin,10.83322047057326,0.5867158671586716,Winged Blade,16.211780114304172,0.6666666666666666,Rod of Asclepius,0.7917362633097743,2.6216857934309457
Sovereignty,-2.585916152409554,0.5630252100840336,Heartward Amulet,11.041959910188956,0.5990338164251208,Shoes of Focus,0.6681826987947155,3.7540453074433655
Breastplate of Valor,-1.0663763560474693,0.5504587155963303,Hide of the Urchin,10.83322047057326,0.5867158671586716,Heartward Amulet,0.5258076147709027,2.8525419829767658
Heartward Amulet,11.041959910188956,0.5990338164251208,Shoes of Focus,10.022740481920732,0.5631067961165048,Hide of the Urchin,0.45138418627388577,2.444649446494465
