Relics_most_pop,Relics_most_pop_L2,Relics_most_pop_winrate,Relics_most_pop_wr_paired,Relics_L2,Relics_L2_coef,Relics_L2_winrate,Relics_L2_wr_paired
Meditation,2.1665961578757673,0.5231481481481481,0.566666666667,Meditation,2.1665961578757673,0.5231481481481481,0.566666666667
Sprint,0.8057736166946935,0.5161290322580645,,Shell,1.6227698601431295,0.5333333333333333,
