,recommendations,win_rate,win_rate_per_cost
Starter Item,Watcher's Gift,,
Boots,Shoes of Focus,0.623655913978,3.96011396011
Item2,Sovereignty,0.6236559139784946,2.60429835651
Item3,Heartward Amulet,0.6319018404907976,2.60429835651
Item4,Hide of the Urchin,0.5798969072164949,2.27876106195
Item5,Rod of Asclepius,0.594017094017,2.55891830416
Item6,Lotus Crown,0.624505928854,3.04637038465
Relic1,Meditation,0.592417061611,
Relic2,Sprint,0.58908045977,
