Relics_most_pop,Relics_most_pop_L2,Relics_most_pop_winrate,Relics_most_pop_wr_paired,Relics_L2,Relics_L2_coef,Relics_L2_winrate,Relics_L2_wr_paired
Meditation,14.266793259984997,0.6433566433566433,0.84375,Meditation,14.266793259984997,0.6433566433566433,0.84375
Shell,-0.25897084093161765,0.6177156177156177,,Wrath,10.238000263308077,0.71,
