Items_most_pop,Items_most_pop_L2,Items_most_pop_winrate,Items_L2,Items_L2_coef,Items_L2_winrate,Items_gold_adjusted_L2,Items_gold_adjusted_L2_coef,Items_gold_adjusted_L2_winrate
Watcher's Gift,340.31262951197317,0.5234042553191489,Sovereignty,1364.2617224207472,0.61875,Winged Blade,68.51147468819221,3.6565977742448332
Shoes of Focus,-339.4354728183143,0.5194805194805194,Winged Blade,1267.4622817315558,0.6764705882352942,Sovereignty,64.96484392479748,2.9464285714285716
Hide of the Urchin,624.0268422574205,0.5297619047619048,Rod of Asclepius,1179.8259340982831,0.6206896551724138,Rod of Asclepius,44.35435842474749,2.33341975628727
Sovereignty,1364.2617224207472,0.61875,Midgardian Mail,877.8745447949029,0.4230769230769231,Midgardian Mail,39.016646435329015,1.8803418803418803
Breastplate of Valor,612.4196455602058,0.5197368421052632,Spirit Robe,786.949721058536,0.5714285714285714,Spirit Robe,31.989826059290085,2.3228803716608595
Heartward Amulet,174.66992569328298,0.582089552238806,Hide of the Urchin,624.0268422574205,0.5297619047619048,Witchblade,28.55922710745213,2.5609756097560976
