Items_most_pop,Items_most_pop_L2,Items_most_pop_winrate,Items_L2,Items_L2_coef,Items_L2_winrate,Items_gold_adjusted_L2,Items_gold_adjusted_L2_coef,Items_gold_adjusted_L2_winrate
Watcher's Gift,-5.313168222018643,0.5175983436853002,Mantle of Discord,27.684741405367873,0.7372881355932204,Winged Blade,0.9763321378626326,3.7899968934451693
Shoes of Focus,3.7801027654242993,0.5583756345177665,Heartward Amulet,18.719444058465783,0.6335616438356164,Mantle of Discord,0.8930561743667056,2.378348824494259
Sovereignty,6.3108983543029105,0.5948051948051948,Winged Blade,18.062144550458704,0.7011494252873564,Heartward Amulet,0.8914020980221801,3.0169602087410308
Hide of the Urchin,-2.2930997665836306,0.5549132947976878,Rod of Asclepius,11.808023630466547,0.6627906976744186,Lotus Crown,0.5648457034821143,2.926829268292683
Heartward Amulet,18.719444058465783,0.6335616438356164,Lotus Crown,11.579336921383343,0.6,Travelers Shoes,0.5422792659812182,4.2313664596273295
Breastplate of Valor,2.737784602815386,0.5593869731800766,Travelers Shoes,7.591909723737055,0.592391304347826,Rod of Asclepius,0.4439106627994942,2.4916943521594686
