,recommendations,win_rate,win_rate_per_cost
Starter Item,Watcher's Gift,,
Boots,Travelers Shoes,0.539473684211,3.66379310345
Item2,Heartward Amulet,0.5245535714285714,2.24368077251
Item3,Sovereignty,0.5077220077220077,2.24368077251
Item4,Watcher's Gift,0.4503311258278146,5.88966202783
Item5,Rod of Asclepius,0.646153846154,2.42914979757
Item6,Spirit Robe,0.625899280576,2.4432368676
Relic1,Shell,0.511764705882,
Relic2,Curse,0.498039215686,
