,recommendations,win_rate,win_rate_per_cost
Starter Item,Watcher's Gift,,
Boots,Reinforced Shoes,0.647058823529,4.12087912088
Item2,Sovereignty,0.5614035087719298,2.23975070601
Item3,Hide of the Urchin,0.5192878338278932,1.95978186776
Item4,Watcher's Gift,0.4703476482617587,5.87934560327
Item5,Rod of Asclepius,0.576923076923,2.43255196816
Item6,Lotus Crown,0.611940298507,2.86232614392
Relic1,Teleport,0.621621621622,
Relic2,Meditation,0.526418786693,
