Items_most_pop,Items_most_pop_L2,Items_most_pop_winrate,Items_L2,Items_L2_coef,Items_L2_winrate,Items_gold_adjusted_L2,Items_gold_adjusted_L2_coef,Items_gold_adjusted_L2_winrate
Watcher's Gift,-2.5774044725643126,0.4503311258278146,Rod of Asclepius,28.833677543314316,0.6461538461538462,Rod of Asclepius,1.0839728399742223,2.42914979757085
Shoes of Focus,0.5690303121935059,0.47634069400630913,Mantle of Discord,21.10148456057625,0.6258992805755396,Spirit Robe,0.8304865150117389,2.443236867601837
Sovereignty,3.505405001612147,0.5077220077220077,Spirit Robe,20.429968269288775,0.6010362694300518,Mantle of Discord,0.6806930503411693,2.0190299373404503
Hide of the Urchin,-8.024466868434027,0.4711729622266402,Lotus Crown,10.416182011170482,0.5394736842105263,Travelers Shoes,0.5241241970905208,3.663793103448276
Heartward Amulet,7.246526074797504,0.5245535714285714,Travelers Shoes,7.337738759267292,0.5129310344827587,Lotus Crown,0.5081064395692919,2.6315789473684212
Breastplate of Valor,-2.9814706927181085,0.4650112866817156,Heartward Amulet,7.246526074797504,0.5245535714285714,Heartward Amulet,0.3450726702284526,2.497874149659864
