,recommendations,win_rate,win_rate_per_cost
Starter Item,Watcher's Gift,,
Boots,Shoes of Focus,0.635416666667,3.88235294118
Item2,Heartward Amulet,0.6031746031746031,2.38095238095
Item3,Sovereignty,0.5714285714285714,2.38095238095
Item4,Breastplate of Valor,0.568,2.17391304348
Item5,Lotus Crown,0.603174603175,3.09959349593
Item6,Rod of Asclepius,0.692307692308,2.6026604974
Relic1,Meditation,0.581730769231,
Relic2,Curse,0.585858585859,
