,recommendations,win_rate,win_rate_per_cost
Starter Item,Watcher's Gift,,
Boots,Shoes of Focus,0.5339285714285714,3.64279398762
Item2,Hide of the Urchin,0.5766590389016019,2.27674624226
Item3,Sovereignty,0.5668103448275862,2.60199570544
Item4,Heartward Amulet,0.5798969072164949,2.60199570544
Item5,Rod of Asclepius,0.611842105263,2.41675617615
Item6,Lotus Crown,0.579896907216,2.80125573533
Relic1,Meditation,0.544,
Relic2,Curse,0.546728971963,
