Relics_most_pop,Relics_most_pop_L2,Relics_most_pop_winrate,Relics_most_pop_wr_paired,Relics_L2,Relics_L2_coef,Relics_L2_winrate,Relics_L2_wr_paired
Meditation,6.089362545854456,0.5658153241650294,0.601449275362,Meditation,6.089362545854456,0.5658153241650294,0.601449275362
Shell,5.001487565977812,0.5773809523809523,,Sprint,5.640254162800525,0.5759717314487632,
