Items_most_pop,Items_most_pop_L2,Items_most_pop_winrate,Items_L2,Items_L2_coef,Items_L2_winrate,Items_gold_adjusted_L2,Items_gold_adjusted_L2_coef,Items_gold_adjusted_L2_winrate
Watcher's Gift,-2.4584764783464155,0.4677716390423573,Sovereignty,7.022361596694175,0.5528455284552846,Sovereignty,0.3343981712711512,2.632597754548974
Shoes of Focus,-0.4071322627160771,0.4830097087378641,Rod of Asclepius,5.476634980069664,0.6526315789473685,Heartward Amulet,0.20796215523137246,2.608110381961972
Sovereignty,7.022361596694175,0.5528455284552846,Heartward Amulet,4.367205259858822,0.5477031802120141,Rod of Asclepius,0.20588853308532576,2.453502176493866
Hide of the Urchin,1.5276209671875889,0.503030303030303,Spirit Robe,2.123515448139762,0.55,Winged Blade,0.09158681871806328,3.027027027027027
Heartward Amulet,4.367205259858822,0.5477031802120141,Winged Blade,1.6943561462841705,0.56,Spirit Robe,0.08632176618454318,2.2357723577235773
Breastplate of Valor,-3.144452974522623,0.45357142857142857,Hide of the Urchin,1.5276209671875889,0.503030303030303,Hide of the Urchin,0.06365087363281621,2.095959595959596
