Items_most_pop,Items_most_pop_L2,Items_most_pop_winrate,Items_L2,Items_L2_coef,Items_L2_winrate,Items_gold_adjusted_L2,Items_gold_adjusted_L2_coef,Items_gold_adjusted_L2_winrate
Watcher's Gift,-3.408589938601888,0.4810126582278481,Sovereignty,5.98748671638053,0.5948275862068966,Sovereignty,0.2851184150657395,2.832512315270936
Shoes of Focus,2.9462198221378704,0.5476190476190477,Rod of Asclepius,5.5389638129840995,0.6904761904761905,Winged Blade,0.22403658906879004,3.861003861003861
Sovereignty,5.98748671638053,0.5948275862068966,Winged Blade,4.144676897772616,0.7142857142857143,Rod of Asclepius,0.20823172229263534,2.5957751521661296
Hide of the Urchin,-0.0019404708758624586,0.5154639175257731,Spirit Robe,3.808397929021539,0.6764705882352942,Shoes of Focus,0.19641465480919137,3.6507936507936507
Breastplate of Valor,-2.9217720320678744,0.47058823529411764,Shoes of Focus,2.9462198221378704,0.5476190476190477,Reinforced Shoes,0.16662270230018825,4.032258064516129
Heartward Amulet,2.821588543308202,0.575,Heartward Amulet,2.821588543308202,0.575,Spirit Robe,0.154812923943965,2.7498804399808705
