Items_most_pop,Items_most_pop_L2,Items_most_pop_winrate,Items_L2,Items_L2_coef,Items_L2_winrate,Items_gold_adjusted_L2,Items_gold_adjusted_L2_coef,Items_gold_adjusted_L2_winrate
Watcher's Gift,6.328376163681238,0.546583850931677,Hide of the Urchin,17.781871652446956,0.6132075471698113,Hide of the Urchin,0.7409113188519566,2.5550314465408803
Shoes of Focus,1.5111991129704623,0.5462184873949579,Sovereignty,7.279584389379705,0.5955056179775281,Reinforced Shoes,0.4298871465294802,4.064039408866995
Hide of the Urchin,17.781871652446956,0.6132075471698113,Reinforced Shoes,6.018420051412722,0.5689655172413793,Sovereignty,0.3466468756847479,2.835741037988229
Sovereignty,7.279584389379705,0.5955056179775281,Bulwark of Hope,5.987744007555257,0.575,Bulwark of Hope,0.23713837653684186,2.277227722772277
Breastplate of Valor,-3.743751251855921,0.5194805194805194,Travelers Shoes,2.994350856898165,0.574468085106383,Travelers Shoes,0.21388220406415465,4.103343465045593
Lotus Crown,-9.622006157437673,0.5135135135135135,Winged Blade,2.4227213143653974,0.6111111111111112,Winged Blade,0.1309579088846161,3.3033033033033035
