,recommendations,win_rate,win_rate_per_cost
Starter Item,Watcher's Gift,,
Boots,Shoes of Focus,0.5050505050505051,3.75968992248
Item2,Heartward Amulet,0.563953488372093,2.68549280177
Item3,Breastplate of Valor,0.5544041450777202,2.45197168857
Item4,Hide of the Urchin,0.5172413793103449,2.34980620155
Item5,Lotus Crown,0.774193548387,3.02652661563
Item6,Rod of Asclepius,0.620437956204,2.91050206161
Relic1,Sprint,0.544680851064,
Relic2,Meditation,0.529761904762,
