,recommendations,win_rate,win_rate_per_cost
Starter Item,Watcher's Gift,,
Boots,Shoes of Focus,0.6,3.44298245614
Item2,Sovereignty,0.5681818181818182,2.26350629938
Item3,Heartward Amulet,0.5645161290322581,2.26350629938
Item4,Watcher's Gift,0.4860050890585242,5.94170403587
Item5,Lotus Crown,0.564516129032,2.77822645776
Item6,Spirit Robe,0.569536423841,2.46366100025
Relic1,Curse,0.57671957672,
Relic2,Sprint,0.511627906977,
