Items_most_pop,Items_most_pop_L2,Items_most_pop_winrate,Items_L2,Items_L2_coef,Items_L2_winrate,Items_gold_adjusted_L2,Items_gold_adjusted_L2_coef,Items_gold_adjusted_L2_winrate
Watcher's Gift,3.089456888774979,0.589041095890411,Hide of the Urchin,18.495030058954868,0.6949152542372882,Hide of the Urchin,0.7706262524564528,2.8954802259887007
Shoes of Focus,4.256389897315143,0.6029411764705882,Spirit Robe,10.731080610385092,0.7777777777777778,Spirit Robe,0.4362227890400444,3.1616982836495033
Sovereignty,9.121104062283125,0.6451612903225806,Sovereignty,9.121104062283125,0.6451612903225806,Sovereignty,0.43433828868014884,3.0721966205837172
Hide of the Urchin,18.495030058954868,0.6949152542372882,Lotus Crown,7.767898975419471,0.6666666666666666,Winged Blade,0.40030014802764097,3.7837837837837838
Breastplate of Valor,-1.840453353818844,0.56,Winged Blade,7.405552738511358,0.7,Lotus Crown,0.3789219012399742,3.252032520325203
Heartward Amulet,6.116423694997495,0.6382978723404256,Heartward Amulet,6.116423694997495,0.6382978723404256,Heartward Amulet,0.2912582711903569,3.0395136778115504
