,recommendations,win_rate,win_rate_per_cost
Starter Item,Watcher's Gift,,
Boots,Shoes of Focus,0.587837837838,3.67107195301
Item2,Sovereignty,0.5854922279792746,2.63088660879
Item3,Heartward Amulet,0.5878378378378378,2.63088660879
Item4,Hide of the Urchin,0.5524861878453039,2.30202578269
Item5,Winged Blade,0.647058823529,3.49761526232
Item6,Rod of Asclepius,0.652173913043,2.47960326348
Relic1,Meditation,0.551724137931,
Relic2,Shell,0.551912568306,
