Relics_most_pop,Relics_most_pop_L2,Relics_most_pop_winrate,Relics_most_pop_wr_paired,Relics_L2,Relics_L2_coef,Relics_L2_winrate,Relics_L2_wr_paired
Purification,-0.08304767682343517,0.4970588235294118,0.666666666667,Teleport,0.0771908511011819,0.5714285714285714,0.666666666667
Sanctuary,-0.11966896206225518,0.49498327759197325,,Purification,-0.08304767682343517,0.4970588235294118,
