Relics_most_pop,Relics_most_pop_L2,Relics_most_pop_winrate,Relics_most_pop_wr_paired,Relics_L2,Relics_L2_coef,Relics_L2_winrate,Relics_L2_wr_paired
Purification,-1.2814715845747977,0.5181598062953995,0.5,Sanctuary,3.765123451756551,0.5313351498637602,0.5
Sanctuary,3.765123451756551,0.5313351498637602,,Teleport,-1.069949730089791,0.48148148148148145,
