Items_most_pop,Items_most_pop_L2,Items_most_pop_winrate,Items_L2,Items_L2_coef,Items_L2_winrate,Items_gold_adjusted_L2,Items_gold_adjusted_L2_coef,Items_gold_adjusted_L2_winrate
Warrior Tabi,0.8908817582484481,0.5176790571169537,Deathbringer,16.29600178623533,0.6119402985074627,Deathbringer,0.509250055819854,1.912313432835821
Qin's Sais,5.821728711507116,0.5423280423280423,Wind Demon,9.721099472570788,0.5804020100502513,Wind Demon,0.37388844125272264,2.232315423270197
Ichaival,1.437382847423789,0.518341307814992,Titan's Bane,6.5678635657570625,0.5633802816901409,Titan's Bane,0.32038358857351523,2.7481964960494674
Asi,-4.373055147095998,0.5096153846153846,Qin's Sais,5.821728711507116,0.5423280423280423,Qin's Sais,0.21561958190767094,2.0086223789927495
Titan's Bane,6.5678635657570625,0.5633802816901409,Bloodforge,5.783872472137703,0.5982142857142857,Bloodforge,0.20294289375921762,2.098997493734336
Death's Toll,1.3046547275249696,0.4891041162227603,Malice,5.140058690576078,0.6132075471698113,Devourer's Gauntlet,0.19032505657413185,2.6033110072033363
