Items_most_pop,Items_most_pop_L2,Items_most_pop_winrate,Items_L2,Items_L2_coef,Items_L2_winrate,Items_gold_adjusted_L2,Items_gold_adjusted_L2_coef,Items_gold_adjusted_L2_winrate
Warrior Tabi,-5.366167088556824,0.510250569476082,Ichaival,22.439567408989376,0.5737704918032787,Ichaival,1.3199745534699632,3.3751205400192865
Qin's Sais,17.65263472439674,0.5596026490066225,Qin's Sais,17.65263472439674,0.5596026490066225,Qin's Sais,0.6538012860887681,2.0726024037282316
Ichaival,22.439567408989376,0.5737704918032787,Transcendence,16.678751951190293,0.5369127516778524,Transcendence,0.6414904596611651,2.065049044914817
Asi,0.4541672920038632,0.5364806866952789,Wind Demon,9.407526447489982,0.5670731707317073,Ninja Tabi,0.5624137705674059,3.6496350364963503
Titan's Bane,-6.470202339283928,0.5056818181818182,Ninja Tabi,8.436206558511088,0.5474452554744526,Wind Demon,0.36182794028807624,2.1810506566604126
Devourer's Gauntlet,3.820965527261485,0.5174418604651163,The Executioner,5.051555054655689,0.5398773006134969,The Executioner,0.22451355798469733,2.39945466939332
