Items_most_pop,Items_most_pop_L2,Items_most_pop_winrate,Items_L2,Items_L2_coef,Items_L2_winrate,Items_gold_adjusted_L2,Items_gold_adjusted_L2_coef,Items_gold_adjusted_L2_winrate
Warrior Tabi,2.250468394454715,0.5321229050279329,Deathbringer,50.32226586355873,0.6475409836065574,Deathbringer,1.5725708082362102,2.0235655737704916
Qin's Sais,23.231289700831738,0.570281124497992,Transcendence,36.021541197344966,0.5689655172413793,Transcendence,1.3854438922055756,2.1883289124668437
Asi,3.9241401565255263,0.5469879518072289,Qin's Sais,23.231289700831738,0.570281124497992,Devourer's Gauntlet,1.1158628588282393,2.580124974803467
Ichaival,3.6981423472218387,0.5235602094240838,Devourer's Gauntlet,22.87518860597891,0.5289256198347108,Titan's Bane,0.9058116567963527,2.864334693168996
Titan's Bane,18.56913896432523,0.5871886120996441,Titan's Bane,18.56913896432523,0.5871886120996441,Qin's Sais,0.8604181370678422,2.112152312955526
Wind Demon,8.406082757256655,0.5863453815261044,Bloodforge,14.74786409431393,0.5964912280701754,The Executioner,0.5400656163619255,2.445414847161572
