,recommendations,win_rate,win_rate_per_cost
Starter Item,Death's Toll,,
Boots,Ninja Tabi,0.561264822134,3.71647509579
Item2,Titan's Bane,0.5862068965517241,2.79696994922
Item3,Ichaival,0.543640897755611,3.37281670347
Item4,Qin's Sais,0.5612648221343873,2.12362533182
Item5,Hastened Fatalis,0.648648648649,3.03106845163
Item6,Deathbringer,0.543640897756,1.91042510121
Relic1,Sanctuary,0.542817679558,
Relic2,Teleport,0.512820512821,
