,recommendations,win_rate,win_rate_per_cost
Starter Item,Death's Toll,,
Boots,Warrior Tabi,0.489247311827957,3.00486080424
Item2,Titan's Bane,0.5875,2.27196792516
Item3,Asi,0.5384615384615384,2.61659227336
Item4,Qin's Sais,0.5075757575757576,1.72501268392
Item5,The Executioner,0.544117647059,2.37037037037
Item6,Deathbringer,0.533333333333,1.70036764706
Relic1,Teleport,0.692307692308,
Relic2,Relic,0.5,
