,recommendations,win_rate,win_rate_per_cost
Starter Item,Death's Toll,,
Boots,Ninja Tabi,0.636363636364,3.7037037037
Item2,Wind Demon,0.5944055944055944,1.94420963652
Item3,Qin's Sais,0.5346153846153846,1.8722018722
Item4,Ichaival,0.5054945054945055,2.97349709114
Item5,Titan's Bane,0.588785046729,2.80857354028
Item6,Deathbringer,0.575757575758,1.83995327103
Relic1,Sprint,0.593220338983,
Relic2,Purification,0.520202020202,
