Items_most_pop,Items_most_pop_L2,Items_most_pop_winrate,Items_L2,Items_L2_coef,Items_L2_winrate,Items_gold_adjusted_L2,Items_gold_adjusted_L2_coef,Items_gold_adjusted_L2_winrate
Warrior Tabi,22.66175064954013,0.5439024390243903,Deathbringer,27.24676692461088,0.6164383561643836,Warrior Tabi,1.462048429002589,3.5090479937057437
Qin's Sais,15.20786931855967,0.5627177700348432,Titan's Bane,25.39733786317929,0.5994236311239193,Titan's Bane,1.2388945299111846,2.9240177127996065
Asi,-12.409862378162268,0.51340206185567,Warrior Tabi,22.66175064954013,0.5439024390243903,Deathbringer,0.8514614663940901,1.9263698630136987
Ichaival,12.161735896227185,0.5329087048832272,Malice,20.04215365427548,0.6363636363636364,Ichaival,0.7153962291898344,3.134757087548395
Titan's Bane,25.39733786317929,0.5994236311239193,Qin's Sais,15.20786931855967,0.5627177700348432,Malice,0.6680717884758494,2.121212121212121
Wind Demon,14.921113252278994,0.5851393188854489,Wind Demon,14.921113252278994,0.5851393188854489,Wind Demon,0.5738889712414997,2.2505358418671113
