Items_most_pop,Items_most_pop_L2,Items_most_pop_winrate,Items_L2,Items_L2_coef,Items_L2_winrate,Items_gold_adjusted_L2,Items_gold_adjusted_L2_coef,Items_gold_adjusted_L2_winrate
Warrior Tabi,-2.3676323856121906,0.46416938110749184,Titan's Bane,25.374951738536,0.5826446280991735,Titan's Bane,1.2378025238310244,2.8421689175569442
Qin's Sais,5.798865042123343,0.4953051643192488,Bloodforge,16.9787373827794,0.6415094339622641,Wind Demon,0.6206086169623567,2.0637898686679175
Asi,-1.7652278986991454,0.47875354107648727,Wind Demon,16.135824041021273,0.5365853658536586,Rage,0.5961981673737552,2.513227513227513
Ichaival,2.919176285454441,0.47058823529411764,Rage,14.308756016970122,0.6031746031746031,Bloodforge,0.595745171325593,2.2509102946044357
Devourer's Gauntlet,-13.19497938110645,0.42023346303501946,Transcendence,9.778450599375473,0.4918032786885246,Transcendence,0.3760942538221336,1.8915510718789408
Wind Demon,16.135824041021273,0.5365853658536586,Deathbringer,7.298504990660682,0.5341880341880342,Deathbringer,0.22807828095814628,1.669337606837607
