,recommendations,win_rate,win_rate_per_cost
Starter Item,Death's Toll,,
Boots,Ninja Tabi,0.615384615385,3.92857142857
Item2,Qin's Sais,0.5347593582887701,1.73737373737
Item3,Asi,0.5231788079470199,2.6353421859
Item4,Titan's Bane,0.5315315315315315,2.28824833703
Item5,Deathbringer,0.589285714286,1.92307692308
Item6,Wind Demon,0.597701149425,2.29885057471
Relic1,Sanctuary,0.501976284585,
Relic2,Purification,0.490131578947,
