,recommendations,win_rate,win_rate_per_cost
Starter Item,Death's Toll,,
Boots,Ninja Tabi,0.567073170732,3.6496350365
Item2,Ichaival,0.5737704918032787,3.15576874527
Item3,Qin's Sais,0.5596026490066225,1.98696550628
Item4,Devourer's Gauntlet,0.5174418604651163,2.61697895949
Item5,Transcendence,0.536912751678,2.06504904491
Item6,Wind Demon,0.547445255474,2.18105065666
Relic1,Purification,0.526104417671,
Relic2,Relic,0.447368421053,
