Relics_most_pop,Relics_most_pop_L2,Relics_most_pop_winrate,Relics_most_pop_wr_paired,Relics_L2,Relics_L2_coef,Relics_L2_winrate,Relics_L2_wr_paired
Purification,8.030116278579966,0.5454545454545454,1.0,Blink,20.202971234476934,0.8333333333333334,1.0
Wrath,18.456413970684437,0.5932203389830508,,Wrath,18.456413970684437,0.5932203389830508,
